run_id,framework,experiment,model,dataset,record_type,epoch,time,train/box_loss,train/cls_loss,train/dfl_loss,metrics/precision(B),metrics/recall(B),metrics/mAP50(B),metrics/mAP50-95(B),val/box_loss,val/cls_loss,val/dfl_loss,lr/pg0,lr/pg1,lr/pg2,train/total_loss,val/total_loss
yolo_yolov5m_20260714_182913,yolo,yolo_yolov5m_20260714_182913,yolov5m.pt,/root/autodl-fs/datasets/DAIR-V2X_YOLO/dairv2x.yaml,train,1,127.75719833374023,1.07919,0.88693,0.89251,0.80351,0.73642,0.79853,0.53683,0.94536,0.57506,0.84695,0.0002767879746835443,0.0002767879746835443,0.0002767879746835443,,
yolo_yolov5m_20260714_182913,yolo,yolo_yolov5m_20260714_182913,yolov5m.pt,/root/autodl-fs/datasets/DAIR-V2X_YOLO/dairv2x.yaml,train,2,250.45913743972778,0.97729,0.61,0.85912,0.80967,0.75549,0.81508,0.5604,0.91658,0.5632,0.84164,0.0005489655404008439,0.0005489655404008439,0.0005489655404008439,,
yolo_yolov5m_20260714_182913,yolo,yolo_yolov5m_20260714_182913,yolov5m.pt,/root/autodl-fs/datasets/DAIR-V2X_YOLO/dairv2x.yaml,train,3,935.3673942089081,0.95701,0.5801,0.85336,0.83849,0.76268,0.82965,0.58442,0.88303,0.53261,0.83655,0.0008156453061181434,0.0008156453061181434,0.0008156453061181434,,
yolo_yolov5m_20260714_182913,yolo,yolo_yolov5m_20260714_182913,yolov5m.pt,/root/autodl-fs/datasets/DAIR-V2X_YOLO/dairv2x.yaml,train,4,1340.7869267463684,0.93149,0.55986,0.8483,0.83631,0.78047,0.83776,0.59153,0.87408,0.51599,0.83482,0.0008082599,0.0008082599,0.0008082599,,
yolo_yolov5m_20260714_182913,yolo,yolo_yolov5m_20260714_182913,yolov5m.pt,/root/autodl-fs/datasets/DAIR-V2X_YOLO/dairv2x.yaml,train,5,1541.1111199855804,0.91349,0.54576,0.84686,0.84145,0.77889,0.84422,0.60142,0.86176,0.51708,0.83166,0.0008000131999999999,0.0008000131999999999,0.0008000131999999999,,
yolo_yolov5m_20260714_182913,yolo,yolo_yolov5m_20260714_182913,yolov5m.pt,/root/autodl-fs/datasets/DAIR-V2X_YOLO/dairv2x.yaml,train,6,1672.2402746677399,0.89865,0.53132,0.84265,0.84987,0.79252,0.85502,0.60986,0.85465,0.49623,0.83116,0.0007917665,0.0007917665,0.0007917665,,
yolo_yolov5m_20260714_182913,yolo,yolo_yolov5m_20260714_182913,yolov5m.pt,/root/autodl-fs/datasets/DAIR-V2X_YOLO/dairv2x.yaml,train,7,1852.8973486423492,0.88468,0.51821,0.84044,0.83684,0.80395,0.85343,0.6141,0.83734,0.47997,0.82934,0.0007835197999999999,0.0007835197999999999,0.0007835197999999999,,
yolo_yolov5m_20260714_182913,yolo,yolo_yolov5m_20260714_182913,yolov5m.pt,/root/autodl-fs/datasets/DAIR-V2X_YOLO/dairv2x.yaml,train,8,1973.7916469573975,0.87654,0.51341,0.83961,0.84788,0.78784,0.85263,0.61567,0.84049,0.49429,0.82944,0.0007752731,0.0007752731,0.0007752731,,
yolo_yolov5m_20260714_182913,yolo,yolo_yolov5m_20260714_182913,yolov5m.pt,/root/autodl-fs/datasets/DAIR-V2X_YOLO/dairv2x.yaml,train,9,2172.947496175766,0.86681,0.50926,0.83706,0.85893,0.80088,0.86079,0.62335,0.82353,0.4759,0.82755,0.0007670264,0.0007670264,0.0007670264,,
yolo_yolov5m_20260714_182913,yolo,yolo_yolov5m_20260714_182913,yolov5m.pt,/root/autodl-fs/datasets/DAIR-V2X_YOLO/dairv2x.yaml,train,10,2387.9436700344086,0.86281,0.50808,0.83764,0.8097,0.813,0.85781,0.62181,0.82859,0.48785,0.82667,0.0007587797,0.0007587797,0.0007587797,,
yolo_yolov5m_20260714_182913,yolo,yolo_yolov5m_20260714_182913,yolov5m.pt,/root/autodl-fs/datasets/DAIR-V2X_YOLO/dairv2x.yaml,train,11,2535.4516010284424,0.85612,0.4981,0.83565,0.83972,0.81164,0.86268,0.62614,0.82021,0.47168,0.82646,0.000750533,0.000750533,0.000750533,,
yolo_yolov5m_20260714_182913,yolo,yolo_yolov5m_20260714_182913,yolov5m.pt,/root/autodl-fs/datasets/DAIR-V2X_YOLO/dairv2x.yaml,train,12,2659.254761695862,0.84767,0.49186,0.83428,0.84767,0.80864,0.86324,0.62257,0.8261,0.47854,0.82662,0.0007422863,0.0007422863,0.0007422863,,
yolo_yolov5m_20260714_182913,yolo,yolo_yolov5m_20260714_182913,yolov5m.pt,/root/autodl-fs/datasets/DAIR-V2X_YOLO/dairv2x.yaml,train,13,3008.4239275455475,0.84498,0.493,0.83433,0.84902,0.7997,0.86078,0.62436,0.81262,0.47299,0.82433,0.0007340396,0.0007340396,0.0007340396,,
yolo_yolov5m_20260714_182913,yolo,yolo_yolov5m_20260714_182913,yolov5m.pt,/root/autodl-fs/datasets/DAIR-V2X_YOLO/dairv2x.yaml,train,14,3129.7789108753204,0.84041,0.48762,0.83264,0.84883,0.80952,0.86725,0.63779,0.8059,0.46622,0.82278,0.0007257928999999999,0.0007257928999999999,0.0007257928999999999,,
yolo_yolov5m_20260714_182913,yolo,yolo_yolov5m_20260714_182913,yolov5m.pt,/root/autodl-fs/datasets/DAIR-V2X_YOLO/dairv2x.yaml,train,15,3323.580907344818,0.83276,0.48525,0.82955,0.86188,0.79757,0.87239,0.64156,0.80184,0.46455,0.82178,0.0007175462,0.0007175462,0.0007175462,,
yolo_yolov5m_20260714_182913,yolo,yolo_yolov5m_20260714_182913,yolov5m.pt,/root/autodl-fs/datasets/DAIR-V2X_YOLO/dairv2x.yaml,train,16,3446.826129436493,0.8248,0.47724,0.83066,0.84996,0.82183,0.87586,0.6467,0.78964,0.45915,0.8208,0.0007092995,0.0007092995,0.0007092995,,
yolo_yolov5m_20260714_182913,yolo,yolo_yolov5m_20260714_182913,yolov5m.pt,/root/autodl-fs/datasets/DAIR-V2X_YOLO/dairv2x.yaml,train,17,3577.4855246543884,0.82157,0.47424,0.82913,0.86413,0.80707,0.87102,0.63935,0.79503,0.45855,0.81962,0.0007010528,0.0007010528,0.0007010528,,
yolo_yolov5m_20260714_182913,yolo,yolo_yolov5m_20260714_182913,yolov5m.pt,/root/autodl-fs/datasets/DAIR-V2X_YOLO/dairv2x.yaml,train,18,3844.571421146393,0.82391,0.474,0.82946,0.85592,0.81719,0.87383,0.64685,0.7838,0.44724,0.81899,0.0006928061,0.0006928061,0.0006928061,,
yolo_yolov5m_20260714_182913,yolo,yolo_yolov5m_20260714_182913,yolov5m.pt,/root/autodl-fs/datasets/DAIR-V2X_YOLO/dairv2x.yaml,train,19,3970.618450164795,0.81353,0.4701,0.82846,0.85909,0.80973,0.87161,0.64147,0.79545,0.45235,0.82048,0.0006845594000000001,0.0006845594000000001,0.0006845594000000001,,
yolo_yolov5m_20260714_182913,yolo,yolo_yolov5m_20260714_182913,yolov5m.pt,/root/autodl-fs/datasets/DAIR-V2X_YOLO/dairv2x.yaml,train,20,4206.006576538086,0.81333,0.46729,0.82773,0.85636,0.82627,0.8825,0.65115,0.78605,0.45059,0.81925,0.0006763127,0.0006763127,0.0006763127,,
yolo_yolov5m_20260714_182913,yolo,yolo_yolov5m_20260714_182913,yolov5m.pt,/root/autodl-fs/datasets/DAIR-V2X_YOLO/dairv2x.yaml,train,21,4328.3488483428955,0.81104,0.46857,0.82684,0.85893,0.81481,0.87668,0.64942,0.77938,0.44361,0.81811,0.000668066,0.000668066,0.000668066,,
yolo_yolov5m_20260714_182913,yolo,yolo_yolov5m_20260714_182913,yolov5m.pt,/root/autodl-fs/datasets/DAIR-V2X_YOLO/dairv2x.yaml,train,22,4539.034971237183,0.80683,0.46331,0.82654,0.85405,0.82642,0.87879,0.65341,0.77561,0.44208,0.81771,0.0006598193,0.0006598193,0.0006598193,,
yolo_yolov5m_20260714_182913,yolo,yolo_yolov5m_20260714_182913,yolov5m.pt,/root/autodl-fs/datasets/DAIR-V2X_YOLO/dairv2x.yaml,train,23,4665.597552776337,0.80268,0.46011,0.82541,0.86471,0.81221,0.88145,0.65359,0.7837,0.44579,0.81849,0.0006515726,0.0006515726,0.0006515726,,
yolo_yolov5m_20260714_182913,yolo,yolo_yolov5m_20260714_182913,yolov5m.pt,/root/autodl-fs/datasets/DAIR-V2X_YOLO/dairv2x.yaml,train,24,4787.0756759643555,0.80234,0.46188,0.82659,0.8493,0.82827,0.88031,0.65262,0.78266,0.44253,0.81746,0.0006433259,0.0006433259,0.0006433259,,
yolo_yolov5m_20260714_182913,yolo,yolo_yolov5m_20260714_182913,yolov5m.pt,/root/autodl-fs/datasets/DAIR-V2X_YOLO/dairv2x.yaml,train,25,4914.812337875366,0.79696,0.4549,0.82487,0.85236,0.82359,0.8812,0.6539,0.78236,0.44212,0.81836,0.0006350791999999999,0.0006350791999999999,0.0006350791999999999,,
yolo_yolov5m_20260714_182913,yolo,yolo_yolov5m_20260714_182913,yolov5m.pt,/root/autodl-fs/datasets/DAIR-V2X_YOLO/dairv2x.yaml,train,26,5746.832211732864,0.79098,0.45134,0.82411,0.86664,0.82291,0.88239,0.66027,0.76581,0.43434,0.81583,0.0006268325,0.0006268325,0.0006268325,,
yolo_yolov5m_20260714_182913,yolo,yolo_yolov5m_20260714_182913,yolov5m.pt,/root/autodl-fs/datasets/DAIR-V2X_YOLO/dairv2x.yaml,train,27,5879.946186304092,0.79305,0.45203,0.82336,0.85846,0.82977,0.88498,0.66451,0.76787,0.43297,0.81609,0.0006185858,0.0006185858,0.0006185858,,
yolo_yolov5m_20260714_182913,yolo,yolo_yolov5m_20260714_182913,yolov5m.pt,/root/autodl-fs/datasets/DAIR-V2X_YOLO/dairv2x.yaml,train,28,6005.570474147797,0.79624,0.45644,0.82536,0.863,0.82717,0.88519,0.66474,0.76206,0.434,0.81587,0.0006103391,0.0006103391,0.0006103391,,
yolo_yolov5m_20260714_182913,yolo,yolo_yolov5m_20260714_182913,yolov5m.pt,/root/autodl-fs/datasets/DAIR-V2X_YOLO/dairv2x.yaml,train,29,6134.377110481262,0.78745,0.44945,0.82327,0.86218,0.83349,0.88481,0.6637,0.76477,0.43079,0.81691,0.0006020924,0.0006020924,0.0006020924,,
yolo_yolov5m_20260714_182913,yolo,yolo_yolov5m_20260714_182913,yolov5m.pt,/root/autodl-fs/datasets/DAIR-V2X_YOLO/dairv2x.yaml,train,30,6258.796302318573,0.78519,0.44707,0.82272,0.86669,0.81702,0.88139,0.66086,0.77012,0.43162,0.81741,0.0005938457,0.0005938457,0.0005938457,,
yolo_yolov5m_20260714_182913,yolo,yolo_yolov5m_20260714_182913,yolov5m.pt,/root/autodl-fs/datasets/DAIR-V2X_YOLO/dairv2x.yaml,train,31,6526.119841337204,0.78268,0.44474,0.82226,0.86145,0.83153,0.88931,0.67203,0.7536,0.42097,0.81467,0.0005855989999999999,0.0005855989999999999,0.0005855989999999999,,
yolo_yolov5m_20260714_182913,yolo,yolo_yolov5m_20260714_182913,yolov5m.pt,/root/autodl-fs/datasets/DAIR-V2X_YOLO/dairv2x.yaml,train,32,6665.015467882156,0.77842,0.44392,0.82175,0.87051,0.82185,0.88528,0.66664,0.75936,0.42584,0.81498,0.0005773522999999999,0.0005773522999999999,0.0005773522999999999,,
yolo_yolov5m_20260714_182913,yolo,yolo_yolov5m_20260714_182913,yolov5m.pt,/root/autodl-fs/datasets/DAIR-V2X_YOLO/dairv2x.yaml,train,33,6799.658646583557,0.7783,0.44223,0.82171,0.86521,0.821,0.88496,0.66373,0.76601,0.43388,0.81598,0.0005691056,0.0005691056,0.0005691056,,
yolo_yolov5m_20260714_182913,yolo,yolo_yolov5m_20260714_182913,yolov5m.pt,/root/autodl-fs/datasets/DAIR-V2X_YOLO/dairv2x.yaml,train,34,6924.138649463654,0.77483,0.44027,0.82148,0.86705,0.83136,0.88719,0.66752,0.75172,0.42404,0.81311,0.0005608588999999999,0.0005608588999999999,0.0005608588999999999,,
yolo_yolov5m_20260714_182913,yolo,yolo_yolov5m_20260714_182913,yolov5m.pt,/root/autodl-fs/datasets/DAIR-V2X_YOLO/dairv2x.yaml,train,35,7389.996407985687,0.77197,0.43583,0.82088,0.86785,0.83051,0.88701,0.66664,0.75583,0.42359,0.8139,0.0005526121999999999,0.0005526121999999999,0.0005526121999999999,,
yolo_yolov5m_20260714_182913,yolo,yolo_yolov5m_20260714_182913,yolov5m.pt,/root/autodl-fs/datasets/DAIR-V2X_YOLO/dairv2x.yaml,train,36,7514.754385471344,0.77176,0.43833,0.82045,0.85571,0.84022,0.89021,0.67175,0.75129,0.42188,0.81305,0.0005443655,0.0005443655,0.0005443655,,
yolo_yolov5m_20260714_182913,yolo,yolo_yolov5m_20260714_182913,yolov5m.pt,/root/autodl-fs/datasets/DAIR-V2X_YOLO/dairv2x.yaml,train,37,7700.902233362198,0.77043,0.4364,0.82027,0.85081,0.84041,0.88698,0.66525,0.75847,0.42678,0.81504,0.0005361188,0.0005361188,0.0005361188,,
yolo_yolov5m_20260714_182913,yolo,yolo_yolov5m_20260714_182913,yolov5m.pt,/root/autodl-fs/datasets/DAIR-V2X_YOLO/dairv2x.yaml,train,38,7843.7697167396545,0.77248,0.43634,0.82067,0.86422,0.83314,0.8893,0.6731,0.75215,0.42415,0.81313,0.0005278721,0.0005278721,0.0005278721,,
yolo_yolov5m_20260714_182913,yolo,yolo_yolov5m_20260714_182913,yolov5m.pt,/root/autodl-fs/datasets/DAIR-V2X_YOLO/dairv2x.yaml,train,39,7985.289398193359,0.76776,0.43663,0.8201,0.85636,0.83614,0.88514,0.66964,0.7518,0.42442,0.81307,0.0005196254,0.0005196254,0.0005196254,,
yolo_yolov5m_20260714_182913,yolo,yolo_yolov5m_20260714_182913,yolov5m.pt,/root/autodl-fs/datasets/DAIR-V2X_YOLO/dairv2x.yaml,train,40,8111.300219297409,0.76535,0.4325,0.8184,0.86467,0.83274,0.89046,0.67309,0.74706,0.41726,0.81319,0.0005113787,0.0005113787,0.0005113787,,
yolo_yolov5m_20260714_182913,yolo,yolo_yolov5m_20260714_182913,yolov5m.pt,/root/autodl-fs/datasets/DAIR-V2X_YOLO/dairv2x.yaml,train,41,8318.020432472229,0.76595,0.4316,0.8205,0.86746,0.83288,0.88699,0.66967,0.74616,0.42026,0.81304,0.000503132,0.000503132,0.000503132,,
yolo_yolov5m_20260714_182913,yolo,yolo_yolov5m_20260714_182913,yolov5m.pt,/root/autodl-fs/datasets/DAIR-V2X_YOLO/dairv2x.yaml,train,42,8480.38425540924,0.76196,0.42845,0.81887,0.86542,0.83151,0.88725,0.67211,0.75071,0.41851,0.81344,0.0004948853,0.0004948853,0.0004948853,,
yolo_yolov5m_20260714_182913,yolo,yolo_yolov5m_20260714_182913,yolov5m.pt,/root/autodl-fs/datasets/DAIR-V2X_YOLO/dairv2x.yaml,train,43,8626.354862213135,0.75857,0.42701,0.81874,0.86834,0.83335,0.88874,0.67482,0.74021,0.41524,0.81216,0.00048663860000000005,0.00048663860000000005,0.00048663860000000005,,
yolo_yolov5m_20260714_182913,yolo,yolo_yolov5m_20260714_182913,yolov5m.pt,/root/autodl-fs/datasets/DAIR-V2X_YOLO/dairv2x.yaml,train,44,8771.761604309082,0.76009,0.42809,0.81814,0.86784,0.82788,0.88842,0.67381,0.7426,0.41498,0.81224,0.00047839190000000003,0.00047839190000000003,0.00047839190000000003,,
yolo_yolov5m_20260714_182913,yolo,yolo_yolov5m_20260714_182913,yolov5m.pt,/root/autodl-fs/datasets/DAIR-V2X_YOLO/dairv2x.yaml,train,45,8898.204598426819,0.75314,0.42282,0.81693,0.85863,0.84104,0.89282,0.67828,0.73939,0.4123,0.81193,0.0004701452,0.0004701452,0.0004701452,,
yolo_yolov5m_20260714_182913,yolo,yolo_yolov5m_20260714_182913,yolov5m.pt,/root/autodl-fs/datasets/DAIR-V2X_YOLO/dairv2x.yaml,train,46,9035.923913955688,0.75169,0.42055,0.81781,0.85985,0.84006,0.8874,0.67427,0.74044,0.41275,0.81156,0.0004618985,0.0004618985,0.0004618985,,
yolo_yolov5m_20260714_182913,yolo,yolo_yolov5m_20260714_182913,yolov5m.pt,/root/autodl-fs/datasets/DAIR-V2X_YOLO/dairv2x.yaml,train,47,9480.531605005264,0.75267,0.42276,0.81646,0.86673,0.83179,0.89296,0.67809,0.74198,0.41173,0.81263,0.00045365180000000007,0.00045365180000000007,0.00045365180000000007,,
yolo_yolov5m_20260714_182913,yolo,yolo_yolov5m_20260714_182913,yolov5m.pt,/root/autodl-fs/datasets/DAIR-V2X_YOLO/dairv2x.yaml,train,48,9626.64844250679,0.75217,0.42211,0.81789,0.87324,0.83197,0.89195,0.67911,0.73607,0.41302,0.81167,0.00044540510000000004,0.00044540510000000004,0.00044540510000000004,,
yolo_yolov5m_20260714_182913,yolo,yolo_yolov5m_20260714_182913,yolov5m.pt,/root/autodl-fs/datasets/DAIR-V2X_YOLO/dairv2x.yaml,train,49,9772.123160123825,0.75084,0.42038,0.81741,0.86938,0.83791,0.89398,0.67939,0.73305,0.40795,0.81092,0.0004371584,0.0004371584,0.0004371584,,
yolo_yolov5m_20260714_182913,yolo,yolo_yolov5m_20260714_182913,yolov5m.pt,/root/autodl-fs/datasets/DAIR-V2X_YOLO/dairv2x.yaml,train,50,9896.25226688385,0.7482,0.41854,0.81704,0.87411,0.83209,0.89361,0.68039,0.7352,0.40864,0.81138,0.0004289117,0.0004289117,0.0004289117,,
yolo_yolov5m_20260714_182913,yolo,yolo_yolov5m_20260714_182913,yolov5m.pt,/root/autodl-fs/datasets/DAIR-V2X_YOLO/dairv2x.yaml,train,51,10046.158982515335,0.74586,0.41585,0.81634,0.86816,0.83433,0.89286,0.68225,0.73237,0.40686,0.81114,0.00042066499999999997,0.00042066499999999997,0.00042066499999999997,,
yolo_yolov5m_20260714_182913,yolo,yolo_yolov5m_20260714_182913,yolov5m.pt,/root/autodl-fs/datasets/DAIR-V2X_YOLO/dairv2x.yaml,train,52,10173.088762760162,0.74275,0.4136,0.81637,0.86501,0.83826,0.89237,0.68027,0.73391,0.40822,0.81104,0.00041241829999999995,0.00041241829999999995,0.00041241829999999995,,
yolo_yolov5m_20260714_182913,yolo,yolo_yolov5m_20260714_182913,yolov5m.pt,/root/autodl-fs/datasets/DAIR-V2X_YOLO/dairv2x.yaml,train,53,10696.82184767723,0.74025,0.41283,0.81535,0.87163,0.834,0.8922,0.67975,0.73075,0.4046,0.81085,0.0004041716,0.0004041716,0.0004041716,,
yolo_yolov5m_20260714_182913,yolo,yolo_yolov5m_20260714_182913,yolov5m.pt,/root/autodl-fs/datasets/DAIR-V2X_YOLO/dairv2x.yaml,train,54,11038.81377005577,0.74348,0.41376,0.81627,0.87659,0.82786,0.8894,0.67868,0.7296,0.407,0.81052,0.0003959249,0.0003959249,0.0003959249,,
yolo_yolov5m_20260714_182913,yolo,yolo_yolov5m_20260714_182913,yolov5m.pt,/root/autodl-fs/datasets/DAIR-V2X_YOLO/dairv2x.yaml,train,55,11175.251869916916,0.7391,0.41015,0.81468,0.86722,0.84112,0.89178,0.68084,0.72881,0.40279,0.81046,0.0003876782,0.0003876782,0.0003876782,,
yolo_yolov5m_20260714_182913,yolo,yolo_yolov5m_20260714_182913,yolov5m.pt,/root/autodl-fs/datasets/DAIR-V2X_YOLO/dairv2x.yaml,train,56,11296.170206069946,0.73796,0.41061,0.81534,0.87168,0.83338,0.89323,0.68061,0.72986,0.40207,0.8109,0.00037943149999999996,0.00037943149999999996,0.00037943149999999996,,
yolo_yolov5m_20260714_182913,yolo,yolo_yolov5m_20260714_182913,yolov5m.pt,/root/autodl-fs/datasets/DAIR-V2X_YOLO/dairv2x.yaml,train,57,11531.579265594482,0.7384,0.40872,0.81506,0.86656,0.84293,0.89089,0.68083,0.72769,0.40112,0.81026,0.00037118479999999994,0.00037118479999999994,0.00037118479999999994,,
yolo_yolov5m_20260714_182913,yolo,yolo_yolov5m_20260714_182913,yolov5m.pt,/root/autodl-fs/datasets/DAIR-V2X_YOLO/dairv2x.yaml,train,58,11694.31490278244,0.7321,0.40495,0.81435,0.86843,0.8406,0.89496,0.6819,0.72768,0.4019,0.81045,0.0003629381,0.0003629381,0.0003629381,,
yolo_yolov5m_20260714_182913,yolo,yolo_yolov5m_20260714_182913,yolov5m.pt,/root/autodl-fs/datasets/DAIR-V2X_YOLO/dairv2x.yaml,train,59,11906.993361234665,0.73327,0.40652,0.81468,0.87325,0.83583,0.89364,0.68191,0.72738,0.40105,0.81041,0.00035469140000000005,0.00035469140000000005,0.00035469140000000005,,
yolo_yolov5m_20260714_182913,yolo,yolo_yolov5m_20260714_182913,yolov5m.pt,/root/autodl-fs/datasets/DAIR-V2X_YOLO/dairv2x.yaml,train,60,12079.310378313065,0.73564,0.40789,0.81457,0.8665,0.84281,0.89318,0.68258,0.72726,0.40098,0.80992,0.00034644470000000003,0.00034644470000000003,0.00034644470000000003,,
yolo_yolov5m_20260714_182913,yolo,yolo_yolov5m_20260714_182913,yolov5m.pt,/root/autodl-fs/datasets/DAIR-V2X_YOLO/dairv2x.yaml,train,61,12199.891844511032,0.73078,0.40592,0.81344,0.87314,0.83721,0.89219,0.68293,0.72277,0.39782,0.80959,0.000338198,0.000338198,0.000338198,,
yolo_yolov5m_20260714_182913,yolo,yolo_yolov5m_20260714_182913,yolov5m.pt,/root/autodl-fs/datasets/DAIR-V2X_YOLO/dairv2x.yaml,train,62,12335.197996139526,0.72896,0.40265,0.81425,0.86233,0.84574,0.89367,0.68433,0.72191,0.3996,0.80965,0.0003299513,0.0003299513,0.0003299513,,
yolo_yolov5m_20260714_182913,yolo,yolo_yolov5m_20260714_182913,yolov5m.pt,/root/autodl-fs/datasets/DAIR-V2X_YOLO/dairv2x.yaml,train,63,12459.002295732498,0.7255,0.40086,0.81291,0.86661,0.84691,0.8913,0.68231,0.72372,0.39819,0.80965,0.00032170459999999996,0.00032170459999999996,0.00032170459999999996,,
yolo_yolov5m_20260714_182913,yolo,yolo_yolov5m_20260714_182913,yolov5m.pt,/root/autodl-fs/datasets/DAIR-V2X_YOLO/dairv2x.yaml,train,64,12607.865756750107,0.7276,0.40109,0.8132,0.86362,0.84142,0.89516,0.68471,0.72505,0.39921,0.80962,0.0003134579,0.0003134579,0.0003134579,,
yolo_yolov5m_20260714_182913,yolo,yolo_yolov5m_20260714_182913,yolov5m.pt,/root/autodl-fs/datasets/DAIR-V2X_YOLO/dairv2x.yaml,train,65,12728.310824155807,0.72359,0.39832,0.81373,0.8687,0.83965,0.88929,0.68082,0.72424,0.40017,0.81025,0.0003052112,0.0003052112,0.0003052112,,
yolo_yolov5m_20260714_182913,yolo,yolo_yolov5m_20260714_182913,yolov5m.pt,/root/autodl-fs/datasets/DAIR-V2X_YOLO/dairv2x.yaml,train,66,13029.543861150742,0.72504,0.39992,0.81349,0.85874,0.85172,0.89321,0.68456,0.72057,0.39622,0.80986,0.0002969645,0.0002969645,0.0002969645,,
yolo_yolov5m_20260714_182913,yolo,yolo_yolov5m_20260714_182913,yolov5m.pt,/root/autodl-fs/datasets/DAIR-V2X_YOLO/dairv2x.yaml,train,67,13151.141870737076,0.72158,0.3951,0.8121,0.86811,0.84605,0.89416,0.68574,0.72144,0.39658,0.80937,0.00028871779999999997,0.00028871779999999997,0.00028871779999999997,,
yolo_yolov5m_20260714_182913,yolo,yolo_yolov5m_20260714_182913,yolov5m.pt,/root/autodl-fs/datasets/DAIR-V2X_YOLO/dairv2x.yaml,train,68,13483.631258010864,0.71951,0.3954,0.81188,0.87703,0.83388,0.89308,0.6853,0.71938,0.39681,0.80913,0.00028047109999999994,0.00028047109999999994,0.00028047109999999994,,
yolo_yolov5m_20260714_182913,yolo,yolo_yolov5m_20260714_182913,yolov5m.pt,/root/autodl-fs/datasets/DAIR-V2X_YOLO/dairv2x.yaml,train,69,13624.334815502167,0.71875,0.39376,0.81225,0.87205,0.83714,0.89385,0.68625,0.71934,0.39716,0.80931,0.0002722244,0.0002722244,0.0002722244,,
yolo_yolov5m_20260714_182913,yolo,yolo_yolov5m_20260714_182913,yolov5m.pt,/root/autodl-fs/datasets/DAIR-V2X_YOLO/dairv2x.yaml,train,70,13755.850393295288,0.71593,0.39164,0.81161,0.86479,0.84462,0.89402,0.68642,0.71774,0.39583,0.80899,0.00026397770000000006,0.00026397770000000006,0.00026397770000000006,,
yolo_yolov5m_20260714_182913,yolo,yolo_yolov5m_20260714_182913,yolov5m.pt,/root/autodl-fs/datasets/DAIR-V2X_YOLO/dairv2x.yaml,train,71,14043.540650367737,0.71823,0.39386,0.81187,0.86282,0.84642,0.89301,0.68515,0.71758,0.3942,0.80899,0.00025573100000000004,0.00025573100000000004,0.00025573100000000004,,
yolo_yolov5m_20260714_182913,yolo,yolo_yolov5m_20260714_182913,yolov5m.pt,/root/autodl-fs/datasets/DAIR-V2X_YOLO/dairv2x.yaml,train,72,14167.277091026306,0.71512,0.38967,0.81126,0.86135,0.8535,0.89723,0.68857,0.7164,0.39464,0.80891,0.0002474843,0.0002474843,0.0002474843,,
yolo_yolov5m_20260714_182913,yolo,yolo_yolov5m_20260714_182913,yolov5m.pt,/root/autodl-fs/datasets/DAIR-V2X_YOLO/dairv2x.yaml,train,73,14303.32242012024,0.71156,0.38865,0.81064,0.87157,0.84576,0.89543,0.68915,0.71548,0.39359,0.80875,0.0002392376,0.0002392376,0.0002392376,,
yolo_yolov5m_20260714_182913,yolo,yolo_yolov5m_20260714_182913,yolov5m.pt,/root/autodl-fs/datasets/DAIR-V2X_YOLO/dairv2x.yaml,train,74,14644.447024345398,0.71263,0.38995,0.81117,0.87081,0.84649,0.89478,0.68933,0.71559,0.39347,0.80874,0.00023099090000000002,0.00023099090000000002,0.00023099090000000002,,
yolo_yolov5m_20260714_182913,yolo,yolo_yolov5m_20260714_182913,yolov5m.pt,/root/autodl-fs/datasets/DAIR-V2X_YOLO/dairv2x.yaml,train,75,14770.406812667847,0.7101,0.3869,0.81012,0.86422,0.84588,0.89441,0.68898,0.71691,0.39303,0.8086,0.00022274420000000002,0.00022274420000000002,0.00022274420000000002,,
yolo_yolov5m_20260714_182913,yolo,yolo_yolov5m_20260714_182913,yolov5m.pt,/root/autodl-fs/datasets/DAIR-V2X_YOLO/dairv2x.yaml,train,76,15147.585693359375,0.70963,0.38574,0.81088,0.8652,0.84645,0.89646,0.69136,0.71648,0.39271,0.80866,0.0002144975,0.0002144975,0.0002144975,,
yolo_yolov5m_20260714_182913,yolo,yolo_yolov5m_20260714_182913,yolov5m.pt,/root/autodl-fs/datasets/DAIR-V2X_YOLO/dairv2x.yaml,train,77,15270.021473169327,0.70633,0.38503,0.81084,0.86878,0.84498,0.89478,0.69067,0.71522,0.39281,0.80846,0.00020625079999999997,0.00020625079999999997,0.00020625079999999997,,
yolo_yolov5m_20260714_182913,yolo,yolo_yolov5m_20260714_182913,yolov5m.pt,/root/autodl-fs/datasets/DAIR-V2X_YOLO/dairv2x.yaml,train,78,15425.074437141418,0.7054,0.38463,0.81041,0.87467,0.84206,0.89565,0.69112,0.71523,0.39295,0.80845,0.00019800409999999998,0.00019800409999999998,0.00019800409999999998,,
yolo_yolov5m_20260714_182913,yolo,yolo_yolov5m_20260714_182913,yolov5m.pt,/root/autodl-fs/datasets/DAIR-V2X_YOLO/dairv2x.yaml,train,79,15547.26996922493,0.70268,0.38245,0.80869,0.87359,0.84217,0.89403,0.68999,0.71435,0.393,0.8085,0.00018975739999999998,0.00018975739999999998,0.00018975739999999998,,
yolo_yolov5m_20260714_182913,yolo,yolo_yolov5m_20260714_182913,yolov5m.pt,/root/autodl-fs/datasets/DAIR-V2X_YOLO/dairv2x.yaml,train,80,15800.88447213173,0.7035,0.38274,0.80928,0.86505,0.84924,0.89411,0.68938,0.71382,0.39288,0.80817,0.00018151069999999998,0.00018151069999999998,0.00018151069999999998,,
yolo_yolov5m_20260714_182913,yolo,yolo_yolov5m_20260714_182913,yolov5m.pt,/root/autodl-fs/datasets/DAIR-V2X_YOLO/dairv2x.yaml,train,81,16000.195211648941,0.69968,0.37969,0.80949,0.87094,0.84813,0.89815,0.69174,0.71404,0.39188,0.80817,0.00017326399999999996,0.00017326399999999996,0.00017326399999999996,,
yolo_yolov5m_20260714_182913,yolo,yolo_yolov5m_20260714_182913,yolov5m.pt,/root/autodl-fs/datasets/DAIR-V2X_YOLO/dairv2x.yaml,train,82,16572.606976270676,0.69814,0.3782,0.80919,0.87869,0.8379,0.89579,0.69015,0.71431,0.39082,0.80838,0.00016501729999999994,0.00016501729999999994,0.00016501729999999994,,
yolo_yolov5m_20260714_182913,yolo,yolo_yolov5m_20260714_182913,yolov5m.pt,/root/autodl-fs/datasets/DAIR-V2X_YOLO/dairv2x.yaml,train,83,17067.25667977333,0.69874,0.37799,0.80955,0.866,0.84973,0.8935,0.6882,0.71462,0.39198,0.80843,0.00015677060000000005,0.00015677060000000005,0.00015677060000000005,,
yolo_yolov5m_20260714_182913,yolo,yolo_yolov5m_20260714_182913,yolov5m.pt,/root/autodl-fs/datasets/DAIR-V2X_YOLO/dairv2x.yaml,train,84,17213.060382127762,0.69776,0.37753,0.80903,0.8701,0.84477,0.89329,0.68984,0.71208,0.39135,0.80807,0.00014852390000000002,0.00014852390000000002,0.00014852390000000002,,
yolo_yolov5m_20260714_182913,yolo,yolo_yolov5m_20260714_182913,yolov5m.pt,/root/autodl-fs/datasets/DAIR-V2X_YOLO/dairv2x.yaml,train,85,17735.805655002594,0.69538,0.37556,0.80922,0.87859,0.83821,0.89679,0.69257,0.71227,0.39127,0.8081,0.00014027720000000003,0.00014027720000000003,0.00014027720000000003,,
yolo_yolov5m_20260714_182913,yolo,yolo_yolov5m_20260714_182913,yolov5m.pt,/root/autodl-fs/datasets/DAIR-V2X_YOLO/dairv2x.yaml,train,86,17858.458832263947,0.69559,0.37411,0.80824,0.87543,0.84005,0.89562,0.68913,0.71373,0.39069,0.80846,0.00013203050000000003,0.00013203050000000003,0.00013203050000000003,,
yolo_yolov5m_20260714_182913,yolo,yolo_yolov5m_20260714_182913,yolov5m.pt,/root/autodl-fs/datasets/DAIR-V2X_YOLO/dairv2x.yaml,train,87,18230.001335144043,0.69412,0.37403,0.80827,0.86802,0.84732,0.89601,0.69175,0.71304,0.38903,0.80813,0.0001237838,0.0001237838,0.0001237838,,
yolo_yolov5m_20260714_182913,yolo,yolo_yolov5m_20260714_182913,yolov5m.pt,/root/autodl-fs/datasets/DAIR-V2X_YOLO/dairv2x.yaml,train,88,18480.339286327362,0.69006,0.37187,0.80793,0.86717,0.84596,0.8965,0.69192,0.71188,0.38924,0.80801,0.00011553710000000001,0.00011553710000000001,0.00011553710000000001,,
yolo_yolov5m_20260714_182913,yolo,yolo_yolov5m_20260714_182913,yolov5m.pt,/root/autodl-fs/datasets/DAIR-V2X_YOLO/dairv2x.yaml,train,89,18787.722374677658,0.68824,0.37062,0.80825,0.8675,0.84525,0.89715,0.69164,0.7125,0.38852,0.80803,0.0001072904,0.0001072904,0.0001072904,,
yolo_yolov5m_20260714_182913,yolo,yolo_yolov5m_20260714_182913,yolov5m.pt,/root/autodl-fs/datasets/DAIR-V2X_YOLO/dairv2x.yaml,train,90,18910.97746515274,0.68997,0.37084,0.80832,0.864,0.84885,0.89659,0.6916,0.71123,0.38864,0.80799,9.904369999999997e-05,9.904369999999997e-05,9.904369999999997e-05,,
yolo_yolov5m_20260714_182913,yolo,yolo_yolov5m_20260714_182913,yolov5m.pt,/root/autodl-fs/datasets/DAIR-V2X_YOLO/dairv2x.yaml,train,91,19029.530637979507,0.67032,0.35972,0.804,0.87094,0.83691,0.89423,0.68843,0.71602,0.39324,0.80876,9.079699999999998e-05,9.079699999999998e-05,9.079699999999998e-05,,
yolo_yolov5m_20260714_182913,yolo,yolo_yolov5m_20260714_182913,yolov5m.pt,/root/autodl-fs/datasets/DAIR-V2X_YOLO/dairv2x.yaml,train,92,19146.41608095169,0.669,0.35871,0.80252,0.86974,0.84259,0.89438,0.6885,0.71744,0.39238,0.80868,8.255029999999997e-05,8.255029999999997e-05,8.255029999999997e-05,,
yolo_yolov5m_20260714_182913,yolo,yolo_yolov5m_20260714_182913,yolov5m.pt,/root/autodl-fs/datasets/DAIR-V2X_YOLO/dairv2x.yaml,train,93,19263.860782384872,0.66325,0.35645,0.80232,0.87474,0.84048,0.8941,0.68883,0.71535,0.39184,0.80839,7.430359999999997e-05,7.430359999999997e-05,7.430359999999997e-05,,
yolo_yolov5m_20260714_182913,yolo,yolo_yolov5m_20260714_182913,yolov5m.pt,/root/autodl-fs/datasets/DAIR-V2X_YOLO/dairv2x.yaml,train,94,19381.08411169052,0.66164,0.35537,0.80259,0.874,0.84196,0.8933,0.68766,0.71521,0.3922,0.80818,6.605689999999995e-05,6.605689999999995e-05,6.605689999999995e-05,,
yolo_yolov5m_20260714_182913,yolo,yolo_yolov5m_20260714_182913,yolov5m.pt,/root/autodl-fs/datasets/DAIR-V2X_YOLO/dairv2x.yaml,train,95,19498.321793317795,0.66003,0.3531,0.80148,0.87455,0.84297,0.89321,0.68753,0.71447,0.3923,0.80814,5.781020000000004e-05,5.781020000000004e-05,5.781020000000004e-05,,
yolo_yolov5m_20260714_182913,yolo,yolo_yolov5m_20260714_182913,yolov5m.pt,/root/autodl-fs/datasets/DAIR-V2X_YOLO/dairv2x.yaml,train,96,19615.67986178398,0.65742,0.35116,0.80162,0.8764,0.8413,0.89348,0.68896,0.7139,0.39183,0.80825,4.9563500000000035e-05,4.9563500000000035e-05,4.9563500000000035e-05,,
yolo_yolov5m_20260714_182913,yolo,yolo_yolov5m_20260714_182913,yolov5m.pt,/root/autodl-fs/datasets/DAIR-V2X_YOLO/dairv2x.yaml,train,97,19732.79889369011,0.65671,0.34935,0.80138,0.87032,0.8462,0.89169,0.68789,0.71325,0.39239,0.80823,4.131680000000003e-05,4.131680000000003e-05,4.131680000000003e-05,,
yolo_yolov5m_20260714_182913,yolo,yolo_yolov5m_20260714_182913,yolov5m.pt,/root/autodl-fs/datasets/DAIR-V2X_YOLO/dairv2x.yaml,train,98,19849.7663128376,0.65517,0.34918,0.80119,0.87059,0.84664,0.8918,0.68797,0.71317,0.39222,0.80826,3.307010000000002e-05,3.307010000000002e-05,3.307010000000002e-05,,
yolo_yolov5m_20260714_182913,yolo,yolo_yolov5m_20260714_182913,yolov5m.pt,/root/autodl-fs/datasets/DAIR-V2X_YOLO/dairv2x.yaml,train,99,19966.856803417206,0.65177,0.34699,0.80075,0.87215,0.8456,0.89242,0.68821,0.71206,0.39155,0.80803,2.4823400000000017e-05,2.4823400000000017e-05,2.4823400000000017e-05,,
yolo_yolov5m_20260714_182913,yolo,yolo_yolov5m_20260714_182913,yolov5m.pt,/root/autodl-fs/datasets/DAIR-V2X_YOLO/dairv2x.yaml,train,100,20084.160460948944,0.65229,0.34609,0.80098,0.86908,0.85009,0.89242,0.68851,0.71185,0.39126,0.80792,1.6576700000000007e-05,1.6576700000000007e-05,1.6576700000000007e-05,,
yolo_yolov5n_20260715_033613,yolo,yolo_yolov5n_20260715_033613,yolov5n.pt,/root/autodl-fs/datasets/DAIR-V2X_YOLO/dairv2x.yaml,train,1,55.20902371406555,1.521,1.83389,0.98078,0.57607,0.5584,0.55137,0.3313,1.24639,0.91495,0.89923,0.0002767879746835443,0.0002767879746835443,0.0002767879746835443,,
yolo_yolov5n_20260715_033613,yolo,yolo_yolov5n_20260715_033613,yolov5n.pt,/root/autodl-fs/datasets/DAIR-V2X_YOLO/dairv2x.yaml,train,2,103.16691136360168,1.26563,0.95339,0.90524,0.70298,0.61666,0.66063,0.40412,1.15496,0.80546,0.87645,0.0005489655404008439,0.0005489655404008439,0.0005489655404008439,,
yolo_yolov5n_20260715_033613,yolo,yolo_yolov5n_20260715_033613,yolov5n.pt,/root/autodl-fs/datasets/DAIR-V2X_YOLO/dairv2x.yaml,train,3,150.48888754844666,1.21073,0.86259,0.89131,0.73619,0.65316,0.70876,0.44047,1.09736,0.73713,0.86703,0.0008156453061181434,0.0008156453061181434,0.0008156453061181434,,
yolo_yolov5n_20260715_033613,yolo,yolo_yolov5n_20260715_033613,yolov5n.pt,/root/autodl-fs/datasets/DAIR-V2X_YOLO/dairv2x.yaml,train,4,197.41125082969666,1.16077,0.80359,0.88158,0.78785,0.6562,0.72758,0.46566,1.08532,0.70454,0.86239,0.0008082599,0.0008082599,0.0008082599,,
yolo_yolov5n_20260715_033613,yolo,yolo_yolov5n_20260715_033613,yolov5n.pt,/root/autodl-fs/datasets/DAIR-V2X_YOLO/dairv2x.yaml,train,5,243.8417947292328,1.13077,0.76568,0.87741,0.78789,0.67739,0.74204,0.48383,1.05102,0.68411,0.85681,0.0008000131999999999,0.0008000131999999999,0.0008000131999999999,,
yolo_yolov5n_20260715_033613,yolo,yolo_yolov5n_20260715_033613,yolov5n.pt,/root/autodl-fs/datasets/DAIR-V2X_YOLO/dairv2x.yaml,train,6,290.53069710731506,1.11619,0.73741,0.87372,0.81124,0.66962,0.75519,0.49294,1.02389,0.65874,0.85513,0.0007917665,0.0007917665,0.0007917665,,
yolo_yolov5n_20260715_033613,yolo,yolo_yolov5n_20260715_033613,yolov5n.pt,/root/autodl-fs/datasets/DAIR-V2X_YOLO/dairv2x.yaml,train,7,337.2765145301819,1.09743,0.71396,0.87026,0.80264,0.68441,0.76737,0.50487,1.01722,0.63856,0.85396,0.0007835197999999999,0.0007835197999999999,0.0007835197999999999,,
yolo_yolov5n_20260715_033613,yolo,yolo_yolov5n_20260715_033613,yolov5n.pt,/root/autodl-fs/datasets/DAIR-V2X_YOLO/dairv2x.yaml,train,8,384.34542059898376,1.07742,0.69414,0.86721,0.77272,0.71356,0.76976,0.5107,1.00156,0.63428,0.85082,0.0007752731,0.0007752731,0.0007752731,,
yolo_yolov5n_20260715_033613,yolo,yolo_yolov5n_20260715_033613,yolov5n.pt,/root/autodl-fs/datasets/DAIR-V2X_YOLO/dairv2x.yaml,train,9,432.2140712738037,1.06288,0.6819,0.86449,0.79327,0.70592,0.77844,0.51826,0.98755,0.62418,0.84918,0.0007670264,0.0007670264,0.0007670264,,
yolo_yolov5n_20260715_033613,yolo,yolo_yolov5n_20260715_033613,yolov5n.pt,/root/autodl-fs/datasets/DAIR-V2X_YOLO/dairv2x.yaml,train,10,479.3995406627655,1.0527,0.66764,0.86381,0.79143,0.72522,0.7867,0.52642,0.9925,0.60767,0.84919,0.0007587797,0.0007587797,0.0007587797,,
yolo_yolov5n_20260715_033613,yolo,yolo_yolov5n_20260715_033613,yolov5n.pt,/root/autodl-fs/datasets/DAIR-V2X_YOLO/dairv2x.yaml,train,11,526.2579462528229,1.04593,0.66072,0.86178,0.80366,0.72326,0.79104,0.53273,0.97123,0.59512,0.84532,0.000750533,0.000750533,0.000750533,,
yolo_yolov5n_20260715_033613,yolo,yolo_yolov5n_20260715_033613,yolov5n.pt,/root/autodl-fs/datasets/DAIR-V2X_YOLO/dairv2x.yaml,train,12,573.354336977005,1.03429,0.64536,0.85982,0.80476,0.72559,0.78992,0.53067,0.96685,0.59175,0.84543,0.0007422863,0.0007422863,0.0007422863,,
yolo_yolov5n_20260715_033613,yolo,yolo_yolov5n_20260715_033613,yolov5n.pt,/root/autodl-fs/datasets/DAIR-V2X_YOLO/dairv2x.yaml,train,13,620.1444630622864,1.02885,0.63983,0.85938,0.81429,0.73397,0.80251,0.54729,0.95976,0.58589,0.84402,0.0007340396,0.0007340396,0.0007340396,,
yolo_yolov5n_20260715_033613,yolo,yolo_yolov5n_20260715_033613,yolov5n.pt,/root/autodl-fs/datasets/DAIR-V2X_YOLO/dairv2x.yaml,train,14,666.6660079956055,1.02524,0.6359,0.85797,0.81068,0.72719,0.79687,0.53338,0.96996,0.59798,0.84631,0.0007257928999999999,0.0007257928999999999,0.0007257928999999999,,
yolo_yolov5n_20260715_033613,yolo,yolo_yolov5n_20260715_033613,yolov5n.pt,/root/autodl-fs/datasets/DAIR-V2X_YOLO/dairv2x.yaml,train,15,713.5671963691711,1.01946,0.62874,0.85546,0.81192,0.74082,0.80652,0.54788,0.95006,0.57659,0.84152,0.0007175462,0.0007175462,0.0007175462,,
yolo_yolov5n_20260715_033613,yolo,yolo_yolov5n_20260715_033613,yolov5n.pt,/root/autodl-fs/datasets/DAIR-V2X_YOLO/dairv2x.yaml,train,16,760.4028470516205,1.00896,0.62125,0.85613,0.80093,0.74444,0.80408,0.54877,0.9432,0.57808,0.84061,0.0007092995,0.0007092995,0.0007092995,,
yolo_yolov5n_20260715_033613,yolo,yolo_yolov5n_20260715_033613,yolov5n.pt,/root/autodl-fs/datasets/DAIR-V2X_YOLO/dairv2x.yaml,train,17,807.304681301117,1.0021,0.61339,0.8539,0.8339,0.73781,0.81471,0.56019,0.9318,0.56372,0.83795,0.0007010528,0.0007010528,0.0007010528,,
yolo_yolov5n_20260715_033613,yolo,yolo_yolov5n_20260715_033613,yolov5n.pt,/root/autodl-fs/datasets/DAIR-V2X_YOLO/dairv2x.yaml,train,18,854.1117799282074,1.00195,0.61236,0.85369,0.82141,0.7473,0.81388,0.55795,0.93592,0.56013,0.83808,0.0006928061,0.0006928061,0.0006928061,,
yolo_yolov5n_20260715_033613,yolo,yolo_yolov5n_20260715_033613,yolov5n.pt,/root/autodl-fs/datasets/DAIR-V2X_YOLO/dairv2x.yaml,train,19,901.2788636684418,0.99363,0.60811,0.8531,0.82785,0.73945,0.8105,0.55519,0.93789,0.56407,0.8396,0.0006845594000000001,0.0006845594000000001,0.0006845594000000001,,
yolo_yolov5n_20260715_033613,yolo,yolo_yolov5n_20260715_033613,yolov5n.pt,/root/autodl-fs/datasets/DAIR-V2X_YOLO/dairv2x.yaml,train,20,948.8725633621216,0.98891,0.60253,0.85164,0.83443,0.74488,0.81404,0.55813,0.92136,0.55758,0.83677,0.0006763127,0.0006763127,0.0006763127,,
yolo_yolov5n_20260715_033613,yolo,yolo_yolov5n_20260715_033613,yolov5n.pt,/root/autodl-fs/datasets/DAIR-V2X_YOLO/dairv2x.yaml,train,21,995.5621678829193,0.98772,0.60214,0.85094,0.8222,0.748,0.82159,0.56403,0.93193,0.559,0.83762,0.000668066,0.000668066,0.000668066,,
yolo_yolov5n_20260715_033613,yolo,yolo_yolov5n_20260715_033613,yolov5n.pt,/root/autodl-fs/datasets/DAIR-V2X_YOLO/dairv2x.yaml,train,22,1042.95658659935,0.98182,0.59508,0.8505,0.82382,0.75727,0.82328,0.5637,0.92202,0.55175,0.83629,0.0006598193,0.0006598193,0.0006598193,,
yolo_yolov5n_20260715_033613,yolo,yolo_yolov5n_20260715_033613,yolov5n.pt,/root/autodl-fs/datasets/DAIR-V2X_YOLO/dairv2x.yaml,train,23,1089.8125791549683,0.9797,0.59304,0.8494,0.82314,0.74325,0.81829,0.55947,0.92418,0.55399,0.83798,0.0006515726,0.0006515726,0.0006515726,,
yolo_yolov5n_20260715_033613,yolo,yolo_yolov5n_20260715_033613,yolov5n.pt,/root/autodl-fs/datasets/DAIR-V2X_YOLO/dairv2x.yaml,train,24,1136.208246231079,0.97492,0.59194,0.85033,0.83354,0.74593,0.82345,0.56554,0.91621,0.5498,0.83657,0.0006433259,0.0006433259,0.0006433259,,
yolo_yolov5n_20260715_033613,yolo,yolo_yolov5n_20260715_033613,yolov5n.pt,/root/autodl-fs/datasets/DAIR-V2X_YOLO/dairv2x.yaml,train,25,1182.3365404605865,0.97375,0.58733,0.84903,0.83644,0.75003,0.82148,0.57131,0.90825,0.54742,0.83508,0.0006350791999999999,0.0006350791999999999,0.0006350791999999999,,
yolo_yolov5n_20260715_033613,yolo,yolo_yolov5n_20260715_033613,yolov5n.pt,/root/autodl-fs/datasets/DAIR-V2X_YOLO/dairv2x.yaml,train,26,1228.575811624527,0.96976,0.5861,0.8485,0.82938,0.75766,0.8242,0.57249,0.91134,0.54636,0.83453,0.0006268325,0.0006268325,0.0006268325,,
yolo_yolov5n_20260715_033613,yolo,yolo_yolov5n_20260715_033613,yolov5n.pt,/root/autodl-fs/datasets/DAIR-V2X_YOLO/dairv2x.yaml,train,27,1274.9773590564728,0.96735,0.58281,0.84724,0.83033,0.75531,0.82382,0.56855,0.90922,0.54401,0.83431,0.0006185858,0.0006185858,0.0006185858,,
yolo_yolov5n_20260715_033613,yolo,yolo_yolov5n_20260715_033613,yolov5n.pt,/root/autodl-fs/datasets/DAIR-V2X_YOLO/dairv2x.yaml,train,28,1321.6245455741882,0.97133,0.58731,0.84912,0.82599,0.75742,0.82945,0.56747,0.91303,0.54781,0.83485,0.0006103391,0.0006103391,0.0006103391,,
yolo_yolov5n_20260715_033613,yolo,yolo_yolov5n_20260715_033613,yolov5n.pt,/root/autodl-fs/datasets/DAIR-V2X_YOLO/dairv2x.yaml,train,29,1368.3154518604279,0.96205,0.57948,0.84705,0.83093,0.76217,0.82509,0.57182,0.90516,0.54151,0.83418,0.0006020924,0.0006020924,0.0006020924,,
yolo_yolov5n_20260715_033613,yolo,yolo_yolov5n_20260715_033613,yolov5n.pt,/root/autodl-fs/datasets/DAIR-V2X_YOLO/dairv2x.yaml,train,30,1415.178053855896,0.95642,0.57415,0.84588,0.82924,0.76024,0.82864,0.57757,0.8943,0.53336,0.83323,0.0005938457,0.0005938457,0.0005938457,,
yolo_yolov5n_20260715_033613,yolo,yolo_yolov5n_20260715_033613,yolov5n.pt,/root/autodl-fs/datasets/DAIR-V2X_YOLO/dairv2x.yaml,train,31,1462.2268161773682,0.95542,0.57414,0.84597,0.84521,0.75463,0.83081,0.58465,0.89637,0.52988,0.83236,0.0005855989999999999,0.0005855989999999999,0.0005855989999999999,,
yolo_yolov5n_20260715_033613,yolo,yolo_yolov5n_20260715_033613,yolov5n.pt,/root/autodl-fs/datasets/DAIR-V2X_YOLO/dairv2x.yaml,train,32,1508.918978214264,0.94933,0.57039,0.84507,0.83074,0.75975,0.83322,0.58153,0.90127,0.53351,0.83254,0.0005773522999999999,0.0005773522999999999,0.0005773522999999999,,
yolo_yolov5n_20260715_033613,yolo,yolo_yolov5n_20260715_033613,yolov5n.pt,/root/autodl-fs/datasets/DAIR-V2X_YOLO/dairv2x.yaml,train,33,1555.6468842029572,0.94847,0.56766,0.84499,0.84757,0.75933,0.83185,0.58296,0.89451,0.5291,0.8325,0.0005691056,0.0005691056,0.0005691056,,
yolo_yolov5n_20260715_033613,yolo,yolo_yolov5n_20260715_033613,yolov5n.pt,/root/autodl-fs/datasets/DAIR-V2X_YOLO/dairv2x.yaml,train,34,1602.3500111103058,0.94728,0.56828,0.84473,0.84031,0.75718,0.82908,0.57797,0.89457,0.53027,0.83161,0.0005608588999999999,0.0005608588999999999,0.0005608588999999999,,
yolo_yolov5n_20260715_033613,yolo,yolo_yolov5n_20260715_033613,yolov5n.pt,/root/autodl-fs/datasets/DAIR-V2X_YOLO/dairv2x.yaml,train,35,1648.7476251125336,0.94204,0.56416,0.84406,0.83472,0.7583,0.82548,0.57626,0.89393,0.53172,0.83243,0.0005526121999999999,0.0005526121999999999,0.0005526121999999999,,
yolo_yolov5n_20260715_033613,yolo,yolo_yolov5n_20260715_033613,yolov5n.pt,/root/autodl-fs/datasets/DAIR-V2X_YOLO/dairv2x.yaml,train,36,1695.4308845996857,0.94355,0.56393,0.84402,0.83529,0.76528,0.83215,0.58058,0.89277,0.5289,0.83136,0.0005443655,0.0005443655,0.0005443655,,
yolo_yolov5n_20260715_033613,yolo,yolo_yolov5n_20260715_033613,yolov5n.pt,/root/autodl-fs/datasets/DAIR-V2X_YOLO/dairv2x.yaml,train,37,1741.8356277942657,0.94197,0.56221,0.84285,0.83333,0.77276,0.83582,0.58582,0.88853,0.52422,0.83195,0.0005361188,0.0005361188,0.0005361188,,
yolo_yolov5n_20260715_033613,yolo,yolo_yolov5n_20260715_033613,yolov5n.pt,/root/autodl-fs/datasets/DAIR-V2X_YOLO/dairv2x.yaml,train,38,1788.5240116119385,0.94038,0.56085,0.84297,0.83875,0.77002,0.8334,0.58381,0.88612,0.52289,0.83072,0.0005278721,0.0005278721,0.0005278721,,
yolo_yolov5n_20260715_033613,yolo,yolo_yolov5n_20260715_033613,yolov5n.pt,/root/autodl-fs/datasets/DAIR-V2X_YOLO/dairv2x.yaml,train,39,1834.7962009906769,0.93519,0.56053,0.84266,0.83875,0.76339,0.83444,0.58686,0.88211,0.52177,0.83034,0.0005196254,0.0005196254,0.0005196254,,
yolo_yolov5n_20260715_033613,yolo,yolo_yolov5n_20260715_033613,yolov5n.pt,/root/autodl-fs/datasets/DAIR-V2X_YOLO/dairv2x.yaml,train,40,1881.1056499481201,0.93756,0.55834,0.84183,0.84058,0.76891,0.83503,0.58791,0.88088,0.51944,0.83048,0.0005113787,0.0005113787,0.0005113787,,
yolo_yolov5n_20260715_033613,yolo,yolo_yolov5n_20260715_033613,yolov5n.pt,/root/autodl-fs/datasets/DAIR-V2X_YOLO/dairv2x.yaml,train,41,1927.7073950767517,0.93262,0.55474,0.84294,0.83998,0.76983,0.83307,0.58292,0.88156,0.51881,0.82919,0.000503132,0.000503132,0.000503132,,
yolo_yolov5n_20260715_033613,yolo,yolo_yolov5n_20260715_033613,yolov5n.pt,/root/autodl-fs/datasets/DAIR-V2X_YOLO/dairv2x.yaml,train,42,1974.4796674251556,0.93246,0.55306,0.84124,0.84124,0.775,0.83828,0.58992,0.87418,0.51078,0.82878,0.0004948853,0.0004948853,0.0004948853,,
yolo_yolov5n_20260715_033613,yolo,yolo_yolov5n_20260715_033613,yolov5n.pt,/root/autodl-fs/datasets/DAIR-V2X_YOLO/dairv2x.yaml,train,43,2021.3756399154663,0.92825,0.55144,0.8414,0.84625,0.77252,0.83644,0.58954,0.87499,0.51558,0.82899,0.00048663860000000005,0.00048663860000000005,0.00048663860000000005,,
yolo_yolov5n_20260715_033613,yolo,yolo_yolov5n_20260715_033613,yolov5n.pt,/root/autodl-fs/datasets/DAIR-V2X_YOLO/dairv2x.yaml,train,44,2067.950377702713,0.92955,0.55205,0.84039,0.83377,0.77515,0.83936,0.59017,0.87472,0.51488,0.82855,0.00047839190000000003,0.00047839190000000003,0.00047839190000000003,,
yolo_yolov5n_20260715_033613,yolo,yolo_yolov5n_20260715_033613,yolov5n.pt,/root/autodl-fs/datasets/DAIR-V2X_YOLO/dairv2x.yaml,train,45,2114.2740898132324,0.92687,0.55089,0.84008,0.83531,0.77443,0.83907,0.59,0.8755,0.51454,0.82914,0.0004701452,0.0004701452,0.0004701452,,
yolo_yolov5n_20260715_033613,yolo,yolo_yolov5n_20260715_033613,yolov5n.pt,/root/autodl-fs/datasets/DAIR-V2X_YOLO/dairv2x.yaml,train,46,2160.592839717865,0.92335,0.54773,0.8406,0.84287,0.77395,0.8402,0.5953,0.8702,0.50957,0.82793,0.0004618985,0.0004618985,0.0004618985,,
yolo_yolov5n_20260715_033613,yolo,yolo_yolov5n_20260715_033613,yolov5n.pt,/root/autodl-fs/datasets/DAIR-V2X_YOLO/dairv2x.yaml,train,47,2207.191976070404,0.92157,0.54537,0.83931,0.83963,0.77858,0.84199,0.59777,0.865,0.51052,0.82733,0.00045365180000000007,0.00045365180000000007,0.00045365180000000007,,
yolo_yolov5n_20260715_033613,yolo,yolo_yolov5n_20260715_033613,yolov5n.pt,/root/autodl-fs/datasets/DAIR-V2X_YOLO/dairv2x.yaml,train,48,2255.123079776764,0.92178,0.54739,0.84057,0.84645,0.7755,0.83979,0.59779,0.86416,0.50746,0.82768,0.00044540510000000004,0.00044540510000000004,0.00044540510000000004,,
yolo_yolov5n_20260715_033613,yolo,yolo_yolov5n_20260715_033613,yolov5n.pt,/root/autodl-fs/datasets/DAIR-V2X_YOLO/dairv2x.yaml,train,49,2302.085012435913,0.92025,0.54426,0.84007,0.83883,0.78244,0.83954,0.59471,0.86476,0.50894,0.82727,0.0004371584,0.0004371584,0.0004371584,,
yolo_yolov5n_20260715_033613,yolo,yolo_yolov5n_20260715_033613,yolov5n.pt,/root/autodl-fs/datasets/DAIR-V2X_YOLO/dairv2x.yaml,train,50,2349.003598213196,0.91513,0.54221,0.8392,0.83996,0.7823,0.84469,0.59696,0.86357,0.50821,0.82671,0.0004289117,0.0004289117,0.0004289117,,
yolo_yolov5n_20260715_033613,yolo,yolo_yolov5n_20260715_033613,yolov5n.pt,/root/autodl-fs/datasets/DAIR-V2X_YOLO/dairv2x.yaml,train,51,2395.566993713379,0.91402,0.54079,0.83834,0.8389,0.77829,0.84618,0.59779,0.8639,0.50656,0.82722,0.00042066499999999997,0.00042066499999999997,0.00042066499999999997,,
yolo_yolov5n_20260715_033613,yolo,yolo_yolov5n_20260715_033613,yolov5n.pt,/root/autodl-fs/datasets/DAIR-V2X_YOLO/dairv2x.yaml,train,52,2442.0490300655365,0.91334,0.53972,0.83865,0.84097,0.77753,0.84289,0.59744,0.86215,0.50562,0.82697,0.00041241829999999995,0.00041241829999999995,0.00041241829999999995,,
yolo_yolov5n_20260715_033613,yolo,yolo_yolov5n_20260715_033613,yolov5n.pt,/root/autodl-fs/datasets/DAIR-V2X_YOLO/dairv2x.yaml,train,53,2488.514993429184,0.91377,0.54135,0.83846,0.83408,0.78751,0.84407,0.59802,0.86297,0.50614,0.82689,0.0004041716,0.0004041716,0.0004041716,,
yolo_yolov5n_20260715_033613,yolo,yolo_yolov5n_20260715_033613,yolov5n.pt,/root/autodl-fs/datasets/DAIR-V2X_YOLO/dairv2x.yaml,train,54,2535.600270986557,0.91265,0.53747,0.83924,0.842,0.77978,0.84877,0.60261,0.86135,0.50343,0.82667,0.0003959249,0.0003959249,0.0003959249,,
yolo_yolov5n_20260715_033613,yolo,yolo_yolov5n_20260715_033613,yolov5n.pt,/root/autodl-fs/datasets/DAIR-V2X_YOLO/dairv2x.yaml,train,55,2582.7113013267517,0.90996,0.53702,0.83729,0.84499,0.7775,0.84457,0.59854,0.85619,0.5044,0.82628,0.0003876782,0.0003876782,0.0003876782,,
yolo_yolov5n_20260715_033613,yolo,yolo_yolov5n_20260715_033613,yolov5n.pt,/root/autodl-fs/datasets/DAIR-V2X_YOLO/dairv2x.yaml,train,56,2629.3702688217163,0.90697,0.53481,0.83748,0.84352,0.77935,0.84526,0.5999,0.85875,0.5014,0.82613,0.00037943149999999996,0.00037943149999999996,0.00037943149999999996,,
yolo_yolov5n_20260715_033613,yolo,yolo_yolov5n_20260715_033613,yolov5n.pt,/root/autodl-fs/datasets/DAIR-V2X_YOLO/dairv2x.yaml,train,57,2676.5991640090942,0.90812,0.53471,0.83796,0.84164,0.78598,0.84618,0.60134,0.85624,0.50022,0.82602,0.00037118479999999994,0.00037118479999999994,0.00037118479999999994,,
yolo_yolov5n_20260715_033613,yolo,yolo_yolov5n_20260715_033613,yolov5n.pt,/root/autodl-fs/datasets/DAIR-V2X_YOLO/dairv2x.yaml,train,58,2723.369830608368,0.90255,0.531,0.83712,0.84697,0.78229,0.8478,0.60285,0.85246,0.49824,0.82538,0.0003629381,0.0003629381,0.0003629381,,
yolo_yolov5n_20260715_033613,yolo,yolo_yolov5n_20260715_033613,yolov5n.pt,/root/autodl-fs/datasets/DAIR-V2X_YOLO/dairv2x.yaml,train,59,2770.0313024520874,0.90619,0.5329,0.83733,0.84882,0.78082,0.84897,0.60423,0.8531,0.49766,0.82592,0.00035469140000000005,0.00035469140000000005,0.00035469140000000005,,
yolo_yolov5n_20260715_033613,yolo,yolo_yolov5n_20260715_033613,yolov5n.pt,/root/autodl-fs/datasets/DAIR-V2X_YOLO/dairv2x.yaml,train,60,2816.295663356781,0.90175,0.53017,0.83658,0.84491,0.78612,0.84785,0.6039,0.85275,0.49798,0.82543,0.00034644470000000003,0.00034644470000000003,0.00034644470000000003,,
yolo_yolov5n_20260715_033613,yolo,yolo_yolov5n_20260715_033613,yolov5n.pt,/root/autodl-fs/datasets/DAIR-V2X_YOLO/dairv2x.yaml,train,61,2862.6374955177307,0.90098,0.53121,0.83614,0.84888,0.78073,0.84755,0.60449,0.85283,0.49705,0.82514,0.000338198,0.000338198,0.000338198,,
yolo_yolov5n_20260715_033613,yolo,yolo_yolov5n_20260715_033613,yolov5n.pt,/root/autodl-fs/datasets/DAIR-V2X_YOLO/dairv2x.yaml,train,62,2909.158972263336,0.89746,0.52867,0.83731,0.85017,0.78511,0.85211,0.608,0.85047,0.49539,0.82474,0.0003299513,0.0003299513,0.0003299513,,
yolo_yolov5n_20260715_033613,yolo,yolo_yolov5n_20260715_033613,yolov5n.pt,/root/autodl-fs/datasets/DAIR-V2X_YOLO/dairv2x.yaml,train,63,2956.0564119815826,0.8988,0.52805,0.83564,0.85098,0.78402,0.85104,0.60586,0.84967,0.49651,0.825,0.00032170459999999996,0.00032170459999999996,0.00032170459999999996,,
yolo_yolov5n_20260715_033613,yolo,yolo_yolov5n_20260715_033613,yolov5n.pt,/root/autodl-fs/datasets/DAIR-V2X_YOLO/dairv2x.yaml,train,64,3002.9621365070343,0.89971,0.52831,0.8356,0.84684,0.78344,0.84998,0.60506,0.85095,0.49577,0.82497,0.0003134579,0.0003134579,0.0003134579,,
yolo_yolov5n_20260715_033613,yolo,yolo_yolov5n_20260715_033613,yolov5n.pt,/root/autodl-fs/datasets/DAIR-V2X_YOLO/dairv2x.yaml,train,65,3049.615403175354,0.89298,0.52394,0.83569,0.84302,0.7908,0.85011,0.6075,0.84854,0.49456,0.82446,0.0003052112,0.0003052112,0.0003052112,,
yolo_yolov5n_20260715_033613,yolo,yolo_yolov5n_20260715_033613,yolov5n.pt,/root/autodl-fs/datasets/DAIR-V2X_YOLO/dairv2x.yaml,train,66,3095.8983166217804,0.89334,0.52472,0.83568,0.84697,0.78582,0.84975,0.60789,0.84754,0.49346,0.82434,0.0002969645,0.0002969645,0.0002969645,,
yolo_yolov5n_20260715_033613,yolo,yolo_yolov5n_20260715_033613,yolov5n.pt,/root/autodl-fs/datasets/DAIR-V2X_YOLO/dairv2x.yaml,train,67,3142.462738275528,0.89435,0.52318,0.83477,0.85467,0.77987,0.85049,0.60667,0.84706,0.49295,0.82441,0.00028871779999999997,0.00028871779999999997,0.00028871779999999997,,
yolo_yolov5n_20260715_033613,yolo,yolo_yolov5n_20260715_033613,yolov5n.pt,/root/autodl-fs/datasets/DAIR-V2X_YOLO/dairv2x.yaml,train,68,3188.642647743225,0.89186,0.52228,0.83481,0.85146,0.78525,0.85081,0.60678,0.84685,0.49295,0.82426,0.00028047109999999994,0.00028047109999999994,0.00028047109999999994,,
yolo_yolov5n_20260715_033613,yolo,yolo_yolov5n_20260715_033613,yolov5n.pt,/root/autodl-fs/datasets/DAIR-V2X_YOLO/dairv2x.yaml,train,69,3235.022077322006,0.88803,0.5205,0.83499,0.85365,0.78257,0.85095,0.60931,0.84443,0.49147,0.82415,0.0002722244,0.0002722244,0.0002722244,,
yolo_yolov5n_20260715_033613,yolo,yolo_yolov5n_20260715_033613,yolov5n.pt,/root/autodl-fs/datasets/DAIR-V2X_YOLO/dairv2x.yaml,train,70,3281.374917984009,0.88767,0.51854,0.83394,0.84567,0.78955,0.85124,0.60643,0.84701,0.49171,0.82444,0.00026397770000000006,0.00026397770000000006,0.00026397770000000006,,
yolo_yolov5n_20260715_033613,yolo,yolo_yolov5n_20260715_033613,yolov5n.pt,/root/autodl-fs/datasets/DAIR-V2X_YOLO/dairv2x.yaml,train,71,3328.102400302887,0.89154,0.52223,0.83501,0.84564,0.78811,0.85156,0.60728,0.84366,0.4904,0.82405,0.00025573100000000004,0.00025573100000000004,0.00025573100000000004,,
yolo_yolov5n_20260715_033613,yolo,yolo_yolov5n_20260715_033613,yolov5n.pt,/root/autodl-fs/datasets/DAIR-V2X_YOLO/dairv2x.yaml,train,72,3374.789592027664,0.88749,0.51765,0.83361,0.84725,0.78999,0.85072,0.60728,0.84161,0.48797,0.82374,0.0002474843,0.0002474843,0.0002474843,,
yolo_yolov5n_20260715_033613,yolo,yolo_yolov5n_20260715_033613,yolov5n.pt,/root/autodl-fs/datasets/DAIR-V2X_YOLO/dairv2x.yaml,train,73,3422.2206625938416,0.88554,0.51714,0.83393,0.85569,0.78692,0.85544,0.61131,0.84203,0.48768,0.82362,0.0002392376,0.0002392376,0.0002392376,,
yolo_yolov5n_20260715_033613,yolo,yolo_yolov5n_20260715_033613,yolov5n.pt,/root/autodl-fs/datasets/DAIR-V2X_YOLO/dairv2x.yaml,train,74,3469.50501036644,0.88381,0.51721,0.83351,0.84473,0.78928,0.85032,0.60915,0.84108,0.48766,0.82349,0.00023099090000000002,0.00023099090000000002,0.00023099090000000002,,
yolo_yolov5n_20260715_033613,yolo,yolo_yolov5n_20260715_033613,yolov5n.pt,/root/autodl-fs/datasets/DAIR-V2X_YOLO/dairv2x.yaml,train,75,3516.2066464424133,0.88316,0.51522,0.83297,0.84808,0.78868,0.85467,0.61097,0.84156,0.48783,0.82357,0.00022274420000000002,0.00022274420000000002,0.00022274420000000002,,
yolo_yolov5n_20260715_033613,yolo,yolo_yolov5n_20260715_033613,yolov5n.pt,/root/autodl-fs/datasets/DAIR-V2X_YOLO/dairv2x.yaml,train,76,3562.399269580841,0.88177,0.51387,0.83389,0.85659,0.78729,0.854,0.61256,0.83826,0.48646,0.82328,0.0002144975,0.0002144975,0.0002144975,,
yolo_yolov5n_20260715_033613,yolo,yolo_yolov5n_20260715_033613,yolov5n.pt,/root/autodl-fs/datasets/DAIR-V2X_YOLO/dairv2x.yaml,train,77,3608.9854769706726,0.88058,0.51429,0.83407,0.85386,0.78665,0.85031,0.60888,0.83934,0.48778,0.82347,0.00020625079999999997,0.00020625079999999997,0.00020625079999999997,,
yolo_yolov5n_20260715_033613,yolo,yolo_yolov5n_20260715_033613,yolov5n.pt,/root/autodl-fs/datasets/DAIR-V2X_YOLO/dairv2x.yaml,train,78,3655.5939683914185,0.87951,0.51363,0.83367,0.85256,0.78924,0.85388,0.61212,0.84016,0.48755,0.82338,0.00019800409999999998,0.00019800409999999998,0.00019800409999999998,,
yolo_yolov5n_20260715_033613,yolo,yolo_yolov5n_20260715_033613,yolov5n.pt,/root/autodl-fs/datasets/DAIR-V2X_YOLO/dairv2x.yaml,train,79,3702.4198129177094,0.8755,0.51077,0.8316,0.85581,0.78198,0.85292,0.61052,0.8388,0.48733,0.8234,0.00018975739999999998,0.00018975739999999998,0.00018975739999999998,,
yolo_yolov5n_20260715_033613,yolo,yolo_yolov5n_20260715_033613,yolov5n.pt,/root/autodl-fs/datasets/DAIR-V2X_YOLO/dairv2x.yaml,train,80,3749.1124296188354,0.87759,0.51153,0.83203,0.85327,0.78706,0.85324,0.61112,0.83864,0.48522,0.82337,0.00018151069999999998,0.00018151069999999998,0.00018151069999999998,,
yolo_yolov5n_20260715_033613,yolo,yolo_yolov5n_20260715_033613,yolov5n.pt,/root/autodl-fs/datasets/DAIR-V2X_YOLO/dairv2x.yaml,train,81,3795.3423981666565,0.87167,0.50823,0.83225,0.85964,0.78183,0.85437,0.61171,0.83782,0.48572,0.82322,0.00017326399999999996,0.00017326399999999996,0.00017326399999999996,,
yolo_yolov5n_20260715_033613,yolo,yolo_yolov5n_20260715_033613,yolov5n.pt,/root/autodl-fs/datasets/DAIR-V2X_YOLO/dairv2x.yaml,train,82,3842.0251648426056,0.87394,0.50837,0.83227,0.85511,0.78773,0.85454,0.61336,0.8379,0.48517,0.82298,0.00016501729999999994,0.00016501729999999994,0.00016501729999999994,,
yolo_yolov5n_20260715_033613,yolo,yolo_yolov5n_20260715_033613,yolov5n.pt,/root/autodl-fs/datasets/DAIR-V2X_YOLO/dairv2x.yaml,train,83,3888.117931365967,0.87161,0.50783,0.8321,0.84968,0.79251,0.85499,0.61372,0.83631,0.48314,0.82262,0.00015677060000000005,0.00015677060000000005,0.00015677060000000005,,
yolo_yolov5n_20260715_033613,yolo,yolo_yolov5n_20260715_033613,yolov5n.pt,/root/autodl-fs/datasets/DAIR-V2X_YOLO/dairv2x.yaml,train,84,3934.624343395233,0.87222,0.50847,0.8318,0.85629,0.78615,0.8551,0.6136,0.83648,0.48419,0.82273,0.00014852390000000002,0.00014852390000000002,0.00014852390000000002,,
yolo_yolov5n_20260715_033613,yolo,yolo_yolov5n_20260715_033613,yolov5n.pt,/root/autodl-fs/datasets/DAIR-V2X_YOLO/dairv2x.yaml,train,85,3981.5688421726227,0.87042,0.50593,0.83183,0.85364,0.7894,0.85597,0.61365,0.83599,0.4834,0.823,0.00014027720000000003,0.00014027720000000003,0.00014027720000000003,,
yolo_yolov5n_20260715_033613,yolo,yolo_yolov5n_20260715_033613,yolov5n.pt,/root/autodl-fs/datasets/DAIR-V2X_YOLO/dairv2x.yaml,train,86,4029.470383167267,0.87024,0.5056,0.83096,0.85104,0.79079,0.85496,0.6123,0.83568,0.48316,0.82284,0.00013203050000000003,0.00013203050000000003,0.00013203050000000003,,
yolo_yolov5n_20260715_033613,yolo,yolo_yolov5n_20260715_033613,yolov5n.pt,/root/autodl-fs/datasets/DAIR-V2X_YOLO/dairv2x.yaml,train,87,4075.778186559677,0.86728,0.5042,0.83126,0.84766,0.79218,0.85601,0.61347,0.83671,0.48251,0.82299,0.0001237838,0.0001237838,0.0001237838,,
yolo_yolov5n_20260715_033613,yolo,yolo_yolov5n_20260715_033613,yolov5n.pt,/root/autodl-fs/datasets/DAIR-V2X_YOLO/dairv2x.yaml,train,88,4122.012217998505,0.86559,0.50263,0.83131,0.85563,0.7877,0.85555,0.61413,0.83523,0.48228,0.82287,0.00011553710000000001,0.00011553710000000001,0.00011553710000000001,,
yolo_yolov5n_20260715_033613,yolo,yolo_yolov5n_20260715_033613,yolov5n.pt,/root/autodl-fs/datasets/DAIR-V2X_YOLO/dairv2x.yaml,train,89,4168.444282054901,0.86332,0.50158,0.83134,0.85234,0.78835,0.85501,0.61218,0.83594,0.48298,0.82278,0.0001072904,0.0001072904,0.0001072904,,
yolo_yolov5n_20260715_033613,yolo,yolo_yolov5n_20260715_033613,yolov5n.pt,/root/autodl-fs/datasets/DAIR-V2X_YOLO/dairv2x.yaml,train,90,4215.0618941783905,0.86451,0.50309,0.83161,0.85421,0.78903,0.85438,0.61348,0.83426,0.48144,0.82247,9.904369999999997e-05,9.904369999999997e-05,9.904369999999997e-05,,
yolo_yolov5n_20260715_033613,yolo,yolo_yolov5n_20260715_033613,yolov5n.pt,/root/autodl-fs/datasets/DAIR-V2X_YOLO/dairv2x.yaml,train,91,4257.06812953949,0.83634,0.48892,0.82637,0.84913,0.78734,0.85202,0.60691,0.84781,0.48974,0.82414,9.079699999999998e-05,9.079699999999998e-05,9.079699999999998e-05,,
yolo_yolov5n_20260715_033613,yolo,yolo_yolov5n_20260715_033613,yolov5n.pt,/root/autodl-fs/datasets/DAIR-V2X_YOLO/dairv2x.yaml,train,92,4298.15166592598,0.83051,0.48355,0.82439,0.85373,0.78693,0.85253,0.60863,0.84577,0.48879,0.82385,8.255029999999997e-05,8.255029999999997e-05,8.255029999999997e-05,,
yolo_yolov5n_20260715_033613,yolo,yolo_yolov5n_20260715_033613,yolov5n.pt,/root/autodl-fs/datasets/DAIR-V2X_YOLO/dairv2x.yaml,train,93,4339.727928638458,0.82408,0.48012,0.8243,0.84806,0.7891,0.85237,0.60781,0.8446,0.48738,0.82382,7.430359999999997e-05,7.430359999999997e-05,7.430359999999997e-05,,
yolo_yolov5n_20260715_033613,yolo,yolo_yolov5n_20260715_033613,yolov5n.pt,/root/autodl-fs/datasets/DAIR-V2X_YOLO/dairv2x.yaml,train,94,4380.82519030571,0.8207,0.47847,0.82462,0.84987,0.78951,0.85237,0.6082,0.84295,0.48705,0.82358,6.605689999999995e-05,6.605689999999995e-05,6.605689999999995e-05,,
yolo_yolov5n_20260715_033613,yolo,yolo_yolov5n_20260715_033613,yolov5n.pt,/root/autodl-fs/datasets/DAIR-V2X_YOLO/dairv2x.yaml,train,95,4422.118097066879,0.81987,0.47672,0.82369,0.85084,0.78745,0.85338,0.60904,0.84185,0.48726,0.82341,5.781020000000004e-05,5.781020000000004e-05,5.781020000000004e-05,,
yolo_yolov5n_20260715_033613,yolo,yolo_yolov5n_20260715_033613,yolov5n.pt,/root/autodl-fs/datasets/DAIR-V2X_YOLO/dairv2x.yaml,train,96,4463.137777090073,0.81768,0.47454,0.82352,0.85021,0.78547,0.85289,0.60851,0.84092,0.48584,0.82327,4.9563500000000035e-05,4.9563500000000035e-05,4.9563500000000035e-05,,
yolo_yolov5n_20260715_033613,yolo,yolo_yolov5n_20260715_033613,yolov5n.pt,/root/autodl-fs/datasets/DAIR-V2X_YOLO/dairv2x.yaml,train,97,4503.879254102707,0.81766,0.47425,0.82323,0.85158,0.78833,0.85316,0.60986,0.84093,0.48585,0.82327,4.131680000000003e-05,4.131680000000003e-05,4.131680000000003e-05,,
yolo_yolov5n_20260715_033613,yolo,yolo_yolov5n_20260715_033613,yolov5n.pt,/root/autodl-fs/datasets/DAIR-V2X_YOLO/dairv2x.yaml,train,98,4544.752386331558,0.81679,0.47489,0.82298,0.85225,0.78881,0.85319,0.6101,0.8401,0.48501,0.82322,3.307010000000002e-05,3.307010000000002e-05,3.307010000000002e-05,,
yolo_yolov5n_20260715_033613,yolo,yolo_yolov5n_20260715_033613,yolov5n.pt,/root/autodl-fs/datasets/DAIR-V2X_YOLO/dairv2x.yaml,train,99,4585.8501007556915,0.81298,0.47234,0.82268,0.85208,0.7871,0.85235,0.60954,0.83962,0.48494,0.82308,2.4823400000000017e-05,2.4823400000000017e-05,2.4823400000000017e-05,,
yolo_yolov5n_20260715_033613,yolo,yolo_yolov5n_20260715_033613,yolov5n.pt,/root/autodl-fs/datasets/DAIR-V2X_YOLO/dairv2x.yaml,train,100,4627.939749956131,0.81303,0.4718,0.82288,0.85228,0.78687,0.85428,0.61048,0.83956,0.48449,0.82307,1.6576700000000007e-05,1.6576700000000007e-05,1.6576700000000007e-05,,
yolo_yolov5s_20260715_061610,yolo,yolo_yolov5s_20260715_061610,yolov5s.pt,/root/autodl-fs/datasets/DAIR-V2X_YOLO/dairv2x.yaml,train,1,80.08362078666687,1.23251,1.10056,0.92564,0.77137,0.68535,0.74634,0.48074,1.02865,0.6559,0.86261,0.0002767879746835443,0.0002767879746835443,0.0002767879746835443,,
yolo_yolov5s_20260715_061610,yolo,yolo_yolov5s_20260715_061610,yolov5s.pt,/root/autodl-fs/datasets/DAIR-V2X_YOLO/dairv2x.yaml,train,2,153.0174868106842,1.07024,0.68561,0.87297,0.80295,0.72203,0.79137,0.52506,0.97729,0.60046,0.84875,0.0005489655404008439,0.0005489655404008439,0.0005489655404008439,,
yolo_yolov5s_20260715_061610,yolo,yolo_yolov5s_20260715_061610,yolov5s.pt,/root/autodl-fs/datasets/DAIR-V2X_YOLO/dairv2x.yaml,train,3,225.08007836341858,1.03152,0.64024,0.86367,0.81385,0.73766,0.80312,0.5433,0.95497,0.58032,0.84601,0.0008156453061181434,0.0008156453061181434,0.0008156453061181434,,
yolo_yolov5s_20260715_061610,yolo,yolo_yolov5s_20260715_061610,yolov5s.pt,/root/autodl-fs/datasets/DAIR-V2X_YOLO/dairv2x.yaml,train,4,296.5686550140381,1.0044,0.61442,0.85822,0.82468,0.74112,0.80744,0.55109,0.93989,0.56377,0.84332,0.0008082599,0.0008082599,0.0008082599,,
yolo_yolov5s_20260715_061610,yolo,yolo_yolov5s_20260715_061610,yolov5s.pt,/root/autodl-fs/datasets/DAIR-V2X_YOLO/dairv2x.yaml,train,5,367.727543592453,0.98503,0.59821,0.85544,0.8149,0.7497,0.80757,0.55172,0.93559,0.56197,0.84194,0.0008000131999999999,0.0008000131999999999,0.0008000131999999999,,
yolo_yolov5s_20260715_061610,yolo,yolo_yolov5s_20260715_061610,yolov5s.pt,/root/autodl-fs/datasets/DAIR-V2X_YOLO/dairv2x.yaml,train,6,439.0474967956543,0.96444,0.57857,0.85084,0.80627,0.77763,0.82757,0.57102,0.90194,0.53675,0.83737,0.0007917665,0.0007917665,0.0007917665,,
yolo_yolov5s_20260715_061610,yolo,yolo_yolov5s_20260715_061610,yolov5s.pt,/root/autodl-fs/datasets/DAIR-V2X_YOLO/dairv2x.yaml,train,7,510.50734519958496,0.9565,0.57368,0.84978,0.82102,0.77426,0.82329,0.57336,0.89185,0.5297,0.83703,0.0007835197999999999,0.0007835197999999999,0.0007835197999999999,,
yolo_yolov5s_20260715_061610,yolo,yolo_yolov5s_20260715_061610,yolov5s.pt,/root/autodl-fs/datasets/DAIR-V2X_YOLO/dairv2x.yaml,train,8,582.009015083313,0.94269,0.562,0.84767,0.84467,0.76523,0.83792,0.59102,0.8788,0.51458,0.83296,0.0007752731,0.0007752731,0.0007752731,,
yolo_yolov5s_20260715_061610,yolo,yolo_yolov5s_20260715_061610,yolov5s.pt,/root/autodl-fs/datasets/DAIR-V2X_YOLO/dairv2x.yaml,train,9,653.2237613201141,0.93307,0.5571,0.84531,0.83204,0.78065,0.83805,0.59076,0.87797,0.51923,0.83309,0.0007670264,0.0007670264,0.0007670264,,
yolo_yolov5s_20260715_061610,yolo,yolo_yolov5s_20260715_061610,yolov5s.pt,/root/autodl-fs/datasets/DAIR-V2X_YOLO/dairv2x.yaml,train,10,724.5080053806305,0.92853,0.55326,0.84511,0.83086,0.78484,0.84199,0.59209,0.87395,0.51189,0.83155,0.0007587797,0.0007587797,0.0007587797,,
yolo_yolov5s_20260715_061610,yolo,yolo_yolov5s_20260715_061610,yolov5s.pt,/root/autodl-fs/datasets/DAIR-V2X_YOLO/dairv2x.yaml,train,11,795.9959645271301,0.91997,0.54701,0.84361,0.84034,0.77421,0.8366,0.59094,0.87693,0.51077,0.83318,0.000750533,0.000750533,0.000750533,,
yolo_yolov5s_20260715_061610,yolo,yolo_yolov5s_20260715_061610,yolov5s.pt,/root/autodl-fs/datasets/DAIR-V2X_YOLO/dairv2x.yaml,train,12,868.6504509449005,0.90928,0.53728,0.84159,0.84416,0.78553,0.84921,0.60208,0.85843,0.49957,0.82812,0.0007422863,0.0007422863,0.0007422863,,
yolo_yolov5s_20260715_061610,yolo,yolo_yolov5s_20260715_061610,yolov5s.pt,/root/autodl-fs/datasets/DAIR-V2X_YOLO/dairv2x.yaml,train,13,941.0087819099426,0.90553,0.53863,0.84152,0.8339,0.79461,0.84859,0.59455,0.86941,0.50908,0.83243,0.0007340396,0.0007340396,0.0007340396,,
yolo_yolov5s_20260715_061610,yolo,yolo_yolov5s_20260715_061610,yolov5s.pt,/root/autodl-fs/datasets/DAIR-V2X_YOLO/dairv2x.yaml,train,14,1012.4018914699554,0.90184,0.53153,0.84015,0.82421,0.7916,0.84471,0.60432,0.85748,0.50322,0.82948,0.0007257928999999999,0.0007257928999999999,0.0007257928999999999,,
yolo_yolov5s_20260715_061610,yolo,yolo_yolov5s_20260715_061610,yolov5s.pt,/root/autodl-fs/datasets/DAIR-V2X_YOLO/dairv2x.yaml,train,15,1083.698067188263,0.89528,0.52752,0.83734,0.85043,0.78816,0.85328,0.61067,0.85002,0.49449,0.82918,0.0007175462,0.0007175462,0.0007175462,,
yolo_yolov5s_20260715_061610,yolo,yolo_yolov5s_20260715_061610,yolov5s.pt,/root/autodl-fs/datasets/DAIR-V2X_YOLO/dairv2x.yaml,train,16,1154.8683688640594,0.88942,0.52017,0.83824,0.847,0.79861,0.85894,0.61832,0.83478,0.4828,0.82595,0.0007092995,0.0007092995,0.0007092995,,
yolo_yolov5s_20260715_061610,yolo,yolo_yolov5s_20260715_061610,yolov5s.pt,/root/autodl-fs/datasets/DAIR-V2X_YOLO/dairv2x.yaml,train,17,1226.2848570346832,0.87853,0.51321,0.83627,0.85193,0.7952,0.85908,0.61841,0.83524,0.48166,0.82536,0.0007010528,0.0007010528,0.0007010528,,
yolo_yolov5s_20260715_061610,yolo,yolo_yolov5s_20260715_061610,yolov5s.pt,/root/autodl-fs/datasets/DAIR-V2X_YOLO/dairv2x.yaml,train,18,1297.7019231319427,0.88416,0.51769,0.8366,0.848,0.80278,0.86022,0.61799,0.84222,0.48883,0.82628,0.0006928061,0.0006928061,0.0006928061,,
yolo_yolov5s_20260715_061610,yolo,yolo_yolov5s_20260715_061610,yolov5s.pt,/root/autodl-fs/datasets/DAIR-V2X_YOLO/dairv2x.yaml,train,19,1369.167500257492,0.87437,0.51372,0.83569,0.85216,0.79686,0.85997,0.62083,0.8272,0.47908,0.82477,0.0006845594000000001,0.0006845594000000001,0.0006845594000000001,,
yolo_yolov5s_20260715_061610,yolo,yolo_yolov5s_20260715_061610,yolov5s.pt,/root/autodl-fs/datasets/DAIR-V2X_YOLO/dairv2x.yaml,train,20,1440.5135142803192,0.87197,0.51188,0.8349,0.84691,0.80743,0.85938,0.61352,0.83308,0.48587,0.82451,0.0006763127,0.0006763127,0.0006763127,,
yolo_yolov5s_20260715_061610,yolo,yolo_yolov5s_20260715_061610,yolov5s.pt,/root/autodl-fs/datasets/DAIR-V2X_YOLO/dairv2x.yaml,train,21,1511.643313407898,0.87112,0.51165,0.83415,0.85056,0.79783,0.86079,0.62468,0.82616,0.48113,0.82345,0.000668066,0.000668066,0.000668066,,
yolo_yolov5s_20260715_061610,yolo,yolo_yolov5s_20260715_061610,yolov5s.pt,/root/autodl-fs/datasets/DAIR-V2X_YOLO/dairv2x.yaml,train,22,1582.699455022812,0.86209,0.50304,0.83313,0.85191,0.80679,0.86125,0.62129,0.82426,0.4773,0.8238,0.0006598193,0.0006598193,0.0006598193,,
yolo_yolov5s_20260715_061610,yolo,yolo_yolov5s_20260715_061610,yolov5s.pt,/root/autodl-fs/datasets/DAIR-V2X_YOLO/dairv2x.yaml,train,23,1654.5807781219482,0.86094,0.50067,0.83245,0.85833,0.80431,0.86501,0.62207,0.82974,0.47869,0.82424,0.0006515726,0.0006515726,0.0006515726,,
yolo_yolov5s_20260715_061610,yolo,yolo_yolov5s_20260715_061610,yolov5s.pt,/root/autodl-fs/datasets/DAIR-V2X_YOLO/dairv2x.yaml,train,24,1725.992324590683,0.8572,0.50083,0.83295,0.83551,0.81387,0.86278,0.62633,0.8136,0.47462,0.82139,0.0006433259,0.0006433259,0.0006433259,,
yolo_yolov5s_20260715_061610,yolo,yolo_yolov5s_20260715_061610,yolov5s.pt,/root/autodl-fs/datasets/DAIR-V2X_YOLO/dairv2x.yaml,train,25,1797.452850818634,0.85992,0.50244,0.83259,0.84311,0.81033,0.8628,0.62243,0.82347,0.47843,0.82324,0.0006350791999999999,0.0006350791999999999,0.0006350791999999999,,
yolo_yolov5s_20260715_061610,yolo,yolo_yolov5s_20260715_061610,yolov5s.pt,/root/autodl-fs/datasets/DAIR-V2X_YOLO/dairv2x.yaml,train,26,1868.7965972423553,0.85344,0.49632,0.83176,0.85761,0.80703,0.86423,0.62828,0.81349,0.4698,0.821,0.0006268325,0.0006268325,0.0006268325,,
yolo_yolov5s_20260715_061610,yolo,yolo_yolov5s_20260715_061610,yolov5s.pt,/root/autodl-fs/datasets/DAIR-V2X_YOLO/dairv2x.yaml,train,27,1940.093859910965,0.85056,0.49534,0.8303,0.86434,0.80234,0.86601,0.62591,0.81693,0.46976,0.82199,0.0006185858,0.0006185858,0.0006185858,,
yolo_yolov5s_20260715_061610,yolo,yolo_yolov5s_20260715_061610,yolov5s.pt,/root/autodl-fs/datasets/DAIR-V2X_YOLO/dairv2x.yaml,train,28,2011.7528309822083,0.85381,0.49819,0.83197,0.86238,0.8162,0.86938,0.63467,0.80546,0.4645,0.82086,0.0006103391,0.0006103391,0.0006103391,,
yolo_yolov5s_20260715_061610,yolo,yolo_yolov5s_20260715_061610,yolov5s.pt,/root/autodl-fs/datasets/DAIR-V2X_YOLO/dairv2x.yaml,train,29,2082.872004508972,0.84656,0.49266,0.83038,0.86738,0.80576,0.86916,0.63523,0.80874,0.46194,0.82063,0.0006020924,0.0006020924,0.0006020924,,
yolo_yolov5s_20260715_061610,yolo,yolo_yolov5s_20260715_061610,yolov5s.pt,/root/autodl-fs/datasets/DAIR-V2X_YOLO/dairv2x.yaml,train,30,2154.246671438217,0.84073,0.48766,0.82924,0.86273,0.80158,0.86832,0.63724,0.80073,0.46368,0.82046,0.0005938457,0.0005938457,0.0005938457,,
yolo_yolov5s_20260715_061610,yolo,yolo_yolov5s_20260715_061610,yolov5s.pt,/root/autodl-fs/datasets/DAIR-V2X_YOLO/dairv2x.yaml,train,31,2225.5097303390503,0.84256,0.48894,0.82944,0.85146,0.81539,0.86942,0.63747,0.80385,0.46235,0.82005,0.0005855989999999999,0.0005855989999999999,0.0005855989999999999,,
yolo_yolov5s_20260715_061610,yolo,yolo_yolov5s_20260715_061610,yolov5s.pt,/root/autodl-fs/datasets/DAIR-V2X_YOLO/dairv2x.yaml,train,32,2296.919716358185,0.83614,0.48567,0.8286,0.85664,0.80963,0.87077,0.63747,0.80909,0.4649,0.8201,0.0005773522999999999,0.0005773522999999999,0.0005773522999999999,,
yolo_yolov5s_20260715_061610,yolo,yolo_yolov5s_20260715_061610,yolov5s.pt,/root/autodl-fs/datasets/DAIR-V2X_YOLO/dairv2x.yaml,train,33,2368.169502735138,0.83557,0.48402,0.82853,0.86833,0.80114,0.87023,0.63653,0.80924,0.46272,0.82063,0.0005691056,0.0005691056,0.0005691056,,
yolo_yolov5s_20260715_061610,yolo,yolo_yolov5s_20260715_061610,yolov5s.pt,/root/autodl-fs/datasets/DAIR-V2X_YOLO/dairv2x.yaml,train,34,2439.397194623947,0.83271,0.48492,0.82834,0.86368,0.81257,0.87374,0.63982,0.80173,0.46021,0.81833,0.0005608588999999999,0.0005608588999999999,0.0005608588999999999,,
yolo_yolov5s_20260715_061610,yolo,yolo_yolov5s_20260715_061610,yolov5s.pt,/root/autodl-fs/datasets/DAIR-V2X_YOLO/dairv2x.yaml,train,35,2510.6679005622864,0.82973,0.47956,0.82798,0.85866,0.81255,0.87126,0.64405,0.79531,0.4556,0.81867,0.0005526121999999999,0.0005526121999999999,0.0005526121999999999,,
yolo_yolov5s_20260715_061610,yolo,yolo_yolov5s_20260715_061610,yolov5s.pt,/root/autodl-fs/datasets/DAIR-V2X_YOLO/dairv2x.yaml,train,36,2581.942613363266,0.82866,0.48048,0.82736,0.85591,0.81335,0.87182,0.64019,0.79646,0.45512,0.819,0.0005443655,0.0005443655,0.0005443655,,
yolo_yolov5s_20260715_061610,yolo,yolo_yolov5s_20260715_061610,yolov5s.pt,/root/autodl-fs/datasets/DAIR-V2X_YOLO/dairv2x.yaml,train,37,2652.9785871505737,0.82901,0.48033,0.82675,0.85123,0.81768,0.86774,0.63736,0.79521,0.45668,0.81893,0.0005361188,0.0005361188,0.0005361188,,
yolo_yolov5s_20260715_061610,yolo,yolo_yolov5s_20260715_061610,yolov5s.pt,/root/autodl-fs/datasets/DAIR-V2X_YOLO/dairv2x.yaml,train,38,2724.4686119556427,0.82883,0.47849,0.82706,0.86642,0.80877,0.87067,0.64034,0.7959,0.45504,0.81861,0.0005278721,0.0005278721,0.0005278721,,
yolo_yolov5s_20260715_061610,yolo,yolo_yolov5s_20260715_061610,yolov5s.pt,/root/autodl-fs/datasets/DAIR-V2X_YOLO/dairv2x.yaml,train,39,2795.7194316387177,0.82311,0.47723,0.82663,0.85955,0.81807,0.87439,0.64265,0.79137,0.45305,0.81781,0.0005196254,0.0005196254,0.0005196254,,
yolo_yolov5s_20260715_061610,yolo,yolo_yolov5s_20260715_061610,yolov5s.pt,/root/autodl-fs/datasets/DAIR-V2X_YOLO/dairv2x.yaml,train,40,2867.4982359409332,0.82379,0.47639,0.82558,0.8575,0.81509,0.87201,0.63848,0.79363,0.45399,0.81819,0.0005113787,0.0005113787,0.0005113787,,
yolo_yolov5s_20260715_061610,yolo,yolo_yolov5s_20260715_061610,yolov5s.pt,/root/autodl-fs/datasets/DAIR-V2X_YOLO/dairv2x.yaml,train,41,2938.88586974144,0.81984,0.47178,0.82675,0.86451,0.81573,0.87359,0.64251,0.79065,0.45097,0.81751,0.000503132,0.000503132,0.000503132,,
yolo_yolov5s_20260715_061610,yolo,yolo_yolov5s_20260715_061610,yolov5s.pt,/root/autodl-fs/datasets/DAIR-V2X_YOLO/dairv2x.yaml,train,42,3009.9473209381104,0.81794,0.47037,0.82512,0.86184,0.81865,0.87233,0.64427,0.78845,0.44892,0.81764,0.0004948853,0.0004948853,0.0004948853,,
yolo_yolov5s_20260715_061610,yolo,yolo_yolov5s_20260715_061610,yolov5s.pt,/root/autodl-fs/datasets/DAIR-V2X_YOLO/dairv2x.yaml,train,43,3081.4597527980804,0.81434,0.46739,0.82506,0.86516,0.8159,0.87016,0.64405,0.78673,0.44861,0.81695,0.00048663860000000005,0.00048663860000000005,0.00048663860000000005,,
yolo_yolov5s_20260715_061610,yolo,yolo_yolov5s_20260715_061610,yolov5s.pt,/root/autodl-fs/datasets/DAIR-V2X_YOLO/dairv2x.yaml,train,44,3152.868714570999,0.81447,0.46794,0.82425,0.86866,0.81786,0.87591,0.64612,0.78317,0.44478,0.81667,0.00047839190000000003,0.00047839190000000003,0.00047839190000000003,,
yolo_yolov5s_20260715_061610,yolo,yolo_yolov5s_20260715_061610,yolov5s.pt,/root/autodl-fs/datasets/DAIR-V2X_YOLO/dairv2x.yaml,train,45,3224.4702486991882,0.811,0.46634,0.82366,0.8624,0.8208,0.87684,0.64613,0.7866,0.44563,0.81676,0.0004701452,0.0004701452,0.0004701452,,
yolo_yolov5s_20260715_061610,yolo,yolo_yolov5s_20260715_061610,yolov5s.pt,/root/autodl-fs/datasets/DAIR-V2X_YOLO/dairv2x.yaml,train,46,3295.8787848949432,0.80873,0.46373,0.82443,0.8645,0.82302,0.88009,0.64944,0.78487,0.44478,0.81602,0.0004618985,0.0004618985,0.0004618985,,
yolo_yolov5s_20260715_061610,yolo,yolo_yolov5s_20260715_061610,yolov5s.pt,/root/autodl-fs/datasets/DAIR-V2X_YOLO/dairv2x.yaml,train,47,3367.047386407852,0.80946,0.46417,0.8231,0.85709,0.82184,0.87527,0.64626,0.78117,0.4448,0.81621,0.00045365180000000007,0.00045365180000000007,0.00045365180000000007,,
yolo_yolov5s_20260715_061610,yolo,yolo_yolov5s_20260715_061610,yolov5s.pt,/root/autodl-fs/datasets/DAIR-V2X_YOLO/dairv2x.yaml,train,48,3439.020382642746,0.80863,0.46504,0.82432,0.87165,0.81743,0.87597,0.6493,0.7798,0.445,0.81577,0.00044540510000000004,0.00044540510000000004,0.00044540510000000004,,
yolo_yolov5s_20260715_061610,yolo,yolo_yolov5s_20260715_061610,yolov5s.pt,/root/autodl-fs/datasets/DAIR-V2X_YOLO/dairv2x.yaml,train,49,3510.7754530906677,0.80749,0.46181,0.82393,0.8646,0.82604,0.87792,0.65315,0.77388,0.43878,0.8153,0.0004371584,0.0004371584,0.0004371584,,
yolo_yolov5s_20260715_061610,yolo,yolo_yolov5s_20260715_061610,yolov5s.pt,/root/autodl-fs/datasets/DAIR-V2X_YOLO/dairv2x.yaml,train,50,3582.294289112091,0.80274,0.45973,0.82318,0.86076,0.82168,0.87892,0.65252,0.77596,0.44088,0.8155,0.0004289117,0.0004289117,0.0004289117,,
yolo_yolov5s_20260715_061610,yolo,yolo_yolov5s_20260715_061610,yolov5s.pt,/root/autodl-fs/datasets/DAIR-V2X_YOLO/dairv2x.yaml,train,51,3653.5116493701935,0.80286,0.45919,0.82283,0.86335,0.8158,0.88004,0.65101,0.77541,0.43893,0.81559,0.00042066499999999997,0.00042066499999999997,0.00042066499999999997,,
yolo_yolov5s_20260715_061610,yolo,yolo_yolov5s_20260715_061610,yolov5s.pt,/root/autodl-fs/datasets/DAIR-V2X_YOLO/dairv2x.yaml,train,52,3724.633456468582,0.79906,0.45652,0.82256,0.85974,0.82516,0.87852,0.65276,0.77457,0.43853,0.81552,0.00041241829999999995,0.00041241829999999995,0.00041241829999999995,,
yolo_yolov5s_20260715_061610,yolo,yolo_yolov5s_20260715_061610,yolov5s.pt,/root/autodl-fs/datasets/DAIR-V2X_YOLO/dairv2x.yaml,train,53,3796.4673478603363,0.79963,0.45889,0.82215,0.86439,0.82056,0.87639,0.65093,0.77668,0.44034,0.81515,0.0004041716,0.0004041716,0.0004041716,,
yolo_yolov5s_20260715_061610,yolo,yolo_yolov5s_20260715_061610,yolov5s.pt,/root/autodl-fs/datasets/DAIR-V2X_YOLO/dairv2x.yaml,train,54,3868.0069830417633,0.79943,0.45548,0.82299,0.86855,0.81875,0.87977,0.65307,0.77179,0.44061,0.81511,0.0003959249,0.0003959249,0.0003959249,,
yolo_yolov5s_20260715_061610,yolo,yolo_yolov5s_20260715_061610,yolov5s.pt,/root/autodl-fs/datasets/DAIR-V2X_YOLO/dairv2x.yaml,train,55,3939.433478116989,0.7966,0.45503,0.82154,0.86001,0.82535,0.87904,0.65222,0.77239,0.43813,0.81545,0.0003876782,0.0003876782,0.0003876782,,
yolo_yolov5s_20260715_061610,yolo,yolo_yolov5s_20260715_061610,yolov5s.pt,/root/autodl-fs/datasets/DAIR-V2X_YOLO/dairv2x.yaml,train,56,4010.7382459640503,0.79607,0.45475,0.82208,0.87223,0.81725,0.87853,0.65373,0.77048,0.43762,0.81501,0.00037943149999999996,0.00037943149999999996,0.00037943149999999996,,
yolo_yolov5s_20260715_061610,yolo,yolo_yolov5s_20260715_061610,yolov5s.pt,/root/autodl-fs/datasets/DAIR-V2X_YOLO/dairv2x.yaml,train,57,4082.0303587913513,0.79579,0.45141,0.8217,0.86591,0.82158,0.88148,0.6556,0.76922,0.43653,0.81508,0.00037118479999999994,0.00037118479999999994,0.00037118479999999994,,
yolo_yolov5s_20260715_061610,yolo,yolo_yolov5s_20260715_061610,yolov5s.pt,/root/autodl-fs/datasets/DAIR-V2X_YOLO/dairv2x.yaml,train,58,4153.375505447388,0.789,0.44882,0.82098,0.86609,0.82299,0.88351,0.65976,0.7696,0.43447,0.8143,0.0003629381,0.0003629381,0.0003629381,,
yolo_yolov5s_20260715_061610,yolo,yolo_yolov5s_20260715_061610,yolov5s.pt,/root/autodl-fs/datasets/DAIR-V2X_YOLO/dairv2x.yaml,train,59,4224.647940635681,0.78996,0.44977,0.82081,0.8599,0.82517,0.8815,0.65788,0.76774,0.43309,0.81451,0.00035469140000000005,0.00035469140000000005,0.00035469140000000005,,
yolo_yolov5s_20260715_061610,yolo,yolo_yolov5s_20260715_061610,yolov5s.pt,/root/autodl-fs/datasets/DAIR-V2X_YOLO/dairv2x.yaml,train,60,4295.900117397308,0.79015,0.44868,0.82098,0.865,0.82382,0.88098,0.65654,0.7695,0.4343,0.8149,0.00034644470000000003,0.00034644470000000003,0.00034644470000000003,,
yolo_yolov5s_20260715_061610,yolo,yolo_yolov5s_20260715_061610,yolov5s.pt,/root/autodl-fs/datasets/DAIR-V2X_YOLO/dairv2x.yaml,train,61,4367.192984580994,0.78717,0.44722,0.82006,0.86262,0.82913,0.88081,0.65755,0.76515,0.43033,0.81414,0.000338198,0.000338198,0.000338198,,
yolo_yolov5s_20260715_061610,yolo,yolo_yolov5s_20260715_061610,yolov5s.pt,/root/autodl-fs/datasets/DAIR-V2X_YOLO/dairv2x.yaml,train,62,4438.3114767074585,0.78501,0.44547,0.82101,0.8688,0.8258,0.88015,0.65785,0.7634,0.4314,0.81379,0.0003299513,0.0003299513,0.0003299513,,
yolo_yolov5s_20260715_061610,yolo,yolo_yolov5s_20260715_061610,yolov5s.pt,/root/autodl-fs/datasets/DAIR-V2X_YOLO/dairv2x.yaml,train,63,4509.542640209198,0.78475,0.44589,0.81967,0.86757,0.82766,0.8822,0.65835,0.76419,0.43196,0.81394,0.00032170459999999996,0.00032170459999999996,0.00032170459999999996,,
yolo_yolov5s_20260715_061610,yolo,yolo_yolov5s_20260715_061610,yolov5s.pt,/root/autodl-fs/datasets/DAIR-V2X_YOLO/dairv2x.yaml,train,64,4580.883264064789,0.78443,0.44484,0.81933,0.86265,0.82893,0.88021,0.65637,0.76425,0.43172,0.81386,0.0003134579,0.0003134579,0.0003134579,,
yolo_yolov5s_20260715_061610,yolo,yolo_yolov5s_20260715_061610,yolov5s.pt,/root/autodl-fs/datasets/DAIR-V2X_YOLO/dairv2x.yaml,train,65,4652.312664031982,0.78061,0.44234,0.8201,0.86357,0.82465,0.87753,0.65585,0.76381,0.43095,0.81408,0.0003052112,0.0003052112,0.0003052112,,
yolo_yolov5s_20260715_061610,yolo,yolo_yolov5s_20260715_061610,yolov5s.pt,/root/autodl-fs/datasets/DAIR-V2X_YOLO/dairv2x.yaml,train,66,4723.2649829387665,0.77997,0.44217,0.81953,0.8636,0.82747,0.88087,0.6586,0.76272,0.42957,0.81395,0.0002969645,0.0002969645,0.0002969645,,
yolo_yolov5s_20260715_061610,yolo,yolo_yolov5s_20260715_061610,yolov5s.pt,/root/autodl-fs/datasets/DAIR-V2X_YOLO/dairv2x.yaml,train,67,4794.5331745147705,0.77933,0.43896,0.81877,0.86367,0.82666,0.88071,0.6609,0.76054,0.42881,0.81345,0.00028871779999999997,0.00028871779999999997,0.00028871779999999997,,
yolo_yolov5s_20260715_061610,yolo,yolo_yolov5s_20260715_061610,yolov5s.pt,/root/autodl-fs/datasets/DAIR-V2X_YOLO/dairv2x.yaml,train,68,4866.02378153801,0.77807,0.43935,0.81879,0.87029,0.82744,0.88327,0.66037,0.76124,0.42848,0.81358,0.00028047109999999994,0.00028047109999999994,0.00028047109999999994,,
yolo_yolov5s_20260715_061610,yolo,yolo_yolov5s_20260715_061610,yolov5s.pt,/root/autodl-fs/datasets/DAIR-V2X_YOLO/dairv2x.yaml,train,69,4937.357362270355,0.77576,0.43751,0.81908,0.86953,0.82813,0.88221,0.6593,0.76142,0.42833,0.81364,0.0002722244,0.0002722244,0.0002722244,,
yolo_yolov5s_20260715_061610,yolo,yolo_yolov5s_20260715_061610,yolov5s.pt,/root/autodl-fs/datasets/DAIR-V2X_YOLO/dairv2x.yaml,train,70,5008.618860006332,0.7756,0.43696,0.81849,0.87594,0.82092,0.88129,0.66101,0.76122,0.42774,0.81315,0.00026397770000000006,0.00026397770000000006,0.00026397770000000006,,
yolo_yolov5s_20260715_061610,yolo,yolo_yolov5s_20260715_061610,yolov5s.pt,/root/autodl-fs/datasets/DAIR-V2X_YOLO/dairv2x.yaml,train,71,5079.858724594116,0.77681,0.43846,0.81866,0.86767,0.82484,0.88291,0.66133,0.76134,0.42764,0.81321,0.00025573100000000004,0.00025573100000000004,0.00025573100000000004,,
yolo_yolov5s_20260715_061610,yolo,yolo_yolov5s_20260715_061610,yolov5s.pt,/root/autodl-fs/datasets/DAIR-V2X_YOLO/dairv2x.yaml,train,72,5151.168824672699,0.77276,0.43406,0.81744,0.87055,0.82719,0.88375,0.66257,0.75978,0.42697,0.81331,0.0002474843,0.0002474843,0.0002474843,,
yolo_yolov5s_20260715_061610,yolo,yolo_yolov5s_20260715_061610,yolov5s.pt,/root/autodl-fs/datasets/DAIR-V2X_YOLO/dairv2x.yaml,train,73,5222.5497126579285,0.76945,0.43284,0.81762,0.87428,0.82291,0.88497,0.66495,0.75671,0.4246,0.81269,0.0002392376,0.0002392376,0.0002392376,,
yolo_yolov5s_20260715_061610,yolo,yolo_yolov5s_20260715_061610,yolov5s.pt,/root/autodl-fs/datasets/DAIR-V2X_YOLO/dairv2x.yaml,train,74,5294.164167404175,0.77065,0.43459,0.81788,0.86607,0.83229,0.88358,0.66323,0.75561,0.42376,0.81253,0.00023099090000000002,0.00023099090000000002,0.00023099090000000002,,
yolo_yolov5s_20260715_061610,yolo,yolo_yolov5s_20260715_061610,yolov5s.pt,/root/autodl-fs/datasets/DAIR-V2X_YOLO/dairv2x.yaml,train,75,5365.633740663528,0.7694,0.43184,0.81711,0.86728,0.82748,0.88645,0.6659,0.75677,0.42365,0.81252,0.00022274420000000002,0.00022274420000000002,0.00022274420000000002,,
yolo_yolov5s_20260715_061610,yolo,yolo_yolov5s_20260715_061610,yolov5s.pt,/root/autodl-fs/datasets/DAIR-V2X_YOLO/dairv2x.yaml,train,76,5437.046596050262,0.76895,0.43128,0.81809,0.87466,0.82165,0.88366,0.66539,0.75656,0.42361,0.81307,0.0002144975,0.0002144975,0.0002144975,,
yolo_yolov5s_20260715_061610,yolo,yolo_yolov5s_20260715_061610,yolov5s.pt,/root/autodl-fs/datasets/DAIR-V2X_YOLO/dairv2x.yaml,train,77,5508.526726722717,0.76469,0.42997,0.8178,0.8682,0.82581,0.88425,0.66312,0.75703,0.42352,0.81322,0.00020625079999999997,0.00020625079999999997,0.00020625079999999997,,
yolo_yolov5s_20260715_061610,yolo,yolo_yolov5s_20260715_061610,yolov5s.pt,/root/autodl-fs/datasets/DAIR-V2X_YOLO/dairv2x.yaml,train,78,5580.15686917305,0.76457,0.42964,0.81765,0.86132,0.83627,0.88434,0.66393,0.75652,0.42372,0.81307,0.00019800409999999998,0.00019800409999999998,0.00019800409999999998,,
yolo_yolov5s_20260715_061610,yolo,yolo_yolov5s_20260715_061610,yolov5s.pt,/root/autodl-fs/datasets/DAIR-V2X_YOLO/dairv2x.yaml,train,79,5651.562195777893,0.76221,0.42718,0.81586,0.87222,0.82574,0.88539,0.66529,0.75386,0.42377,0.81254,0.00018975739999999998,0.00018975739999999998,0.00018975739999999998,,
yolo_yolov5s_20260715_061610,yolo,yolo_yolov5s_20260715_061610,yolov5s.pt,/root/autodl-fs/datasets/DAIR-V2X_YOLO/dairv2x.yaml,train,80,5722.801605463028,0.76277,0.42754,0.81626,0.87022,0.82903,0.88463,0.6647,0.75452,0.42288,0.81235,0.00018151069999999998,0.00018151069999999998,0.00018151069999999998,,
yolo_yolov5s_20260715_061610,yolo,yolo_yolov5s_20260715_061610,yolov5s.pt,/root/autodl-fs/datasets/DAIR-V2X_YOLO/dairv2x.yaml,train,81,5794.262553930283,0.75848,0.42463,0.81647,0.85833,0.83609,0.8824,0.66328,0.75506,0.42387,0.8127,0.00017326399999999996,0.00017326399999999996,0.00017326399999999996,,
yolo_yolov5s_20260715_061610,yolo,yolo_yolov5s_20260715_061610,yolov5s.pt,/root/autodl-fs/datasets/DAIR-V2X_YOLO/dairv2x.yaml,train,82,5865.763981819153,0.75786,0.42378,0.81624,0.86616,0.8318,0.88354,0.6657,0.75236,0.42119,0.81223,0.00016501729999999994,0.00016501729999999994,0.00016501729999999994,,
yolo_yolov5s_20260715_061610,yolo,yolo_yolov5s_20260715_061610,yolov5s.pt,/root/autodl-fs/datasets/DAIR-V2X_YOLO/dairv2x.yaml,train,83,5937.241910934448,0.75752,0.42419,0.81634,0.85948,0.83481,0.88439,0.66619,0.75147,0.42112,0.81213,0.00015677060000000005,0.00015677060000000005,0.00015677060000000005,,
yolo_yolov5s_20260715_061610,yolo,yolo_yolov5s_20260715_061610,yolov5s.pt,/root/autodl-fs/datasets/DAIR-V2X_YOLO/dairv2x.yaml,train,84,6008.457069158554,0.75661,0.42302,0.81578,0.871,0.82812,0.8852,0.66677,0.7512,0.42026,0.81227,0.00014852390000000002,0.00014852390000000002,0.00014852390000000002,,
yolo_yolov5s_20260715_061610,yolo,yolo_yolov5s_20260715_061610,yolov5s.pt,/root/autodl-fs/datasets/DAIR-V2X_YOLO/dairv2x.yaml,train,85,6079.745080471039,0.75514,0.42165,0.81611,0.87851,0.82296,0.88615,0.66599,0.74978,0.42003,0.81216,0.00014027720000000003,0.00014027720000000003,0.00014027720000000003,,
yolo_yolov5s_20260715_061610,yolo,yolo_yolov5s_20260715_061610,yolov5s.pt,/root/autodl-fs/datasets/DAIR-V2X_YOLO/dairv2x.yaml,train,86,6150.993406534195,0.75455,0.4201,0.81483,0.86687,0.83154,0.88688,0.66766,0.74957,0.42017,0.81239,0.00013203050000000003,0.00013203050000000003,0.00013203050000000003,,
yolo_yolov5s_20260715_061610,yolo,yolo_yolov5s_20260715_061610,yolov5s.pt,/root/autodl-fs/datasets/DAIR-V2X_YOLO/dairv2x.yaml,train,87,6222.059594869614,0.75419,0.41982,0.8157,0.86982,0.82989,0.88548,0.66626,0.75077,0.42105,0.81218,0.0001237838,0.0001237838,0.0001237838,,
yolo_yolov5s_20260715_061610,yolo,yolo_yolov5s_20260715_061610,yolov5s.pt,/root/autodl-fs/datasets/DAIR-V2X_YOLO/dairv2x.yaml,train,88,6293.278497934341,0.74943,0.4181,0.8151,0.86575,0.82965,0.8858,0.66681,0.75068,0.41931,0.81212,0.00011553710000000001,0.00011553710000000001,0.00011553710000000001,,
yolo_yolov5s_20260715_061610,yolo,yolo_yolov5s_20260715_061610,yolov5s.pt,/root/autodl-fs/datasets/DAIR-V2X_YOLO/dairv2x.yaml,train,89,6364.784544229507,0.74853,0.4171,0.81544,0.86781,0.82898,0.88546,0.66797,0.75008,0.41907,0.81201,0.0001072904,0.0001072904,0.0001072904,,
yolo_yolov5s_20260715_061610,yolo,yolo_yolov5s_20260715_061610,yolov5s.pt,/root/autodl-fs/datasets/DAIR-V2X_YOLO/dairv2x.yaml,train,90,6436.832931995392,0.74984,0.41715,0.81557,0.87034,0.82674,0.88496,0.66742,0.7493,0.41877,0.81201,9.904369999999997e-05,9.904369999999997e-05,9.904369999999997e-05,,
yolo_yolov5s_20260715_061610,yolo,yolo_yolov5s_20260715_061610,yolov5s.pt,/root/autodl-fs/datasets/DAIR-V2X_YOLO/dairv2x.yaml,train,91,6504.112414121628,0.72586,0.40567,0.81078,0.86361,0.82621,0.88289,0.66404,0.75528,0.42276,0.81264,9.079699999999998e-05,9.079699999999998e-05,9.079699999999998e-05,,
yolo_yolov5s_20260715_061610,yolo,yolo_yolov5s_20260715_061610,yolov5s.pt,/root/autodl-fs/datasets/DAIR-V2X_YOLO/dairv2x.yaml,train,92,6569.829831123352,0.72293,0.40217,0.80933,0.86499,0.82868,0.88296,0.66407,0.75587,0.4222,0.8128,8.255029999999997e-05,8.255029999999997e-05,8.255029999999997e-05,,
yolo_yolov5s_20260715_061610,yolo,yolo_yolov5s_20260715_061610,yolov5s.pt,/root/autodl-fs/datasets/DAIR-V2X_YOLO/dairv2x.yaml,train,93,6635.670273780823,0.71822,0.39999,0.80924,0.86732,0.82786,0.88172,0.66385,0.7558,0.42192,0.81283,7.430359999999997e-05,7.430359999999997e-05,7.430359999999997e-05,,
yolo_yolov5s_20260715_061610,yolo,yolo_yolov5s_20260715_061610,yolov5s.pt,/root/autodl-fs/datasets/DAIR-V2X_YOLO/dairv2x.yaml,train,94,6701.629291534424,0.71603,0.39886,0.80977,0.86521,0.83022,0.88167,0.66292,0.75479,0.42083,0.81269,6.605689999999995e-05,6.605689999999995e-05,6.605689999999995e-05,,
yolo_yolov5s_20260715_061610,yolo,yolo_yolov5s_20260715_061610,yolov5s.pt,/root/autodl-fs/datasets/DAIR-V2X_YOLO/dairv2x.yaml,train,95,6768.0166091918945,0.71465,0.39702,0.80863,0.86971,0.82612,0.88112,0.66307,0.75335,0.42097,0.81257,5.781020000000004e-05,5.781020000000004e-05,5.781020000000004e-05,,
yolo_yolov5s_20260715_061610,yolo,yolo_yolov5s_20260715_061610,yolov5s.pt,/root/autodl-fs/datasets/DAIR-V2X_YOLO/dairv2x.yaml,train,96,6834.1975877285,0.71241,0.39512,0.80873,0.8706,0.82333,0.88198,0.66299,0.75245,0.421,0.81255,4.9563500000000035e-05,4.9563500000000035e-05,4.9563500000000035e-05,,
yolo_yolov5s_20260715_061610,yolo,yolo_yolov5s_20260715_061610,yolov5s.pt,/root/autodl-fs/datasets/DAIR-V2X_YOLO/dairv2x.yaml,train,97,6900.00398516655,0.71075,0.39418,0.8082,0.86673,0.82834,0.88263,0.66396,0.7523,0.42137,0.81247,4.131680000000003e-05,4.131680000000003e-05,4.131680000000003e-05,,
yolo_yolov5s_20260715_061610,yolo,yolo_yolov5s_20260715_061610,yolov5s.pt,/root/autodl-fs/datasets/DAIR-V2X_YOLO/dairv2x.yaml,train,98,6965.747761011124,0.71045,0.39334,0.80802,0.8661,0.82786,0.88257,0.66442,0.75201,0.42075,0.81239,3.307010000000002e-05,3.307010000000002e-05,3.307010000000002e-05,,
yolo_yolov5s_20260715_061610,yolo,yolo_yolov5s_20260715_061610,yolov5s.pt,/root/autodl-fs/datasets/DAIR-V2X_YOLO/dairv2x.yaml,train,99,7031.4570569992065,0.70703,0.39113,0.80777,0.86765,0.82739,0.88268,0.66478,0.75181,0.42023,0.81227,2.4823400000000017e-05,2.4823400000000017e-05,2.4823400000000017e-05,,
yolo_yolov5s_20260715_061610,yolo,yolo_yolov5s_20260715_061610,yolov5s.pt,/root/autodl-fs/datasets/DAIR-V2X_YOLO/dairv2x.yaml,train,100,7097.494778394699,0.70834,0.39157,0.80796,0.86506,0.82714,0.88307,0.66533,0.75141,0.4196,0.81223,1.6576700000000007e-05,1.6576700000000007e-05,1.6576700000000007e-05,,
yolo_yolov8m_20260715_101751,yolo,yolo_yolov8m_20260715_101751,yolov8m.pt,/root/autodl-fs/datasets/DAIR-V2X_YOLO/dairv2x.yaml,train,1,144.43816423416138,1.05708,0.89231,0.89231,0.8126,0.74717,0.80581,0.55125,0.91572,0.55591,0.84613,0.0002767879746835443,0.0002767879746835443,0.0002767879746835443,,
yolo_yolov8m_20260715_101751,yolo,yolo_yolov8m_20260715_101751,yolov8m.pt,/root/autodl-fs/datasets/DAIR-V2X_YOLO/dairv2x.yaml,train,2,282.0878174304962,0.95355,0.58536,0.86211,0.82846,0.77126,0.83486,0.58738,0.88055,0.52753,0.84042,0.0005489655404008439,0.0005489655404008439,0.0005489655404008439,,
yolo_yolov8m_20260715_101751,yolo,yolo_yolov8m_20260715_101751,yolov8m.pt,/root/autodl-fs/datasets/DAIR-V2X_YOLO/dairv2x.yaml,train,3,845.5325775146484,0.93207,0.56182,0.8572,0.82958,0.79135,0.84858,0.59646,0.86325,0.51542,0.83865,0.0008156453061181434,0.0008156453061181434,0.0008156453061181434,,
yolo_yolov8m_20260715_101751,yolo,yolo_yolov8m_20260715_101751,yolov8m.pt,/root/autodl-fs/datasets/DAIR-V2X_YOLO/dairv2x.yaml,train,4,1063.6457648277283,0.90871,0.53724,0.85069,0.86083,0.76496,0.84657,0.59824,0.87092,0.50375,0.83705,0.0008082599,0.0008082599,0.0008082599,,
yolo_yolov8m_20260715_101751,yolo,yolo_yolov8m_20260715_101751,yolov8m.pt,/root/autodl-fs/datasets/DAIR-V2X_YOLO/dairv2x.yaml,train,5,1204.6390657424927,0.89552,0.53145,0.85067,0.84784,0.78806,0.84853,0.60379,0.8484,0.49432,0.83239,0.0008000131999999999,0.0008000131999999999,0.0008000131999999999,,
yolo_yolov8m_20260715_101751,yolo,yolo_yolov8m_20260715_101751,yolov8m.pt,/root/autodl-fs/datasets/DAIR-V2X_YOLO/dairv2x.yaml,train,6,1532.2444398403168,0.87962,0.51544,0.84625,0.84313,0.80125,0.86395,0.62634,0.83486,0.47899,0.8306,0.0007917665,0.0007917665,0.0007917665,,
yolo_yolov8m_20260715_101751,yolo,yolo_yolov8m_20260715_101751,yolov8m.pt,/root/autodl-fs/datasets/DAIR-V2X_YOLO/dairv2x.yaml,train,7,1999.979911327362,0.86691,0.50503,0.84413,0.85067,0.80392,0.86488,0.63257,0.8174,0.4684,0.82957,0.0007835197999999999,0.0007835197999999999,0.0007835197999999999,,
yolo_yolov8m_20260715_101751,yolo,yolo_yolov8m_20260715_101751,yolov8m.pt,/root/autodl-fs/datasets/DAIR-V2X_YOLO/dairv2x.yaml,train,8,2141.0372173786163,0.85693,0.4971,0.84243,0.83646,0.80997,0.86714,0.62687,0.82995,0.47446,0.82936,0.0007752731,0.0007752731,0.0007752731,,
yolo_yolov8m_20260715_101751,yolo,yolo_yolov8m_20260715_101751,yolov8m.pt,/root/autodl-fs/datasets/DAIR-V2X_YOLO/dairv2x.yaml,train,9,2455.230790376663,0.84434,0.48812,0.84021,0.85717,0.80599,0.86708,0.63247,0.80917,0.46389,0.82745,0.0007670264,0.0007670264,0.0007670264,,
yolo_yolov8m_20260715_101751,yolo,yolo_yolov8m_20260715_101751,yolov8m.pt,/root/autodl-fs/datasets/DAIR-V2X_YOLO/dairv2x.yaml,train,10,2677.159811973572,0.84287,0.49007,0.84072,0.83917,0.80397,0.85852,0.62689,0.81512,0.47206,0.82764,0.0007587797,0.0007587797,0.0007587797,,
yolo_yolov8m_20260715_101751,yolo,yolo_yolov8m_20260715_101751,yolov8m.pt,/root/autodl-fs/datasets/DAIR-V2X_YOLO/dairv2x.yaml,train,11,3766.2020978927612,0.83637,0.48332,0.8394,0.85506,0.80804,0.8666,0.63025,0.81526,0.46135,0.8284,0.000750533,0.000750533,0.000750533,,
yolo_yolov8m_20260715_101751,yolo,yolo_yolov8m_20260715_101751,yolov8m.pt,/root/autodl-fs/datasets/DAIR-V2X_YOLO/dairv2x.yaml,train,12,4345.991162776947,0.82996,0.47888,0.83823,0.85633,0.81262,0.87158,0.63548,0.80975,0.46272,0.82617,0.0007422863,0.0007422863,0.0007422863,,
yolo_yolov8m_20260715_101751,yolo,yolo_yolov8m_20260715_101751,yolov8m.pt,/root/autodl-fs/datasets/DAIR-V2X_YOLO/dairv2x.yaml,train,13,4598.67671084404,0.82462,0.47541,0.83697,0.85546,0.80909,0.87146,0.63739,0.79474,0.45859,0.82514,0.0007340396,0.0007340396,0.0007340396,,
yolo_yolov8m_20260715_101751,yolo,yolo_yolov8m_20260715_101751,yolov8m.pt,/root/autodl-fs/datasets/DAIR-V2X_YOLO/dairv2x.yaml,train,14,4742.446430206299,0.82195,0.47141,0.83686,0.85279,0.82105,0.87027,0.64298,0.79695,0.45133,0.82509,0.0007257928999999999,0.0007257928999999999,0.0007257928999999999,,
yolo_yolov8m_20260715_101751,yolo,yolo_yolov8m_20260715_101751,yolov8m.pt,/root/autodl-fs/datasets/DAIR-V2X_YOLO/dairv2x.yaml,train,15,5590.772696256638,0.81514,0.47028,0.83348,0.85741,0.81059,0.87462,0.6429,0.79517,0.45435,0.82583,0.0007175462,0.0007175462,0.0007175462,,
yolo_yolov8m_20260715_101751,yolo,yolo_yolov8m_20260715_101751,yolov8m.pt,/root/autodl-fs/datasets/DAIR-V2X_YOLO/dairv2x.yaml,train,16,5902.669974803925,0.80413,0.45982,0.83357,0.85771,0.82341,0.8772,0.65176,0.77869,0.43514,0.8222,0.0007092995,0.0007092995,0.0007092995,,
yolo_yolov8m_20260715_101751,yolo,yolo_yolov8m_20260715_101751,yolov8m.pt,/root/autodl-fs/datasets/DAIR-V2X_YOLO/dairv2x.yaml,train,17,6235.755895853043,0.80195,0.45707,0.8324,0.85794,0.82348,0.88242,0.6576,0.7708,0.43771,0.81991,0.0007010528,0.0007010528,0.0007010528,,
yolo_yolov8m_20260715_101751,yolo,yolo_yolov8m_20260715_101751,yolov8m.pt,/root/autodl-fs/datasets/DAIR-V2X_YOLO/dairv2x.yaml,train,18,6430.806515455246,0.80388,0.45823,0.83266,0.84214,0.83084,0.87485,0.65123,0.77641,0.44389,0.82189,0.0006928061,0.0006928061,0.0006928061,,
yolo_yolov8m_20260715_101751,yolo,yolo_yolov8m_20260715_101751,yolov8m.pt,/root/autodl-fs/datasets/DAIR-V2X_YOLO/dairv2x.yaml,train,19,6575.229090213776,0.79182,0.45183,0.8304,0.85773,0.82741,0.88182,0.65968,0.77465,0.43625,0.82108,0.0006845594000000001,0.0006845594000000001,0.0006845594000000001,,
yolo_yolov8m_20260715_101751,yolo,yolo_yolov8m_20260715_101751,yolov8m.pt,/root/autodl-fs/datasets/DAIR-V2X_YOLO/dairv2x.yaml,train,20,7109.0140125751495,0.79298,0.45252,0.83027,0.85518,0.82889,0.8779,0.65151,0.77892,0.44077,0.82079,0.0006763127,0.0006763127,0.0006763127,,
yolo_yolov8m_20260715_101751,yolo,yolo_yolov8m_20260715_101751,yolov8m.pt,/root/autodl-fs/datasets/DAIR-V2X_YOLO/dairv2x.yaml,train,21,7246.51748251915,0.79031,0.45099,0.82865,0.85825,0.82216,0.88213,0.65735,0.76985,0.43379,0.81989,0.000668066,0.000668066,0.000668066,,
yolo_yolov8m_20260715_101751,yolo,yolo_yolov8m_20260715_101751,yolov8m.pt,/root/autodl-fs/datasets/DAIR-V2X_YOLO/dairv2x.yaml,train,22,7403.263374090195,0.78566,0.44689,0.82838,0.8538,0.83516,0.88487,0.66226,0.76246,0.42517,0.81863,0.0006598193,0.0006598193,0.0006598193,,
yolo_yolov8m_20260715_101751,yolo,yolo_yolov8m_20260715_101751,yolov8m.pt,/root/autodl-fs/datasets/DAIR-V2X_YOLO/dairv2x.yaml,train,23,7546.922566652298,0.78203,0.44439,0.82719,0.87163,0.81131,0.8809,0.65958,0.77367,0.43462,0.82032,0.0006515726,0.0006515726,0.0006515726,,
yolo_yolov8m_20260715_101751,yolo,yolo_yolov8m_20260715_101751,yolov8m.pt,/root/autodl-fs/datasets/DAIR-V2X_YOLO/dairv2x.yaml,train,24,7683.438036680222,0.78061,0.44516,0.82791,0.86422,0.82084,0.88005,0.65947,0.76194,0.42996,0.81871,0.0006433259,0.0006433259,0.0006433259,,
yolo_yolov8m_20260715_101751,yolo,yolo_yolov8m_20260715_101751,yolov8m.pt,/root/autodl-fs/datasets/DAIR-V2X_YOLO/dairv2x.yaml,train,25,8079.190135955811,0.77903,0.44079,0.82744,0.86155,0.8262,0.88372,0.66265,0.76026,0.42553,0.81826,0.0006350791999999999,0.0006350791999999999,0.0006350791999999999,,
yolo_yolov8m_20260715_101751,yolo,yolo_yolov8m_20260715_101751,yolov8m.pt,/root/autodl-fs/datasets/DAIR-V2X_YOLO/dairv2x.yaml,train,26,8227.18979549408,0.77243,0.43734,0.82647,0.85747,0.83924,0.87967,0.66184,0.75553,0.42625,0.81715,0.0006268325,0.0006268325,0.0006268325,,
yolo_yolov8m_20260715_101751,yolo,yolo_yolov8m_20260715_101751,yolov8m.pt,/root/autodl-fs/datasets/DAIR-V2X_YOLO/dairv2x.yaml,train,27,8474.393939733505,0.77214,0.43478,0.82552,0.85995,0.83258,0.88613,0.66606,0.75945,0.42386,0.81661,0.0006185858,0.0006185858,0.0006185858,,
yolo_yolov8m_20260715_101751,yolo,yolo_yolov8m_20260715_101751,yolov8m.pt,/root/autodl-fs/datasets/DAIR-V2X_YOLO/dairv2x.yaml,train,28,8688.080940961838,0.77637,0.43949,0.82763,0.8553,0.83926,0.88631,0.66701,0.75271,0.4226,0.81658,0.0006103391,0.0006103391,0.0006103391,,
yolo_yolov8m_20260715_101751,yolo,yolo_yolov8m_20260715_101751,yolov8m.pt,/root/autodl-fs/datasets/DAIR-V2X_YOLO/dairv2x.yaml,train,29,8837.777220010757,0.76745,0.43257,0.82525,0.86865,0.82912,0.88419,0.66718,0.75067,0.41856,0.81693,0.0006020924,0.0006020924,0.0006020924,,
yolo_yolov8m_20260715_101751,yolo,yolo_yolov8m_20260715_101751,yolov8m.pt,/root/autodl-fs/datasets/DAIR-V2X_YOLO/dairv2x.yaml,train,30,8977.961301088333,0.76057,0.42668,0.82383,0.87067,0.81993,0.88454,0.6685,0.74984,0.42065,0.81582,0.0005938457,0.0005938457,0.0005938457,,
yolo_yolov8m_20260715_101751,yolo,yolo_yolov8m_20260715_101751,yolov8m.pt,/root/autodl-fs/datasets/DAIR-V2X_YOLO/dairv2x.yaml,train,31,9305.447557926178,0.76375,0.42967,0.82491,0.86518,0.83461,0.8906,0.67259,0.75108,0.4154,0.81693,0.0005855989999999999,0.0005855989999999999,0.0005855989999999999,,
yolo_yolov8m_20260715_101751,yolo,yolo_yolov8m_20260715_101751,yolov8m.pt,/root/autodl-fs/datasets/DAIR-V2X_YOLO/dairv2x.yaml,train,32,9600.888427257538,0.75938,0.42865,0.82365,0.85488,0.83806,0.88851,0.67335,0.74664,0.41669,0.81576,0.0005773522999999999,0.0005773522999999999,0.0005773522999999999,,
yolo_yolov8m_20260715_101751,yolo,yolo_yolov8m_20260715_101751,yolov8m.pt,/root/autodl-fs/datasets/DAIR-V2X_YOLO/dairv2x.yaml,train,33,9745.65723824501,0.75899,0.42667,0.82305,0.86214,0.83791,0.88499,0.66926,0.74502,0.41532,0.81616,0.0005691056,0.0005691056,0.0005691056,,
yolo_yolov8m_20260715_101751,yolo,yolo_yolov8m_20260715_101751,yolov8m.pt,/root/autodl-fs/datasets/DAIR-V2X_YOLO/dairv2x.yaml,train,34,9906.762773752213,0.7535,0.42313,0.82304,0.86871,0.82259,0.88567,0.66741,0.74749,0.41873,0.81529,0.0005608588999999999,0.0005608588999999999,0.0005608588999999999,,
yolo_yolov8m_20260715_101751,yolo,yolo_yolov8m_20260715_101751,yolov8m.pt,/root/autodl-fs/datasets/DAIR-V2X_YOLO/dairv2x.yaml,train,35,10112.215299129486,0.75498,0.4242,0.82176,0.87101,0.83495,0.88926,0.67432,0.74404,0.41349,0.81445,0.0005526121999999999,0.0005526121999999999,0.0005526121999999999,,
yolo_yolov8m_20260715_101751,yolo,yolo_yolov8m_20260715_101751,yolov8m.pt,/root/autodl-fs/datasets/DAIR-V2X_YOLO/dairv2x.yaml,train,36,10252.68427848816,0.75132,0.42001,0.82156,0.86742,0.83793,0.89211,0.67962,0.73898,0.40876,0.81445,0.0005443655,0.0005443655,0.0005443655,,
yolo_yolov8m_20260715_101751,yolo,yolo_yolov8m_20260715_101751,yolov8m.pt,/root/autodl-fs/datasets/DAIR-V2X_YOLO/dairv2x.yaml,train,37,10472.333349943161,0.75047,0.42103,0.82134,0.86914,0.833,0.88624,0.66919,0.74182,0.41271,0.81513,0.0005361188,0.0005361188,0.0005361188,,
yolo_yolov8m_20260715_101751,yolo,yolo_yolov8m_20260715_101751,yolov8m.pt,/root/autodl-fs/datasets/DAIR-V2X_YOLO/dairv2x.yaml,train,38,10627.889462471008,0.75363,0.42067,0.82231,0.8704,0.83427,0.89084,0.67468,0.73941,0.40984,0.81455,0.0005278721,0.0005278721,0.0005278721,,
yolo_yolov8m_20260715_101751,yolo,yolo_yolov8m_20260715_101751,yolov8m.pt,/root/autodl-fs/datasets/DAIR-V2X_YOLO/dairv2x.yaml,train,39,11342.100399255753,0.74735,0.41967,0.82162,0.86049,0.84198,0.89271,0.67641,0.73789,0.41142,0.81488,0.0005196254,0.0005196254,0.0005196254,,
yolo_yolov8m_20260715_101751,yolo,yolo_yolov8m_20260715_101751,yolov8m.pt,/root/autodl-fs/datasets/DAIR-V2X_YOLO/dairv2x.yaml,train,40,11606.767530441284,0.74569,0.41578,0.8209,0.86197,0.83845,0.88941,0.67293,0.73953,0.41091,0.81568,0.0005113787,0.0005113787,0.0005113787,,
yolo_yolov8m_20260715_101751,yolo,yolo_yolov8m_20260715_101751,yolov8m.pt,/root/autodl-fs/datasets/DAIR-V2X_YOLO/dairv2x.yaml,train,41,11747.586180448532,0.74672,0.41588,0.82311,0.86755,0.83194,0.88754,0.67467,0.74032,0.40809,0.8142,0.000503132,0.000503132,0.000503132,,
yolo_yolov8m_20260715_101751,yolo,yolo_yolov8m_20260715_101751,yolov8m.pt,/root/autodl-fs/datasets/DAIR-V2X_YOLO/dairv2x.yaml,train,42,11888.34163737297,0.74374,0.41363,0.82116,0.87504,0.82781,0.88839,0.67727,0.73513,0.408,0.81443,0.0004948853,0.0004948853,0.0004948853,,
yolo_yolov8m_20260715_101751,yolo,yolo_yolov8m_20260715_101751,yolov8m.pt,/root/autodl-fs/datasets/DAIR-V2X_YOLO/dairv2x.yaml,train,43,12107.41567993164,0.74032,0.41242,0.8215,0.86754,0.83887,0.89553,0.68647,0.72869,0.40323,0.81374,0.00048663860000000005,0.00048663860000000005,0.00048663860000000005,,
yolo_yolov8m_20260715_101751,yolo,yolo_yolov8m_20260715_101751,yolov8m.pt,/root/autodl-fs/datasets/DAIR-V2X_YOLO/dairv2x.yaml,train,44,12261.246229171753,0.74046,0.41183,0.82014,0.86656,0.84235,0.89198,0.6793,0.72978,0.40567,0.81319,0.00047839190000000003,0.00047839190000000003,0.00047839190000000003,,
yolo_yolov8m_20260715_101751,yolo,yolo_yolov8m_20260715_101751,yolov8m.pt,/root/autodl-fs/datasets/DAIR-V2X_YOLO/dairv2x.yaml,train,45,12401.892813920975,0.73483,0.40677,0.81916,0.87776,0.83235,0.89221,0.683,0.72526,0.39922,0.81351,0.0004701452,0.0004701452,0.0004701452,,
yolo_yolov8m_20260715_101751,yolo,yolo_yolov8m_20260715_101751,yolov8m.pt,/root/autodl-fs/datasets/DAIR-V2X_YOLO/dairv2x.yaml,train,46,12551.118980646133,0.73502,0.40608,0.81982,0.86541,0.8421,0.8928,0.68333,0.72818,0.40143,0.81282,0.0004618985,0.0004618985,0.0004618985,,
yolo_yolov8m_20260715_101751,yolo,yolo_yolov8m_20260715_101751,yolov8m.pt,/root/autodl-fs/datasets/DAIR-V2X_YOLO/dairv2x.yaml,train,47,12720.052676677704,0.73256,0.40568,0.81762,0.86401,0.84181,0.89273,0.68372,0.72696,0.40026,0.81325,0.00045365180000000007,0.00045365180000000007,0.00045365180000000007,,
yolo_yolov8m_20260715_101751,yolo,yolo_yolov8m_20260715_101751,yolov8m.pt,/root/autodl-fs/datasets/DAIR-V2X_YOLO/dairv2x.yaml,train,48,13002.30261683464,0.73051,0.40444,0.81889,0.86628,0.84219,0.89353,0.68346,0.72525,0.40015,0.81285,0.00044540510000000004,0.00044540510000000004,0.00044540510000000004,,
yolo_yolov8m_20260715_101751,yolo,yolo_yolov8m_20260715_101751,yolov8m.pt,/root/autodl-fs/datasets/DAIR-V2X_YOLO/dairv2x.yaml,train,49,13166.715049028397,0.73094,0.40377,0.81912,0.869,0.84491,0.89395,0.68513,0.72379,0.39766,0.81276,0.0004371584,0.0004371584,0.0004371584,,
yolo_yolov8m_20260715_101751,yolo,yolo_yolov8m_20260715_101751,yolov8m.pt,/root/autodl-fs/datasets/DAIR-V2X_YOLO/dairv2x.yaml,train,50,13374.189704656601,0.72725,0.40183,0.81847,0.87348,0.83367,0.89515,0.68392,0.72625,0.40133,0.81342,0.0004289117,0.0004289117,0.0004289117,,
yolo_yolov8m_20260715_101751,yolo,yolo_yolov8m_20260715_101751,yolov8m.pt,/root/autodl-fs/datasets/DAIR-V2X_YOLO/dairv2x.yaml,train,51,13560.720290660858,0.72941,0.40237,0.81844,0.86528,0.84333,0.89437,0.68193,0.72533,0.4011,0.81295,0.00042066499999999997,0.00042066499999999997,0.00042066499999999997,,
yolo_yolov8m_20260715_101751,yolo,yolo_yolov8m_20260715_101751,yolov8m.pt,/root/autodl-fs/datasets/DAIR-V2X_YOLO/dairv2x.yaml,train,52,13708.560524463654,0.72401,0.39793,0.81782,0.86875,0.84498,0.8949,0.68613,0.72128,0.39734,0.8117,0.00041241829999999995,0.00041241829999999995,0.00041241829999999995,,
yolo_yolov8m_20260715_101751,yolo,yolo_yolov8m_20260715_101751,yolov8m.pt,/root/autodl-fs/datasets/DAIR-V2X_YOLO/dairv2x.yaml,train,53,14326.773274898529,0.72235,0.39795,0.81668,0.86468,0.8484,0.89727,0.68659,0.72561,0.3968,0.8128,0.0004041716,0.0004041716,0.0004041716,,
yolo_yolov8m_20260715_101751,yolo,yolo_yolov8m_20260715_101751,yolov8m.pt,/root/autodl-fs/datasets/DAIR-V2X_YOLO/dairv2x.yaml,train,54,14780.554170846939,0.72511,0.39847,0.81852,0.86098,0.8432,0.89379,0.68225,0.72162,0.39632,0.81268,0.0003959249,0.0003959249,0.0003959249,,
yolo_yolov8m_20260715_101751,yolo,yolo_yolov8m_20260715_101751,yolov8m.pt,/root/autodl-fs/datasets/DAIR-V2X_YOLO/dairv2x.yaml,train,55,14951.225927114487,0.71952,0.39476,0.81652,0.86733,0.84342,0.8937,0.68564,0.71875,0.39386,0.8119,0.0003876782,0.0003876782,0.0003876782,,
yolo_yolov8m_20260715_101751,yolo,yolo_yolov8m_20260715_101751,yolov8m.pt,/root/autodl-fs/datasets/DAIR-V2X_YOLO/dairv2x.yaml,train,56,15092.175811290741,0.72078,0.39621,0.81753,0.86931,0.84506,0.89275,0.68193,0.72241,0.39577,0.81229,0.00037943149999999996,0.00037943149999999996,0.00037943149999999996,,
yolo_yolov8m_20260715_101751,yolo,yolo_yolov8m_20260715_101751,yolov8m.pt,/root/autodl-fs/datasets/DAIR-V2X_YOLO/dairv2x.yaml,train,57,15253.159951210022,0.71838,0.39162,0.81645,0.86825,0.85121,0.89531,0.68885,0.71684,0.3911,0.81148,0.00037118479999999994,0.00037118479999999994,0.00037118479999999994,,
yolo_yolov8m_20260715_101751,yolo,yolo_yolov8m_20260715_101751,yolov8m.pt,/root/autodl-fs/datasets/DAIR-V2X_YOLO/dairv2x.yaml,train,58,15398.856925964355,0.71226,0.38856,0.81578,0.86948,0.8475,0.89674,0.68663,0.71946,0.39467,0.81149,0.0003629381,0.0003629381,0.0003629381,,
yolo_yolov8m_20260715_101751,yolo,yolo_yolov8m_20260715_101751,yolov8m.pt,/root/autodl-fs/datasets/DAIR-V2X_YOLO/dairv2x.yaml,train,59,15660.800547122955,0.71394,0.3908,0.81585,0.86087,0.84815,0.89435,0.68533,0.71909,0.39529,0.8118,0.00035469140000000005,0.00035469140000000005,0.00035469140000000005,,
yolo_yolov8m_20260715_101751,yolo,yolo_yolov8m_20260715_101751,yolov8m.pt,/root/autodl-fs/datasets/DAIR-V2X_YOLO/dairv2x.yaml,train,60,15843.346623182297,0.7149,0.38935,0.81528,0.85985,0.85232,0.89295,0.68478,0.71549,0.39321,0.81114,0.00034644470000000003,0.00034644470000000003,0.00034644470000000003,,
yolo_yolov8m_20260715_101751,yolo,yolo_yolov8m_20260715_101751,yolov8m.pt,/root/autodl-fs/datasets/DAIR-V2X_YOLO/dairv2x.yaml,train,61,15986.959815740585,0.71076,0.38858,0.81521,0.87367,0.84289,0.89426,0.6876,0.71414,0.3915,0.81121,0.000338198,0.000338198,0.000338198,,
yolo_yolov8m_20260715_101751,yolo,yolo_yolov8m_20260715_101751,yolov8m.pt,/root/autodl-fs/datasets/DAIR-V2X_YOLO/dairv2x.yaml,train,62,16165.235888004303,0.71122,0.3883,0.81687,0.86361,0.84665,0.89126,0.68415,0.71663,0.39268,0.8114,0.0003299513,0.0003299513,0.0003299513,,
yolo_yolov8m_20260715_101751,yolo,yolo_yolov8m_20260715_101751,yolov8m.pt,/root/autodl-fs/datasets/DAIR-V2X_YOLO/dairv2x.yaml,train,63,16325.15507721901,0.70718,0.38536,0.81487,0.86741,0.8487,0.89306,0.68486,0.71791,0.39357,0.8116,0.00032170459999999996,0.00032170459999999996,0.00032170459999999996,,
yolo_yolov8m_20260715_101751,yolo,yolo_yolov8m_20260715_101751,yolov8m.pt,/root/autodl-fs/datasets/DAIR-V2X_YOLO/dairv2x.yaml,train,64,16499.49937272072,0.70868,0.38577,0.81441,0.86026,0.8494,0.89052,0.68507,0.71488,0.39405,0.81121,0.0003134579,0.0003134579,0.0003134579,,
yolo_yolov8m_20260715_101751,yolo,yolo_yolov8m_20260715_101751,yolov8m.pt,/root/autodl-fs/datasets/DAIR-V2X_YOLO/dairv2x.yaml,train,65,16689.979060411453,0.70543,0.38338,0.81542,0.86921,0.84575,0.89216,0.68455,0.71764,0.39357,0.81137,0.0003052112,0.0003052112,0.0003052112,,
yolo_yolov8m_20260715_101751,yolo,yolo_yolov8m_20260715_101751,yolov8m.pt,/root/autodl-fs/datasets/DAIR-V2X_YOLO/dairv2x.yaml,train,66,16834.768777132034,0.70495,0.38372,0.81474,0.86298,0.84743,0.89343,0.68509,0.7153,0.39378,0.8113,0.0002969645,0.0002969645,0.0002969645,,
yolo_yolov8m_20260715_101751,yolo,yolo_yolov8m_20260715_101751,yolov8m.pt,/root/autodl-fs/datasets/DAIR-V2X_YOLO/dairv2x.yaml,train,67,16976.005096912384,0.7027,0.38006,0.81367,0.86793,0.84577,0.89434,0.68832,0.71403,0.38898,0.81122,0.00028871779999999997,0.00028871779999999997,0.00028871779999999997,,
yolo_yolov8m_20260715_101751,yolo,yolo_yolov8m_20260715_101751,yolov8m.pt,/root/autodl-fs/datasets/DAIR-V2X_YOLO/dairv2x.yaml,train,68,17140.044001817703,0.70012,0.37942,0.81355,0.87031,0.8461,0.8946,0.68856,0.71342,0.38797,0.81072,0.00028047109999999994,0.00028047109999999994,0.00028047109999999994,,
yolo_yolov8m_20260715_101751,yolo,yolo_yolov8m_20260715_101751,yolov8m.pt,/root/autodl-fs/datasets/DAIR-V2X_YOLO/dairv2x.yaml,train,69,17308.968700170517,0.70133,0.3794,0.8131,0.86719,0.84847,0.89544,0.69128,0.71412,0.38883,0.8108,0.0002722244,0.0002722244,0.0002722244,,
yolo_yolov8m_20260715_101751,yolo,yolo_yolov8m_20260715_101751,yolov8m.pt,/root/autodl-fs/datasets/DAIR-V2X_YOLO/dairv2x.yaml,train,70,17501.25980567932,0.69718,0.37633,0.81228,0.87071,0.84414,0.89528,0.68979,0.71308,0.38759,0.81071,0.00026397770000000006,0.00026397770000000006,0.00026397770000000006,,
yolo_yolov8m_20260715_101751,yolo,yolo_yolov8m_20260715_101751,yolov8m.pt,/root/autodl-fs/datasets/DAIR-V2X_YOLO/dairv2x.yaml,train,71,17645.02050304413,0.69891,0.37808,0.81316,0.86474,0.85413,0.89321,0.68756,0.71235,0.38859,0.81066,0.00025573100000000004,0.00025573100000000004,0.00025573100000000004,,
yolo_yolov8m_20260715_101751,yolo,yolo_yolov8m_20260715_101751,yolov8m.pt,/root/autodl-fs/datasets/DAIR-V2X_YOLO/dairv2x.yaml,train,72,17812.14964532852,0.69581,0.37475,0.81317,0.85958,0.85583,0.89382,0.68922,0.71295,0.38708,0.81129,0.0002474843,0.0002474843,0.0002474843,,
yolo_yolov8m_20260715_101751,yolo,yolo_yolov8m_20260715_101751,yolov8m.pt,/root/autodl-fs/datasets/DAIR-V2X_YOLO/dairv2x.yaml,train,73,17964.649410247803,0.69131,0.37172,0.81218,0.87306,0.8451,0.89634,0.6921,0.70838,0.38552,0.81052,0.0002392376,0.0002392376,0.0002392376,,
yolo_yolov8m_20260715_101751,yolo,yolo_yolov8m_20260715_101751,yolov8m.pt,/root/autodl-fs/datasets/DAIR-V2X_YOLO/dairv2x.yaml,train,74,18497.5499625206,0.69262,0.37381,0.81178,0.87479,0.84406,0.89926,0.69323,0.7091,0.38654,0.80995,0.00023099090000000002,0.00023099090000000002,0.00023099090000000002,,
yolo_yolov8m_20260715_101751,yolo,yolo_yolov8m_20260715_101751,yolov8m.pt,/root/autodl-fs/datasets/DAIR-V2X_YOLO/dairv2x.yaml,train,75,18838.41571187973,0.69021,0.37036,0.81135,0.86676,0.84726,0.89523,0.69164,0.70882,0.38655,0.80992,0.00022274420000000002,0.00022274420000000002,0.00022274420000000002,,
yolo_yolov8m_20260715_101751,yolo,yolo_yolov8m_20260715_101751,yolov8m.pt,/root/autodl-fs/datasets/DAIR-V2X_YOLO/dairv2x.yaml,train,76,19490.97912979126,0.68902,0.36926,0.81181,0.86324,0.84911,0.89605,0.69205,0.7083,0.38702,0.81018,0.0002144975,0.0002144975,0.0002144975,,
yolo_yolov8m_20260715_101751,yolo,yolo_yolov8m_20260715_101751,yolov8m.pt,/root/autodl-fs/datasets/DAIR-V2X_YOLO/dairv2x.yaml,train,77,19626.139012813568,0.68635,0.37011,0.81148,0.86556,0.84841,0.89625,0.69019,0.70902,0.38669,0.81043,0.00020625079999999997,0.00020625079999999997,0.00020625079999999997,,
yolo_yolov8m_20260715_101751,yolo,yolo_yolov8m_20260715_101751,yolov8m.pt,/root/autodl-fs/datasets/DAIR-V2X_YOLO/dairv2x.yaml,train,78,19814.78777241707,0.68499,0.36819,0.8113,0.8715,0.84563,0.89247,0.69105,0.70845,0.38675,0.80994,0.00019800409999999998,0.00019800409999999998,0.00019800409999999998,,
yolo_yolov8m_20260715_101751,yolo,yolo_yolov8m_20260715_101751,yolov8m.pt,/root/autodl-fs/datasets/DAIR-V2X_YOLO/dairv2x.yaml,train,79,19950.344684123993,0.68201,0.36577,0.81014,0.87638,0.84107,0.8947,0.69092,0.70675,0.38616,0.80992,0.00018975739999999998,0.00018975739999999998,0.00018975739999999998,,
yolo_yolov8m_20260715_101751,yolo,yolo_yolov8m_20260715_101751,yolov8m.pt,/root/autodl-fs/datasets/DAIR-V2X_YOLO/dairv2x.yaml,train,80,20202.659898996353,0.68423,0.36655,0.81027,0.87209,0.84531,0.89285,0.69098,0.70669,0.38593,0.80998,0.00018151069999999998,0.00018151069999999998,0.00018151069999999998,,
yolo_yolov8m_20260715_101751,yolo,yolo_yolov8m_20260715_101751,yolov8m.pt,/root/autodl-fs/datasets/DAIR-V2X_YOLO/dairv2x.yaml,train,81,20406.24422311783,0.68129,0.36402,0.81023,0.86973,0.85079,0.89142,0.69062,0.70611,0.3858,0.81018,0.00017326399999999996,0.00017326399999999996,0.00017326399999999996,,
yolo_yolov8m_20260715_101751,yolo,yolo_yolov8m_20260715_101751,yolov8m.pt,/root/autodl-fs/datasets/DAIR-V2X_YOLO/dairv2x.yaml,train,82,20556.738599061966,0.67746,0.36256,0.81062,0.86947,0.84994,0.89362,0.69046,0.70762,0.38543,0.81057,0.00016501729999999994,0.00016501729999999994,0.00016501729999999994,,
yolo_yolov8m_20260715_101751,yolo,yolo_yolov8m_20260715_101751,yolov8m.pt,/root/autodl-fs/datasets/DAIR-V2X_YOLO/dairv2x.yaml,train,83,21216.628921747208,0.67869,0.36205,0.81087,0.86647,0.85116,0.89271,0.69121,0.70708,0.38683,0.81062,0.00015677060000000005,0.00015677060000000005,0.00015677060000000005,,
yolo_yolov8m_20260715_101751,yolo,yolo_yolov8m_20260715_101751,yolov8m.pt,/root/autodl-fs/datasets/DAIR-V2X_YOLO/dairv2x.yaml,train,84,21382.791160583496,0.67687,0.36113,0.80998,0.8662,0.85041,0.89133,0.68947,0.70659,0.38584,0.8101,0.00014852390000000002,0.00014852390000000002,0.00014852390000000002,,
yolo_yolov8m_20260715_101751,yolo,yolo_yolov8m_20260715_101751,yolov8m.pt,/root/autodl-fs/datasets/DAIR-V2X_YOLO/dairv2x.yaml,train,85,21524.839163064957,0.67517,0.35992,0.80967,0.86523,0.84994,0.89308,0.69074,0.70642,0.38653,0.81008,0.00014027720000000003,0.00014027720000000003,0.00014027720000000003,,
yolo_yolov8m_20260715_101751,yolo,yolo_yolov8m_20260715_101751,yolov8m.pt,/root/autodl-fs/datasets/DAIR-V2X_YOLO/dairv2x.yaml,train,86,21659.395663022995,0.67497,0.35795,0.80927,0.87054,0.85041,0.89339,0.69156,0.70574,0.38506,0.81053,0.00013203050000000003,0.00013203050000000003,0.00013203050000000003,,
yolo_yolov8m_20260715_101751,yolo,yolo_yolov8m_20260715_101751,yolov8m.pt,/root/autodl-fs/datasets/DAIR-V2X_YOLO/dairv2x.yaml,train,87,21817.582555770874,0.67383,0.35799,0.80989,0.86471,0.85454,0.8926,0.69059,0.70557,0.38516,0.81042,0.0001237838,0.0001237838,0.0001237838,,
yolo_yolov8m_20260715_101751,yolo,yolo_yolov8m_20260715_101751,yolov8m.pt,/root/autodl-fs/datasets/DAIR-V2X_YOLO/dairv2x.yaml,train,88,21953.246826171875,0.67046,0.35594,0.80971,0.86468,0.85298,0.89108,0.69032,0.70561,0.38574,0.81036,0.00011553710000000001,0.00011553710000000001,0.00011553710000000001,,
yolo_yolov8m_20260715_101751,yolo,yolo_yolov8m_20260715_101751,yolov8m.pt,/root/autodl-fs/datasets/DAIR-V2X_YOLO/dairv2x.yaml,train,89,22091.753230571747,0.66855,0.35556,0.81005,0.86487,0.8542,0.89242,0.68993,0.70469,0.38388,0.81008,0.0001072904,0.0001072904,0.0001072904,,
yolo_yolov8m_20260715_101751,yolo,yolo_yolov8m_20260715_101751,yolov8m.pt,/root/autodl-fs/datasets/DAIR-V2X_YOLO/dairv2x.yaml,train,90,22389.378913640976,0.66914,0.35422,0.80935,0.86336,0.85222,0.89032,0.68756,0.70446,0.38394,0.80986,9.904369999999997e-05,9.904369999999997e-05,9.904369999999997e-05,,
yolo_yolov8m_20260715_101751,yolo,yolo_yolov8m_20260715_101751,yolov8m.pt,/root/autodl-fs/datasets/DAIR-V2X_YOLO/dairv2x.yaml,train,91,22519.248607635498,0.64983,0.34444,0.8046,0.863,0.85,0.88871,0.68614,0.70996,0.38787,0.81067,9.079699999999998e-05,9.079699999999998e-05,9.079699999999998e-05,,
yolo_yolov8m_20260715_101751,yolo,yolo_yolov8m_20260715_101751,yolov8m.pt,/root/autodl-fs/datasets/DAIR-V2X_YOLO/dairv2x.yaml,train,92,22648.62760734558,0.64829,0.34301,0.80374,0.86151,0.85176,0.88782,0.6866,0.7098,0.38814,0.8106,8.255029999999997e-05,8.255029999999997e-05,8.255029999999997e-05,,
yolo_yolov8m_20260715_101751,yolo,yolo_yolov8m_20260715_101751,yolov8m.pt,/root/autodl-fs/datasets/DAIR-V2X_YOLO/dairv2x.yaml,train,93,22777.422827720642,0.64386,0.3404,0.804,0.86037,0.85297,0.8874,0.68593,0.70863,0.38791,0.81048,7.430359999999997e-05,7.430359999999997e-05,7.430359999999997e-05,,
yolo_yolov8m_20260715_101751,yolo,yolo_yolov8m_20260715_101751,yolov8m.pt,/root/autodl-fs/datasets/DAIR-V2X_YOLO/dairv2x.yaml,train,94,22906.128217458725,0.64228,0.33922,0.80444,0.86563,0.85077,0.88822,0.68675,0.70789,0.38801,0.81003,6.605689999999995e-05,6.605689999999995e-05,6.605689999999995e-05,,
yolo_yolov8m_20260715_101751,yolo,yolo_yolov8m_20260715_101751,yolov8m.pt,/root/autodl-fs/datasets/DAIR-V2X_YOLO/dairv2x.yaml,train,95,23034.91948246956,0.64022,0.3372,0.80268,0.8661,0.84692,0.88826,0.68812,0.70716,0.38847,0.8102,5.781020000000004e-05,5.781020000000004e-05,5.781020000000004e-05,,
yolo_yolov8m_20260715_101751,yolo,yolo_yolov8m_20260715_101751,yolov8m.pt,/root/autodl-fs/datasets/DAIR-V2X_YOLO/dairv2x.yaml,train,96,23165.181802511215,0.63811,0.33549,0.80354,0.86535,0.8502,0.88893,0.68896,0.70714,0.38902,0.8102,4.9563500000000035e-05,4.9563500000000035e-05,4.9563500000000035e-05,,
yolo_yolov8m_20260715_101751,yolo,yolo_yolov8m_20260715_101751,yolov8m.pt,/root/autodl-fs/datasets/DAIR-V2X_YOLO/dairv2x.yaml,train,97,23295.654884576797,0.6363,0.33396,0.8026,0.86475,0.84999,0.88816,0.68808,0.70681,0.3894,0.81005,4.131680000000003e-05,4.131680000000003e-05,4.131680000000003e-05,,
yolo_yolov8m_20260715_101751,yolo,yolo_yolov8m_20260715_101751,yolov8m.pt,/root/autodl-fs/datasets/DAIR-V2X_YOLO/dairv2x.yaml,train,98,23426.66803264618,0.63558,0.33377,0.80204,0.8636,0.8523,0.88954,0.68894,0.70699,0.38911,0.81026,3.307010000000002e-05,3.307010000000002e-05,3.307010000000002e-05,,
yolo_yolov8m_20260715_101751,yolo,yolo_yolov8m_20260715_101751,yolov8m.pt,/root/autodl-fs/datasets/DAIR-V2X_YOLO/dairv2x.yaml,train,99,23556.778324842453,0.63249,0.33173,0.80205,0.865,0.85194,0.88898,0.6894,0.7062,0.38811,0.81013,2.4823400000000017e-05,2.4823400000000017e-05,2.4823400000000017e-05,,
yolo_yolov8m_20260715_101751,yolo,yolo_yolov8m_20260715_101751,yolov8m.pt,/root/autodl-fs/datasets/DAIR-V2X_YOLO/dairv2x.yaml,train,100,23689.411156654358,0.63278,0.33119,0.8024,0.86592,0.85068,0.88897,0.68916,0.70523,0.3882,0.80996,1.6576700000000007e-05,1.6576700000000007e-05,1.6576700000000007e-05,,
yolo_yolov8n_20260715_204739,yolo,yolo_yolov8n_20260715_204739,yolov8n.pt,/root/autodl-fs/datasets/DAIR-V2X_YOLO/dairv2x.yaml,train,1,60.91229557991028,1.46308,1.73317,0.96242,0.66323,0.56605,0.59285,0.3536,1.19476,0.8678,0.89054,0.0002767879746835443,0.0002767879746835443,0.0002767879746835443,,
yolo_yolov8n_20260715_204739,yolo,yolo_yolov8n_20260715_204739,yolov8n.pt,/root/autodl-fs/datasets/DAIR-V2X_YOLO/dairv2x.yaml,train,2,114.70259189605713,1.22009,0.90525,0.89941,0.73882,0.64691,0.69535,0.42991,1.11406,0.76995,0.87122,0.0005489655404008439,0.0005489655404008439,0.0005489655404008439,,
yolo_yolov8n_20260715_204739,yolo,yolo_yolov8n_20260715_204739,yolov8n.pt,/root/autodl-fs/datasets/DAIR-V2X_YOLO/dairv2x.yaml,train,3,166.55997776985168,1.16436,0.817,0.88597,0.75907,0.66722,0.72311,0.4655,1.06936,0.70123,0.86463,0.0008156453061181434,0.0008156453061181434,0.0008156453061181434,,
yolo_yolov8n_20260715_204739,yolo,yolo_yolov8n_20260715_204739,yolov8n.pt,/root/autodl-fs/datasets/DAIR-V2X_YOLO/dairv2x.yaml,train,4,217.85085582733154,1.12764,0.76637,0.87802,0.79811,0.682,0.75478,0.48883,1.04318,0.66879,0.85769,0.0008082599,0.0008082599,0.0008082599,,
yolo_yolov8n_20260715_204739,yolo,yolo_yolov8n_20260715_204739,yolov8n.pt,/root/autodl-fs/datasets/DAIR-V2X_YOLO/dairv2x.yaml,train,5,268.84134888648987,1.09534,0.72676,0.87354,0.78959,0.70324,0.7682,0.50288,1.01696,0.64362,0.85354,0.0008000131999999999,0.0008000131999999999,0.0008000131999999999,,
yolo_yolov8n_20260715_204739,yolo,yolo_yolov8n_20260715_204739,yolov8n.pt,/root/autodl-fs/datasets/DAIR-V2X_YOLO/dairv2x.yaml,train,6,319.6710443496704,1.07531,0.69829,0.86844,0.81082,0.70324,0.78313,0.51558,0.99365,0.62109,0.85044,0.0007917665,0.0007917665,0.0007917665,,
yolo_yolov8n_20260715_204739,yolo,yolo_yolov8n_20260715_204739,yolov8n.pt,/root/autodl-fs/datasets/DAIR-V2X_YOLO/dairv2x.yaml,train,7,371.29336428642273,1.06515,0.68078,0.86612,0.80861,0.71544,0.78582,0.52333,0.98538,0.61217,0.84882,0.0007835197999999999,0.0007835197999999999,0.0007835197999999999,,
yolo_yolov8n_20260715_204739,yolo,yolo_yolov8n_20260715_204739,yolov8n.pt,/root/autodl-fs/datasets/DAIR-V2X_YOLO/dairv2x.yaml,train,8,422.26495480537415,1.04695,0.66629,0.86386,0.80264,0.72298,0.78709,0.52952,0.97139,0.61145,0.848,0.0007752731,0.0007752731,0.0007752731,,
yolo_yolov8n_20260715_204739,yolo,yolo_yolov8n_20260715_204739,yolov8n.pt,/root/autodl-fs/datasets/DAIR-V2X_YOLO/dairv2x.yaml,train,9,473.4035789966583,1.03184,0.65098,0.86064,0.82187,0.72305,0.79765,0.53556,0.9705,0.59242,0.84746,0.0007670264,0.0007670264,0.0007670264,,
yolo_yolov8n_20260715_204739,yolo,yolo_yolov8n_20260715_204739,yolov8n.pt,/root/autodl-fs/datasets/DAIR-V2X_YOLO/dairv2x.yaml,train,10,525.6577944755554,1.02259,0.64059,0.85999,0.79646,0.73965,0.79895,0.53065,0.96455,0.59033,0.84487,0.0007587797,0.0007587797,0.0007587797,,
yolo_yolov8n_20260715_204739,yolo,yolo_yolov8n_20260715_204739,yolov8n.pt,/root/autodl-fs/datasets/DAIR-V2X_YOLO/dairv2x.yaml,train,11,577.1556105613708,1.02016,0.63356,0.85867,0.82001,0.7306,0.8001,0.53856,0.96118,0.57095,0.84654,0.000750533,0.000750533,0.000750533,,
yolo_yolov8n_20260715_204739,yolo,yolo_yolov8n_20260715_204739,yolov8n.pt,/root/autodl-fs/datasets/DAIR-V2X_YOLO/dairv2x.yaml,train,12,628.7897615432739,1.00412,0.61823,0.85559,0.83509,0.72485,0.80441,0.54036,0.95203,0.57528,0.84356,0.0007422863,0.0007422863,0.0007422863,,
yolo_yolov8n_20260715_204739,yolo,yolo_yolov8n_20260715_204739,yolov8n.pt,/root/autodl-fs/datasets/DAIR-V2X_YOLO/dairv2x.yaml,train,13,679.820554971695,0.99704,0.61417,0.85474,0.8154,0.73781,0.8067,0.54268,0.95409,0.5744,0.84351,0.0007340396,0.0007340396,0.0007340396,,
yolo_yolov8n_20260715_204739,yolo,yolo_yolov8n_20260715_204739,yolov8n.pt,/root/autodl-fs/datasets/DAIR-V2X_YOLO/dairv2x.yaml,train,14,731.5282096862793,0.99408,0.60784,0.8537,0.81278,0.74593,0.80928,0.55371,0.93104,0.55605,0.83903,0.0007257928999999999,0.0007257928999999999,0.0007257928999999999,,
yolo_yolov8n_20260715_204739,yolo,yolo_yolov8n_20260715_204739,yolov8n.pt,/root/autodl-fs/datasets/DAIR-V2X_YOLO/dairv2x.yaml,train,15,783.7270562648773,0.98868,0.60377,0.85124,0.81712,0.74175,0.81067,0.55439,0.91886,0.55892,0.83925,0.0007175462,0.0007175462,0.0007175462,,
yolo_yolov8n_20260715_204739,yolo,yolo_yolov8n_20260715_204739,yolov8n.pt,/root/autodl-fs/datasets/DAIR-V2X_YOLO/dairv2x.yaml,train,16,834.9521608352661,0.98202,0.59538,0.85252,0.83357,0.74964,0.81828,0.56474,0.91413,0.54833,0.83714,0.0007092995,0.0007092995,0.0007092995,,
yolo_yolov8n_20260715_204739,yolo,yolo_yolov8n_20260715_204739,yolov8n.pt,/root/autodl-fs/datasets/DAIR-V2X_YOLO/dairv2x.yaml,train,17,886.3902876377106,0.97057,0.58874,0.84962,0.81975,0.75903,0.82237,0.56668,0.91608,0.54217,0.83627,0.0007010528,0.0007010528,0.0007010528,,
yolo_yolov8n_20260715_204739,yolo,yolo_yolov8n_20260715_204739,yolov8n.pt,/root/autodl-fs/datasets/DAIR-V2X_YOLO/dairv2x.yaml,train,18,937.6951267719269,0.97463,0.58896,0.85049,0.83104,0.75437,0.8235,0.56986,0.91117,0.54055,0.83605,0.0006928061,0.0006928061,0.0006928061,,
yolo_yolov8n_20260715_204739,yolo,yolo_yolov8n_20260715_204739,yolov8n.pt,/root/autodl-fs/datasets/DAIR-V2X_YOLO/dairv2x.yaml,train,19,989.3218212127686,0.96501,0.58418,0.84912,0.84123,0.75415,0.82772,0.56991,0.91119,0.54272,0.83629,0.0006845594000000001,0.0006845594000000001,0.0006845594000000001,,
yolo_yolov8n_20260715_204739,yolo,yolo_yolov8n_20260715_204739,yolov8n.pt,/root/autodl-fs/datasets/DAIR-V2X_YOLO/dairv2x.yaml,train,20,1040.7776460647583,0.96102,0.57855,0.84807,0.83107,0.75486,0.82061,0.5655,0.90472,0.54321,0.83455,0.0006763127,0.0006763127,0.0006763127,,
yolo_yolov8n_20260715_204739,yolo,yolo_yolov8n_20260715_204739,yolov8n.pt,/root/autodl-fs/datasets/DAIR-V2X_YOLO/dairv2x.yaml,train,21,1092.0415680408478,0.95935,0.57803,0.84691,0.83173,0.75797,0.8265,0.56932,0.90623,0.5445,0.83432,0.000668066,0.000668066,0.000668066,,
yolo_yolov8n_20260715_204739,yolo,yolo_yolov8n_20260715_204739,yolov8n.pt,/root/autodl-fs/datasets/DAIR-V2X_YOLO/dairv2x.yaml,train,22,1143.4025056362152,0.9522,0.57166,0.84607,0.83735,0.76854,0.8354,0.57917,0.89604,0.52815,0.8342,0.0006598193,0.0006598193,0.0006598193,,
yolo_yolov8n_20260715_204739,yolo,yolo_yolov8n_20260715_204739,yolov8n.pt,/root/autodl-fs/datasets/DAIR-V2X_YOLO/dairv2x.yaml,train,23,1194.8288145065308,0.9525,0.56982,0.8458,0.82969,0.75187,0.82206,0.56569,0.91202,0.54611,0.83565,0.0006515726,0.0006515726,0.0006515726,,
yolo_yolov8n_20260715_204739,yolo,yolo_yolov8n_20260715_204739,yolov8n.pt,/root/autodl-fs/datasets/DAIR-V2X_YOLO/dairv2x.yaml,train,24,1246.5787613391876,0.94626,0.56741,0.84617,0.82765,0.7583,0.82896,0.57498,0.89604,0.53713,0.83424,0.0006433259,0.0006433259,0.0006433259,,
yolo_yolov8n_20260715_204739,yolo,yolo_yolov8n_20260715_204739,yolov8n.pt,/root/autodl-fs/datasets/DAIR-V2X_YOLO/dairv2x.yaml,train,25,1297.1612265110016,0.94304,0.564,0.84493,0.8334,0.76772,0.83299,0.58189,0.88797,0.52616,0.83154,0.0006350791999999999,0.0006350791999999999,0.0006350791999999999,,
yolo_yolov8n_20260715_204739,yolo,yolo_yolov8n_20260715_204739,yolov8n.pt,/root/autodl-fs/datasets/DAIR-V2X_YOLO/dairv2x.yaml,train,26,1348.11190867424,0.93874,0.55946,0.84404,0.83236,0.75472,0.82321,0.57491,0.90115,0.53631,0.83254,0.0006268325,0.0006268325,0.0006268325,,
yolo_yolov8n_20260715_204739,yolo,yolo_yolov8n_20260715_204739,yolov8n.pt,/root/autodl-fs/datasets/DAIR-V2X_YOLO/dairv2x.yaml,train,27,1400.2995133399963,0.94195,0.5604,0.84375,0.83839,0.76585,0.83139,0.58157,0.88443,0.52495,0.83165,0.0006185858,0.0006185858,0.0006185858,,
yolo_yolov8n_20260715_204739,yolo,yolo_yolov8n_20260715_204739,yolov8n.pt,/root/autodl-fs/datasets/DAIR-V2X_YOLO/dairv2x.yaml,train,28,1451.6927633285522,0.94007,0.56022,0.84466,0.8283,0.77117,0.83465,0.58176,0.8858,0.52499,0.83193,0.0006103391,0.0006103391,0.0006103391,,
yolo_yolov8n_20260715_204739,yolo,yolo_yolov8n_20260715_204739,yolov8n.pt,/root/autodl-fs/datasets/DAIR-V2X_YOLO/dairv2x.yaml,train,29,1502.2968866825104,0.93389,0.5576,0.84309,0.83523,0.76175,0.83263,0.58026,0.88398,0.5274,0.83152,0.0006020924,0.0006020924,0.0006020924,,
yolo_yolov8n_20260715_204739,yolo,yolo_yolov8n_20260715_204739,yolov8n.pt,/root/autodl-fs/datasets/DAIR-V2X_YOLO/dairv2x.yaml,train,30,1552.767364025116,0.92773,0.55108,0.84193,0.83778,0.76577,0.83778,0.588,0.87471,0.51743,0.82975,0.0005938457,0.0005938457,0.0005938457,,
yolo_yolov8n_20260715_204739,yolo,yolo_yolov8n_20260715_204739,yolov8n.pt,/root/autodl-fs/datasets/DAIR-V2X_YOLO/dairv2x.yaml,train,31,1604.5222318172455,0.92985,0.55081,0.84202,0.83725,0.76772,0.83795,0.5916,0.87356,0.51335,0.83018,0.0005855989999999999,0.0005855989999999999,0.0005855989999999999,,
yolo_yolov8n_20260715_204739,yolo,yolo_yolov8n_20260715_204739,yolov8n.pt,/root/autodl-fs/datasets/DAIR-V2X_YOLO/dairv2x.yaml,train,32,1655.798763036728,0.92309,0.54787,0.84119,0.82885,0.77453,0.83637,0.58838,0.87972,0.51985,0.82936,0.0005773522999999999,0.0005773522999999999,0.0005773522999999999,,
yolo_yolov8n_20260715_204739,yolo,yolo_yolov8n_20260715_204739,yolov8n.pt,/root/autodl-fs/datasets/DAIR-V2X_YOLO/dairv2x.yaml,train,33,1707.0547761917114,0.92087,0.54706,0.84114,0.84251,0.77565,0.84398,0.59374,0.87171,0.51232,0.82963,0.0005691056,0.0005691056,0.0005691056,,
yolo_yolov8n_20260715_204739,yolo,yolo_yolov8n_20260715_204739,yolov8n.pt,/root/autodl-fs/datasets/DAIR-V2X_YOLO/dairv2x.yaml,train,34,1758.4539258480072,0.91758,0.54513,0.8408,0.84831,0.77053,0.83963,0.59263,0.86835,0.51095,0.82824,0.0005608588999999999,0.0005608588999999999,0.0005608588999999999,,
yolo_yolov8n_20260715_204739,yolo,yolo_yolov8n_20260715_204739,yolov8n.pt,/root/autodl-fs/datasets/DAIR-V2X_YOLO/dairv2x.yaml,train,35,1809.716590642929,0.91377,0.54028,0.83998,0.84486,0.77071,0.84123,0.59341,0.87088,0.51048,0.82889,0.0005526121999999999,0.0005526121999999999,0.0005526121999999999,,
yolo_yolov8n_20260715_204739,yolo,yolo_yolov8n_20260715_204739,yolov8n.pt,/root/autodl-fs/datasets/DAIR-V2X_YOLO/dairv2x.yaml,train,36,1861.3425993919373,0.91337,0.53836,0.83947,0.84942,0.77385,0.84663,0.59828,0.86961,0.50578,0.8281,0.0005443655,0.0005443655,0.0005443655,,
yolo_yolov8n_20260715_204739,yolo,yolo_yolov8n_20260715_204739,yolov8n.pt,/root/autodl-fs/datasets/DAIR-V2X_YOLO/dairv2x.yaml,train,37,1912.4788029193878,0.9128,0.53854,0.83903,0.8307,0.77922,0.84284,0.59533,0.86157,0.505,0.82822,0.0005361188,0.0005361188,0.0005361188,,
yolo_yolov8n_20260715_204739,yolo,yolo_yolov8n_20260715_204739,yolov8n.pt,/root/autodl-fs/datasets/DAIR-V2X_YOLO/dairv2x.yaml,train,38,1963.5976440906525,0.91278,0.53746,0.83934,0.84203,0.7756,0.84454,0.59481,0.86621,0.50632,0.82865,0.0005278721,0.0005278721,0.0005278721,,
yolo_yolov8n_20260715_204739,yolo,yolo_yolov8n_20260715_204739,yolov8n.pt,/root/autodl-fs/datasets/DAIR-V2X_YOLO/dairv2x.yaml,train,39,2014.8039116859436,0.90685,0.53592,0.8384,0.84531,0.77418,0.84283,0.597,0.86282,0.50506,0.82793,0.0005196254,0.0005196254,0.0005196254,,
yolo_yolov8n_20260715_204739,yolo,yolo_yolov8n_20260715_204739,yolov8n.pt,/root/autodl-fs/datasets/DAIR-V2X_YOLO/dairv2x.yaml,train,40,2066.0281286239624,0.90907,0.53583,0.83791,0.84101,0.77052,0.84416,0.59692,0.85645,0.50004,0.82666,0.0005113787,0.0005113787,0.0005113787,,
yolo_yolov8n_20260715_204739,yolo,yolo_yolov8n_20260715_204739,yolov8n.pt,/root/autodl-fs/datasets/DAIR-V2X_YOLO/dairv2x.yaml,train,41,2117.269002199173,0.90489,0.53203,0.83893,0.84751,0.77439,0.84428,0.60095,0.85322,0.49792,0.82659,0.000503132,0.000503132,0.000503132,,
yolo_yolov8n_20260715_204739,yolo,yolo_yolov8n_20260715_204739,yolov8n.pt,/root/autodl-fs/datasets/DAIR-V2X_YOLO/dairv2x.yaml,train,42,2168.2474710941315,0.90512,0.53175,0.83781,0.83672,0.78411,0.84355,0.59726,0.85339,0.50067,0.82582,0.0004948853,0.0004948853,0.0004948853,,
yolo_yolov8n_20260715_204739,yolo,yolo_yolov8n_20260715_204739,yolov8n.pt,/root/autodl-fs/datasets/DAIR-V2X_YOLO/dairv2x.yaml,train,43,2220.688106060028,0.89983,0.52797,0.8374,0.84215,0.7828,0.8479,0.6022,0.85057,0.4983,0.82582,0.00048663860000000005,0.00048663860000000005,0.00048663860000000005,,
yolo_yolov8n_20260715_204739,yolo,yolo_yolov8n_20260715_204739,yolov8n.pt,/root/autodl-fs/datasets/DAIR-V2X_YOLO/dairv2x.yaml,train,44,2271.9391453266144,0.90233,0.52927,0.83674,0.83565,0.78243,0.8477,0.59956,0.85598,0.49657,0.82624,0.00047839190000000003,0.00047839190000000003,0.00047839190000000003,,
yolo_yolov8n_20260715_204739,yolo,yolo_yolov8n_20260715_204739,yolov8n.pt,/root/autodl-fs/datasets/DAIR-V2X_YOLO/dairv2x.yaml,train,45,2322.7984223365784,0.89575,0.5267,0.83601,0.84236,0.78451,0.84435,0.59912,0.85213,0.49559,0.82583,0.0004701452,0.0004701452,0.0004701452,,
yolo_yolov8n_20260715_204739,yolo,yolo_yolov8n_20260715_204739,yolov8n.pt,/root/autodl-fs/datasets/DAIR-V2X_YOLO/dairv2x.yaml,train,46,2373.7841868400574,0.89536,0.5254,0.83686,0.84571,0.77915,0.84687,0.60271,0.852,0.49558,0.82501,0.0004618985,0.0004618985,0.0004618985,,
yolo_yolov8n_20260715_204739,yolo,yolo_yolov8n_20260715_204739,yolov8n.pt,/root/autodl-fs/datasets/DAIR-V2X_YOLO/dairv2x.yaml,train,47,2424.9435262680054,0.89346,0.52302,0.83538,0.83723,0.78385,0.84911,0.60414,0.84858,0.49483,0.82524,0.00045365180000000007,0.00045365180000000007,0.00045365180000000007,,
yolo_yolov8n_20260715_204739,yolo,yolo_yolov8n_20260715_204739,yolov8n.pt,/root/autodl-fs/datasets/DAIR-V2X_YOLO/dairv2x.yaml,train,48,2476.621603012085,0.8942,0.5241,0.83703,0.82722,0.79471,0.8451,0.60145,0.84687,0.49375,0.82528,0.00044540510000000004,0.00044540510000000004,0.00044540510000000004,,
yolo_yolov8n_20260715_204739,yolo,yolo_yolov8n_20260715_204739,yolov8n.pt,/root/autodl-fs/datasets/DAIR-V2X_YOLO/dairv2x.yaml,train,49,2527.9911653995514,0.89143,0.5213,0.83599,0.83502,0.78735,0.8484,0.60444,0.8483,0.4912,0.82531,0.0004371584,0.0004371584,0.0004371584,,
yolo_yolov8n_20260715_204739,yolo,yolo_yolov8n_20260715_204739,yolov8n.pt,/root/autodl-fs/datasets/DAIR-V2X_YOLO/dairv2x.yaml,train,50,2579.590809106827,0.89014,0.52051,0.83579,0.84933,0.78396,0.85119,0.60894,0.84525,0.4924,0.82492,0.0004289117,0.0004289117,0.0004289117,,
yolo_yolov8n_20260715_204739,yolo,yolo_yolov8n_20260715_204739,yolov8n.pt,/root/autodl-fs/datasets/DAIR-V2X_YOLO/dairv2x.yaml,train,51,2631.4517772197723,0.88881,0.51835,0.83493,0.85496,0.77921,0.85347,0.6096,0.84385,0.48902,0.82472,0.00042066499999999997,0.00042066499999999997,0.00042066499999999997,,
yolo_yolov8n_20260715_204739,yolo,yolo_yolov8n_20260715_204739,yolov8n.pt,/root/autodl-fs/datasets/DAIR-V2X_YOLO/dairv2x.yaml,train,52,2683.063324689865,0.88412,0.51663,0.83476,0.84401,0.78645,0.8487,0.6067,0.84356,0.48836,0.8244,0.00041241829999999995,0.00041241829999999995,0.00041241829999999995,,
yolo_yolov8n_20260715_204739,yolo,yolo_yolov8n_20260715_204739,yolov8n.pt,/root/autodl-fs/datasets/DAIR-V2X_YOLO/dairv2x.yaml,train,53,2734.1270644664764,0.88549,0.51867,0.83472,0.84335,0.79142,0.85473,0.61258,0.84047,0.48487,0.82447,0.0004041716,0.0004041716,0.0004041716,,
yolo_yolov8n_20260715_204739,yolo,yolo_yolov8n_20260715_204739,yolov8n.pt,/root/autodl-fs/datasets/DAIR-V2X_YOLO/dairv2x.yaml,train,54,2786.0589809417725,0.88462,0.51503,0.83498,0.84004,0.7883,0.85224,0.60923,0.84038,0.48775,0.82415,0.0003959249,0.0003959249,0.0003959249,,
yolo_yolov8n_20260715_204739,yolo,yolo_yolov8n_20260715_204739,yolov8n.pt,/root/autodl-fs/datasets/DAIR-V2X_YOLO/dairv2x.yaml,train,55,2837.0774579048157,0.88192,0.51416,0.83363,0.8536,0.78527,0.85266,0.60994,0.83885,0.48349,0.82415,0.0003876782,0.0003876782,0.0003876782,,
yolo_yolov8n_20260715_204739,yolo,yolo_yolov8n_20260715_204739,yolov8n.pt,/root/autodl-fs/datasets/DAIR-V2X_YOLO/dairv2x.yaml,train,56,2888.4463782310486,0.87956,0.51289,0.83383,0.84215,0.79239,0.85442,0.6113,0.83615,0.48137,0.82345,0.00037943149999999996,0.00037943149999999996,0.00037943149999999996,,
yolo_yolov8n_20260715_204739,yolo,yolo_yolov8n_20260715_204739,yolov8n.pt,/root/autodl-fs/datasets/DAIR-V2X_YOLO/dairv2x.yaml,train,57,2939.8071897029877,0.87993,0.51037,0.83403,0.85031,0.78807,0.85297,0.61244,0.83592,0.48357,0.82337,0.00037118479999999994,0.00037118479999999994,0.00037118479999999994,,
yolo_yolov8n_20260715_204739,yolo,yolo_yolov8n_20260715_204739,yolov8n.pt,/root/autodl-fs/datasets/DAIR-V2X_YOLO/dairv2x.yaml,train,58,2991.478341817856,0.87467,0.50788,0.83342,0.8552,0.78307,0.85416,0.6112,0.83566,0.48227,0.82288,0.0003629381,0.0003629381,0.0003629381,,
yolo_yolov8n_20260715_204739,yolo,yolo_yolov8n_20260715_204739,yolov8n.pt,/root/autodl-fs/datasets/DAIR-V2X_YOLO/dairv2x.yaml,train,59,3043.1404433250427,0.87689,0.50972,0.83334,0.84562,0.7887,0.85122,0.60949,0.83644,0.48363,0.82321,0.00035469140000000005,0.00035469140000000005,0.00035469140000000005,,
yolo_yolov8n_20260715_204739,yolo,yolo_yolov8n_20260715_204739,yolov8n.pt,/root/autodl-fs/datasets/DAIR-V2X_YOLO/dairv2x.yaml,train,60,3094.5698795318604,0.87532,0.50824,0.83292,0.83577,0.79719,0.85391,0.61203,0.83439,0.4803,0.82311,0.00034644470000000003,0.00034644470000000003,0.00034644470000000003,,
yolo_yolov8n_20260715_204739,yolo,yolo_yolov8n_20260715_204739,yolov8n.pt,/root/autodl-fs/datasets/DAIR-V2X_YOLO/dairv2x.yaml,train,61,3145.295774459839,0.8724,0.50769,0.83226,0.84913,0.78674,0.85437,0.61326,0.83277,0.47981,0.82264,0.000338198,0.000338198,0.000338198,,
yolo_yolov8n_20260715_204739,yolo,yolo_yolov8n_20260715_204739,yolov8n.pt,/root/autodl-fs/datasets/DAIR-V2X_YOLO/dairv2x.yaml,train,62,3196.2785148620605,0.86795,0.50358,0.8331,0.84398,0.79453,0.85398,0.61347,0.83144,0.47894,0.82246,0.0003299513,0.0003299513,0.0003299513,,
yolo_yolov8n_20260715_204739,yolo,yolo_yolov8n_20260715_204739,yolov8n.pt,/root/autodl-fs/datasets/DAIR-V2X_YOLO/dairv2x.yaml,train,63,3248.529183626175,0.86982,0.5039,0.83187,0.84853,0.78566,0.85507,0.61385,0.83381,0.4818,0.82331,0.00032170459999999996,0.00032170459999999996,0.00032170459999999996,,
yolo_yolov8n_20260715_204739,yolo,yolo_yolov8n_20260715_204739,yolov8n.pt,/root/autodl-fs/datasets/DAIR-V2X_YOLO/dairv2x.yaml,train,64,3299.945748090744,0.87007,0.50336,0.83163,0.84641,0.78641,0.85447,0.61297,0.83259,0.47836,0.82264,0.0003134579,0.0003134579,0.0003134579,,
yolo_yolov8n_20260715_204739,yolo,yolo_yolov8n_20260715_204739,yolov8n.pt,/root/autodl-fs/datasets/DAIR-V2X_YOLO/dairv2x.yaml,train,65,3351.1271092891693,0.86597,0.50173,0.83224,0.85417,0.78148,0.85652,0.61554,0.83193,0.47754,0.82244,0.0003052112,0.0003052112,0.0003052112,,
yolo_yolov8n_20260715_204739,yolo,yolo_yolov8n_20260715_204739,yolov8n.pt,/root/autodl-fs/datasets/DAIR-V2X_YOLO/dairv2x.yaml,train,66,3402.5309162139893,0.86506,0.50197,0.83171,0.83432,0.79631,0.85597,0.61414,0.82809,0.47739,0.82221,0.0002969645,0.0002969645,0.0002969645,,
yolo_yolov8n_20260715_204739,yolo,yolo_yolov8n_20260715_204739,yolov8n.pt,/root/autodl-fs/datasets/DAIR-V2X_YOLO/dairv2x.yaml,train,67,3454.404651403427,0.86733,0.50035,0.83126,0.8495,0.78664,0.85548,0.61428,0.82865,0.47698,0.8225,0.00028871779999999997,0.00028871779999999997,0.00028871779999999997,,
yolo_yolov8n_20260715_204739,yolo,yolo_yolov8n_20260715_204739,yolov8n.pt,/root/autodl-fs/datasets/DAIR-V2X_YOLO/dairv2x.yaml,train,68,3506.0212371349335,0.86349,0.49879,0.83116,0.83769,0.80206,0.85583,0.61489,0.82806,0.47512,0.82223,0.00028047109999999994,0.00028047109999999994,0.00028047109999999994,,
yolo_yolov8n_20260715_204739,yolo,yolo_yolov8n_20260715_204739,yolov8n.pt,/root/autodl-fs/datasets/DAIR-V2X_YOLO/dairv2x.yaml,train,69,3556.8136286735535,0.86005,0.49722,0.83102,0.84018,0.79252,0.85191,0.61137,0.82805,0.47589,0.82213,0.0002722244,0.0002722244,0.0002722244,,
yolo_yolov8n_20260715_204739,yolo,yolo_yolov8n_20260715_204739,yolov8n.pt,/root/autodl-fs/datasets/DAIR-V2X_YOLO/dairv2x.yaml,train,70,3608.1448731422424,0.85984,0.49491,0.83045,0.84504,0.78994,0.85617,0.61527,0.82488,0.47317,0.8215,0.00026397770000000006,0.00026397770000000006,0.00026397770000000006,,
yolo_yolov8n_20260715_204739,yolo,yolo_yolov8n_20260715_204739,yolov8n.pt,/root/autodl-fs/datasets/DAIR-V2X_YOLO/dairv2x.yaml,train,71,3659.6835100650787,0.86358,0.4984,0.83096,0.84816,0.78967,0.85813,0.61905,0.82693,0.47398,0.82193,0.00025573100000000004,0.00025573100000000004,0.00025573100000000004,,
yolo_yolov8n_20260715_204739,yolo,yolo_yolov8n_20260715_204739,yolov8n.pt,/root/autodl-fs/datasets/DAIR-V2X_YOLO/dairv2x.yaml,train,72,3711.436675786972,0.86076,0.49586,0.82991,0.84001,0.79934,0.85655,0.61685,0.82495,0.4731,0.82151,0.0002474843,0.0002474843,0.0002474843,,
yolo_yolov8n_20260715_204739,yolo,yolo_yolov8n_20260715_204739,yolov8n.pt,/root/autodl-fs/datasets/DAIR-V2X_YOLO/dairv2x.yaml,train,73,3762.106043100357,0.85638,0.49316,0.83004,0.85568,0.78851,0.85587,0.61711,0.82238,0.47026,0.82133,0.0002392376,0.0002392376,0.0002392376,,
yolo_yolov8n_20260715_204739,yolo,yolo_yolov8n_20260715_204739,yolov8n.pt,/root/autodl-fs/datasets/DAIR-V2X_YOLO/dairv2x.yaml,train,74,3813.19886302948,0.85609,0.49382,0.82992,0.85103,0.79018,0.8562,0.61835,0.82183,0.46982,0.82082,0.00023099090000000002,0.00023099090000000002,0.00023099090000000002,,
yolo_yolov8n_20260715_204739,yolo,yolo_yolov8n_20260715_204739,yolov8n.pt,/root/autodl-fs/datasets/DAIR-V2X_YOLO/dairv2x.yaml,train,75,3864.623049020767,0.85454,0.49174,0.82929,0.84882,0.79101,0.85718,0.61934,0.82161,0.47002,0.82122,0.00022274420000000002,0.00022274420000000002,0.00022274420000000002,,
yolo_yolov8n_20260715_204739,yolo,yolo_yolov8n_20260715_204739,yolov8n.pt,/root/autodl-fs/datasets/DAIR-V2X_YOLO/dairv2x.yaml,train,76,3916.0952484607697,0.85349,0.48963,0.83012,0.85583,0.79069,0.86087,0.6204,0.82207,0.46957,0.82118,0.0002144975,0.0002144975,0.0002144975,,
yolo_yolov8n_20260715_204739,yolo,yolo_yolov8n_20260715_204739,yolov8n.pt,/root/autodl-fs/datasets/DAIR-V2X_YOLO/dairv2x.yaml,train,77,3966.658895969391,0.85084,0.48991,0.82987,0.84728,0.79254,0.85772,0.61864,0.82134,0.46997,0.8211,0.00020625079999999997,0.00020625079999999997,0.00020625079999999997,,
yolo_yolov8n_20260715_204739,yolo,yolo_yolov8n_20260715_204739,yolov8n.pt,/root/autodl-fs/datasets/DAIR-V2X_YOLO/dairv2x.yaml,train,78,4018.540016412735,0.84953,0.48847,0.8297,0.8551,0.7888,0.85668,0.61669,0.82184,0.47033,0.82125,0.00019800409999999998,0.00019800409999999998,0.00019800409999999998,,
yolo_yolov8n_20260715_204739,yolo,yolo_yolov8n_20260715_204739,yolov8n.pt,/root/autodl-fs/datasets/DAIR-V2X_YOLO/dairv2x.yaml,train,79,4069.989282608032,0.84887,0.48746,0.82805,0.85083,0.79039,0.8546,0.61666,0.82025,0.4698,0.82094,0.00018975739999999998,0.00018975739999999998,0.00018975739999999998,,
yolo_yolov8n_20260715_204739,yolo,yolo_yolov8n_20260715_204739,yolov8n.pt,/root/autodl-fs/datasets/DAIR-V2X_YOLO/dairv2x.yaml,train,80,4120.770045757294,0.84913,0.48757,0.82816,0.84758,0.79057,0.85394,0.61669,0.81983,0.46895,0.82068,0.00018151069999999998,0.00018151069999999998,0.00018151069999999998,,
yolo_yolov8n_20260715_204739,yolo,yolo_yolov8n_20260715_204739,yolov8n.pt,/root/autodl-fs/datasets/DAIR-V2X_YOLO/dairv2x.yaml,train,81,4171.591832637787,0.8431,0.48378,0.82836,0.85307,0.78889,0.85553,0.61818,0.81811,0.46882,0.8207,0.00017326399999999996,0.00017326399999999996,0.00017326399999999996,,
yolo_yolov8n_20260715_204739,yolo,yolo_yolov8n_20260715_204739,yolov8n.pt,/root/autodl-fs/datasets/DAIR-V2X_YOLO/dairv2x.yaml,train,82,4223.061890602112,0.84508,0.48461,0.82836,0.85784,0.78855,0.85549,0.61947,0.81646,0.46839,0.82026,0.00016501729999999994,0.00016501729999999994,0.00016501729999999994,,
yolo_yolov8n_20260715_204739,yolo,yolo_yolov8n_20260715_204739,yolov8n.pt,/root/autodl-fs/datasets/DAIR-V2X_YOLO/dairv2x.yaml,train,83,4274.5920515060425,0.84372,0.48342,0.8284,0.84923,0.79435,0.85734,0.62122,0.81699,0.46776,0.82026,0.00015677060000000005,0.00015677060000000005,0.00015677060000000005,,
yolo_yolov8n_20260715_204739,yolo,yolo_yolov8n_20260715_204739,yolov8n.pt,/root/autodl-fs/datasets/DAIR-V2X_YOLO/dairv2x.yaml,train,84,4327.025705337524,0.84331,0.48404,0.82787,0.84699,0.79468,0.85762,0.62054,0.81749,0.46699,0.82037,0.00014852390000000002,0.00014852390000000002,0.00014852390000000002,,
yolo_yolov8n_20260715_204739,yolo,yolo_yolov8n_20260715_204739,yolov8n.pt,/root/autodl-fs/datasets/DAIR-V2X_YOLO/dairv2x.yaml,train,85,4377.850478410721,0.84125,0.48161,0.82795,0.85188,0.79288,0.8561,0.62022,0.81749,0.46698,0.82044,0.00014027720000000003,0.00014027720000000003,0.00014027720000000003,,
yolo_yolov8n_20260715_204739,yolo,yolo_yolov8n_20260715_204739,yolov8n.pt,/root/autodl-fs/datasets/DAIR-V2X_YOLO/dairv2x.yaml,train,86,4429.041500091553,0.84165,0.48087,0.82709,0.85038,0.79362,0.85667,0.61969,0.816,0.46616,0.82021,0.00013203050000000003,0.00013203050000000003,0.00013203050000000003,,
yolo_yolov8n_20260715_204739,yolo,yolo_yolov8n_20260715_204739,yolov8n.pt,/root/autodl-fs/datasets/DAIR-V2X_YOLO/dairv2x.yaml,train,87,4480.522919654846,0.83933,0.47996,0.82765,0.85246,0.79345,0.85648,0.61999,0.81614,0.46684,0.82025,0.0001237838,0.0001237838,0.0001237838,,
yolo_yolov8n_20260715_204739,yolo,yolo_yolov8n_20260715_204739,yolov8n.pt,/root/autodl-fs/datasets/DAIR-V2X_YOLO/dairv2x.yaml,train,88,4531.68065905571,0.83705,0.47872,0.82717,0.85432,0.78779,0.8562,0.61949,0.81568,0.4656,0.82009,0.00011553710000000001,0.00011553710000000001,0.00011553710000000001,,
yolo_yolov8n_20260715_204739,yolo,yolo_yolov8n_20260715_204739,yolov8n.pt,/root/autodl-fs/datasets/DAIR-V2X_YOLO/dairv2x.yaml,train,89,4583.407161474228,0.83449,0.47704,0.82769,0.8467,0.79756,0.85807,0.62043,0.81513,0.4654,0.82006,0.0001072904,0.0001072904,0.0001072904,,
yolo_yolov8n_20260715_204739,yolo,yolo_yolov8n_20260715_204739,yolov8n.pt,/root/autodl-fs/datasets/DAIR-V2X_YOLO/dairv2x.yaml,train,90,4634.429506063461,0.83623,0.47812,0.82759,0.85204,0.79125,0.85871,0.62158,0.81434,0.46502,0.82002,9.904369999999997e-05,9.904369999999997e-05,9.904369999999997e-05,,
yolo_yolov8n_20260715_204739,yolo,yolo_yolov8n_20260715_204739,yolov8n.pt,/root/autodl-fs/datasets/DAIR-V2X_YOLO/dairv2x.yaml,train,91,4681.852853298187,0.80669,0.46367,0.82206,0.84533,0.7928,0.85675,0.61705,0.8252,0.47074,0.82158,9.079699999999998e-05,9.079699999999998e-05,9.079699999999998e-05,,
yolo_yolov8n_20260715_204739,yolo,yolo_yolov8n_20260715_204739,yolov8n.pt,/root/autodl-fs/datasets/DAIR-V2X_YOLO/dairv2x.yaml,train,92,4727.222823143005,0.80291,0.45898,0.82025,0.85114,0.79114,0.85456,0.61607,0.82436,0.47067,0.82136,8.255029999999997e-05,8.255029999999997e-05,8.255029999999997e-05,,
yolo_yolov8n_20260715_204739,yolo,yolo_yolov8n_20260715_204739,yolov8n.pt,/root/autodl-fs/datasets/DAIR-V2X_YOLO/dairv2x.yaml,train,93,4772.898960828781,0.79583,0.45541,0.82004,0.8467,0.79328,0.85548,0.61749,0.8226,0.4699,0.82125,7.430359999999997e-05,7.430359999999997e-05,7.430359999999997e-05,,
yolo_yolov8n_20260715_204739,yolo,yolo_yolov8n_20260715_204739,yolov8n.pt,/root/autodl-fs/datasets/DAIR-V2X_YOLO/dairv2x.yaml,train,94,4818.478867769241,0.79136,0.45338,0.82033,0.852,0.78997,0.85516,0.61779,0.82053,0.46999,0.82081,6.605689999999995e-05,6.605689999999995e-05,6.605689999999995e-05,,
yolo_yolov8n_20260715_204739,yolo,yolo_yolov8n_20260715_204739,yolov8n.pt,/root/autodl-fs/datasets/DAIR-V2X_YOLO/dairv2x.yaml,train,95,4863.826892852783,0.79201,0.45246,0.8194,0.85317,0.79315,0.85638,0.61935,0.81947,0.46896,0.82072,5.781020000000004e-05,5.781020000000004e-05,5.781020000000004e-05,,
yolo_yolov8n_20260715_204739,yolo,yolo_yolov8n_20260715_204739,yolov8n.pt,/root/autodl-fs/datasets/DAIR-V2X_YOLO/dairv2x.yaml,train,96,4909.952688932419,0.79127,0.45078,0.81973,0.84621,0.80103,0.85652,0.61915,0.81912,0.46822,0.82054,4.9563500000000035e-05,4.9563500000000035e-05,4.9563500000000035e-05,,
yolo_yolov8n_20260715_204739,yolo,yolo_yolov8n_20260715_204739,yolov8n.pt,/root/autodl-fs/datasets/DAIR-V2X_YOLO/dairv2x.yaml,train,97,4955.633800506592,0.79,0.45054,0.81923,0.84559,0.7988,0.85604,0.62002,0.81844,0.4679,0.82041,4.131680000000003e-05,4.131680000000003e-05,4.131680000000003e-05,,
yolo_yolov8n_20260715_204739,yolo,yolo_yolov8n_20260715_204739,yolov8n.pt,/root/autodl-fs/datasets/DAIR-V2X_YOLO/dairv2x.yaml,train,98,5000.892533779144,0.78894,0.45046,0.81892,0.8492,0.79663,0.857,0.62036,0.81799,0.46721,0.82042,3.307010000000002e-05,3.307010000000002e-05,3.307010000000002e-05,,
yolo_yolov8n_20260715_204739,yolo,yolo_yolov8n_20260715_204739,yolov8n.pt,/root/autodl-fs/datasets/DAIR-V2X_YOLO/dairv2x.yaml,train,99,5046.807240247726,0.78595,0.44694,0.81878,0.84994,0.79679,0.85607,0.62024,0.81736,0.46717,0.82046,2.4823400000000017e-05,2.4823400000000017e-05,2.4823400000000017e-05,,
yolo_yolov8n_20260715_204739,yolo,yolo_yolov8n_20260715_204739,yolov8n.pt,/root/autodl-fs/datasets/DAIR-V2X_YOLO/dairv2x.yaml,train,100,5093.080610990524,0.78575,0.44785,0.81879,0.84924,0.79605,0.857,0.62126,0.81662,0.46671,0.82033,1.6576700000000007e-05,1.6576700000000007e-05,1.6576700000000007e-05,,
yolo_yolov8s_20260715_234501,yolo,yolo_yolov8s_20260715_234501,yolov8s.pt,/root/autodl-fs/datasets/DAIR-V2X_YOLO/dairv2x.yaml,train,1,88.44175243377686,1.18767,1.13245,0.92126,0.78192,0.69965,0.75939,0.49499,1.01449,0.62357,0.85915,0.0002767879746835443,0.0002767879746835443,0.0002767879746835443,,
yolo_yolov8s_20260715_234501,yolo,yolo_yolov8s_20260715_234501,yolov8s.pt,/root/autodl-fs/datasets/DAIR-V2X_YOLO/dairv2x.yaml,train,2,168.76602339744568,1.03923,0.65616,0.86812,0.79653,0.73721,0.79725,0.53353,0.97039,0.60034,0.84728,0.0005489655404008439,0.0005489655404008439,0.0005489655404008439,,
yolo_yolov8s_20260715_234501,yolo,yolo_yolov8s_20260715_234501,yolov8s.pt,/root/autodl-fs/datasets/DAIR-V2X_YOLO/dairv2x.yaml,train,3,247.71350598335266,1.00191,0.61147,0.85908,0.82221,0.75262,0.81518,0.55659,0.93203,0.56099,0.84264,0.0008156453061181434,0.0008156453061181434,0.0008156453061181434,,
yolo_yolov8s_20260715_234501,yolo,yolo_yolov8s_20260715_234501,yolov8s.pt,/root/autodl-fs/datasets/DAIR-V2X_YOLO/dairv2x.yaml,train,4,326.0596821308136,0.97471,0.5884,0.85341,0.83479,0.75606,0.8227,0.56523,0.92687,0.54784,0.8392,0.0008082599,0.0008082599,0.0008082599,,
yolo_yolov8s_20260715_234501,yolo,yolo_yolov8s_20260715_234501,yolov8s.pt,/root/autodl-fs/datasets/DAIR-V2X_YOLO/dairv2x.yaml,train,5,405.21621537208557,0.95336,0.57527,0.85121,0.84597,0.76062,0.82411,0.57361,0.91143,0.53085,0.83639,0.0008000131999999999,0.0008000131999999999,0.0008000131999999999,,
yolo_yolov8s_20260715_234501,yolo,yolo_yolov8s_20260715_234501,yolov8s.pt,/root/autodl-fs/datasets/DAIR-V2X_YOLO/dairv2x.yaml,train,6,483.38437509536743,0.93997,0.56058,0.84727,0.83803,0.76297,0.82708,0.58194,0.89336,0.52104,0.83445,0.0007917665,0.0007917665,0.0007917665,,
yolo_yolov8s_20260715_234501,yolo,yolo_yolov8s_20260715_234501,yolov8s.pt,/root/autodl-fs/datasets/DAIR-V2X_YOLO/dairv2x.yaml,train,7,561.6579055786133,0.93331,0.55345,0.84617,0.82804,0.77414,0.83303,0.58242,0.88262,0.5143,0.83351,0.0007835197999999999,0.0007835197999999999,0.0007835197999999999,,
yolo_yolov8s_20260715_234501,yolo,yolo_yolov8s_20260715_234501,yolov8s.pt,/root/autodl-fs/datasets/DAIR-V2X_YOLO/dairv2x.yaml,train,8,639.6741106510162,0.91458,0.53736,0.84325,0.85288,0.77868,0.84073,0.59896,0.86526,0.50245,0.83062,0.0007752731,0.0007752731,0.0007752731,,
yolo_yolov8s_20260715_234501,yolo,yolo_yolov8s_20260715_234501,yolov8s.pt,/root/autodl-fs/datasets/DAIR-V2X_YOLO/dairv2x.yaml,train,9,717.9804561138153,0.9027,0.53339,0.84087,0.84571,0.77835,0.84709,0.60323,0.86255,0.5015,0.83076,0.0007670264,0.0007670264,0.0007670264,,
yolo_yolov8s_20260715_234501,yolo,yolo_yolov8s_20260715_234501,yolov8s.pt,/root/autodl-fs/datasets/DAIR-V2X_YOLO/dairv2x.yaml,train,10,796.5552067756653,0.89716,0.53052,0.84057,0.82394,0.77897,0.83594,0.59327,0.85746,0.50514,0.82804,0.0007587797,0.0007587797,0.0007587797,,
yolo_yolov8s_20260715_234501,yolo,yolo_yolov8s_20260715_234501,yolov8s.pt,/root/autodl-fs/datasets/DAIR-V2X_YOLO/dairv2x.yaml,train,11,874.5537497997284,0.89331,0.52601,0.83969,0.82964,0.78836,0.84376,0.59907,0.85123,0.49055,0.82937,0.000750533,0.000750533,0.000750533,,
yolo_yolov8s_20260715_234501,yolo,yolo_yolov8s_20260715_234501,yolov8s.pt,/root/autodl-fs/datasets/DAIR-V2X_YOLO/dairv2x.yaml,train,12,953.1593401432037,0.88373,0.51787,0.83796,0.85018,0.78161,0.84685,0.60092,0.85937,0.4935,0.82877,0.0007422863,0.0007422863,0.0007422863,,
yolo_yolov8s_20260715_234501,yolo,yolo_yolov8s_20260715_234501,yolov8s.pt,/root/autodl-fs/datasets/DAIR-V2X_YOLO/dairv2x.yaml,train,13,1031.1092851161957,0.87665,0.51448,0.83719,0.846,0.79681,0.85172,0.61006,0.83605,0.49275,0.82515,0.0007340396,0.0007340396,0.0007340396,,
yolo_yolov8s_20260715_234501,yolo,yolo_yolov8s_20260715_234501,yolov8s.pt,/root/autodl-fs/datasets/DAIR-V2X_YOLO/dairv2x.yaml,train,14,1108.5971021652222,0.87432,0.51104,0.83608,0.83157,0.79888,0.85677,0.61527,0.8356,0.48364,0.82604,0.0007257928999999999,0.0007257928999999999,0.0007257928999999999,,
yolo_yolov8s_20260715_234501,yolo,yolo_yolov8s_20260715_234501,yolov8s.pt,/root/autodl-fs/datasets/DAIR-V2X_YOLO/dairv2x.yaml,train,15,1186.444574356079,0.86701,0.50768,0.83345,0.85141,0.78674,0.85579,0.61368,0.83458,0.48733,0.82568,0.0007175462,0.0007175462,0.0007175462,,
yolo_yolov8s_20260715_234501,yolo,yolo_yolov8s_20260715_234501,yolov8s.pt,/root/autodl-fs/datasets/DAIR-V2X_YOLO/dairv2x.yaml,train,16,1264.0717496871948,0.85986,0.49996,0.83437,0.85109,0.80634,0.85937,0.62269,0.82368,0.47197,0.82438,0.0007092995,0.0007092995,0.0007092995,,
yolo_yolov8s_20260715_234501,yolo,yolo_yolov8s_20260715_234501,yolov8s.pt,/root/autodl-fs/datasets/DAIR-V2X_YOLO/dairv2x.yaml,train,17,1342.058746099472,0.85415,0.49431,0.83251,0.85349,0.80475,0.85943,0.62488,0.82238,0.47043,0.82331,0.0007010528,0.0007010528,0.0007010528,,
yolo_yolov8s_20260715_234501,yolo,yolo_yolov8s_20260715_234501,yolov8s.pt,/root/autodl-fs/datasets/DAIR-V2X_YOLO/dairv2x.yaml,train,18,1419.7038786411285,0.85562,0.49663,0.83287,0.8547,0.80238,0.86229,0.6244,0.81824,0.47046,0.82266,0.0006928061,0.0006928061,0.0006928061,,
yolo_yolov8s_20260715_234501,yolo,yolo_yolov8s_20260715_234501,yolov8s.pt,/root/autodl-fs/datasets/DAIR-V2X_YOLO/dairv2x.yaml,train,19,1497.7881920337677,0.84693,0.49172,0.83192,0.85044,0.80962,0.86241,0.62379,0.81761,0.46936,0.82383,0.0006845594000000001,0.0006845594000000001,0.0006845594000000001,,
yolo_yolov8s_20260715_234501,yolo,yolo_yolov8s_20260715_234501,yolov8s.pt,/root/autodl-fs/datasets/DAIR-V2X_YOLO/dairv2x.yaml,train,20,1575.5493161678314,0.84479,0.48918,0.83112,0.85281,0.80368,0.8638,0.62856,0.80875,0.46807,0.82139,0.0006763127,0.0006763127,0.0006763127,,
yolo_yolov8s_20260715_234501,yolo,yolo_yolov8s_20260715_234501,yolov8s.pt,/root/autodl-fs/datasets/DAIR-V2X_YOLO/dairv2x.yaml,train,21,1653.8336896896362,0.84597,0.49109,0.83049,0.86497,0.79964,0.86712,0.62884,0.81506,0.46321,0.82254,0.000668066,0.000668066,0.000668066,,
yolo_yolov8s_20260715_234501,yolo,yolo_yolov8s_20260715_234501,yolov8s.pt,/root/autodl-fs/datasets/DAIR-V2X_YOLO/dairv2x.yaml,train,22,1731.5722801685333,0.83923,0.48413,0.82948,0.84556,0.8223,0.86878,0.63427,0.80968,0.4629,0.82108,0.0006598193,0.0006598193,0.0006598193,,
yolo_yolov8s_20260715_234501,yolo,yolo_yolov8s_20260715_234501,yolov8s.pt,/root/autodl-fs/datasets/DAIR-V2X_YOLO/dairv2x.yaml,train,23,1809.5910449028015,0.83835,0.4835,0.82909,0.85985,0.80644,0.86869,0.63223,0.81331,0.46681,0.82187,0.0006515726,0.0006515726,0.0006515726,,
yolo_yolov8s_20260715_234501,yolo,yolo_yolov8s_20260715_234501,yolov8s.pt,/root/autodl-fs/datasets/DAIR-V2X_YOLO/dairv2x.yaml,train,24,1886.897143125534,0.83313,0.48333,0.83006,0.84579,0.81727,0.87231,0.63521,0.80395,0.46178,0.82011,0.0006433259,0.0006433259,0.0006433259,,
yolo_yolov8s_20260715_234501,yolo,yolo_yolov8s_20260715_234501,yolov8s.pt,/root/autodl-fs/datasets/DAIR-V2X_YOLO/dairv2x.yaml,train,25,1964.9326796531677,0.83302,0.47958,0.82876,0.8546,0.81625,0.87069,0.63813,0.79931,0.45824,0.8197,0.0006350791999999999,0.0006350791999999999,0.0006350791999999999,,
yolo_yolov8s_20260715_234501,yolo,yolo_yolov8s_20260715_234501,yolov8s.pt,/root/autodl-fs/datasets/DAIR-V2X_YOLO/dairv2x.yaml,train,26,2043.3411040306091,0.82719,0.47633,0.82789,0.86325,0.80673,0.86964,0.63778,0.80035,0.45779,0.8195,0.0006268325,0.0006268325,0.0006268325,,
yolo_yolov8s_20260715_234501,yolo,yolo_yolov8s_20260715_234501,yolov8s.pt,/root/autodl-fs/datasets/DAIR-V2X_YOLO/dairv2x.yaml,train,27,2121.2372806072235,0.82729,0.47493,0.82724,0.85696,0.81401,0.86972,0.63635,0.7939,0.45395,0.81864,0.0006185858,0.0006185858,0.0006185858,,
yolo_yolov8s_20260715_234501,yolo,yolo_yolov8s_20260715_234501,yolov8s.pt,/root/autodl-fs/datasets/DAIR-V2X_YOLO/dairv2x.yaml,train,28,2198.987092733383,0.82983,0.47979,0.82863,0.85162,0.8203,0.87067,0.63718,0.79985,0.45564,0.82006,0.0006103391,0.0006103391,0.0006103391,,
yolo_yolov8s_20260715_234501,yolo,yolo_yolov8s_20260715_234501,yolov8s.pt,/root/autodl-fs/datasets/DAIR-V2X_YOLO/dairv2x.yaml,train,29,2277.425436735153,0.82516,0.47512,0.82729,0.85502,0.81214,0.87063,0.6363,0.796,0.45689,0.81906,0.0006020924,0.0006020924,0.0006020924,,
yolo_yolov8s_20260715_234501,yolo,yolo_yolov8s_20260715_234501,yolov8s.pt,/root/autodl-fs/datasets/DAIR-V2X_YOLO/dairv2x.yaml,train,30,2355.698292016983,0.81663,0.46917,0.8257,0.86138,0.80488,0.86954,0.6388,0.79375,0.4537,0.81866,0.0005938457,0.0005938457,0.0005938457,,
yolo_yolov8s_20260715_234501,yolo,yolo_yolov8s_20260715_234501,yolov8s.pt,/root/autodl-fs/datasets/DAIR-V2X_YOLO/dairv2x.yaml,train,31,2433.559469461441,0.81816,0.46868,0.82583,0.85661,0.81221,0.87187,0.64454,0.78996,0.44928,0.81841,0.0005855989999999999,0.0005855989999999999,0.0005855989999999999,,
yolo_yolov8s_20260715_234501,yolo,yolo_yolov8s_20260715_234501,yolov8s.pt,/root/autodl-fs/datasets/DAIR-V2X_YOLO/dairv2x.yaml,train,32,2511.6904666423798,0.81402,0.46762,0.82546,0.85929,0.81421,0.87417,0.64659,0.79237,0.44584,0.81822,0.0005773522999999999,0.0005773522999999999,0.0005773522999999999,,
yolo_yolov8s_20260715_234501,yolo,yolo_yolov8s_20260715_234501,yolov8s.pt,/root/autodl-fs/datasets/DAIR-V2X_YOLO/dairv2x.yaml,train,33,2589.592679977417,0.81079,0.46333,0.82475,0.85405,0.8236,0.87671,0.64741,0.78576,0.44621,0.81809,0.0005691056,0.0005691056,0.0005691056,,
yolo_yolov8s_20260715_234501,yolo,yolo_yolov8s_20260715_234501,yolov8s.pt,/root/autodl-fs/datasets/DAIR-V2X_YOLO/dairv2x.yaml,train,34,2667.2370920181274,0.81069,0.46759,0.82499,0.8572,0.81576,0.87279,0.64357,0.78416,0.44786,0.81699,0.0005608588999999999,0.0005608588999999999,0.0005608588999999999,,
yolo_yolov8s_20260715_234501,yolo,yolo_yolov8s_20260715_234501,yolov8s.pt,/root/autodl-fs/datasets/DAIR-V2X_YOLO/dairv2x.yaml,train,35,2744.953438282013,0.80914,0.46296,0.82489,0.85683,0.82433,0.87526,0.64638,0.78592,0.44668,0.8174,0.0005526121999999999,0.0005526121999999999,0.0005526121999999999,,
yolo_yolov8s_20260715_234501,yolo,yolo_yolov8s_20260715_234501,yolov8s.pt,/root/autodl-fs/datasets/DAIR-V2X_YOLO/dairv2x.yaml,train,36,2822.799934864044,0.80546,0.4602,0.82393,0.86218,0.81643,0.87859,0.65085,0.78058,0.44247,0.81662,0.0005443655,0.0005443655,0.0005443655,,
yolo_yolov8s_20260715_234501,yolo,yolo_yolov8s_20260715_234501,yolov8s.pt,/root/autodl-fs/datasets/DAIR-V2X_YOLO/dairv2x.yaml,train,37,2900.7617375850677,0.80551,0.46064,0.82352,0.85482,0.82589,0.87292,0.64634,0.78019,0.44201,0.81681,0.0005361188,0.0005361188,0.0005361188,,
yolo_yolov8s_20260715_234501,yolo,yolo_yolov8s_20260715_234501,yolov8s.pt,/root/autodl-fs/datasets/DAIR-V2X_YOLO/dairv2x.yaml,train,38,2978.421003818512,0.80487,0.45898,0.82403,0.86102,0.82289,0.87746,0.65028,0.7825,0.4406,0.81757,0.0005278721,0.0005278721,0.0005278721,,
yolo_yolov8s_20260715_234501,yolo,yolo_yolov8s_20260715_234501,yolov8s.pt,/root/autodl-fs/datasets/DAIR-V2X_YOLO/dairv2x.yaml,train,39,3056.265188932419,0.80058,0.45942,0.82374,0.86433,0.81976,0.8786,0.65078,0.77868,0.4389,0.81623,0.0005196254,0.0005196254,0.0005196254,,
yolo_yolov8s_20260715_234501,yolo,yolo_yolov8s_20260715_234501,yolov8s.pt,/root/autodl-fs/datasets/DAIR-V2X_YOLO/dairv2x.yaml,train,40,3133.6886537075043,0.80027,0.4563,0.82234,0.85737,0.82571,0.87724,0.65079,0.77853,0.4369,0.81635,0.0005113787,0.0005113787,0.0005113787,,
yolo_yolov8s_20260715_234501,yolo,yolo_yolov8s_20260715_234501,yolov8s.pt,/root/autodl-fs/datasets/DAIR-V2X_YOLO/dairv2x.yaml,train,41,3211.9622943401337,0.79744,0.45322,0.82381,0.85652,0.82766,0.88075,0.65485,0.77069,0.4354,0.81447,0.000503132,0.000503132,0.000503132,,
yolo_yolov8s_20260715_234501,yolo,yolo_yolov8s_20260715_234501,yolov8s.pt,/root/autodl-fs/datasets/DAIR-V2X_YOLO/dairv2x.yaml,train,42,3290.3094437122345,0.79617,0.45272,0.82239,0.85583,0.82124,0.87762,0.65131,0.77308,0.43807,0.81591,0.0004948853,0.0004948853,0.0004948853,,
yolo_yolov8s_20260715_234501,yolo,yolo_yolov8s_20260715_234501,yolov8s.pt,/root/autodl-fs/datasets/DAIR-V2X_YOLO/dairv2x.yaml,train,43,3368.0918753147125,0.7925,0.45073,0.82215,0.85699,0.82985,0.88062,0.65752,0.76922,0.43526,0.81521,0.00048663860000000005,0.00048663860000000005,0.00048663860000000005,,
yolo_yolov8s_20260715_234501,yolo,yolo_yolov8s_20260715_234501,yolov8s.pt,/root/autodl-fs/datasets/DAIR-V2X_YOLO/dairv2x.yaml,train,44,3446.1448590755463,0.79429,0.4517,0.82129,0.85225,0.82973,0.87933,0.65771,0.77037,0.43525,0.81498,0.00047839190000000003,0.00047839190000000003,0.00047839190000000003,,
yolo_yolov8s_20260715_234501,yolo,yolo_yolov8s_20260715_234501,yolov8s.pt,/root/autodl-fs/datasets/DAIR-V2X_YOLO/dairv2x.yaml,train,45,3524.8314566612244,0.78731,0.44689,0.8203,0.86448,0.82702,0.87983,0.65798,0.7667,0.43289,0.81505,0.0004701452,0.0004701452,0.0004701452,,
yolo_yolov8s_20260715_234501,yolo,yolo_yolov8s_20260715_234501,yolov8s.pt,/root/autodl-fs/datasets/DAIR-V2X_YOLO/dairv2x.yaml,train,46,3603.02730512619,0.78746,0.44603,0.82163,0.86261,0.82914,0.88198,0.65759,0.76927,0.43173,0.81477,0.0004618985,0.0004618985,0.0004618985,,
yolo_yolov8s_20260715_234501,yolo,yolo_yolov8s_20260715_234501,yolov8s.pt,/root/autodl-fs/datasets/DAIR-V2X_YOLO/dairv2x.yaml,train,47,3681.1700785160065,0.78742,0.44625,0.82031,0.86344,0.82083,0.88001,0.65644,0.76678,0.43156,0.81463,0.00045365180000000007,0.00045365180000000007,0.00045365180000000007,,
yolo_yolov8s_20260715_234501,yolo,yolo_yolov8s_20260715_234501,yolov8s.pt,/root/autodl-fs/datasets/DAIR-V2X_YOLO/dairv2x.yaml,train,48,3759.2807626724243,0.7861,0.44646,0.82156,0.85737,0.82661,0.88013,0.65746,0.76815,0.43217,0.81477,0.00044540510000000004,0.00044540510000000004,0.00044540510000000004,,
yolo_yolov8s_20260715_234501,yolo,yolo_yolov8s_20260715_234501,yolov8s.pt,/root/autodl-fs/datasets/DAIR-V2X_YOLO/dairv2x.yaml,train,49,3837.267340183258,0.78311,0.44179,0.82053,0.85485,0.83161,0.87956,0.65729,0.7646,0.42929,0.81442,0.0004371584,0.0004371584,0.0004371584,,
yolo_yolov8s_20260715_234501,yolo,yolo_yolov8s_20260715_234501,yolov8s.pt,/root/autodl-fs/datasets/DAIR-V2X_YOLO/dairv2x.yaml,train,50,3915.2854759693146,0.78176,0.44203,0.82039,0.86444,0.82455,0.87937,0.65846,0.7639,0.42824,0.81458,0.0004289117,0.0004289117,0.0004289117,,
yolo_yolov8s_20260715_234501,yolo,yolo_yolov8s_20260715_234501,yolov8s.pt,/root/autodl-fs/datasets/DAIR-V2X_YOLO/dairv2x.yaml,train,51,3992.4930374622345,0.78044,0.43956,0.81985,0.85967,0.82855,0.88455,0.66016,0.76371,0.42689,0.81484,0.00042066499999999997,0.00042066499999999997,0.00042066499999999997,,
yolo_yolov8s_20260715_234501,yolo,yolo_yolov8s_20260715_234501,yolov8s.pt,/root/autodl-fs/datasets/DAIR-V2X_YOLO/dairv2x.yaml,train,52,4070.873744249344,0.77622,0.43725,0.81984,0.86181,0.83079,0.88258,0.65984,0.76129,0.42771,0.81388,0.00041241829999999995,0.00041241829999999995,0.00041241829999999995,,
yolo_yolov8s_20260715_234501,yolo,yolo_yolov8s_20260715_234501,yolov8s.pt,/root/autodl-fs/datasets/DAIR-V2X_YOLO/dairv2x.yaml,train,53,4149.937420368195,0.77581,0.43742,0.81915,0.86565,0.82654,0.88061,0.66064,0.76081,0.42697,0.8141,0.0004041716,0.0004041716,0.0004041716,,
yolo_yolov8s_20260715_234501,yolo,yolo_yolov8s_20260715_234501,yolov8s.pt,/root/autodl-fs/datasets/DAIR-V2X_YOLO/dairv2x.yaml,train,54,4227.7203249931335,0.77721,0.43649,0.81996,0.86496,0.8259,0.87774,0.65743,0.75908,0.4273,0.81404,0.0003959249,0.0003959249,0.0003959249,,
yolo_yolov8s_20260715_234501,yolo,yolo_yolov8s_20260715_234501,yolov8s.pt,/root/autodl-fs/datasets/DAIR-V2X_YOLO/dairv2x.yaml,train,55,4305.745710372925,0.77462,0.43545,0.81868,0.86328,0.82961,0.88171,0.66069,0.75913,0.42617,0.81417,0.0003876782,0.0003876782,0.0003876782,,
yolo_yolov8s_20260715_234501,yolo,yolo_yolov8s_20260715_234501,yolov8s.pt,/root/autodl-fs/datasets/DAIR-V2X_YOLO/dairv2x.yaml,train,56,4383.444807291031,0.77299,0.43535,0.81891,0.8701,0.82489,0.88109,0.66034,0.75944,0.42488,0.81403,0.00037943149999999996,0.00037943149999999996,0.00037943149999999996,,
yolo_yolov8s_20260715_234501,yolo,yolo_yolov8s_20260715_234501,yolov8s.pt,/root/autodl-fs/datasets/DAIR-V2X_YOLO/dairv2x.yaml,train,57,4462.205873966217,0.77315,0.43352,0.819,0.86155,0.83946,0.88394,0.66369,0.75742,0.42253,0.81379,0.00037118479999999994,0.00037118479999999994,0.00037118479999999994,,
yolo_yolov8s_20260715_234501,yolo,yolo_yolov8s_20260715_234501,yolov8s.pt,/root/autodl-fs/datasets/DAIR-V2X_YOLO/dairv2x.yaml,train,58,4540.727093696594,0.76715,0.43147,0.81829,0.86502,0.83379,0.8833,0.66053,0.75754,0.42351,0.81382,0.0003629381,0.0003629381,0.0003629381,,
yolo_yolov8s_20260715_234501,yolo,yolo_yolov8s_20260715_234501,yolov8s.pt,/root/autodl-fs/datasets/DAIR-V2X_YOLO/dairv2x.yaml,train,59,4618.177161455154,0.76848,0.43142,0.81808,0.8638,0.83381,0.88678,0.66692,0.75401,0.41923,0.81353,0.00035469140000000005,0.00035469140000000005,0.00035469140000000005,,
yolo_yolov8s_20260715_234501,yolo,yolo_yolov8s_20260715_234501,yolov8s.pt,/root/autodl-fs/datasets/DAIR-V2X_YOLO/dairv2x.yaml,train,60,4696.372498989105,0.76854,0.43042,0.8179,0.87266,0.83234,0.88832,0.66626,0.75237,0.41926,0.81314,0.00034644470000000003,0.00034644470000000003,0.00034644470000000003,,
yolo_yolov8s_20260715_234501,yolo,yolo_yolov8s_20260715_234501,yolov8s.pt,/root/autodl-fs/datasets/DAIR-V2X_YOLO/dairv2x.yaml,train,61,4774.609931707382,0.76578,0.43048,0.81732,0.86857,0.83001,0.88462,0.66431,0.75428,0.41899,0.81312,0.000338198,0.000338198,0.000338198,,
yolo_yolov8s_20260715_234501,yolo,yolo_yolov8s_20260715_234501,yolov8s.pt,/root/autodl-fs/datasets/DAIR-V2X_YOLO/dairv2x.yaml,train,62,4851.957705974579,0.76399,0.42765,0.81832,0.85638,0.83987,0.88452,0.66446,0.75314,0.41851,0.8131,0.0003299513,0.0003299513,0.0003299513,,
yolo_yolov8s_20260715_234501,yolo,yolo_yolov8s_20260715_234501,yolov8s.pt,/root/autodl-fs/datasets/DAIR-V2X_YOLO/dairv2x.yaml,train,63,4930.4834406375885,0.76171,0.4262,0.81677,0.86991,0.82732,0.88511,0.66709,0.75134,0.41866,0.81258,0.00032170459999999996,0.00032170459999999996,0.00032170459999999996,,
yolo_yolov8s_20260715_234501,yolo,yolo_yolov8s_20260715_234501,yolov8s.pt,/root/autodl-fs/datasets/DAIR-V2X_YOLO/dairv2x.yaml,train,64,5008.150135755539,0.76191,0.42556,0.81678,0.85841,0.83899,0.8845,0.66723,0.74966,0.4183,0.81247,0.0003134579,0.0003134579,0.0003134579,,
yolo_yolov8s_20260715_234501,yolo,yolo_yolov8s_20260715_234501,yolov8s.pt,/root/autodl-fs/datasets/DAIR-V2X_YOLO/dairv2x.yaml,train,65,5086.054504394531,0.75773,0.42247,0.8171,0.86438,0.82948,0.88344,0.66636,0.75179,0.41723,0.81279,0.0003052112,0.0003052112,0.0003052112,,
yolo_yolov8s_20260715_234501,yolo,yolo_yolov8s_20260715_234501,yolov8s.pt,/root/autodl-fs/datasets/DAIR-V2X_YOLO/dairv2x.yaml,train,66,5163.328114032745,0.75764,0.42311,0.81684,0.85364,0.84244,0.88473,0.66699,0.74888,0.41585,0.81263,0.0002969645,0.0002969645,0.0002969645,,
yolo_yolov8s_20260715_234501,yolo,yolo_yolov8s_20260715_234501,yolov8s.pt,/root/autodl-fs/datasets/DAIR-V2X_YOLO/dairv2x.yaml,train,67,5241.044982433319,0.75851,0.42179,0.81599,0.86009,0.83537,0.88409,0.66738,0.74973,0.41524,0.81257,0.00028871779999999997,0.00028871779999999997,0.00028871779999999997,,
yolo_yolov8s_20260715_234501,yolo,yolo_yolov8s_20260715_234501,yolov8s.pt,/root/autodl-fs/datasets/DAIR-V2X_YOLO/dairv2x.yaml,train,68,5319.84020113945,0.75595,0.42108,0.81598,0.86156,0.83683,0.88267,0.66663,0.74791,0.41534,0.81213,0.00028047109999999994,0.00028047109999999994,0.00028047109999999994,,
yolo_yolov8s_20260715_234501,yolo,yolo_yolov8s_20260715_234501,yolov8s.pt,/root/autodl-fs/datasets/DAIR-V2X_YOLO/dairv2x.yaml,train,69,5397.730189561844,0.75333,0.41823,0.81579,0.86821,0.83197,0.88668,0.66859,0.74969,0.41646,0.81259,0.0002722244,0.0002722244,0.0002722244,,
yolo_yolov8s_20260715_234501,yolo,yolo_yolov8s_20260715_234501,yolov8s.pt,/root/autodl-fs/datasets/DAIR-V2X_YOLO/dairv2x.yaml,train,70,5476.217821359634,0.75115,0.41649,0.81535,0.86099,0.83776,0.88545,0.66882,0.74883,0.41451,0.81198,0.00026397770000000006,0.00026397770000000006,0.00026397770000000006,,
yolo_yolov8s_20260715_234501,yolo,yolo_yolov8s_20260715_234501,yolov8s.pt,/root/autodl-fs/datasets/DAIR-V2X_YOLO/dairv2x.yaml,train,71,5553.795916557312,0.7551,0.41948,0.8159,0.86146,0.83696,0.88399,0.66763,0.74753,0.41343,0.81219,0.00025573100000000004,0.00025573100000000004,0.00025573100000000004,,
yolo_yolov8s_20260715_234501,yolo,yolo_yolov8s_20260715_234501,yolov8s.pt,/root/autodl-fs/datasets/DAIR-V2X_YOLO/dairv2x.yaml,train,72,5631.801481962204,0.75213,0.41596,0.81505,0.87016,0.83074,0.88539,0.66886,0.74847,0.41292,0.812,0.0002474843,0.0002474843,0.0002474843,,
yolo_yolov8s_20260715_234501,yolo,yolo_yolov8s_20260715_234501,yolov8s.pt,/root/autodl-fs/datasets/DAIR-V2X_YOLO/dairv2x.yaml,train,73,5709.922450304031,0.74754,0.41428,0.81484,0.86862,0.8324,0.88492,0.66915,0.74599,0.41166,0.81186,0.0002392376,0.0002392376,0.0002392376,,
yolo_yolov8s_20260715_234501,yolo,yolo_yolov8s_20260715_234501,yolov8s.pt,/root/autodl-fs/datasets/DAIR-V2X_YOLO/dairv2x.yaml,train,74,5788.311388015747,0.74836,0.41585,0.81507,0.86466,0.8374,0.88475,0.66883,0.74315,0.41135,0.81158,0.00023099090000000002,0.00023099090000000002,0.00023099090000000002,,
yolo_yolov8s_20260715_234501,yolo,yolo_yolov8s_20260715_234501,yolov8s.pt,/root/autodl-fs/datasets/DAIR-V2X_YOLO/dairv2x.yaml,train,75,5866.566177606583,0.7459,0.41228,0.81419,0.85968,0.83618,0.88239,0.66697,0.74519,0.41111,0.81179,0.00022274420000000002,0.00022274420000000002,0.00022274420000000002,,
yolo_yolov8s_20260715_234501,yolo,yolo_yolov8s_20260715_234501,yolov8s.pt,/root/autodl-fs/datasets/DAIR-V2X_YOLO/dairv2x.yaml,train,76,5945.269301652908,0.74443,0.41095,0.81485,0.8613,0.83845,0.88633,0.67017,0.74498,0.40916,0.81195,0.0002144975,0.0002144975,0.0002144975,,
yolo_yolov8s_20260715_234501,yolo,yolo_yolov8s_20260715_234501,yolov8s.pt,/root/autodl-fs/datasets/DAIR-V2X_YOLO/dairv2x.yaml,train,77,6023.705393791199,0.74201,0.41119,0.81478,0.86155,0.83913,0.88681,0.67024,0.74635,0.41001,0.81203,0.00020625079999999997,0.00020625079999999997,0.00020625079999999997,,
yolo_yolov8s_20260715_234501,yolo,yolo_yolov8s_20260715_234501,yolov8s.pt,/root/autodl-fs/datasets/DAIR-V2X_YOLO/dairv2x.yaml,train,78,6101.678961753845,0.742,0.40997,0.81469,0.86894,0.83339,0.88648,0.67036,0.74359,0.41065,0.81158,0.00019800409999999998,0.00019800409999999998,0.00019800409999999998,,
yolo_yolov8s_20260715_234501,yolo,yolo_yolov8s_20260715_234501,yolov8s.pt,/root/autodl-fs/datasets/DAIR-V2X_YOLO/dairv2x.yaml,train,79,6180.060517311096,0.73905,0.40834,0.81292,0.85962,0.84265,0.88508,0.67116,0.74045,0.40948,0.81112,0.00018975739999999998,0.00018975739999999998,0.00018975739999999998,,
yolo_yolov8s_20260715_234501,yolo,yolo_yolov8s_20260715_234501,yolov8s.pt,/root/autodl-fs/datasets/DAIR-V2X_YOLO/dairv2x.yaml,train,80,6258.106976032257,0.74008,0.40844,0.8132,0.86417,0.83751,0.88501,0.66965,0.74132,0.4094,0.8112,0.00018151069999999998,0.00018151069999999998,0.00018151069999999998,,
yolo_yolov8s_20260715_234501,yolo,yolo_yolov8s_20260715_234501,yolov8s.pt,/root/autodl-fs/datasets/DAIR-V2X_YOLO/dairv2x.yaml,train,81,6336.533141613007,0.73656,0.4063,0.81355,0.86508,0.83774,0.88622,0.67051,0.74145,0.40879,0.81122,0.00017326399999999996,0.00017326399999999996,0.00017326399999999996,,
yolo_yolov8s_20260715_234501,yolo,yolo_yolov8s_20260715_234501,yolov8s.pt,/root/autodl-fs/datasets/DAIR-V2X_YOLO/dairv2x.yaml,train,82,6414.084981918335,0.7353,0.40512,0.81332,0.8635,0.84147,0.88647,0.67277,0.74145,0.40782,0.81112,0.00016501729999999994,0.00016501729999999994,0.00016501729999999994,,
yolo_yolov8s_20260715_234501,yolo,yolo_yolov8s_20260715_234501,yolov8s.pt,/root/autodl-fs/datasets/DAIR-V2X_YOLO/dairv2x.yaml,train,83,6491.739700078964,0.73616,0.4042,0.81358,0.86129,0.84099,0.88513,0.67168,0.74194,0.40859,0.81095,0.00015677060000000005,0.00015677060000000005,0.00015677060000000005,,
yolo_yolov8s_20260715_234501,yolo,yolo_yolov8s_20260715_234501,yolov8s.pt,/root/autodl-fs/datasets/DAIR-V2X_YOLO/dairv2x.yaml,train,84,6570.390697717667,0.73403,0.40324,0.81269,0.8671,0.83774,0.88472,0.67058,0.74168,0.40952,0.81107,0.00014852390000000002,0.00014852390000000002,0.00014852390000000002,,
yolo_yolov8s_20260715_234501,yolo,yolo_yolov8s_20260715_234501,yolov8s.pt,/root/autodl-fs/datasets/DAIR-V2X_YOLO/dairv2x.yaml,train,85,6648.458173751831,0.73202,0.4021,0.81294,0.86182,0.84064,0.88589,0.67132,0.74143,0.41052,0.81116,0.00014027720000000003,0.00014027720000000003,0.00014027720000000003,,
yolo_yolov8s_20260715_234501,yolo,yolo_yolov8s_20260715_234501,yolov8s.pt,/root/autodl-fs/datasets/DAIR-V2X_YOLO/dairv2x.yaml,train,86,6726.447612047195,0.7323,0.40117,0.81203,0.86546,0.84196,0.88581,0.67214,0.73989,0.4086,0.81103,0.00013203050000000003,0.00013203050000000003,0.00013203050000000003,,
yolo_yolov8s_20260715_234501,yolo,yolo_yolov8s_20260715_234501,yolov8s.pt,/root/autodl-fs/datasets/DAIR-V2X_YOLO/dairv2x.yaml,train,87,6804.385019540787,0.73121,0.40033,0.81255,0.868,0.83691,0.88503,0.67157,0.74122,0.4085,0.81107,0.0001237838,0.0001237838,0.0001237838,,
yolo_yolov8s_20260715_234501,yolo,yolo_yolov8s_20260715_234501,yolov8s.pt,/root/autodl-fs/datasets/DAIR-V2X_YOLO/dairv2x.yaml,train,88,6882.398707866669,0.72772,0.39933,0.81244,0.86595,0.83507,0.88604,0.67224,0.7404,0.4082,0.81114,0.00011553710000000001,0.00011553710000000001,0.00011553710000000001,,
yolo_yolov8s_20260715_234501,yolo,yolo_yolov8s_20260715_234501,yolov8s.pt,/root/autodl-fs/datasets/DAIR-V2X_YOLO/dairv2x.yaml,train,89,6960.599370956421,0.72603,0.39827,0.81249,0.86395,0.83846,0.88604,0.67162,0.74093,0.40782,0.81104,0.0001072904,0.0001072904,0.0001072904,,
yolo_yolov8s_20260715_234501,yolo,yolo_yolov8s_20260715_234501,yolov8s.pt,/root/autodl-fs/datasets/DAIR-V2X_YOLO/dairv2x.yaml,train,90,7038.429037332535,0.7283,0.39859,0.81274,0.86196,0.84003,0.8847,0.67159,0.73949,0.40665,0.81096,9.904369999999997e-05,9.904369999999997e-05,9.904369999999997e-05,,
yolo_yolov8s_20260715_234501,yolo,yolo_yolov8s_20260715_234501,yolov8s.pt,/root/autodl-fs/datasets/DAIR-V2X_YOLO/dairv2x.yaml,train,91,7112.056991815567,0.70413,0.3865,0.8077,0.8642,0.8363,0.88401,0.66909,0.74474,0.40986,0.81179,9.079699999999998e-05,9.079699999999998e-05,9.079699999999998e-05,,
yolo_yolov8s_20260715_234501,yolo,yolo_yolov8s_20260715_234501,yolov8s.pt,/root/autodl-fs/datasets/DAIR-V2X_YOLO/dairv2x.yaml,train,92,7185.4224944114685,0.70124,0.38267,0.8061,0.86643,0.83233,0.88506,0.66939,0.74551,0.40986,0.81172,8.255029999999997e-05,8.255029999999997e-05,8.255029999999997e-05,,
yolo_yolov8s_20260715_234501,yolo,yolo_yolov8s_20260715_234501,yolov8s.pt,/root/autodl-fs/datasets/DAIR-V2X_YOLO/dairv2x.yaml,train,93,7257.399422645569,0.69615,0.38042,0.80634,0.86507,0.8322,0.88556,0.66947,0.74405,0.40939,0.81172,7.430359999999997e-05,7.430359999999997e-05,7.430359999999997e-05,,
yolo_yolov8s_20260715_234501,yolo,yolo_yolov8s_20260715_234501,yolov8s.pt,/root/autodl-fs/datasets/DAIR-V2X_YOLO/dairv2x.yaml,train,94,7329.60231757164,0.6948,0.37949,0.80701,0.86539,0.83382,0.88541,0.6701,0.74313,0.40884,0.81139,6.605689999999995e-05,6.605689999999995e-05,6.605689999999995e-05,,
yolo_yolov8s_20260715_234501,yolo,yolo_yolov8s_20260715_234501,yolov8s.pt,/root/autodl-fs/datasets/DAIR-V2X_YOLO/dairv2x.yaml,train,95,7402.157883167267,0.69188,0.37715,0.80581,0.86918,0.82978,0.88355,0.66956,0.74201,0.40899,0.81134,5.781020000000004e-05,5.781020000000004e-05,5.781020000000004e-05,,
yolo_yolov8s_20260715_234501,yolo,yolo_yolov8s_20260715_234501,yolov8s.pt,/root/autodl-fs/datasets/DAIR-V2X_YOLO/dairv2x.yaml,train,96,7475.031777620316,0.6908,0.37607,0.80572,0.86728,0.83231,0.8843,0.66997,0.74167,0.4083,0.81133,4.9563500000000035e-05,4.9563500000000035e-05,4.9563500000000035e-05,,
yolo_yolov8s_20260715_234501,yolo,yolo_yolov8s_20260715_234501,yolov8s.pt,/root/autodl-fs/datasets/DAIR-V2X_YOLO/dairv2x.yaml,train,97,7548.176435709,0.68994,0.37454,0.8053,0.87074,0.82804,0.88475,0.6702,0.74158,0.40791,0.81127,4.131680000000003e-05,4.131680000000003e-05,4.131680000000003e-05,,
yolo_yolov8s_20260715_234501,yolo,yolo_yolov8s_20260715_234501,yolov8s.pt,/root/autodl-fs/datasets/DAIR-V2X_YOLO/dairv2x.yaml,train,98,7620.652965784073,0.68829,0.37376,0.80506,0.86755,0.83026,0.88462,0.67079,0.74197,0.40768,0.8113,3.307010000000002e-05,3.307010000000002e-05,3.307010000000002e-05,,
yolo_yolov8s_20260715_234501,yolo,yolo_yolov8s_20260715_234501,yolov8s.pt,/root/autodl-fs/datasets/DAIR-V2X_YOLO/dairv2x.yaml,train,99,7692.287717580795,0.68491,0.37134,0.80444,0.87279,0.82756,0.88444,0.67065,0.74113,0.4077,0.8113,2.4823400000000017e-05,2.4823400000000017e-05,2.4823400000000017e-05,,
yolo_yolov8s_20260715_234501,yolo,yolo_yolov8s_20260715_234501,yolov8s.pt,/root/autodl-fs/datasets/DAIR-V2X_YOLO/dairv2x.yaml,train,100,7765.45592045784,0.68599,0.37193,0.80485,0.86902,0.82934,0.88484,0.67114,0.7409,0.40719,0.81124,1.6576700000000007e-05,1.6576700000000007e-05,1.6576700000000007e-05,,
yolo_v12m_20260716_040020,yolo,yolo_v12m_20260716_040020,yolo12m.pt,/root/autodl-fs/datasets/DAIR-V2X_YOLO/dairv2x.yaml,train,1,2304.453041791916,1.04251,0.88559,0.88881,0.80552,0.73578,0.8024,0.53961,0.96585,0.59608,0.85725,0.0002767879746835443,0.0002767879746835443,0.0002767879746835443,,
yolo_v12m_20260716_040020,yolo,yolo_v12m_20260716_040020,yolo12m.pt,/root/autodl-fs/datasets/DAIR-V2X_YOLO/dairv2x.yaml,train,2,5233.771282911301,0.98339,0.60875,0.87155,0.7913,0.74211,0.79393,0.54336,0.93181,0.58446,0.85088,0.0005489655404008439,0.0005489655404008439,0.0005489655404008439,,
yolo_v12m_20260716_040020,yolo,yolo_v12m_20260716_040020,yolo12m.pt,/root/autodl-fs/datasets/DAIR-V2X_YOLO/dairv2x.yaml,train,3,7448.6668219566345,0.97219,0.59016,0.86713,0.80808,0.7413,0.81417,0.5555,0.91476,0.5823,0.84928,0.0008156453061181434,0.0008156453061181434,0.0008156453061181434,,
yolo_v12m_20260716_040020,yolo,yolo_v12m_20260716_040020,yolo12m.pt,/root/autodl-fs/datasets/DAIR-V2X_YOLO/dairv2x.yaml,train,4,10076.650389432907,0.94173,0.56208,0.86,0.8293,0.77314,0.82705,0.57043,0.90634,0.53585,0.8455,0.0008082599,0.0008082599,0.0008082599,,
yolo_v12m_20260716_040020,yolo,yolo_v12m_20260716_040020,yolo12m.pt,/root/autodl-fs/datasets/DAIR-V2X_YOLO/dairv2x.yaml,train,5,12706.681838274002,0.92344,0.55044,0.85785,0.83131,0.77696,0.83567,0.58676,0.87507,0.5289,0.83687,0.0008000131999999999,0.0008000131999999999,0.0008000131999999999,,
yolo_v12m_20260716_040020,yolo,yolo_v12m_20260716_040020,yolo12m.pt,/root/autodl-fs/datasets/DAIR-V2X_YOLO/dairv2x.yaml,train,6,15160.28497338295,0.91003,0.53729,0.85407,0.81461,0.78975,0.84586,0.60556,0.85718,0.50749,0.8371,0.0007917665,0.0007917665,0.0007917665,,
yolo_v12m_20260716_040020,yolo,yolo_v12m_20260716_040020,yolo12m.pt,/root/autodl-fs/datasets/DAIR-V2X_YOLO/dairv2x.yaml,train,7,17664.73182606697,0.89835,0.52823,0.85232,0.83381,0.80711,0.8607,0.62104,0.84022,0.48492,0.83482,0.0007835197999999999,0.0007835197999999999,0.0007835197999999999,,
yolo_v12m_20260716_040020,yolo,yolo_v12m_20260716_040020,yolo12m.pt,/root/autodl-fs/datasets/DAIR-V2X_YOLO/dairv2x.yaml,train,8,20133.43655538559,0.88077,0.51208,0.84801,0.85666,0.79468,0.85993,0.62629,0.81975,0.47522,0.82997,0.0007752731,0.0007752731,0.0007752731,,
yolo_v12m_20260716_040020,yolo,yolo_v12m_20260716_040020,yolo12m.pt,/root/autodl-fs/datasets/DAIR-V2X_YOLO/dairv2x.yaml,train,9,22471.119317531586,0.85684,0.50136,0.84402,0.85694,0.80504,0.86365,0.62607,0.82462,0.48002,0.83109,0.0007670264,0.0007670264,0.0007670264,,
yolo_v12m_20260716_040020,yolo,yolo_v12m_20260716_040020,yolo12m.pt,/root/autodl-fs/datasets/DAIR-V2X_YOLO/dairv2x.yaml,train,10,25228.945920944214,0.85876,0.50383,0.84477,0.83682,0.80177,0.85488,0.61982,0.81236,0.47288,0.8302,0.0007587797,0.0007587797,0.0007587797,,
yolo_v12m_20260716_040020,yolo,yolo_v12m_20260716_040020,yolo12m.pt,/root/autodl-fs/datasets/DAIR-V2X_YOLO/dairv2x.yaml,train,11,28036.051144123077,0.85264,0.49852,0.84408,0.85266,0.80472,0.86472,0.63037,0.81523,0.46899,0.82956,0.000750533,0.000750533,0.000750533,,
yolo_v12m_20260716_040020,yolo,yolo_v12m_20260716_040020,yolo12m.pt,/root/autodl-fs/datasets/DAIR-V2X_YOLO/dairv2x.yaml,train,12,30908.08551645279,0.84098,0.48808,0.84177,0.84329,0.79988,0.85862,0.62088,0.82726,0.47415,0.82969,0.0007422863,0.0007422863,0.0007422863,,
yolo_v12m_20260716_040020,yolo,yolo_v12m_20260716_040020,yolo12m.pt,/root/autodl-fs/datasets/DAIR-V2X_YOLO/dairv2x.yaml,train,13,33407.678367853165,0.83541,0.48504,0.84066,0.85437,0.80349,0.86654,0.63374,0.79752,0.46642,0.8275,0.0007340396,0.0007340396,0.0007340396,,
yolo_v12m_20260716_040020,yolo,yolo_v12m_20260716_040020,yolo12m.pt,/root/autodl-fs/datasets/DAIR-V2X_YOLO/dairv2x.yaml,train,14,35769.31093287468,0.83246,0.4832,0.83958,0.84464,0.81606,0.86899,0.64108,0.79257,0.45811,0.82639,0.0007257928999999999,0.0007257928999999999,0.0007257928999999999,,
yolo_v12m_20260716_040020,yolo,yolo_v12m_20260716_040020,yolo12m.pt,/root/autodl-fs/datasets/DAIR-V2X_YOLO/dairv2x.yaml,train,15,38414.69232296944,0.82204,0.47643,0.83484,0.84465,0.81165,0.87245,0.64236,0.79023,0.45539,0.82524,0.0007175462,0.0007175462,0.0007175462,,
yolo_v12m_20260716_040020,yolo,yolo_v12m_20260716_040020,yolo12m.pt,/root/autodl-fs/datasets/DAIR-V2X_YOLO/dairv2x.yaml,train,16,41033.76157951355,0.81783,0.4723,0.83723,0.86287,0.81183,0.8771,0.65257,0.78063,0.44817,0.8227,0.0007092995,0.0007092995,0.0007092995,,
yolo_v12m_20260716_040020,yolo,yolo_v12m_20260716_040020,yolo12m.pt,/root/autodl-fs/datasets/DAIR-V2X_YOLO/dairv2x.yaml,train,17,43528.178139925,0.80804,0.46391,0.8343,0.86214,0.82147,0.87528,0.65257,0.77565,0.44246,0.82114,0.0007010528,0.0007010528,0.0007010528,,
yolo_v12m_20260716_040020,yolo,yolo_v12m_20260716_040020,yolo12m.pt,/root/autodl-fs/datasets/DAIR-V2X_YOLO/dairv2x.yaml,train,18,46641.18060541153,0.80961,0.46648,0.83425,0.84794,0.82792,0.8749,0.64786,0.77348,0.44254,0.82147,0.0006928061,0.0006928061,0.0006928061,,
yolo_v12m_20260716_040020,yolo,yolo_v12m_20260716_040020,yolo12m.pt,/root/autodl-fs/datasets/DAIR-V2X_YOLO/dairv2x.yaml,train,19,49274.27962231636,0.80364,0.46458,0.83387,0.85651,0.8284,0.8762,0.65159,0.7729,0.44281,0.82255,0.0006845594000000001,0.0006845594000000001,0.0006845594000000001,,
yolo_v12m_20260716_040020,yolo,yolo_v12m_20260716_040020,yolo12m.pt,/root/autodl-fs/datasets/DAIR-V2X_YOLO/dairv2x.yaml,train,20,51908.8603143692,0.80086,0.46149,0.83273,0.85108,0.82979,0.87608,0.64863,0.77493,0.44362,0.82142,0.0006763127,0.0006763127,0.0006763127,,
yolo_v12m_20260716_040020,yolo,yolo_v12m_20260716_040020,yolo12m.pt,/root/autodl-fs/datasets/DAIR-V2X_YOLO/dairv2x.yaml,train,21,54210.872779369354,0.79817,0.46125,0.83148,0.86584,0.82256,0.88064,0.6558,0.77115,0.43908,0.82171,0.000668066,0.000668066,0.000668066,,
yolo_v12m_20260716_040020,yolo,yolo_v12m_20260716_040020,yolo12m.pt,/root/autodl-fs/datasets/DAIR-V2X_YOLO/dairv2x.yaml,train,22,56941.02116250992,0.79467,0.45581,0.83114,0.86364,0.82557,0.88137,0.66027,0.7611,0.43189,0.81914,0.0006598193,0.0006598193,0.0006598193,,
yolo_v12m_20260716_040020,yolo,yolo_v12m_20260716_040020,yolo12m.pt,/root/autodl-fs/datasets/DAIR-V2X_YOLO/dairv2x.yaml,train,23,59411.237093925476,0.79269,0.45429,0.83051,0.86376,0.82222,0.88213,0.65861,0.77163,0.43695,0.82146,0.0006515726,0.0006515726,0.0006515726,,
yolo_v12m_20260716_040020,yolo,yolo_v12m_20260716_040020,yolo12m.pt,/root/autodl-fs/datasets/DAIR-V2X_YOLO/dairv2x.yaml,train,24,61787.852966308594,0.79007,0.45553,0.83159,0.85329,0.8263,0.88299,0.66024,0.76714,0.43718,0.81908,0.0006433259,0.0006433259,0.0006433259,,
yolo_v12m_20260716_040020,yolo,yolo_v12m_20260716_040020,yolo12m.pt,/root/autodl-fs/datasets/DAIR-V2X_YOLO/dairv2x.yaml,train,25,64487.797147512436,0.78701,0.45014,0.82938,0.86303,0.82424,0.8794,0.65819,0.76069,0.43519,0.81909,0.0006350791999999999,0.0006350791999999999,0.0006350791999999999,,
yolo_v12m_20260716_040020,yolo,yolo_v12m_20260716_040020,yolo12m.pt,/root/autodl-fs/datasets/DAIR-V2X_YOLO/dairv2x.yaml,train,26,67722.75754666328,0.78088,0.44597,0.82855,0.86802,0.82439,0.87596,0.65769,0.75805,0.43231,0.81807,0.0006268325,0.0006268325,0.0006268325,,
yolo_v12m_20260716_040020,yolo,yolo_v12m_20260716_040020,yolo12m.pt,/root/autodl-fs/datasets/DAIR-V2X_YOLO/dairv2x.yaml,train,27,70558.30829119682,0.78213,0.44455,0.82764,0.85842,0.83456,0.88096,0.66322,0.75353,0.42553,0.81904,0.0006185858,0.0006185858,0.0006185858,,
yolo_v12m_20260716_040020,yolo,yolo_v12m_20260716_040020,yolo12m.pt,/root/autodl-fs/datasets/DAIR-V2X_YOLO/dairv2x.yaml,train,28,73272.58498239517,0.78522,0.44837,0.83006,0.86473,0.8292,0.88151,0.66188,0.75181,0.42688,0.81731,0.0006103391,0.0006103391,0.0006103391,,
yolo_v12m_20260716_040020,yolo,yolo_v12m_20260716_040020,yolo12m.pt,/root/autodl-fs/datasets/DAIR-V2X_YOLO/dairv2x.yaml,train,29,76099.63685655594,0.77579,0.44241,0.82763,0.85721,0.83682,0.88423,0.66661,0.74962,0.42432,0.81777,0.0006020924,0.0006020924,0.0006020924,,
yolo_v12m_20260716_040020,yolo,yolo_v12m_20260716_040020,yolo12m.pt,/root/autodl-fs/datasets/DAIR-V2X_YOLO/dairv2x.yaml,train,30,78878.02625918388,0.77127,0.4402,0.82714,0.86465,0.8284,0.88312,0.66387,0.75268,0.42625,0.81861,0.0005938457,0.0005938457,0.0005938457,,
yolo_v12m_20260716_040020,yolo,yolo_v12m_20260716_040020,yolo12m.pt,/root/autodl-fs/datasets/DAIR-V2X_YOLO/dairv2x.yaml,train,31,81638.60858178139,0.77168,0.43918,0.82687,0.8605,0.83478,0.88814,0.66949,0.74994,0.41804,0.81742,0.0005855989999999999,0.0005855989999999999,0.0005855989999999999,,
yolo_v12m_20260716_040020,yolo,yolo_v12m_20260716_040020,yolo12m.pt,/root/autodl-fs/datasets/DAIR-V2X_YOLO/dairv2x.yaml,train,32,84616.99364709854,0.76664,0.43729,0.8252,0.86108,0.83675,0.89318,0.6764,0.74807,0.4179,0.81725,0.0005773522999999999,0.0005773522999999999,0.0005773522999999999,,
yolo_v12m_20260716_040020,yolo,yolo_v12m_20260716_040020,yolo12m.pt,/root/autodl-fs/datasets/DAIR-V2X_YOLO/dairv2x.yaml,train,33,87808.93590593338,0.76629,0.43512,0.82539,0.87483,0.83321,0.88753,0.67549,0.73703,0.4126,0.81553,0.0005691056,0.0005691056,0.0005691056,,
yolo_v12m_20260716_040020,yolo,yolo_v12m_20260716_040020,yolo12m.pt,/root/autodl-fs/datasets/DAIR-V2X_YOLO/dairv2x.yaml,train,34,90454.01435041428,0.76095,0.43146,0.82451,0.87087,0.83383,0.89001,0.67507,0.74006,0.41526,0.81536,0.0005608588999999999,0.0005608588999999999,0.0005608588999999999,,
yolo_v12m_20260716_040020,yolo,yolo_v12m_20260716_040020,yolo12m.pt,/root/autodl-fs/datasets/DAIR-V2X_YOLO/dairv2x.yaml,train,35,93335.53539657593,0.75976,0.43041,0.82415,0.87257,0.83079,0.89129,0.67619,0.7433,0.41567,0.81568,0.0005526121999999999,0.0005526121999999999,0.0005526121999999999,,
yolo_v12m_20260716_040020,yolo,yolo_v12m_20260716_040020,yolo12m.pt,/root/autodl-fs/datasets/DAIR-V2X_YOLO/dairv2x.yaml,train,36,96479.20037412643,0.75634,0.42712,0.82411,0.86687,0.83136,0.88749,0.67029,0.74284,0.41588,0.81497,0.0005443655,0.0005443655,0.0005443655,,
yolo_v12m_20260716_040020,yolo,yolo_v12m_20260716_040020,yolo12m.pt,/root/autodl-fs/datasets/DAIR-V2X_YOLO/dairv2x.yaml,train,37,99351.95525407791,0.7565,0.42775,0.823,0.85692,0.84198,0.89044,0.67494,0.7368,0.41238,0.81511,0.0005361188,0.0005361188,0.0005361188,,
yolo_v12m_20260716_040020,yolo,yolo_v12m_20260716_040020,yolo12m.pt,/root/autodl-fs/datasets/DAIR-V2X_YOLO/dairv2x.yaml,train,38,102190.30777978897,0.75716,0.42709,0.82397,0.86554,0.83828,0.89203,0.67653,0.74034,0.41471,0.81534,0.0005278721,0.0005278721,0.0005278721,,
yolo_v12m_20260716_040020,yolo,yolo_v12m_20260716_040020,yolo12m.pt,/root/autodl-fs/datasets/DAIR-V2X_YOLO/dairv2x.yaml,train,39,105129.23943853378,0.75203,0.42492,0.8237,0.87269,0.82616,0.89124,0.6785,0.73364,0.41159,0.8151,0.0005196254,0.0005196254,0.0005196254,,
yolo_v12m_20260716_040020,yolo,yolo_v12m_20260716_040020,yolo12m.pt,/root/autodl-fs/datasets/DAIR-V2X_YOLO/dairv2x.yaml,train,40,108170.95285010338,0.75415,0.42548,0.82237,0.86883,0.83057,0.88503,0.6712,0.7401,0.4127,0.81465,0.0005113787,0.0005113787,0.0005113787,,
yolo_v12m_20260716_040020,yolo,yolo_v12m_20260716_040020,yolo12m.pt,/root/autodl-fs/datasets/DAIR-V2X_YOLO/dairv2x.yaml,train,41,111119.61605143547,0.75097,0.42248,0.82313,0.8724,0.83301,0.89278,0.68118,0.7282,0.40881,0.81332,0.000503132,0.000503132,0.000503132,,
yolo_v12m_20260717_110653,yolo,yolo_v12m_20260717_110653,yolo12m.pt,/root/autodl-fs/datasets/DAIR-V2X_YOLO/dairv2x.yaml,train,1,225.58872532844543,1.04143,0.81804,0.88939,0.82835,0.73058,0.79209,0.5315,0.95769,0.57852,0.85575,0.00027722662440570525,0.00027722662440570525,0.00027722662440570525,,
yolo_v12m_20260717_110653,yolo,yolo_v12m_20260717_110653,yolo12m.pt,/root/autodl-fs/datasets/DAIR-V2X_YOLO/dairv2x.yaml,train,2,428.1118700504303,0.99041,0.60942,0.87474,0.81277,0.76726,0.81843,0.5668,0.92035,0.54746,0.84897,0.0005493998474907554,0.0005493998474907554,0.0005493998474907554,,
yolo_v12m_20260717_110653,yolo,yolo_v12m_20260717_110653,yolo12m.pt,/root/autodl-fs/datasets/DAIR-V2X_YOLO/dairv2x.yaml,train,3,628.3941924571991,0.96517,0.58473,0.86689,0.82032,0.77142,0.82578,0.57588,0.90337,0.5398,0.8459,0.0008160752705758056,0.0008160752705758056,0.0008160752705758056,,
yolo_v12m_20260717_110653,yolo,yolo_v12m_20260717_110653,yolo12m.pt,/root/autodl-fs/datasets/DAIR-V2X_YOLO/dairv2x.yaml,train,4,828.0600547790527,0.94497,0.56878,0.8624,0.83404,0.77519,0.839,0.5935,0.88229,0.51855,0.84287,0.0008082599,0.0008082599,0.0008082599,,
yolo_v12m_20260717_110653,yolo,yolo_v12m_20260717_110653,yolo12m.pt,/root/autodl-fs/datasets/DAIR-V2X_YOLO/dairv2x.yaml,train,5,1029.130767583847,0.91872,0.55003,0.85685,0.83055,0.79312,0.84501,0.60409,0.8543,0.50661,0.83629,0.0008000131999999999,0.0008000131999999999,0.0008000131999999999,,
yolo_v12m_20260717_110653,yolo,yolo_v12m_20260717_110653,yolo12m.pt,/root/autodl-fs/datasets/DAIR-V2X_YOLO/dairv2x.yaml,train,6,1231.8437187671661,0.90732,0.53813,0.85361,0.84477,0.78453,0.84807,0.60394,0.85608,0.49743,0.83574,0.0007917665,0.0007917665,0.0007917665,,
yolo_v12m_20260717_110653,yolo,yolo_v12m_20260717_110653,yolo12m.pt,/root/autodl-fs/datasets/DAIR-V2X_YOLO/dairv2x.yaml,train,7,1432.2975800037384,0.8916,0.5288,0.85127,0.84367,0.77852,0.8442,0.59538,0.88507,0.51385,0.84063,0.0007835197999999999,0.0007835197999999999,0.0007835197999999999,,
yolo_v12m_20260717_110653,yolo,yolo_v12m_20260717_110653,yolo12m.pt,/root/autodl-fs/datasets/DAIR-V2X_YOLO/dairv2x.yaml,train,8,1633.9852302074432,0.87677,0.5172,0.8479,0.84489,0.79323,0.85462,0.61845,0.82329,0.48234,0.83056,0.0007752731,0.0007752731,0.0007752731,,
yolo_v12m_20260717_110653,yolo,yolo_v12m_20260717_110653,yolo12m.pt,/root/autodl-fs/datasets/DAIR-V2X_YOLO/dairv2x.yaml,train,9,1835.2667438983917,0.86172,0.50581,0.84493,0.84602,0.8088,0.86357,0.63165,0.81022,0.47063,0.83056,0.0007670264,0.0007670264,0.0007670264,,
yolo_v12m_20260717_110653,yolo,yolo_v12m_20260717_110653,yolo12m.pt,/root/autodl-fs/datasets/DAIR-V2X_YOLO/dairv2x.yaml,train,10,2036.3002319335938,0.86056,0.5061,0.84394,0.85095,0.80042,0.85898,0.6231,0.81682,0.47639,0.82786,0.0007587797,0.0007587797,0.0007587797,,
yolo_v12m_20260717_110653,yolo,yolo_v12m_20260717_110653,yolo12m.pt,/root/autodl-fs/datasets/DAIR-V2X_YOLO/dairv2x.yaml,train,11,2235.622695207596,0.85625,0.49701,0.84394,0.84298,0.80958,0.86583,0.6328,0.80158,0.46531,0.82734,0.000750533,0.000750533,0.000750533,,
yolo_v12m_20260717_110653,yolo,yolo_v12m_20260717_110653,yolo12m.pt,/root/autodl-fs/datasets/DAIR-V2X_YOLO/dairv2x.yaml,train,12,2435.036321401596,0.83806,0.48677,0.84003,0.83393,0.81728,0.86601,0.63521,0.80518,0.46407,0.82817,0.0007422863,0.0007422863,0.0007422863,,
yolo_v12m_20260717_110653,yolo,yolo_v12m_20260717_110653,yolo12m.pt,/root/autodl-fs/datasets/DAIR-V2X_YOLO/dairv2x.yaml,train,13,2635.4956822395325,0.83897,0.48718,0.84049,0.86655,0.79461,0.86611,0.63555,0.8031,0.46214,0.82643,0.0007340396,0.0007340396,0.0007340396,,
yolo_v12m_20260717_110653,yolo,yolo_v12m_20260717_110653,yolo12m.pt,/root/autodl-fs/datasets/DAIR-V2X_YOLO/dairv2x.yaml,train,14,2837.061854839325,0.8301,0.48208,0.8382,0.85746,0.81677,0.87396,0.64972,0.78543,0.45368,0.82368,0.0007257928999999999,0.0007257928999999999,0.0007257928999999999,,
yolo_v12m_20260717_110653,yolo,yolo_v12m_20260717_110653,yolo12m.pt,/root/autodl-fs/datasets/DAIR-V2X_YOLO/dairv2x.yaml,train,15,3038.7643101215363,0.82813,0.47959,0.83767,0.85078,0.81988,0.87712,0.64857,0.79082,0.44415,0.82465,0.0007175462,0.0007175462,0.0007175462,,
yolo_v12m_20260717_110653,yolo,yolo_v12m_20260717_110653,yolo12m.pt,/root/autodl-fs/datasets/DAIR-V2X_YOLO/dairv2x.yaml,train,16,3241.362053155899,0.82335,0.47692,0.83617,0.85823,0.80924,0.87165,0.64719,0.78168,0.45022,0.82322,0.0007092995,0.0007092995,0.0007092995,,
yolo_v12m_20260717_110653,yolo,yolo_v12m_20260717_110653,yolo12m.pt,/root/autodl-fs/datasets/DAIR-V2X_YOLO/dairv2x.yaml,train,17,3445.079696416855,0.81828,0.47368,0.83661,0.861,0.81254,0.87513,0.6487,0.78193,0.44465,0.82299,0.0007010528,0.0007010528,0.0007010528,,
yolo_v12m_20260717_110653,yolo,yolo_v12m_20260717_110653,yolo12m.pt,/root/autodl-fs/datasets/DAIR-V2X_YOLO/dairv2x.yaml,train,18,3645.747705221176,0.81243,0.46967,0.83495,0.86141,0.82571,0.87955,0.65709,0.77451,0.4421,0.82129,0.0006928061,0.0006928061,0.0006928061,,
yolo_v12m_20260717_110653,yolo,yolo_v12m_20260717_110653,yolo12m.pt,/root/autodl-fs/datasets/DAIR-V2X_YOLO/dairv2x.yaml,train,19,3847.2207560539246,0.80789,0.46517,0.83387,0.86161,0.8175,0.88081,0.65854,0.76707,0.4367,0.8196,0.0006845594000000001,0.0006845594000000001,0.0006845594000000001,,
yolo_v12m_20260717_110653,yolo,yolo_v12m_20260717_110653,yolo12m.pt,/root/autodl-fs/datasets/DAIR-V2X_YOLO/dairv2x.yaml,train,20,4048.7088389396667,0.8048,0.46429,0.83343,0.86393,0.81858,0.87957,0.65521,0.77686,0.44099,0.82151,0.0006763127,0.0006763127,0.0006763127,,
yolo_v12m_20260717_110653,yolo,yolo_v12m_20260717_110653,yolo12m.pt,/root/autodl-fs/datasets/DAIR-V2X_YOLO/dairv2x.yaml,train,21,4250.410096406937,0.80098,0.46045,0.83261,0.85346,0.82539,0.87764,0.65448,0.77217,0.44008,0.82085,0.000668066,0.000668066,0.000668066,,
yolo_v12m_20260717_110653,yolo,yolo_v12m_20260717_110653,yolo12m.pt,/root/autodl-fs/datasets/DAIR-V2X_YOLO/dairv2x.yaml,train,22,4450.6674427986145,0.79823,0.45973,0.83258,0.85401,0.83113,0.88199,0.66104,0.76752,0.4342,0.82018,0.0006598193,0.0006598193,0.0006598193,,
yolo_v12m_20260717_110653,yolo,yolo_v12m_20260717_110653,yolo12m.pt,/root/autodl-fs/datasets/DAIR-V2X_YOLO/dairv2x.yaml,train,23,4649.1049699783325,0.79594,0.45823,0.83162,0.87047,0.81946,0.88123,0.66249,0.75561,0.42559,0.81793,0.0006515726,0.0006515726,0.0006515726,,
yolo_v12m_20260717_110653,yolo,yolo_v12m_20260717_110653,yolo12m.pt,/root/autodl-fs/datasets/DAIR-V2X_YOLO/dairv2x.yaml,train,24,4848.383154630661,0.78981,0.45402,0.83021,0.85416,0.83504,0.8793,0.65842,0.76658,0.43286,0.82012,0.0006433259,0.0006433259,0.0006433259,,
yolo_v12m_20260717_110653,yolo,yolo_v12m_20260717_110653,yolo12m.pt,/root/autodl-fs/datasets/DAIR-V2X_YOLO/dairv2x.yaml,train,25,5046.939588069916,0.78675,0.45264,0.8303,0.8689,0.82252,0.88059,0.66295,0.7592,0.42834,0.81882,0.0006350791999999999,0.0006350791999999999,0.0006350791999999999,,
yolo_v12m_20260717_110653,yolo,yolo_v12m_20260717_110653,yolo12m.pt,/root/autodl-fs/datasets/DAIR-V2X_YOLO/dairv2x.yaml,train,26,5246.027972698212,0.78523,0.45057,0.82987,0.86247,0.83134,0.88082,0.66397,0.76059,0.42885,0.8195,0.0006268325,0.0006268325,0.0006268325,,
yolo_v12m_20260717_110653,yolo,yolo_v12m_20260717_110653,yolo12m.pt,/root/autodl-fs/datasets/DAIR-V2X_YOLO/dairv2x.yaml,train,27,5445.412057638168,0.78888,0.45001,0.82921,0.86246,0.83229,0.88518,0.66772,0.75411,0.42295,0.81713,0.0006185858,0.0006185858,0.0006185858,,
yolo_v12m_20260717_110653,yolo,yolo_v12m_20260717_110653,yolo12m.pt,/root/autodl-fs/datasets/DAIR-V2X_YOLO/dairv2x.yaml,train,28,5644.915605306625,0.78095,0.4472,0.82866,0.86542,0.83021,0.88838,0.6681,0.75095,0.42443,0.81816,0.0006103391,0.0006103391,0.0006103391,,
yolo_v12m_20260717_110653,yolo,yolo_v12m_20260717_110653,yolo12m.pt,/root/autodl-fs/datasets/DAIR-V2X_YOLO/dairv2x.yaml,train,29,5844.108046531677,0.7805,0.44507,0.82888,0.86238,0.83113,0.88208,0.66678,0.75319,0.41894,0.81826,0.0006020924,0.0006020924,0.0006020924,,
yolo_v12m_20260717_110653,yolo,yolo_v12m_20260717_110653,yolo12m.pt,/root/autodl-fs/datasets/DAIR-V2X_YOLO/dairv2x.yaml,train,30,6042.655313253403,0.77649,0.43885,0.82821,0.85827,0.8399,0.88751,0.67302,0.7495,0.4172,0.81637,0.0005938457,0.0005938457,0.0005938457,,
yolo_v12m_20260717_110653,yolo,yolo_v12m_20260717_110653,yolo12m.pt,/root/autodl-fs/datasets/DAIR-V2X_YOLO/dairv2x.yaml,train,31,6241.69969534874,0.76938,0.43919,0.82562,0.86435,0.83417,0.88288,0.66836,0.75337,0.42055,0.81701,0.0005855989999999999,0.0005855989999999999,0.0005855989999999999,,
yolo_v12m_20260717_110653,yolo,yolo_v12m_20260717_110653,yolo12m.pt,/root/autodl-fs/datasets/DAIR-V2X_YOLO/dairv2x.yaml,train,32,6440.900551557541,0.77222,0.44174,0.82688,0.86673,0.83255,0.88846,0.67524,0.74623,0.41438,0.81597,0.0005773522999999999,0.0005773522999999999,0.0005773522999999999,,
yolo_v12m_20260717_110653,yolo,yolo_v12m_20260717_110653,yolo12m.pt,/root/autodl-fs/datasets/DAIR-V2X_YOLO/dairv2x.yaml,train,33,6643.635828495026,0.76951,0.43559,0.82696,0.86622,0.83505,0.88853,0.67573,0.73997,0.41193,0.81494,0.0005691056,0.0005691056,0.0005691056,,
yolo_v12m_20260717_110653,yolo,yolo_v12m_20260717_110653,yolo12m.pt,/root/autodl-fs/datasets/DAIR-V2X_YOLO/dairv2x.yaml,train,34,6843.837827682495,0.76924,0.43673,0.82689,0.8723,0.82437,0.88476,0.66729,0.75111,0.42424,0.81682,0.0005608588999999999,0.0005608588999999999,0.0005608588999999999,,
yolo_v12m_20260717_110653,yolo,yolo_v12m_20260717_110653,yolo12m.pt,/root/autodl-fs/datasets/DAIR-V2X_YOLO/dairv2x.yaml,train,35,7043.823358535767,0.77004,0.43564,0.82725,0.86333,0.83977,0.89054,0.67543,0.74057,0.41052,0.81559,0.0005526121999999999,0.0005526121999999999,0.0005526121999999999,,
yolo_v12m_20260717_110653,yolo,yolo_v12m_20260717_110653,yolo12m.pt,/root/autodl-fs/datasets/DAIR-V2X_YOLO/dairv2x.yaml,train,36,7242.82679605484,0.76531,0.43531,0.82614,0.86926,0.82539,0.884,0.66922,0.7468,0.41947,0.81613,0.0005443655,0.0005443655,0.0005443655,,
yolo_v12m_20260717_110653,yolo,yolo_v12m_20260717_110653,yolo12m.pt,/root/autodl-fs/datasets/DAIR-V2X_YOLO/dairv2x.yaml,train,37,7441.365704059601,0.76201,0.4311,0.82518,0.87243,0.83513,0.88793,0.67389,0.73756,0.41269,0.8143,0.0005361188,0.0005361188,0.0005361188,,
yolo_v12m_20260717_110653,yolo,yolo_v12m_20260717_110653,yolo12m.pt,/root/autodl-fs/datasets/DAIR-V2X_YOLO/dairv2x.yaml,train,38,7640.175974607468,0.75991,0.42884,0.82498,0.87269,0.83122,0.88683,0.67324,0.73854,0.41058,0.81498,0.0005278721,0.0005278721,0.0005278721,,
yolo_v12m_20260717_110653,yolo,yolo_v12m_20260717_110653,yolo12m.pt,/root/autodl-fs/datasets/DAIR-V2X_YOLO/dairv2x.yaml,train,39,7838.717592954636,0.7588,0.43023,0.8243,0.86565,0.83883,0.89138,0.67853,0.73659,0.40732,0.81502,0.0005196254,0.0005196254,0.0005196254,,
yolo_v12m_20260717_110653,yolo,yolo_v12m_20260717_110653,yolo12m.pt,/root/autodl-fs/datasets/DAIR-V2X_YOLO/dairv2x.yaml,train,40,8037.41051697731,0.75548,0.42751,0.82431,0.8682,0.83973,0.89067,0.67964,0.73433,0.40725,0.81474,0.0005113787,0.0005113787,0.0005113787,,
yolo_v12m_20260717_110653,yolo,yolo_v12m_20260717_110653,yolo12m.pt,/root/autodl-fs/datasets/DAIR-V2X_YOLO/dairv2x.yaml,train,41,8235.672229766846,0.75392,0.42544,0.824,0.86729,0.83746,0.89025,0.68237,0.73025,0.406,0.81413,0.000503132,0.000503132,0.000503132,,
yolo_v12m_20260717_110653,yolo,yolo_v12m_20260717_110653,yolo12m.pt,/root/autodl-fs/datasets/DAIR-V2X_YOLO/dairv2x.yaml,train,42,8434.514064788818,0.75153,0.42305,0.82376,0.86634,0.83831,0.88591,0.67557,0.73528,0.40823,0.81491,0.0004948853,0.0004948853,0.0004948853,,
yolo_v12m_20260717_110653,yolo,yolo_v12m_20260717_110653,yolo12m.pt,/root/autodl-fs/datasets/DAIR-V2X_YOLO/dairv2x.yaml,train,43,8632.632271051407,0.75269,0.42321,0.82322,0.85622,0.84429,0.88732,0.67646,0.73279,0.40745,0.81436,0.00048663860000000005,0.00048663860000000005,0.00048663860000000005,,
yolo_v12m_20260717_110653,yolo,yolo_v12m_20260717_110653,yolo12m.pt,/root/autodl-fs/datasets/DAIR-V2X_YOLO/dairv2x.yaml,train,44,8831.807124376297,0.74669,0.42035,0.8226,0.86445,0.84202,0.88797,0.68116,0.72755,0.40249,0.81317,0.00047839190000000003,0.00047839190000000003,0.00047839190000000003,,
yolo_v12m_20260717_110653,yolo,yolo_v12m_20260717_110653,yolo12m.pt,/root/autodl-fs/datasets/DAIR-V2X_YOLO/dairv2x.yaml,train,45,9030.31677365303,0.74855,0.42246,0.82121,0.85851,0.84768,0.89119,0.68203,0.72964,0.4056,0.81389,0.0004701452,0.0004701452,0.0004701452,,
yolo_v12m_20260717_110653,yolo,yolo_v12m_20260717_110653,yolo12m.pt,/root/autodl-fs/datasets/DAIR-V2X_YOLO/dairv2x.yaml,train,46,9229.194794178009,0.74416,0.4183,0.82141,0.87664,0.82983,0.88985,0.68248,0.72715,0.40251,0.81351,0.0004618985,0.0004618985,0.0004618985,,
yolo_v12m_20260717_110653,yolo,yolo_v12m_20260717_110653,yolo12m.pt,/root/autodl-fs/datasets/DAIR-V2X_YOLO/dairv2x.yaml,train,47,9427.711231470108,0.74654,0.41947,0.82118,0.8686,0.84366,0.89222,0.68711,0.72507,0.39846,0.81222,0.00045365180000000007,0.00045365180000000007,0.00045365180000000007,,
yolo_v12m_20260717_110653,yolo,yolo_v12m_20260717_110653,yolo12m.pt,/root/autodl-fs/datasets/DAIR-V2X_YOLO/dairv2x.yaml,train,48,9626.331724405289,0.74317,0.41673,0.82237,0.87749,0.83364,0.89192,0.68453,0.72528,0.40128,0.81312,0.00044540510000000004,0.00044540510000000004,0.00044540510000000004,,
yolo_v12m_20260717_110653,yolo,yolo_v12m_20260717_110653,yolo12m.pt,/root/autodl-fs/datasets/DAIR-V2X_YOLO/dairv2x.yaml,train,49,9824.950563669205,0.74237,0.417,0.82238,0.8817,0.82991,0.89271,0.68716,0.72384,0.39719,0.81214,0.0004371584,0.0004371584,0.0004371584,,
yolo_v12m_20260717_110653,yolo,yolo_v12m_20260717_110653,yolo12m.pt,/root/autodl-fs/datasets/DAIR-V2X_YOLO/dairv2x.yaml,train,50,10023.214126825333,0.73836,0.41547,0.82104,0.87581,0.83281,0.89205,0.68459,0.72363,0.40062,0.81257,0.0004289117,0.0004289117,0.0004289117,,
yolo_v12m_20260717_110653,yolo,yolo_v12m_20260717_110653,yolo12m.pt,/root/autodl-fs/datasets/DAIR-V2X_YOLO/dairv2x.yaml,train,51,10221.992738246918,0.73624,0.41087,0.82096,0.87425,0.83382,0.89223,0.68462,0.72415,0.3994,0.81258,0.00042066499999999997,0.00042066499999999997,0.00042066499999999997,,
yolo_v12m_20260717_110653,yolo,yolo_v12m_20260717_110653,yolo12m.pt,/root/autodl-fs/datasets/DAIR-V2X_YOLO/dairv2x.yaml,train,52,10420.445854663849,0.7318,0.40754,0.81984,0.87386,0.83352,0.89336,0.68692,0.72123,0.39733,0.81166,0.00041241829999999995,0.00041241829999999995,0.00041241829999999995,,
yolo_v12m_20260717_110653,yolo,yolo_v12m_20260717_110653,yolo12m.pt,/root/autodl-fs/datasets/DAIR-V2X_YOLO/dairv2x.yaml,train,53,10620.061432600021,0.73098,0.40964,0.81976,0.87104,0.83832,0.89359,0.68704,0.71954,0.39597,0.8121,0.0004041716,0.0004041716,0.0004041716,,
yolo_v12m_20260717_110653,yolo,yolo_v12m_20260717_110653,yolo12m.pt,/root/autodl-fs/datasets/DAIR-V2X_YOLO/dairv2x.yaml,train,54,10823.835933208466,0.73275,0.40872,0.82086,0.87207,0.83537,0.89147,0.68536,0.71981,0.39687,0.81279,0.0003959249,0.0003959249,0.0003959249,,
yolo_v12m_20260717_110653,yolo,yolo_v12m_20260717_110653,yolo12m.pt,/root/autodl-fs/datasets/DAIR-V2X_YOLO/dairv2x.yaml,train,55,11025.316711902618,0.72772,0.40526,0.81912,0.87083,0.84024,0.89613,0.69037,0.71488,0.39589,0.81169,0.0003876782,0.0003876782,0.0003876782,,
yolo_v12m_20260717_110653,yolo,yolo_v12m_20260717_110653,yolo12m.pt,/root/autodl-fs/datasets/DAIR-V2X_YOLO/dairv2x.yaml,train,56,11227.155153274536,0.7292,0.40786,0.82002,0.86719,0.84385,0.89414,0.68816,0.71692,0.39528,0.81254,0.00037943149999999996,0.00037943149999999996,0.00037943149999999996,,
yolo_v12m_20260717_110653,yolo,yolo_v12m_20260717_110653,yolo12m.pt,/root/autodl-fs/datasets/DAIR-V2X_YOLO/dairv2x.yaml,train,57,11434.120065927505,0.72585,0.40341,0.81926,0.8751,0.8371,0.89398,0.69179,0.71359,0.39452,0.81174,0.00037118479999999994,0.00037118479999999994,0.00037118479999999994,,
yolo_v12m_20260717_110653,yolo,yolo_v12m_20260717_110653,yolo12m.pt,/root/autodl-fs/datasets/DAIR-V2X_YOLO/dairv2x.yaml,train,58,11638.070501565933,0.72309,0.40085,0.81944,0.8729,0.83955,0.89458,0.69001,0.71563,0.39408,0.81146,0.0003629381,0.0003629381,0.0003629381,,
yolo_v12m_20260717_110653,yolo,yolo_v12m_20260717_110653,yolo12m.pt,/root/autodl-fs/datasets/DAIR-V2X_YOLO/dairv2x.yaml,train,59,11837.81048297882,0.72594,0.40229,0.81867,0.86599,0.84193,0.89403,0.69059,0.71496,0.39409,0.81155,0.00035469140000000005,0.00035469140000000005,0.00035469140000000005,,
yolo_v12m_20260717_110653,yolo,yolo_v12m_20260717_110653,yolo12m.pt,/root/autodl-fs/datasets/DAIR-V2X_YOLO/dairv2x.yaml,train,60,12037.918044090271,0.7192,0.39901,0.81816,0.87435,0.84195,0.89515,0.68958,0.71136,0.39,0.81061,0.00034644470000000003,0.00034644470000000003,0.00034644470000000003,,
yolo_v12m_20260717_110653,yolo,yolo_v12m_20260717_110653,yolo12m.pt,/root/autodl-fs/datasets/DAIR-V2X_YOLO/dairv2x.yaml,train,61,12238.074467420578,0.71993,0.39871,0.81752,0.87968,0.84015,0.89563,0.69216,0.713,0.39066,0.8108,0.000338198,0.000338198,0.000338198,,
yolo_v12m_20260717_110653,yolo,yolo_v12m_20260717_110653,yolo12m.pt,/root/autodl-fs/datasets/DAIR-V2X_YOLO/dairv2x.yaml,train,62,12440.8128759861,0.72078,0.39699,0.81763,0.87613,0.843,0.89376,0.69166,0.71351,0.3887,0.8114,0.0003299513,0.0003299513,0.0003299513,,
yolo_v12m_20260717_110653,yolo,yolo_v12m_20260717_110653,yolo12m.pt,/root/autodl-fs/datasets/DAIR-V2X_YOLO/dairv2x.yaml,train,63,12641.815621137619,0.71569,0.39488,0.81618,0.87221,0.84674,0.89556,0.69322,0.70982,0.38858,0.81058,0.00032170459999999996,0.00032170459999999996,0.00032170459999999996,,
yolo_v12m_20260717_110653,yolo,yolo_v12m_20260717_110653,yolo12m.pt,/root/autodl-fs/datasets/DAIR-V2X_YOLO/dairv2x.yaml,train,64,12842.156340360641,0.71662,0.39386,0.81632,0.87045,0.84181,0.896,0.69347,0.70926,0.38658,0.81088,0.0003134579,0.0003134579,0.0003134579,,
yolo_v12m_20260717_110653,yolo,yolo_v12m_20260717_110653,yolo12m.pt,/root/autodl-fs/datasets/DAIR-V2X_YOLO/dairv2x.yaml,train,65,13044.912728786469,0.71416,0.39391,0.81658,0.86324,0.84868,0.89504,0.69333,0.70895,0.38787,0.81065,0.0003052112,0.0003052112,0.0003052112,,
yolo_v12m_20260717_110653,yolo,yolo_v12m_20260717_110653,yolo12m.pt,/root/autodl-fs/datasets/DAIR-V2X_YOLO/dairv2x.yaml,train,66,13246.696178913116,0.71244,0.3931,0.81632,0.87238,0.84521,0.89715,0.69681,0.707,0.38575,0.81058,0.0002969645,0.0002969645,0.0002969645,,
yolo_v12m_20260717_110653,yolo,yolo_v12m_20260717_110653,yolo12m.pt,/root/autodl-fs/datasets/DAIR-V2X_YOLO/dairv2x.yaml,train,67,13448.765275001526,0.71189,0.39216,0.81617,0.86709,0.84851,0.89687,0.69649,0.70687,0.38699,0.81067,0.00028871779999999997,0.00028871779999999997,0.00028871779999999997,,
yolo_v12m_20260717_110653,yolo,yolo_v12m_20260717_110653,yolo12m.pt,/root/autodl-fs/datasets/DAIR-V2X_YOLO/dairv2x.yaml,train,68,13648.132515668869,0.71026,0.38987,0.81539,0.86501,0.85158,0.89512,0.69437,0.70643,0.38821,0.81034,0.00028047109999999994,0.00028047109999999994,0.00028047109999999994,,
yolo_v12m_20260717_110653,yolo,yolo_v12m_20260717_110653,yolo12m.pt,/root/autodl-fs/datasets/DAIR-V2X_YOLO/dairv2x.yaml,train,69,13851.782180309296,0.7091,0.3889,0.81473,0.86826,0.85227,0.89736,0.69647,0.70555,0.38613,0.80985,0.0002722244,0.0002722244,0.0002722244,,
yolo_v12m_20260717_110653,yolo,yolo_v12m_20260717_110653,yolo12m.pt,/root/autodl-fs/datasets/DAIR-V2X_YOLO/dairv2x.yaml,train,70,14052.71474146843,0.70683,0.38686,0.8156,0.8669,0.84957,0.89582,0.69547,0.70533,0.38552,0.80992,0.00026397770000000006,0.00026397770000000006,0.00026397770000000006,,
yolo_v12m_20260717_110653,yolo,yolo_v12m_20260717_110653,yolo12m.pt,/root/autodl-fs/datasets/DAIR-V2X_YOLO/dairv2x.yaml,train,71,14254.169105768204,0.7057,0.38577,0.81565,0.86573,0.84926,0.89731,0.6968,0.70575,0.38459,0.8105,0.00025573100000000004,0.00025573100000000004,0.00025573100000000004,,
yolo_v12m_20260717_110653,yolo,yolo_v12m_20260717_110653,yolo12m.pt,/root/autodl-fs/datasets/DAIR-V2X_YOLO/dairv2x.yaml,train,72,14455.300333738327,0.70564,0.38574,0.81523,0.86239,0.8523,0.897,0.6967,0.70654,0.38631,0.81059,0.0002474843,0.0002474843,0.0002474843,,
yolo_v12m_20260717_110653,yolo,yolo_v12m_20260717_110653,yolo12m.pt,/root/autodl-fs/datasets/DAIR-V2X_YOLO/dairv2x.yaml,train,73,14654.913642644882,0.70544,0.38567,0.81567,0.8771,0.84595,0.89895,0.69879,0.70497,0.38492,0.81027,0.0002392376,0.0002392376,0.0002392376,,
yolo_v12m_20260717_110653,yolo,yolo_v12m_20260717_110653,yolo12m.pt,/root/autodl-fs/datasets/DAIR-V2X_YOLO/dairv2x.yaml,train,74,14854.096837997437,0.70254,0.38285,0.81422,0.8737,0.84609,0.89664,0.69714,0.70434,0.38568,0.80991,0.00023099090000000002,0.00023099090000000002,0.00023099090000000002,,
yolo_v12m_20260717_110653,yolo,yolo_v12m_20260717_110653,yolo12m.pt,/root/autodl-fs/datasets/DAIR-V2X_YOLO/dairv2x.yaml,train,75,15053.368040084839,0.69928,0.38015,0.81356,0.87413,0.84981,0.89964,0.69801,0.70392,0.38389,0.81012,0.00022274420000000002,0.00022274420000000002,0.00022274420000000002,,
yolo_v12m_20260717_110653,yolo,yolo_v12m_20260717_110653,yolo12m.pt,/root/autodl-fs/datasets/DAIR-V2X_YOLO/dairv2x.yaml,train,76,15256.836478710175,0.69966,0.38137,0.81416,0.87282,0.84723,0.89826,0.69841,0.70271,0.38299,0.80966,0.0002144975,0.0002144975,0.0002144975,,
yolo_v12m_20260717_110653,yolo,yolo_v12m_20260717_110653,yolo12m.pt,/root/autodl-fs/datasets/DAIR-V2X_YOLO/dairv2x.yaml,train,77,15458.558040380478,0.69719,0.37852,0.81381,0.87164,0.84939,0.89838,0.69736,0.70339,0.38392,0.80983,0.00020625079999999997,0.00020625079999999997,0.00020625079999999997,,
yolo_v12m_20260717_110653,yolo,yolo_v12m_20260717_110653,yolo12m.pt,/root/autodl-fs/datasets/DAIR-V2X_YOLO/dairv2x.yaml,train,78,15659.470606088638,0.69296,0.3753,0.81312,0.87254,0.8462,0.89762,0.69851,0.70324,0.38327,0.80972,0.00019800409999999998,0.00019800409999999998,0.00019800409999999998,,
yolo_v12m_20260717_110653,yolo,yolo_v12m_20260717_110653,yolo12m.pt,/root/autodl-fs/datasets/DAIR-V2X_YOLO/dairv2x.yaml,train,79,15861.354216814041,0.69368,0.37488,0.8137,0.87256,0.85017,0.89601,0.6958,0.7034,0.38325,0.81011,0.00018975739999999998,0.00018975739999999998,0.00018975739999999998,,
yolo_v12m_20260717_110653,yolo,yolo_v12m_20260717_110653,yolo12m.pt,/root/autodl-fs/datasets/DAIR-V2X_YOLO/dairv2x.yaml,train,80,16061.19648361206,0.69398,0.37531,0.81268,0.87638,0.8441,0.89607,0.69767,0.70074,0.38257,0.80916,0.00018151069999999998,0.00018151069999999998,0.00018151069999999998,,
yolo_v12m_20260717_110653,yolo,yolo_v12m_20260717_110653,yolo12m.pt,/root/autodl-fs/datasets/DAIR-V2X_YOLO/dairv2x.yaml,train,81,16260.35644030571,0.69334,0.37545,0.8124,0.87577,0.84522,0.89724,0.69845,0.70088,0.38219,0.80901,0.00017326399999999996,0.00017326399999999996,0.00017326399999999996,,
yolo_v12m_20260717_110653,yolo,yolo_v12m_20260717_110653,yolo12m.pt,/root/autodl-fs/datasets/DAIR-V2X_YOLO/dairv2x.yaml,train,82,16459.89933490753,0.69057,0.37305,0.81223,0.87905,0.84041,0.89567,0.69653,0.70073,0.38199,0.80878,0.00016501729999999994,0.00016501729999999994,0.00016501729999999994,,
yolo_v12m_20260717_110653,yolo,yolo_v12m_20260717_110653,yolo12m.pt,/root/autodl-fs/datasets/DAIR-V2X_YOLO/dairv2x.yaml,train,83,16659.814861297607,0.68936,0.3719,0.81216,0.87319,0.84719,0.89755,0.69813,0.70141,0.38234,0.80941,0.00015677060000000005,0.00015677060000000005,0.00015677060000000005,,
yolo_v12m_20260717_110653,yolo,yolo_v12m_20260717_110653,yolo12m.pt,/root/autodl-fs/datasets/DAIR-V2X_YOLO/dairv2x.yaml,train,84,16858.539056777954,0.68542,0.36866,0.81188,0.86987,0.85115,0.8973,0.69819,0.69973,0.38183,0.80902,0.00014852390000000002,0.00014852390000000002,0.00014852390000000002,,
yolo_v12m_20260717_110653,yolo,yolo_v12m_20260717_110653,yolo12m.pt,/root/autodl-fs/datasets/DAIR-V2X_YOLO/dairv2x.yaml,train,85,17057.977043151855,0.68351,0.3679,0.81125,0.87505,0.84601,0.89682,0.69834,0.69828,0.38131,0.80879,0.00014027720000000003,0.00014027720000000003,0.00014027720000000003,,
yolo_v12m_20260717_110653,yolo,yolo_v12m_20260717_110653,yolo12m.pt,/root/autodl-fs/datasets/DAIR-V2X_YOLO/dairv2x.yaml,train,86,17257.777459859848,0.6874,0.36843,0.8113,0.87,0.84768,0.89671,0.69856,0.70004,0.383,0.80885,0.00013203050000000003,0.00013203050000000003,0.00013203050000000003,,
yolo_v12m_20260717_110653,yolo,yolo_v12m_20260717_110653,yolo12m.pt,/root/autodl-fs/datasets/DAIR-V2X_YOLO/dairv2x.yaml,train,87,17457.9175863266,0.67941,0.36586,0.81041,0.87509,0.84566,0.89756,0.69901,0.7001,0.38097,0.80888,0.0001237838,0.0001237838,0.0001237838,,
yolo_v12m_20260717_110653,yolo,yolo_v12m_20260717_110653,yolo12m.pt,/root/autodl-fs/datasets/DAIR-V2X_YOLO/dairv2x.yaml,train,88,17657.90467429161,0.68027,0.36586,0.81107,0.87893,0.84284,0.89799,0.69834,0.70006,0.38156,0.80915,0.00011553710000000001,0.00011553710000000001,0.00011553710000000001,,
yolo_v12m_20260717_110653,yolo,yolo_v12m_20260717_110653,yolo12m.pt,/root/autodl-fs/datasets/DAIR-V2X_YOLO/dairv2x.yaml,train,89,17856.812207460403,0.68028,0.36374,0.81206,0.88109,0.84189,0.89665,0.69828,0.69941,0.38038,0.80922,0.0001072904,0.0001072904,0.0001072904,,
yolo_v12m_20260717_110653,yolo,yolo_v12m_20260717_110653,yolo12m.pt,/root/autodl-fs/datasets/DAIR-V2X_YOLO/dairv2x.yaml,train,90,18059.263687849045,0.68023,0.36396,0.81094,0.88076,0.84127,0.89665,0.6984,0.69953,0.38135,0.80897,9.904369999999997e-05,9.904369999999997e-05,9.904369999999997e-05,,
yolo_v12m_20260717_110653,yolo,yolo_v12m_20260717_110653,yolo12m.pt,/root/autodl-fs/datasets/DAIR-V2X_YOLO/dairv2x.yaml,train,91,18257.859144210815,0.65956,0.35373,0.80706,0.87752,0.84041,0.89413,0.69557,0.70419,0.38555,0.80973,9.079699999999998e-05,9.079699999999998e-05,9.079699999999998e-05,,
yolo_v12m_20260717_110653,yolo,yolo_v12m_20260717_110653,yolo12m.pt,/root/autodl-fs/datasets/DAIR-V2X_YOLO/dairv2x.yaml,train,92,18455.630882024765,0.65686,0.35176,0.80519,0.87596,0.84182,0.89405,0.69543,0.70347,0.38537,0.8095,8.255029999999997e-05,8.255029999999997e-05,8.255029999999997e-05,,
yolo_v12m_20260717_110653,yolo,yolo_v12m_20260717_110653,yolo12m.pt,/root/autodl-fs/datasets/DAIR-V2X_YOLO/dairv2x.yaml,train,93,18654.694470643997,0.6554,0.35045,0.80372,0.87566,0.843,0.89386,0.69511,0.70304,0.38542,0.80953,7.430359999999997e-05,7.430359999999997e-05,7.430359999999997e-05,,
yolo_v12m_20260717_110653,yolo,yolo_v12m_20260717_110653,yolo12m.pt,/root/autodl-fs/datasets/DAIR-V2X_YOLO/dairv2x.yaml,train,94,18851.771009922028,0.65234,0.34878,0.80501,0.87633,0.84355,0.89414,0.69564,0.70275,0.3845,0.80945,6.605689999999995e-05,6.605689999999995e-05,6.605689999999995e-05,,
yolo_v12m_20260717_110653,yolo,yolo_v12m_20260717_110653,yolo12m.pt,/root/autodl-fs/datasets/DAIR-V2X_YOLO/dairv2x.yaml,train,95,19049.531137943268,0.65073,0.34642,0.80402,0.87121,0.84691,0.89347,0.69565,0.70231,0.38435,0.80949,5.781020000000004e-05,5.781020000000004e-05,5.781020000000004e-05,,
yolo_v12m_20260717_110653,yolo,yolo_v12m_20260717_110653,yolo12m.pt,/root/autodl-fs/datasets/DAIR-V2X_YOLO/dairv2x.yaml,train,96,19248.258707523346,0.64714,0.34386,0.80372,0.87348,0.84383,0.89352,0.69602,0.70211,0.38458,0.80959,4.9563500000000035e-05,4.9563500000000035e-05,4.9563500000000035e-05,,
yolo_v12m_20260717_110653,yolo,yolo_v12m_20260717_110653,yolo12m.pt,/root/autodl-fs/datasets/DAIR-V2X_YOLO/dairv2x.yaml,train,97,19443.817987442017,0.64787,0.3431,0.80408,0.8747,0.84195,0.89368,0.69535,0.70265,0.38394,0.80959,4.131680000000003e-05,4.131680000000003e-05,4.131680000000003e-05,,
yolo_v12m_20260717_110653,yolo,yolo_v12m_20260717_110653,yolo12m.pt,/root/autodl-fs/datasets/DAIR-V2X_YOLO/dairv2x.yaml,train,98,19643.139749526978,0.64548,0.34276,0.80383,0.8723,0.84427,0.89502,0.69614,0.70195,0.38394,0.80962,3.307010000000002e-05,3.307010000000002e-05,3.307010000000002e-05,,
yolo_v12m_20260717_110653,yolo,yolo_v12m_20260717_110653,yolo12m.pt,/root/autodl-fs/datasets/DAIR-V2X_YOLO/dairv2x.yaml,train,99,19838.68623661995,0.64335,0.3407,0.80302,0.8695,0.8502,0.89517,0.69704,0.70128,0.38354,0.80948,2.4823400000000017e-05,2.4823400000000017e-05,2.4823400000000017e-05,,
yolo_v12m_20260717_110653,yolo,yolo_v12m_20260717_110653,yolo12m.pt,/root/autodl-fs/datasets/DAIR-V2X_YOLO/dairv2x.yaml,train,100,20032.89449620247,0.64289,0.33998,0.80305,0.87293,0.8462,0.89438,0.69683,0.70113,0.38331,0.80958,1.6576700000000007e-05,1.6576700000000007e-05,1.6576700000000007e-05,,
yolo_yolov5m_20260717_203322,yolo,yolo_yolov5m_20260717_203322,yolov5m.pt,/root/autodl-fs/datasets/DAIR-V2X_YOLO/dairv2x.yaml,train,1,132.9529948234558,1.07712,0.8305,0.89138,0.82306,0.72763,0.79983,0.54257,0.93747,0.57042,0.84742,0.00027722662440570525,0.00027722662440570525,0.00027722662440570525,,
yolo_v12n_20260717_224615,yolo,yolo_v12n_20260717_224615,yolo12n.pt,/root/autodl-fs/datasets/DAIR-V2X_YOLO/dairv2x.yaml,train,1,89.69726037979126,1.48628,2.06537,0.95876,0.63248,0.54881,0.55851,0.32535,1.2021,0.89026,0.89108,0.0002767879746835443,0.0002767879746835443,0.0002767879746835443,,
yolo_v12n_20260717_224615,yolo,yolo_v12n_20260717_224615,yolo12n.pt,/root/autodl-fs/datasets/DAIR-V2X_YOLO/dairv2x.yaml,train,2,160.7561218738556,1.24358,0.94735,0.91676,0.74687,0.62579,0.68431,0.42798,1.11529,0.77614,0.87714,0.0005489655404008439,0.0005489655404008439,0.0005489655404008439,,
yolo_v12n_20260717_224615,yolo,yolo_v12n_20260717_224615,yolo12n.pt,/root/autodl-fs/datasets/DAIR-V2X_YOLO/dairv2x.yaml,train,3,230.83141350746155,1.18851,0.85322,0.9053,0.74611,0.65116,0.70199,0.44733,1.09835,0.77794,0.87523,0.0008156453061181434,0.0008156453061181434,0.0008156453061181434,,
yolo_v12n_20260717_224615,yolo,yolo_v12n_20260717_224615,yolo12n.pt,/root/autodl-fs/datasets/DAIR-V2X_YOLO/dairv2x.yaml,train,4,299.459130525589,1.15023,0.79631,0.89644,0.76604,0.68706,0.74018,0.47552,1.05352,0.69135,0.86854,0.0008082599,0.0008082599,0.0008082599,,
yolo_v12n_20260717_224615,yolo,yolo_v12n_20260717_224615,yolo12n.pt,/root/autodl-fs/datasets/DAIR-V2X_YOLO/dairv2x.yaml,train,5,367.97365617752075,1.11928,0.75568,0.89262,0.76751,0.69276,0.74513,0.48141,1.06291,0.68791,0.86687,0.0008000131999999999,0.0008000131999999999,0.0008000131999999999,,
yolo_v12n_20260717_224615,yolo,yolo_v12n_20260717_224615,yolo12n.pt,/root/autodl-fs/datasets/DAIR-V2X_YOLO/dairv2x.yaml,train,6,436.56677746772766,1.09942,0.72654,0.88609,0.77122,0.71246,0.7609,0.49597,1.01652,0.65629,0.86199,0.0007917665,0.0007917665,0.0007917665,,
yolo_v12n_20260717_224615,yolo,yolo_v12n_20260717_224615,yolo12n.pt,/root/autodl-fs/datasets/DAIR-V2X_YOLO/dairv2x.yaml,train,7,505.18351316452026,1.08189,0.70408,0.88287,0.78672,0.72669,0.77714,0.51133,1.00708,0.63186,0.85789,0.0007835197999999999,0.0007835197999999999,0.0007835197999999999,,
yolo_v12n_20260717_224615,yolo,yolo_v12n_20260717_224615,yolo12n.pt,/root/autodl-fs/datasets/DAIR-V2X_YOLO/dairv2x.yaml,train,8,574.8823792934418,1.0615,0.68031,0.87893,0.79159,0.72991,0.77891,0.51567,0.99472,0.61807,0.85658,0.0007752731,0.0007752731,0.0007752731,,
yolo_v12n_20260717_224615,yolo,yolo_v12n_20260717_224615,yolo12n.pt,/root/autodl-fs/datasets/DAIR-V2X_YOLO/dairv2x.yaml,train,9,645.2084538936615,1.05308,0.66834,0.87642,0.78369,0.72417,0.78441,0.51839,0.99116,0.60893,0.85431,0.0007670264,0.0007670264,0.0007670264,,
yolo_v12n_20260717_224615,yolo,yolo_v12n_20260717_224615,yolo12n.pt,/root/autodl-fs/datasets/DAIR-V2X_YOLO/dairv2x.yaml,train,10,715.3354153633118,1.03699,0.65594,0.87446,0.80047,0.72103,0.78462,0.52913,0.96921,0.59736,0.84933,0.0007587797,0.0007587797,0.0007587797,,
yolo_v12n_20260717_224615,yolo,yolo_v12n_20260717_224615,yolo12n.pt,/root/autodl-fs/datasets/DAIR-V2X_YOLO/dairv2x.yaml,train,11,784.8877575397491,1.03411,0.64658,0.87191,0.80299,0.74067,0.79602,0.53903,0.96207,0.58626,0.8483,0.000750533,0.000750533,0.000750533,,
yolo_v12n_20260717_224615,yolo,yolo_v12n_20260717_224615,yolo12n.pt,/root/autodl-fs/datasets/DAIR-V2X_YOLO/dairv2x.yaml,train,12,853.7434949874878,1.01623,0.63205,0.86888,0.809,0.72988,0.78823,0.52748,0.96289,0.59299,0.84933,0.0007422863,0.0007422863,0.0007422863,,
yolo_v12n_20260717_224615,yolo,yolo_v12n_20260717_224615,yolo12n.pt,/root/autodl-fs/datasets/DAIR-V2X_YOLO/dairv2x.yaml,train,13,922.7306516170502,1.01564,0.63,0.86844,0.81333,0.73434,0.80314,0.54353,0.94525,0.58051,0.84662,0.0007340396,0.0007340396,0.0007340396,,
yolo_v12n_20260717_224615,yolo,yolo_v12n_20260717_224615,yolo12n.pt,/root/autodl-fs/datasets/DAIR-V2X_YOLO/dairv2x.yaml,train,14,991.569765329361,1.00552,0.62021,0.86588,0.80983,0.74263,0.80023,0.54156,0.96007,0.58049,0.85009,0.0007257928999999999,0.0007257928999999999,0.0007257928999999999,,
yolo_v12n_20260717_224615,yolo,yolo_v12n_20260717_224615,yolo12n.pt,/root/autodl-fs/datasets/DAIR-V2X_YOLO/dairv2x.yaml,train,15,1060.493846654892,1.00207,0.61487,0.86273,0.80805,0.73758,0.79531,0.54829,0.93829,0.57126,0.84364,0.0007175462,0.0007175462,0.0007175462,,
yolo_v12n_20260717_224615,yolo,yolo_v12n_20260717_224615,yolo12n.pt,/root/autodl-fs/datasets/DAIR-V2X_YOLO/dairv2x.yaml,train,16,1129.1759192943573,0.9936,0.60651,0.86383,0.81437,0.74969,0.80651,0.55877,0.93631,0.56303,0.84279,0.0007092995,0.0007092995,0.0007092995,,
yolo_v12n_20260717_224615,yolo,yolo_v12n_20260717_224615,yolo12n.pt,/root/autodl-fs/datasets/DAIR-V2X_YOLO/dairv2x.yaml,train,17,1197.79740691185,0.98423,0.59834,0.86115,0.79853,0.75407,0.80909,0.55444,0.9286,0.56153,0.8423,0.0007010528,0.0007010528,0.0007010528,,
yolo_v12n_20260717_224615,yolo,yolo_v12n_20260717_224615,yolo12n.pt,/root/autodl-fs/datasets/DAIR-V2X_YOLO/dairv2x.yaml,train,18,1266.6609563827515,0.98586,0.5975,0.86105,0.82007,0.75335,0.81594,0.56166,0.91948,0.55151,0.84147,0.0006928061,0.0006928061,0.0006928061,,
yolo_v12n_20260717_224615,yolo,yolo_v12n_20260717_224615,yolo12n.pt,/root/autodl-fs/datasets/DAIR-V2X_YOLO/dairv2x.yaml,train,19,1336.1826648712158,0.97634,0.59208,0.85991,0.8243,0.74921,0.81597,0.56367,0.91946,0.54993,0.8421,0.0006845594000000001,0.0006845594000000001,0.0006845594000000001,,
yolo_v12n_20260717_224615,yolo,yolo_v12n_20260717_224615,yolo12n.pt,/root/autodl-fs/datasets/DAIR-V2X_YOLO/dairv2x.yaml,train,20,1405.473997592926,0.97398,0.58963,0.85901,0.81339,0.75108,0.80997,0.55556,0.92566,0.56028,0.84442,0.0006763127,0.0006763127,0.0006763127,,
yolo_v12n_20260717_224615,yolo,yolo_v12n_20260717_224615,yolo12n.pt,/root/autodl-fs/datasets/DAIR-V2X_YOLO/dairv2x.yaml,train,21,1473.934761762619,0.96975,0.58884,0.85745,0.83082,0.75864,0.82077,0.56504,0.90995,0.55008,0.8391,0.000668066,0.000668066,0.000668066,,
yolo_v12n_20260717_224615,yolo,yolo_v12n_20260717_224615,yolo12n.pt,/root/autodl-fs/datasets/DAIR-V2X_YOLO/dairv2x.yaml,train,22,1542.4294211864471,0.96563,0.58311,0.85755,0.83075,0.75769,0.81765,0.56515,0.91705,0.54636,0.84309,0.0006598193,0.0006598193,0.0006598193,,
yolo_v12n_20260717_224615,yolo,yolo_v12n_20260717_224615,yolo12n.pt,/root/autodl-fs/datasets/DAIR-V2X_YOLO/dairv2x.yaml,train,23,1611.516325712204,0.96233,0.57911,0.85681,0.83351,0.74994,0.82167,0.56491,0.91463,0.54667,0.84166,0.0006515726,0.0006515726,0.0006515726,,
yolo_v12n_20260717_224615,yolo,yolo_v12n_20260717_224615,yolo12n.pt,/root/autodl-fs/datasets/DAIR-V2X_YOLO/dairv2x.yaml,train,24,1680.669306755066,0.95622,0.57655,0.85645,0.81691,0.77139,0.82248,0.57378,0.89919,0.5393,0.83901,0.0006433259,0.0006433259,0.0006433259,,
yolo_v12n_20260717_224615,yolo,yolo_v12n_20260717_224615,yolo12n.pt,/root/autodl-fs/datasets/DAIR-V2X_YOLO/dairv2x.yaml,train,25,1749.6288063526154,0.95582,0.57326,0.85558,0.82217,0.76588,0.82324,0.57092,0.9006,0.54034,0.83921,0.0006350791999999999,0.0006350791999999999,0.0006350791999999999,,
yolo_v12n_20260717_224615,yolo,yolo_v12n_20260717_224615,yolo12n.pt,/root/autodl-fs/datasets/DAIR-V2X_YOLO/dairv2x.yaml,train,26,1818.1421234607697,0.95116,0.5705,0.85462,0.83293,0.76224,0.82127,0.57377,0.90063,0.53435,0.83966,0.0006268325,0.0006268325,0.0006268325,,
yolo_v12n_20260717_224615,yolo,yolo_v12n_20260717_224615,yolo12n.pt,/root/autodl-fs/datasets/DAIR-V2X_YOLO/dairv2x.yaml,train,27,1886.6087079048157,0.9488,0.56821,0.85257,0.81762,0.77647,0.8247,0.58005,0.89165,0.52979,0.8366,0.0006185858,0.0006185858,0.0006185858,,
yolo_v12n_20260717_224615,yolo,yolo_v12n_20260717_224615,yolo12n.pt,/root/autodl-fs/datasets/DAIR-V2X_YOLO/dairv2x.yaml,train,28,1955.2414178848267,0.9493,0.56932,0.85407,0.83216,0.76711,0.82761,0.57709,0.89705,0.53207,0.83775,0.0006103391,0.0006103391,0.0006103391,,
yolo_v12n_20260717_224615,yolo,yolo_v12n_20260717_224615,yolo12n.pt,/root/autodl-fs/datasets/DAIR-V2X_YOLO/dairv2x.yaml,train,29,2024.3084976673126,0.94325,0.56385,0.85248,0.8285,0.77679,0.83072,0.57983,0.89856,0.52882,0.83751,0.0006020924,0.0006020924,0.0006020924,,
yolo_v12n_20260717_224615,yolo,yolo_v12n_20260717_224615,yolo12n.pt,/root/autodl-fs/datasets/DAIR-V2X_YOLO/dairv2x.yaml,train,30,2092.8876583576202,0.93714,0.55711,0.85105,0.83163,0.77029,0.83433,0.58611,0.88505,0.52225,0.83707,0.0005938457,0.0005938457,0.0005938457,,
yolo_v12n_20260717_224615,yolo,yolo_v12n_20260717_224615,yolo12n.pt,/root/autodl-fs/datasets/DAIR-V2X_YOLO/dairv2x.yaml,train,31,2161.6281399726868,0.93881,0.55852,0.85114,0.8328,0.77272,0.83785,0.58633,0.88332,0.5185,0.83572,0.0005855989999999999,0.0005855989999999999,0.0005855989999999999,,
yolo_v12n_20260717_224615,yolo,yolo_v12n_20260717_224615,yolo12n.pt,/root/autodl-fs/datasets/DAIR-V2X_YOLO/dairv2x.yaml,train,32,2230.598319530487,0.93044,0.55527,0.84933,0.82573,0.7785,0.83064,0.58627,0.88326,0.52161,0.83565,0.0005773522999999999,0.0005773522999999999,0.0005773522999999999,,
yolo_v12n_20260717_224615,yolo,yolo_v12n_20260717_224615,yolo12n.pt,/root/autodl-fs/datasets/DAIR-V2X_YOLO/dairv2x.yaml,train,33,2299.0285358428955,0.92771,0.55163,0.84935,0.83248,0.77654,0.83373,0.5877,0.88426,0.52039,0.83579,0.0005691056,0.0005691056,0.0005691056,,
yolo_v12n_20260717_224615,yolo,yolo_v12n_20260717_224615,yolo12n.pt,/root/autodl-fs/datasets/DAIR-V2X_YOLO/dairv2x.yaml,train,34,2367.8091249465942,0.92507,0.55114,0.84913,0.83695,0.77082,0.83472,0.5904,0.87445,0.51091,0.83369,0.0005608588999999999,0.0005608588999999999,0.0005608588999999999,,
yolo_v12n_20260717_224615,yolo,yolo_v12n_20260717_224615,yolo12n.pt,/root/autodl-fs/datasets/DAIR-V2X_YOLO/dairv2x.yaml,train,35,2436.5538487434387,0.92427,0.54772,0.84889,0.84308,0.77269,0.83689,0.59062,0.87505,0.51312,0.83504,0.0005526121999999999,0.0005526121999999999,0.0005526121999999999,,
yolo_v12n_20260717_224615,yolo,yolo_v12n_20260717_224615,yolo12n.pt,/root/autodl-fs/datasets/DAIR-V2X_YOLO/dairv2x.yaml,train,36,2505.617943048477,0.92357,0.54737,0.84864,0.83847,0.77708,0.83639,0.59172,0.87331,0.51183,0.83423,0.0005443655,0.0005443655,0.0005443655,,
yolo_v12n_20260717_224615,yolo,yolo_v12n_20260717_224615,yolo12n.pt,/root/autodl-fs/datasets/DAIR-V2X_YOLO/dairv2x.yaml,train,37,2574.527690887451,0.92055,0.54196,0.84728,0.8353,0.78258,0.83855,0.59512,0.86904,0.50732,0.83399,0.0005361188,0.0005361188,0.0005361188,,
yolo_v12n_20260717_224615,yolo,yolo_v12n_20260717_224615,yolo12n.pt,/root/autodl-fs/datasets/DAIR-V2X_YOLO/dairv2x.yaml,train,38,2643.0687198638916,0.92106,0.54397,0.84746,0.84337,0.77189,0.83731,0.5903,0.8734,0.5092,0.83455,0.0005278721,0.0005278721,0.0005278721,,
yolo_v12n_20260717_224615,yolo,yolo_v12n_20260717_224615,yolo12n.pt,/root/autodl-fs/datasets/DAIR-V2X_YOLO/dairv2x.yaml,train,39,2711.7955136299133,0.91553,0.54219,0.84691,0.83602,0.78287,0.83813,0.59386,0.86804,0.5039,0.83338,0.0005196254,0.0005196254,0.0005196254,,
yolo_v12n_20260717_224615,yolo,yolo_v12n_20260717_224615,yolo12n.pt,/root/autodl-fs/datasets/DAIR-V2X_YOLO/dairv2x.yaml,train,40,2780.4290804862976,0.91627,0.54205,0.84597,0.83468,0.78356,0.84202,0.59682,0.87229,0.50473,0.83389,0.0005113787,0.0005113787,0.0005113787,,
yolo_v12n_20260717_224615,yolo,yolo_v12n_20260717_224615,yolo12n.pt,/root/autodl-fs/datasets/DAIR-V2X_YOLO/dairv2x.yaml,train,41,2849.128214120865,0.91231,0.53728,0.84747,0.83744,0.77401,0.84033,0.59652,0.86552,0.50613,0.83244,0.000503132,0.000503132,0.000503132,,
yolo_v12n_20260717_224615,yolo,yolo_v12n_20260717_224615,yolo12n.pt,/root/autodl-fs/datasets/DAIR-V2X_YOLO/dairv2x.yaml,train,42,2917.6304426193237,0.91235,0.53781,0.84569,0.84508,0.77643,0.83828,0.59326,0.86718,0.50389,0.83321,0.0004948853,0.0004948853,0.0004948853,,
yolo_v12n_20260717_224615,yolo,yolo_v12n_20260717_224615,yolo12n.pt,/root/autodl-fs/datasets/DAIR-V2X_YOLO/dairv2x.yaml,train,43,2986.4956827163696,0.90785,0.5343,0.8459,0.84459,0.79024,0.84404,0.60082,0.86109,0.49986,0.83268,0.00048663860000000005,0.00048663860000000005,0.00048663860000000005,,
yolo_v12n_20260717_224615,yolo,yolo_v12n_20260717_224615,yolo12n.pt,/root/autodl-fs/datasets/DAIR-V2X_YOLO/dairv2x.yaml,train,44,3055.379544734955,0.90765,0.53374,0.84429,0.84237,0.78776,0.84607,0.60258,0.85657,0.49703,0.83208,0.00047839190000000003,0.00047839190000000003,0.00047839190000000003,,
yolo_v12n_20260717_224615,yolo,yolo_v12n_20260717_224615,yolo12n.pt,/root/autodl-fs/datasets/DAIR-V2X_YOLO/dairv2x.yaml,train,45,3124.193888902664,0.9043,0.53167,0.84389,0.83679,0.79177,0.84668,0.60303,0.85607,0.49556,0.83166,0.0004701452,0.0004701452,0.0004701452,,
yolo_v12n_20260717_224615,yolo,yolo_v12n_20260717_224615,yolo12n.pt,/root/autodl-fs/datasets/DAIR-V2X_YOLO/dairv2x.yaml,train,46,3192.8143129348755,0.89953,0.52754,0.84375,0.84613,0.78764,0.84569,0.60273,0.85428,0.49651,0.8311,0.0004618985,0.0004618985,0.0004618985,,
yolo_v12n_20260717_224615,yolo,yolo_v12n_20260717_224615,yolo12n.pt,/root/autodl-fs/datasets/DAIR-V2X_YOLO/dairv2x.yaml,train,47,3261.5086431503296,0.90039,0.52798,0.84279,0.83854,0.79222,0.84495,0.60261,0.85614,0.49258,0.83194,0.00045365180000000007,0.00045365180000000007,0.00045365180000000007,,
yolo_v12n_20260717_224615,yolo,yolo_v12n_20260717_224615,yolo12n.pt,/root/autodl-fs/datasets/DAIR-V2X_YOLO/dairv2x.yaml,train,48,3329.955137491226,0.89936,0.52744,0.84423,0.84735,0.78299,0.84321,0.60126,0.8527,0.49555,0.83073,0.00044540510000000004,0.00044540510000000004,0.00044540510000000004,,
yolo_v12n_20260717_224615,yolo,yolo_v12n_20260717_224615,yolo12n.pt,/root/autodl-fs/datasets/DAIR-V2X_YOLO/dairv2x.yaml,train,49,3398.908854007721,0.89726,0.52599,0.84347,0.85171,0.78581,0.84479,0.60205,0.85132,0.48938,0.83045,0.0004371584,0.0004371584,0.0004371584,,
yolo_v12n_20260717_224615,yolo,yolo_v12n_20260717_224615,yolo12n.pt,/root/autodl-fs/datasets/DAIR-V2X_YOLO/dairv2x.yaml,train,50,3468.1607966423035,0.89479,0.52477,0.84293,0.84354,0.79299,0.84622,0.602,0.85151,0.49152,0.83077,0.0004289117,0.0004289117,0.0004289117,,
yolo_v12n_20260717_224615,yolo,yolo_v12n_20260717_224615,yolo12n.pt,/root/autodl-fs/datasets/DAIR-V2X_YOLO/dairv2x.yaml,train,51,3536.784284353256,0.89256,0.52164,0.84162,0.83064,0.79769,0.8436,0.60007,0.84976,0.49051,0.83132,0.00042066499999999997,0.00042066499999999997,0.00042066499999999997,,
yolo_v12n_20260717_224615,yolo,yolo_v12n_20260717_224615,yolo12n.pt,/root/autodl-fs/datasets/DAIR-V2X_YOLO/dairv2x.yaml,train,52,3605.560093641281,0.89011,0.52002,0.84223,0.84723,0.7899,0.84573,0.60528,0.8431,0.48777,0.82971,0.00041241829999999995,0.00041241829999999995,0.00041241829999999995,,
yolo_v12n_20260717_224615,yolo,yolo_v12n_20260717_224615,yolo12n.pt,/root/autodl-fs/datasets/DAIR-V2X_YOLO/dairv2x.yaml,train,53,3674.1194581985474,0.88961,0.5216,0.84142,0.84206,0.79387,0.84607,0.60429,0.84824,0.48746,0.83022,0.0004041716,0.0004041716,0.0004041716,,
yolo_v12n_20260717_224615,yolo,yolo_v12n_20260717_224615,yolo12n.pt,/root/autodl-fs/datasets/DAIR-V2X_YOLO/dairv2x.yaml,train,54,3742.4881699085236,0.88838,0.51742,0.84181,0.84493,0.78941,0.85114,0.60991,0.84101,0.48542,0.82865,0.0003959249,0.0003959249,0.0003959249,,
yolo_v12n_20260717_224615,yolo,yolo_v12n_20260717_224615,yolo12n.pt,/root/autodl-fs/datasets/DAIR-V2X_YOLO/dairv2x.yaml,train,55,3811.4015827178955,0.88675,0.51792,0.84022,0.85075,0.78661,0.8475,0.60782,0.8427,0.48708,0.82943,0.0003876782,0.0003876782,0.0003876782,,
yolo_v12n_20260717_224615,yolo,yolo_v12n_20260717_224615,yolo12n.pt,/root/autodl-fs/datasets/DAIR-V2X_YOLO/dairv2x.yaml,train,56,3880.239356994629,0.88501,0.51666,0.8407,0.84812,0.78909,0.84778,0.60833,0.84466,0.48535,0.82917,0.00037943149999999996,0.00037943149999999996,0.00037943149999999996,,
yolo_v12n_20260717_224615,yolo,yolo_v12n_20260717_224615,yolo12n.pt,/root/autodl-fs/datasets/DAIR-V2X_YOLO/dairv2x.yaml,train,57,3949.609288215637,0.88449,0.51433,0.84031,0.84227,0.79822,0.84856,0.60681,0.8435,0.48347,0.82872,0.00037118479999999994,0.00037118479999999994,0.00037118479999999994,,
yolo_v12n_20260717_224615,yolo,yolo_v12n_20260717_224615,yolo12n.pt,/root/autodl-fs/datasets/DAIR-V2X_YOLO/dairv2x.yaml,train,58,4018.479150056839,0.87967,0.5119,0.83955,0.84124,0.79518,0.85073,0.6122,0.83869,0.48046,0.8281,0.0003629381,0.0003629381,0.0003629381,,
yolo_v12n_20260717_224615,yolo,yolo_v12n_20260717_224615,yolo12n.pt,/root/autodl-fs/datasets/DAIR-V2X_YOLO/dairv2x.yaml,train,59,4086.9826049804688,0.88085,0.51316,0.8398,0.8441,0.7946,0.85026,0.61073,0.84155,0.4834,0.82909,0.00035469140000000005,0.00035469140000000005,0.00035469140000000005,,
yolo_v12n_20260717_224615,yolo,yolo_v12n_20260717_224615,yolo12n.pt,/root/autodl-fs/datasets/DAIR-V2X_YOLO/dairv2x.yaml,train,60,4155.390625238419,0.87998,0.51108,0.83952,0.8522,0.79016,0.85193,0.61223,0.8387,0.48212,0.82805,0.00034644470000000003,0.00034644470000000003,0.00034644470000000003,,
yolo_v12n_20260717_224615,yolo,yolo_v12n_20260717_224615,yolo12n.pt,/root/autodl-fs/datasets/DAIR-V2X_YOLO/dairv2x.yaml,train,61,4224.230624914169,0.87661,0.51004,0.8395,0.85151,0.79645,0.8519,0.61234,0.83692,0.47858,0.8276,0.000338198,0.000338198,0.000338198,,
yolo_v12n_20260717_224615,yolo,yolo_v12n_20260717_224615,yolo12n.pt,/root/autodl-fs/datasets/DAIR-V2X_YOLO/dairv2x.yaml,train,62,4293.140788555145,0.8736,0.50745,0.83956,0.84537,0.79319,0.8527,0.61541,0.83512,0.47829,0.82751,0.0003299513,0.0003299513,0.0003299513,,
yolo_v12n_20260717_224615,yolo,yolo_v12n_20260717_224615,yolo12n.pt,/root/autodl-fs/datasets/DAIR-V2X_YOLO/dairv2x.yaml,train,63,4362.4322056770325,0.87333,0.50679,0.83778,0.85721,0.78568,0.8509,0.61391,0.83526,0.47858,0.82737,0.00032170459999999996,0.00032170459999999996,0.00032170459999999996,,
yolo_v12n_20260717_224615,yolo,yolo_v12n_20260717_224615,yolo12n.pt,/root/autodl-fs/datasets/DAIR-V2X_YOLO/dairv2x.yaml,train,64,4430.927841901779,0.87485,0.50628,0.83776,0.84811,0.79549,0.84975,0.61182,0.83509,0.48047,0.82742,0.0003134579,0.0003134579,0.0003134579,,
yolo_v12n_20260717_224615,yolo,yolo_v12n_20260717_224615,yolo12n.pt,/root/autodl-fs/datasets/DAIR-V2X_YOLO/dairv2x.yaml,train,65,4499.70997262001,0.86832,0.50239,0.83802,0.84753,0.79406,0.85229,0.61483,0.83472,0.47714,0.82698,0.0003052112,0.0003052112,0.0003052112,,
yolo_v12n_20260717_224615,yolo,yolo_v12n_20260717_224615,yolo12n.pt,/root/autodl-fs/datasets/DAIR-V2X_YOLO/dairv2x.yaml,train,66,4568.610301017761,0.86858,0.50469,0.83777,0.85003,0.79397,0.85488,0.61758,0.83463,0.47669,0.82709,0.0002969645,0.0002969645,0.0002969645,,
yolo_v12n_20260717_224615,yolo,yolo_v12n_20260717_224615,yolo12n.pt,/root/autodl-fs/datasets/DAIR-V2X_YOLO/dairv2x.yaml,train,67,4637.338636398315,0.8677,0.50208,0.83666,0.84449,0.80007,0.85408,0.61671,0.83209,0.47553,0.82693,0.00028871779999999997,0.00028871779999999997,0.00028871779999999997,,
yolo_v12n_20260717_224615,yolo,yolo_v12n_20260717_224615,yolo12n.pt,/root/autodl-fs/datasets/DAIR-V2X_YOLO/dairv2x.yaml,train,68,4705.930143594742,0.86677,0.50117,0.83731,0.85495,0.79619,0.85324,0.61682,0.83016,0.47606,0.82617,0.00028047109999999994,0.00028047109999999994,0.00028047109999999994,,
yolo_v12n_20260717_224615,yolo,yolo_v12n_20260717_224615,yolo12n.pt,/root/autodl-fs/datasets/DAIR-V2X_YOLO/dairv2x.yaml,train,69,4774.3806936740875,0.8631,0.49806,0.83679,0.85032,0.80038,0.85421,0.61544,0.8275,0.4732,0.82578,0.0002722244,0.0002722244,0.0002722244,,
yolo_v12n_20260717_224615,yolo,yolo_v12n_20260717_224615,yolo12n.pt,/root/autodl-fs/datasets/DAIR-V2X_YOLO/dairv2x.yaml,train,70,4843.188974142075,0.86241,0.49701,0.83631,0.85442,0.79593,0.85398,0.61655,0.82921,0.4728,0.82626,0.00026397770000000006,0.00026397770000000006,0.00026397770000000006,,
yolo_v12n_20260717_224615,yolo,yolo_v12n_20260717_224615,yolo12n.pt,/root/autodl-fs/datasets/DAIR-V2X_YOLO/dairv2x.yaml,train,71,4912.289177894592,0.8656,0.49938,0.83667,0.84482,0.80119,0.85401,0.61799,0.82943,0.47248,0.82627,0.00025573100000000004,0.00025573100000000004,0.00025573100000000004,,
yolo_v12n_20260717_224615,yolo,yolo_v12n_20260717_224615,yolo12n.pt,/root/autodl-fs/datasets/DAIR-V2X_YOLO/dairv2x.yaml,train,72,4981.3022882938385,0.86169,0.4962,0.83508,0.85433,0.79529,0.85619,0.61638,0.82772,0.47194,0.82594,0.0002474843,0.0002474843,0.0002474843,,
yolo_v12n_20260717_224615,yolo,yolo_v12n_20260717_224615,yolo12n.pt,/root/autodl-fs/datasets/DAIR-V2X_YOLO/dairv2x.yaml,train,73,5049.839971542358,0.8584,0.49496,0.83543,0.8521,0.79575,0.85471,0.61843,0.82502,0.47099,0.82546,0.0002392376,0.0002392376,0.0002392376,,
yolo_v12n_20260717_224615,yolo,yolo_v12n_20260717_224615,yolo12n.pt,/root/autodl-fs/datasets/DAIR-V2X_YOLO/dairv2x.yaml,train,74,5118.345174312592,0.85751,0.49498,0.83457,0.85204,0.79802,0.85468,0.62027,0.82408,0.47005,0.8255,0.00023099090000000002,0.00023099090000000002,0.00023099090000000002,,
yolo_v12n_20260717_224615,yolo,yolo_v12n_20260717_224615,yolo12n.pt,/root/autodl-fs/datasets/DAIR-V2X_YOLO/dairv2x.yaml,train,75,5186.897055864334,0.85587,0.49281,0.83457,0.85051,0.79761,0.854,0.62053,0.82418,0.4698,0.82555,0.00022274420000000002,0.00022274420000000002,0.00022274420000000002,,
yolo_v12n_20260717_224615,yolo,yolo_v12n_20260717_224615,yolo12n.pt,/root/autodl-fs/datasets/DAIR-V2X_YOLO/dairv2x.yaml,train,76,5255.882556676865,0.85535,0.49198,0.83533,0.85252,0.79155,0.85264,0.61869,0.8242,0.47011,0.82544,0.0002144975,0.0002144975,0.0002144975,,
yolo_v12n_20260717_224615,yolo,yolo_v12n_20260717_224615,yolo12n.pt,/root/autodl-fs/datasets/DAIR-V2X_YOLO/dairv2x.yaml,train,77,5324.81689453125,0.85328,0.49121,0.83512,0.84803,0.79931,0.8536,0.61812,0.82386,0.46963,0.82544,0.00020625079999999997,0.00020625079999999997,0.00020625079999999997,,
yolo_v12n_20260717_224615,yolo,yolo_v12n_20260717_224615,yolo12n.pt,/root/autodl-fs/datasets/DAIR-V2X_YOLO/dairv2x.yaml,train,78,5393.544901132584,0.85086,0.48958,0.83482,0.85087,0.79485,0.85364,0.61791,0.82526,0.47064,0.82544,0.00019800409999999998,0.00019800409999999998,0.00019800409999999998,,
yolo_v12n_20260717_224615,yolo,yolo_v12n_20260717_224615,yolo12n.pt,/root/autodl-fs/datasets/DAIR-V2X_YOLO/dairv2x.yaml,train,79,5461.9478187561035,0.84786,0.48752,0.83235,0.85053,0.80027,0.85761,0.62117,0.8212,0.46949,0.82464,0.00018975739999999998,0.00018975739999999998,0.00018975739999999998,,
yolo_v12n_20260717_224615,yolo,yolo_v12n_20260717_224615,yolo12n.pt,/root/autodl-fs/datasets/DAIR-V2X_YOLO/dairv2x.yaml,train,80,5530.627634048462,0.85055,0.48859,0.83334,0.85508,0.79344,0.85754,0.62193,0.82045,0.46797,0.82464,0.00018151069999999998,0.00018151069999999998,0.00018151069999999998,,
yolo_v12n_20260717_224615,yolo,yolo_v12n_20260717_224615,yolo12n.pt,/root/autodl-fs/datasets/DAIR-V2X_YOLO/dairv2x.yaml,train,81,5599.652603626251,0.84406,0.48453,0.83309,0.85399,0.79676,0.85711,0.6216,0.82076,0.46686,0.8249,0.00017326399999999996,0.00017326399999999996,0.00017326399999999996,,
yolo_v12n_20260717_224615,yolo,yolo_v12n_20260717_224615,yolo12n.pt,/root/autodl-fs/datasets/DAIR-V2X_YOLO/dairv2x.yaml,train,82,5668.56335735321,0.84467,0.48486,0.83293,0.85496,0.79864,0.85754,0.62154,0.82096,0.46641,0.82474,0.00016501729999999994,0.00016501729999999994,0.00016501729999999994,,
yolo_v12n_20260717_224615,yolo,yolo_v12n_20260717_224615,yolo12n.pt,/root/autodl-fs/datasets/DAIR-V2X_YOLO/dairv2x.yaml,train,83,5737.644434213638,0.84461,0.48443,0.83312,0.85332,0.79805,0.85884,0.6227,0.82005,0.46626,0.82452,0.00015677060000000005,0.00015677060000000005,0.00015677060000000005,,
yolo_v12n_20260717_224615,yolo,yolo_v12n_20260717_224615,yolo12n.pt,/root/autodl-fs/datasets/DAIR-V2X_YOLO/dairv2x.yaml,train,84,5806.312432765961,0.84354,0.48427,0.83271,0.85687,0.79474,0.8571,0.62241,0.81988,0.46578,0.82439,0.00014852390000000002,0.00014852390000000002,0.00014852390000000002,,
yolo_v12n_20260717_224615,yolo,yolo_v12n_20260717_224615,yolo12n.pt,/root/autodl-fs/datasets/DAIR-V2X_YOLO/dairv2x.yaml,train,85,5874.755569219589,0.84033,0.48144,0.83291,0.85675,0.79507,0.85645,0.62115,0.8202,0.46664,0.82473,0.00014027720000000003,0.00014027720000000003,0.00014027720000000003,,
yolo_v12n_20260717_224615,yolo,yolo_v12n_20260717_224615,yolo12n.pt,/root/autodl-fs/datasets/DAIR-V2X_YOLO/dairv2x.yaml,train,86,5944.107090950012,0.84148,0.48122,0.83242,0.85645,0.79139,0.85692,0.62196,0.82029,0.46641,0.82493,0.00013203050000000003,0.00013203050000000003,0.00013203050000000003,,
yolo_v12n_20260717_224615,yolo,yolo_v12n_20260717_224615,yolo12n.pt,/root/autodl-fs/datasets/DAIR-V2X_YOLO/dairv2x.yaml,train,87,6012.777134418488,0.83966,0.48009,0.83244,0.85751,0.79356,0.85689,0.62122,0.81933,0.46572,0.82457,0.0001237838,0.0001237838,0.0001237838,,
yolo_v12n_20260717_224615,yolo,yolo_v12n_20260717_224615,yolo12n.pt,/root/autodl-fs/datasets/DAIR-V2X_YOLO/dairv2x.yaml,train,88,6081.448627710342,0.83565,0.47827,0.83191,0.85668,0.79281,0.85765,0.62382,0.81822,0.46457,0.82427,0.00011553710000000001,0.00011553710000000001,0.00011553710000000001,,
yolo_v12n_20260717_224615,yolo,yolo_v12n_20260717_224615,yolo12n.pt,/root/autodl-fs/datasets/DAIR-V2X_YOLO/dairv2x.yaml,train,89,6149.947338342667,0.8344,0.47775,0.83228,0.8638,0.78983,0.85871,0.62448,0.8176,0.46402,0.82409,0.0001072904,0.0001072904,0.0001072904,,
yolo_v12n_20260717_224615,yolo,yolo_v12n_20260717_224615,yolo12n.pt,/root/autodl-fs/datasets/DAIR-V2X_YOLO/dairv2x.yaml,train,90,6218.479053497314,0.8356,0.47844,0.83219,0.85866,0.7932,0.85851,0.62476,0.81691,0.46342,0.82401,9.904369999999997e-05,9.904369999999997e-05,9.904369999999997e-05,,
yolo_v12n_20260717_224615,yolo,yolo_v12n_20260717_224615,yolo12n.pt,/root/autodl-fs/datasets/DAIR-V2X_YOLO/dairv2x.yaml,train,91,6282.828997850418,0.80749,0.4651,0.82691,0.85506,0.7953,0.85251,0.61664,0.827,0.46994,0.82562,9.079699999999998e-05,9.079699999999998e-05,9.079699999999998e-05,,
yolo_v12n_20260717_224615,yolo,yolo_v12n_20260717_224615,yolo12n.pt,/root/autodl-fs/datasets/DAIR-V2X_YOLO/dairv2x.yaml,train,92,6346.59614276886,0.80159,0.45919,0.82526,0.85428,0.79577,0.85478,0.62054,0.8241,0.46819,0.82528,8.255029999999997e-05,8.255029999999997e-05,8.255029999999997e-05,,
yolo_v12n_20260717_224615,yolo,yolo_v12n_20260717_224615,yolo12n.pt,/root/autodl-fs/datasets/DAIR-V2X_YOLO/dairv2x.yaml,train,93,6410.858063220978,0.79475,0.45643,0.82472,0.85301,0.79341,0.85498,0.62144,0.82317,0.46877,0.82509,7.430359999999997e-05,7.430359999999997e-05,7.430359999999997e-05,,
yolo_v12n_20260717_224615,yolo,yolo_v12n_20260717_224615,yolo12n.pt,/root/autodl-fs/datasets/DAIR-V2X_YOLO/dairv2x.yaml,train,94,6474.7103407382965,0.79201,0.45471,0.82529,0.85161,0.79625,0.85539,0.62147,0.82163,0.46785,0.82501,6.605689999999995e-05,6.605689999999995e-05,6.605689999999995e-05,,
yolo_v12n_20260717_224615,yolo,yolo_v12n_20260717_224615,yolo12n.pt,/root/autodl-fs/datasets/DAIR-V2X_YOLO/dairv2x.yaml,train,95,6538.026394128799,0.79026,0.45209,0.82338,0.85136,0.79613,0.85595,0.62196,0.82007,0.46689,0.82457,5.781020000000004e-05,5.781020000000004e-05,5.781020000000004e-05,,
yolo_v12n_20260717_224615,yolo,yolo_v12n_20260717_224615,yolo12n.pt,/root/autodl-fs/datasets/DAIR-V2X_YOLO/dairv2x.yaml,train,96,6601.062203168869,0.78778,0.4504,0.82339,0.85394,0.79536,0.85585,0.62164,0.81997,0.46703,0.82443,4.9563500000000035e-05,4.9563500000000035e-05,4.9563500000000035e-05,,
yolo_v12n_20260717_224615,yolo,yolo_v12n_20260717_224615,yolo12n.pt,/root/autodl-fs/datasets/DAIR-V2X_YOLO/dairv2x.yaml,train,97,6664.750743150711,0.788,0.44894,0.82298,0.85172,0.79674,0.85586,0.62086,0.82089,0.46698,0.82457,4.131680000000003e-05,4.131680000000003e-05,4.131680000000003e-05,,
yolo_v12n_20260717_224615,yolo,yolo_v12n_20260717_224615,yolo12n.pt,/root/autodl-fs/datasets/DAIR-V2X_YOLO/dairv2x.yaml,train,98,6728.969976425171,0.78718,0.449,0.82301,0.84964,0.79956,0.85511,0.62061,0.8203,0.46679,0.82465,3.307010000000002e-05,3.307010000000002e-05,3.307010000000002e-05,,
yolo_v12n_20260717_224615,yolo,yolo_v12n_20260717_224615,yolo12n.pt,/root/autodl-fs/datasets/DAIR-V2X_YOLO/dairv2x.yaml,train,99,6792.350947141647,0.78259,0.44694,0.8227,0.85426,0.79591,0.85483,0.62163,0.81985,0.46604,0.82455,2.4823400000000017e-05,2.4823400000000017e-05,2.4823400000000017e-05,,
yolo_v12n_20260717_224615,yolo,yolo_v12n_20260717_224615,yolo12n.pt,/root/autodl-fs/datasets/DAIR-V2X_YOLO/dairv2x.yaml,train,100,6855.898653507233,0.78352,0.4468,0.82278,0.84965,0.79848,0.85506,0.62179,0.81939,0.46603,0.82441,1.6576700000000007e-05,1.6576700000000007e-05,1.6576700000000007e-05,,
yolo_yolov5n_20260720_105447,yolo,yolo_yolov5n_20260720_105447,yolov5n.pt,/root/autodl-fs/datasets/DAIR-V2X_YOLO/dairv2x.yaml,train,1,53.46727418899536,1.521,1.83389,0.98078,0.57607,0.5584,0.55137,0.3313,1.24639,0.91495,0.89923,0.0002767879746835443,0.0002767879746835443,0.0002767879746835443,,
yolo_yolov5n_20260720_105447,yolo,yolo_yolov5n_20260720_105447,yolov5n.pt,/root/autodl-fs/datasets/DAIR-V2X_YOLO/dairv2x.yaml,train,2,101.12432074546814,1.26563,0.95339,0.90524,0.70298,0.61666,0.66063,0.40412,1.15496,0.80546,0.87645,0.0005489655404008439,0.0005489655404008439,0.0005489655404008439,,
yolo_yolov5n_20260720_105447,yolo,yolo_yolov5n_20260720_105447,yolov5n.pt,/root/autodl-fs/datasets/DAIR-V2X_YOLO/dairv2x.yaml,train,3,147.14438724517822,1.21073,0.86259,0.89131,0.73619,0.65316,0.70876,0.44047,1.09736,0.73713,0.86703,0.0008156453061181434,0.0008156453061181434,0.0008156453061181434,,
yolo_yolov5n_20260720_105447,yolo,yolo_yolov5n_20260720_105447,yolov5n.pt,/root/autodl-fs/datasets/DAIR-V2X_YOLO/dairv2x.yaml,train,4,192.999205827713,1.16077,0.80359,0.88158,0.78785,0.6562,0.72758,0.46566,1.08532,0.70454,0.86239,0.0008082599,0.0008082599,0.0008082599,,
yolo_yolov5n_20260720_105447,yolo,yolo_yolov5n_20260720_105447,yolov5n.pt,/root/autodl-fs/datasets/DAIR-V2X_YOLO/dairv2x.yaml,train,5,238.8609914779663,1.13077,0.76568,0.87741,0.78789,0.67739,0.74204,0.48383,1.05102,0.68411,0.85681,0.0008000131999999999,0.0008000131999999999,0.0008000131999999999,,
yolo_yolov5n_20260720_105447,yolo,yolo_yolov5n_20260720_105447,yolov5n.pt,/root/autodl-fs/datasets/DAIR-V2X_YOLO/dairv2x.yaml,train,6,284.6896107196808,1.11619,0.73741,0.87372,0.81124,0.66962,0.75519,0.49294,1.02389,0.65874,0.85513,0.0007917665,0.0007917665,0.0007917665,,
yolo_yolov5n_20260720_105447,yolo,yolo_yolov5n_20260720_105447,yolov5n.pt,/root/autodl-fs/datasets/DAIR-V2X_YOLO/dairv2x.yaml,train,7,330.05999875068665,1.09743,0.71396,0.87026,0.80264,0.68441,0.76737,0.50487,1.01722,0.63856,0.85396,0.0007835197999999999,0.0007835197999999999,0.0007835197999999999,,
yolo_yolov5n_20260720_105447,yolo,yolo_yolov5n_20260720_105447,yolov5n.pt,/root/autodl-fs/datasets/DAIR-V2X_YOLO/dairv2x.yaml,train,8,375.01915192604065,1.07742,0.69414,0.86721,0.77272,0.71356,0.76976,0.5107,1.00156,0.63428,0.85082,0.0007752731,0.0007752731,0.0007752731,,
yolo_yolov5n_20260720_105447,yolo,yolo_yolov5n_20260720_105447,yolov5n.pt,/root/autodl-fs/datasets/DAIR-V2X_YOLO/dairv2x.yaml,train,9,419.72931718826294,1.06288,0.6819,0.86449,0.79327,0.70592,0.77844,0.51826,0.98755,0.62418,0.84918,0.0007670264,0.0007670264,0.0007670264,,
yolo_yolov5n_20260720_105447,yolo,yolo_yolov5n_20260720_105447,yolov5n.pt,/root/autodl-fs/datasets/DAIR-V2X_YOLO/dairv2x.yaml,train,10,465.16432785987854,1.0527,0.66764,0.86381,0.79143,0.72522,0.7867,0.52642,0.9925,0.60767,0.84919,0.0007587797,0.0007587797,0.0007587797,,
yolo_yolov5n_20260720_105447,yolo,yolo_yolov5n_20260720_105447,yolov5n.pt,/root/autodl-fs/datasets/DAIR-V2X_YOLO/dairv2x.yaml,train,11,510.39007019996643,1.04593,0.66072,0.86178,0.80366,0.72326,0.79104,0.53273,0.97123,0.59512,0.84532,0.000750533,0.000750533,0.000750533,,
yolo_yolov5n_20260720_105447,yolo,yolo_yolov5n_20260720_105447,yolov5n.pt,/root/autodl-fs/datasets/DAIR-V2X_YOLO/dairv2x.yaml,train,12,556.6630749702454,1.03429,0.64536,0.85982,0.80476,0.72559,0.78992,0.53067,0.96685,0.59175,0.84543,0.0007422863,0.0007422863,0.0007422863,,
yolo_yolov5n_20260720_105447,yolo,yolo_yolov5n_20260720_105447,yolov5n.pt,/root/autodl-fs/datasets/DAIR-V2X_YOLO/dairv2x.yaml,train,13,602.6965289115906,1.02885,0.63983,0.85938,0.81429,0.73397,0.80251,0.54729,0.95976,0.58589,0.84402,0.0007340396,0.0007340396,0.0007340396,,
yolo_yolov5n_20260720_105447,yolo,yolo_yolov5n_20260720_105447,yolov5n.pt,/root/autodl-fs/datasets/DAIR-V2X_YOLO/dairv2x.yaml,train,14,648.2164981365204,1.02524,0.6359,0.85797,0.81068,0.72719,0.79687,0.53338,0.96996,0.59798,0.84631,0.0007257928999999999,0.0007257928999999999,0.0007257928999999999,,
yolo_yolov5n_20260720_105447,yolo,yolo_yolov5n_20260720_105447,yolov5n.pt,/root/autodl-fs/datasets/DAIR-V2X_YOLO/dairv2x.yaml,train,15,694.6740050315857,1.01946,0.62874,0.85546,0.81192,0.74082,0.80652,0.54788,0.95006,0.57659,0.84152,0.0007175462,0.0007175462,0.0007175462,,
yolo_yolov5n_20260720_105447,yolo,yolo_yolov5n_20260720_105447,yolov5n.pt,/root/autodl-fs/datasets/DAIR-V2X_YOLO/dairv2x.yaml,train,16,740.953227519989,1.00896,0.62125,0.85613,0.80093,0.74444,0.80408,0.54877,0.9432,0.57808,0.84061,0.0007092995,0.0007092995,0.0007092995,,
yolo_yolov5n_20260720_105447,yolo,yolo_yolov5n_20260720_105447,yolov5n.pt,/root/autodl-fs/datasets/DAIR-V2X_YOLO/dairv2x.yaml,train,17,787.3384125232697,1.0021,0.61339,0.8539,0.8339,0.73781,0.81471,0.56019,0.9318,0.56372,0.83795,0.0007010528,0.0007010528,0.0007010528,,
yolo_yolov5n_20260720_105447,yolo,yolo_yolov5n_20260720_105447,yolov5n.pt,/root/autodl-fs/datasets/DAIR-V2X_YOLO/dairv2x.yaml,train,18,833.8513646125793,1.00195,0.61236,0.85369,0.82141,0.7473,0.81388,0.55795,0.93592,0.56013,0.83808,0.0006928061,0.0006928061,0.0006928061,,
yolo_yolov5n_20260720_105447,yolo,yolo_yolov5n_20260720_105447,yolov5n.pt,/root/autodl-fs/datasets/DAIR-V2X_YOLO/dairv2x.yaml,train,19,879.8814089298248,0.99363,0.60811,0.8531,0.82785,0.73945,0.8105,0.55519,0.93789,0.56407,0.8396,0.0006845594000000001,0.0006845594000000001,0.0006845594000000001,,
yolo_yolov5n_20260720_105447,yolo,yolo_yolov5n_20260720_105447,yolov5n.pt,/root/autodl-fs/datasets/DAIR-V2X_YOLO/dairv2x.yaml,train,20,929.4266862869263,0.98891,0.60253,0.85164,0.83443,0.74488,0.81404,0.55813,0.92136,0.55758,0.83677,0.0006763127,0.0006763127,0.0006763127,,
yolo_yolov5n_20260720_105447,yolo,yolo_yolov5n_20260720_105447,yolov5n.pt,/root/autodl-fs/datasets/DAIR-V2X_YOLO/dairv2x.yaml,train,21,974.911922454834,0.98772,0.60214,0.85094,0.8222,0.748,0.82159,0.56403,0.93193,0.559,0.83762,0.000668066,0.000668066,0.000668066,,
yolo_yolov5n_20260720_105447,yolo,yolo_yolov5n_20260720_105447,yolov5n.pt,/root/autodl-fs/datasets/DAIR-V2X_YOLO/dairv2x.yaml,train,22,1026.6090502738953,0.98182,0.59508,0.8505,0.82382,0.75727,0.82328,0.5637,0.92202,0.55175,0.83629,0.0006598193,0.0006598193,0.0006598193,,
yolo_yolov5n_20260720_105447,yolo,yolo_yolov5n_20260720_105447,yolov5n.pt,/root/autodl-fs/datasets/DAIR-V2X_YOLO/dairv2x.yaml,train,23,1076.7907464504242,0.9797,0.59304,0.8494,0.82314,0.74325,0.81829,0.55947,0.92418,0.55399,0.83798,0.0006515726,0.0006515726,0.0006515726,,
yolo_yolov5n_20260720_105447,yolo,yolo_yolov5n_20260720_105447,yolov5n.pt,/root/autodl-fs/datasets/DAIR-V2X_YOLO/dairv2x.yaml,train,24,1122.4442229270935,0.97492,0.59194,0.85033,0.83354,0.74593,0.82345,0.56554,0.91621,0.5498,0.83657,0.0006433259,0.0006433259,0.0006433259,,
yolo_yolov5n_20260720_105447,yolo,yolo_yolov5n_20260720_105447,yolov5n.pt,/root/autodl-fs/datasets/DAIR-V2X_YOLO/dairv2x.yaml,train,25,1167.9487345218658,0.97375,0.58733,0.84903,0.83644,0.75003,0.82148,0.57131,0.90825,0.54742,0.83508,0.0006350791999999999,0.0006350791999999999,0.0006350791999999999,,
yolo_yolov5n_20260720_105447,yolo,yolo_yolov5n_20260720_105447,yolov5n.pt,/root/autodl-fs/datasets/DAIR-V2X_YOLO/dairv2x.yaml,train,26,1212.993833065033,0.96976,0.5861,0.8485,0.82938,0.75766,0.8242,0.57249,0.91134,0.54636,0.83453,0.0006268325,0.0006268325,0.0006268325,,
yolo_yolov5n_20260720_105447,yolo,yolo_yolov5n_20260720_105447,yolov5n.pt,/root/autodl-fs/datasets/DAIR-V2X_YOLO/dairv2x.yaml,train,27,1258.0594227313995,0.96735,0.58281,0.84724,0.83033,0.75531,0.82382,0.56855,0.90922,0.54401,0.83431,0.0006185858,0.0006185858,0.0006185858,,
yolo_yolov5n_20260720_105447,yolo,yolo_yolov5n_20260720_105447,yolov5n.pt,/root/autodl-fs/datasets/DAIR-V2X_YOLO/dairv2x.yaml,train,28,1303.7699921131134,0.97133,0.58731,0.84912,0.82599,0.75742,0.82945,0.56747,0.91303,0.54781,0.83485,0.0006103391,0.0006103391,0.0006103391,,
yolo_yolov5n_20260720_105447,yolo,yolo_yolov5n_20260720_105447,yolov5n.pt,/root/autodl-fs/datasets/DAIR-V2X_YOLO/dairv2x.yaml,train,29,1351.5735132694244,0.96205,0.57948,0.84705,0.83093,0.76217,0.82509,0.57182,0.90516,0.54151,0.83418,0.0006020924,0.0006020924,0.0006020924,,
yolo_yolov5n_20260720_105447,yolo,yolo_yolov5n_20260720_105447,yolov5n.pt,/root/autodl-fs/datasets/DAIR-V2X_YOLO/dairv2x.yaml,train,30,1397.979876756668,0.95642,0.57415,0.84588,0.82924,0.76024,0.82864,0.57757,0.8943,0.53336,0.83323,0.0005938457,0.0005938457,0.0005938457,,
yolo_yolov5n_20260720_105447,yolo,yolo_yolov5n_20260720_105447,yolov5n.pt,/root/autodl-fs/datasets/DAIR-V2X_YOLO/dairv2x.yaml,train,31,1444.7876205444336,0.95542,0.57414,0.84597,0.84521,0.75463,0.83081,0.58465,0.89637,0.52988,0.83236,0.0005855989999999999,0.0005855989999999999,0.0005855989999999999,,
yolo_yolov5n_20260720_105447,yolo,yolo_yolov5n_20260720_105447,yolov5n.pt,/root/autodl-fs/datasets/DAIR-V2X_YOLO/dairv2x.yaml,train,32,1489.7639770507812,0.94933,0.57039,0.84507,0.83074,0.75975,0.83322,0.58153,0.90127,0.53351,0.83254,0.0005773522999999999,0.0005773522999999999,0.0005773522999999999,,
yolo_yolov5n_20260720_105447,yolo,yolo_yolov5n_20260720_105447,yolov5n.pt,/root/autodl-fs/datasets/DAIR-V2X_YOLO/dairv2x.yaml,train,33,1537.1544420719147,0.94847,0.56766,0.84499,0.84757,0.75933,0.83185,0.58296,0.89451,0.5291,0.8325,0.0005691056,0.0005691056,0.0005691056,,
yolo_yolov5n_20260720_105447,yolo,yolo_yolov5n_20260720_105447,yolov5n.pt,/root/autodl-fs/datasets/DAIR-V2X_YOLO/dairv2x.yaml,train,34,1584.0964136123657,0.94728,0.56828,0.84473,0.84031,0.75718,0.82908,0.57797,0.89457,0.53027,0.83161,0.0005608588999999999,0.0005608588999999999,0.0005608588999999999,,
yolo_yolov5n_20260720_105447,yolo,yolo_yolov5n_20260720_105447,yolov5n.pt,/root/autodl-fs/datasets/DAIR-V2X_YOLO/dairv2x.yaml,train,35,1630.381713628769,0.94204,0.56416,0.84406,0.83472,0.7583,0.82548,0.57626,0.89393,0.53172,0.83243,0.0005526121999999999,0.0005526121999999999,0.0005526121999999999,,
yolo_yolov5n_20260720_105447,yolo,yolo_yolov5n_20260720_105447,yolov5n.pt,/root/autodl-fs/datasets/DAIR-V2X_YOLO/dairv2x.yaml,train,36,1677.0046923160553,0.94355,0.56393,0.84402,0.83529,0.76528,0.83215,0.58058,0.89277,0.5289,0.83136,0.0005443655,0.0005443655,0.0005443655,,
yolo_yolov5n_20260720_105447,yolo,yolo_yolov5n_20260720_105447,yolov5n.pt,/root/autodl-fs/datasets/DAIR-V2X_YOLO/dairv2x.yaml,train,37,1724.3041207790375,0.94197,0.56221,0.84285,0.83333,0.77276,0.83582,0.58582,0.88853,0.52422,0.83195,0.0005361188,0.0005361188,0.0005361188,,
yolo_yolov5n_20260720_105447,yolo,yolo_yolov5n_20260720_105447,yolov5n.pt,/root/autodl-fs/datasets/DAIR-V2X_YOLO/dairv2x.yaml,train,38,1771.2121613025665,0.94038,0.56085,0.84297,0.83875,0.77002,0.8334,0.58381,0.88612,0.52289,0.83072,0.0005278721,0.0005278721,0.0005278721,,
yolo_yolov5n_20260720_105447,yolo,yolo_yolov5n_20260720_105447,yolov5n.pt,/root/autodl-fs/datasets/DAIR-V2X_YOLO/dairv2x.yaml,train,39,1818.143481016159,0.93519,0.56053,0.84266,0.83875,0.76339,0.83444,0.58686,0.88211,0.52177,0.83034,0.0005196254,0.0005196254,0.0005196254,,
yolo_yolov5n_20260720_105447,yolo,yolo_yolov5n_20260720_105447,yolov5n.pt,/root/autodl-fs/datasets/DAIR-V2X_YOLO/dairv2x.yaml,train,40,1864.7781801223755,0.93756,0.55834,0.84183,0.84058,0.76891,0.83503,0.58791,0.88088,0.51944,0.83048,0.0005113787,0.0005113787,0.0005113787,,
yolo_yolov5n_20260720_105447,yolo,yolo_yolov5n_20260720_105447,yolov5n.pt,/root/autodl-fs/datasets/DAIR-V2X_YOLO/dairv2x.yaml,train,41,1910.8793640136719,0.93262,0.55474,0.84294,0.83998,0.76983,0.83307,0.58292,0.88156,0.51881,0.82919,0.000503132,0.000503132,0.000503132,,
yolo_yolov5n_20260720_105447,yolo,yolo_yolov5n_20260720_105447,yolov5n.pt,/root/autodl-fs/datasets/DAIR-V2X_YOLO/dairv2x.yaml,train,42,1956.4908561706543,0.93246,0.55306,0.84124,0.84124,0.775,0.83828,0.58992,0.87418,0.51078,0.82878,0.0004948853,0.0004948853,0.0004948853,,
yolo_yolov5n_20260720_105447,yolo,yolo_yolov5n_20260720_105447,yolov5n.pt,/root/autodl-fs/datasets/DAIR-V2X_YOLO/dairv2x.yaml,train,43,2002.1413135528564,0.92825,0.55144,0.8414,0.84625,0.77252,0.83644,0.58954,0.87499,0.51558,0.82899,0.00048663860000000005,0.00048663860000000005,0.00048663860000000005,,
yolo_yolov5n_20260720_105447,yolo,yolo_yolov5n_20260720_105447,yolov5n.pt,/root/autodl-fs/datasets/DAIR-V2X_YOLO/dairv2x.yaml,train,44,2048.057728290558,0.92955,0.55205,0.84039,0.83377,0.77515,0.83936,0.59017,0.87472,0.51488,0.82855,0.00047839190000000003,0.00047839190000000003,0.00047839190000000003,,
yolo_yolov5n_20260720_105447,yolo,yolo_yolov5n_20260720_105447,yolov5n.pt,/root/autodl-fs/datasets/DAIR-V2X_YOLO/dairv2x.yaml,train,45,2093.5993089675903,0.92687,0.55089,0.84008,0.83531,0.77443,0.83907,0.59,0.8755,0.51454,0.82914,0.0004701452,0.0004701452,0.0004701452,,
yolo_yolov5n_20260720_105447,yolo,yolo_yolov5n_20260720_105447,yolov5n.pt,/root/autodl-fs/datasets/DAIR-V2X_YOLO/dairv2x.yaml,train,46,2138.903305530548,0.92335,0.54773,0.8406,0.84287,0.77395,0.8402,0.5953,0.8702,0.50957,0.82793,0.0004618985,0.0004618985,0.0004618985,,
yolo_yolov5n_20260720_105447,yolo,yolo_yolov5n_20260720_105447,yolov5n.pt,/root/autodl-fs/datasets/DAIR-V2X_YOLO/dairv2x.yaml,train,47,2185.1410014629364,0.92157,0.54537,0.83931,0.83963,0.77858,0.84199,0.59777,0.865,0.51052,0.82733,0.00045365180000000007,0.00045365180000000007,0.00045365180000000007,,
yolo_yolov5n_20260720_105447,yolo,yolo_yolov5n_20260720_105447,yolov5n.pt,/root/autodl-fs/datasets/DAIR-V2X_YOLO/dairv2x.yaml,train,48,2232.391653060913,0.92178,0.54739,0.84057,0.84645,0.7755,0.83979,0.59779,0.86416,0.50746,0.82768,0.00044540510000000004,0.00044540510000000004,0.00044540510000000004,,
yolo_yolov5n_20260720_105447,yolo,yolo_yolov5n_20260720_105447,yolov5n.pt,/root/autodl-fs/datasets/DAIR-V2X_YOLO/dairv2x.yaml,train,49,2278.255930662155,0.92025,0.54426,0.84007,0.83883,0.78244,0.83954,0.59471,0.86476,0.50894,0.82727,0.0004371584,0.0004371584,0.0004371584,,
yolo_yolov5n_20260720_105447,yolo,yolo_yolov5n_20260720_105447,yolov5n.pt,/root/autodl-fs/datasets/DAIR-V2X_YOLO/dairv2x.yaml,train,50,2323.9003479480743,0.91513,0.54221,0.8392,0.83996,0.7823,0.84469,0.59696,0.86357,0.50821,0.82671,0.0004289117,0.0004289117,0.0004289117,,
yolo_yolov5n_20260720_105447,yolo,yolo_yolov5n_20260720_105447,yolov5n.pt,/root/autodl-fs/datasets/DAIR-V2X_YOLO/dairv2x.yaml,train,51,2370.139167070389,0.91402,0.54079,0.83834,0.8389,0.77829,0.84618,0.59779,0.8639,0.50656,0.82722,0.00042066499999999997,0.00042066499999999997,0.00042066499999999997,,
yolo_yolov5n_20260720_105447,yolo,yolo_yolov5n_20260720_105447,yolov5n.pt,/root/autodl-fs/datasets/DAIR-V2X_YOLO/dairv2x.yaml,train,52,2418.3938624858856,0.91334,0.53972,0.83865,0.84097,0.77753,0.84289,0.59744,0.86215,0.50562,0.82697,0.00041241829999999995,0.00041241829999999995,0.00041241829999999995,,
yolo_yolov5n_20260720_105447,yolo,yolo_yolov5n_20260720_105447,yolov5n.pt,/root/autodl-fs/datasets/DAIR-V2X_YOLO/dairv2x.yaml,train,53,2465.76549744606,0.91377,0.54135,0.83846,0.83408,0.78751,0.84407,0.59802,0.86297,0.50614,0.82689,0.0004041716,0.0004041716,0.0004041716,,
yolo_yolov5n_20260720_105447,yolo,yolo_yolov5n_20260720_105447,yolov5n.pt,/root/autodl-fs/datasets/DAIR-V2X_YOLO/dairv2x.yaml,train,54,2513.3236026763916,0.91265,0.53747,0.83924,0.842,0.77978,0.84877,0.60261,0.86135,0.50343,0.82667,0.0003959249,0.0003959249,0.0003959249,,
yolo_yolov5n_20260720_105447,yolo,yolo_yolov5n_20260720_105447,yolov5n.pt,/root/autodl-fs/datasets/DAIR-V2X_YOLO/dairv2x.yaml,train,55,2560.853556394577,0.90996,0.53702,0.83729,0.84499,0.7775,0.84457,0.59854,0.85619,0.5044,0.82628,0.0003876782,0.0003876782,0.0003876782,,
yolo_yolov5n_20260720_105447,yolo,yolo_yolov5n_20260720_105447,yolov5n.pt,/root/autodl-fs/datasets/DAIR-V2X_YOLO/dairv2x.yaml,train,56,2605.830066919327,0.90697,0.53481,0.83748,0.84352,0.77935,0.84526,0.5999,0.85875,0.5014,0.82613,0.00037943149999999996,0.00037943149999999996,0.00037943149999999996,,
yolo_yolov5n_20260720_105447,yolo,yolo_yolov5n_20260720_105447,yolov5n.pt,/root/autodl-fs/datasets/DAIR-V2X_YOLO/dairv2x.yaml,train,57,2650.9913606643677,0.90812,0.53471,0.83796,0.84164,0.78598,0.84618,0.60134,0.85624,0.50022,0.82602,0.00037118479999999994,0.00037118479999999994,0.00037118479999999994,,
yolo_yolov5n_20260720_105447,yolo,yolo_yolov5n_20260720_105447,yolov5n.pt,/root/autodl-fs/datasets/DAIR-V2X_YOLO/dairv2x.yaml,train,58,2697.1204557418823,0.90255,0.531,0.83712,0.84697,0.78229,0.8478,0.60285,0.85246,0.49824,0.82538,0.0003629381,0.0003629381,0.0003629381,,
yolo_yolov5n_20260720_105447,yolo,yolo_yolov5n_20260720_105447,yolov5n.pt,/root/autodl-fs/datasets/DAIR-V2X_YOLO/dairv2x.yaml,train,59,2742.493726015091,0.90619,0.5329,0.83733,0.84882,0.78082,0.84897,0.60423,0.8531,0.49766,0.82592,0.00035469140000000005,0.00035469140000000005,0.00035469140000000005,,
yolo_yolov5n_20260720_105447,yolo,yolo_yolov5n_20260720_105447,yolov5n.pt,/root/autodl-fs/datasets/DAIR-V2X_YOLO/dairv2x.yaml,train,60,2788.238562822342,0.90175,0.53017,0.83658,0.84491,0.78612,0.84785,0.6039,0.85275,0.49798,0.82543,0.00034644470000000003,0.00034644470000000003,0.00034644470000000003,,
yolo_yolov5n_20260720_105447,yolo,yolo_yolov5n_20260720_105447,yolov5n.pt,/root/autodl-fs/datasets/DAIR-V2X_YOLO/dairv2x.yaml,train,61,2834.2396578788757,0.90098,0.53121,0.83614,0.84888,0.78073,0.84755,0.60449,0.85283,0.49705,0.82514,0.000338198,0.000338198,0.000338198,,
yolo_yolov5n_20260720_105447,yolo,yolo_yolov5n_20260720_105447,yolov5n.pt,/root/autodl-fs/datasets/DAIR-V2X_YOLO/dairv2x.yaml,train,62,2880.804481983185,0.89746,0.52867,0.83731,0.85017,0.78511,0.85211,0.608,0.85047,0.49539,0.82474,0.0003299513,0.0003299513,0.0003299513,,
yolo_yolov5n_20260720_105447,yolo,yolo_yolov5n_20260720_105447,yolov5n.pt,/root/autodl-fs/datasets/DAIR-V2X_YOLO/dairv2x.yaml,train,63,2928.0738639831543,0.8988,0.52805,0.83564,0.85098,0.78402,0.85104,0.60586,0.84967,0.49651,0.825,0.00032170459999999996,0.00032170459999999996,0.00032170459999999996,,
yolo_yolov5n_20260720_105447,yolo,yolo_yolov5n_20260720_105447,yolov5n.pt,/root/autodl-fs/datasets/DAIR-V2X_YOLO/dairv2x.yaml,train,64,2977.176884174347,0.89971,0.52831,0.8356,0.84684,0.78344,0.84998,0.60506,0.85095,0.49577,0.82497,0.0003134579,0.0003134579,0.0003134579,,
yolo_yolov5n_20260720_105447,yolo,yolo_yolov5n_20260720_105447,yolov5n.pt,/root/autodl-fs/datasets/DAIR-V2X_YOLO/dairv2x.yaml,train,65,3029.734797000885,0.89298,0.52394,0.83569,0.84302,0.7908,0.85011,0.6075,0.84854,0.49456,0.82446,0.0003052112,0.0003052112,0.0003052112,,
yolo_yolov5n_20260720_105447,yolo,yolo_yolov5n_20260720_105447,yolov5n.pt,/root/autodl-fs/datasets/DAIR-V2X_YOLO/dairv2x.yaml,train,66,3076.8726329803467,0.89334,0.52472,0.83568,0.84697,0.78582,0.84975,0.60789,0.84754,0.49346,0.82434,0.0002969645,0.0002969645,0.0002969645,,
yolo_yolov5n_20260720_105447,yolo,yolo_yolov5n_20260720_105447,yolov5n.pt,/root/autodl-fs/datasets/DAIR-V2X_YOLO/dairv2x.yaml,train,67,3121.136337041855,0.89435,0.52318,0.83477,0.85467,0.77987,0.85049,0.60667,0.84706,0.49295,0.82441,0.00028871779999999997,0.00028871779999999997,0.00028871779999999997,,
yolo_yolov5n_20260720_105447,yolo,yolo_yolov5n_20260720_105447,yolov5n.pt,/root/autodl-fs/datasets/DAIR-V2X_YOLO/dairv2x.yaml,train,68,3166.863096475601,0.89186,0.52228,0.83481,0.85146,0.78525,0.85081,0.60678,0.84685,0.49295,0.82426,0.00028047109999999994,0.00028047109999999994,0.00028047109999999994,,
yolo_yolov5n_20260720_105447,yolo,yolo_yolov5n_20260720_105447,yolov5n.pt,/root/autodl-fs/datasets/DAIR-V2X_YOLO/dairv2x.yaml,train,69,3212.3530325889587,0.88803,0.5205,0.83499,0.85365,0.78257,0.85095,0.60931,0.84443,0.49147,0.82415,0.0002722244,0.0002722244,0.0002722244,,
yolo_yolov5n_20260720_105447,yolo,yolo_yolov5n_20260720_105447,yolov5n.pt,/root/autodl-fs/datasets/DAIR-V2X_YOLO/dairv2x.yaml,train,70,3257.6546828746796,0.88767,0.51854,0.83394,0.84567,0.78955,0.85124,0.60643,0.84701,0.49171,0.82444,0.00026397770000000006,0.00026397770000000006,0.00026397770000000006,,
yolo_yolov5n_20260720_105447,yolo,yolo_yolov5n_20260720_105447,yolov5n.pt,/root/autodl-fs/datasets/DAIR-V2X_YOLO/dairv2x.yaml,train,71,3303.907191991806,0.89154,0.52223,0.83501,0.84564,0.78811,0.85156,0.60728,0.84366,0.4904,0.82405,0.00025573100000000004,0.00025573100000000004,0.00025573100000000004,,
yolo_yolov5n_20260720_105447,yolo,yolo_yolov5n_20260720_105447,yolov5n.pt,/root/autodl-fs/datasets/DAIR-V2X_YOLO/dairv2x.yaml,train,72,3349.979744911194,0.88749,0.51765,0.83361,0.84725,0.78999,0.85072,0.60728,0.84161,0.48797,0.82374,0.0002474843,0.0002474843,0.0002474843,,
yolo_yolov5n_20260720_105447,yolo,yolo_yolov5n_20260720_105447,yolov5n.pt,/root/autodl-fs/datasets/DAIR-V2X_YOLO/dairv2x.yaml,train,73,3395.3902564048767,0.88554,0.51714,0.83393,0.85569,0.78692,0.85544,0.61131,0.84203,0.48768,0.82362,0.0002392376,0.0002392376,0.0002392376,,
yolo_yolov5n_20260720_105447,yolo,yolo_yolov5n_20260720_105447,yolov5n.pt,/root/autodl-fs/datasets/DAIR-V2X_YOLO/dairv2x.yaml,train,74,3440.2401161193848,0.88381,0.51721,0.83351,0.84473,0.78928,0.85032,0.60915,0.84108,0.48766,0.82349,0.00023099090000000002,0.00023099090000000002,0.00023099090000000002,,
yolo_yolov5n_20260720_105447,yolo,yolo_yolov5n_20260720_105447,yolov5n.pt,/root/autodl-fs/datasets/DAIR-V2X_YOLO/dairv2x.yaml,train,75,3485.2066752910614,0.88316,0.51522,0.83297,0.84808,0.78868,0.85467,0.61097,0.84156,0.48783,0.82357,0.00022274420000000002,0.00022274420000000002,0.00022274420000000002,,
yolo_yolov5n_20260720_105447,yolo,yolo_yolov5n_20260720_105447,yolov5n.pt,/root/autodl-fs/datasets/DAIR-V2X_YOLO/dairv2x.yaml,train,76,3529.6544506549835,0.88177,0.51387,0.83389,0.85659,0.78729,0.854,0.61256,0.83826,0.48646,0.82328,0.0002144975,0.0002144975,0.0002144975,,
yolo_yolov5n_20260720_105447,yolo,yolo_yolov5n_20260720_105447,yolov5n.pt,/root/autodl-fs/datasets/DAIR-V2X_YOLO/dairv2x.yaml,train,77,3574.599005460739,0.88058,0.51429,0.83407,0.85386,0.78665,0.85031,0.60888,0.83934,0.48778,0.82347,0.00020625079999999997,0.00020625079999999997,0.00020625079999999997,,
yolo_yolov5n_20260720_105447,yolo,yolo_yolov5n_20260720_105447,yolov5n.pt,/root/autodl-fs/datasets/DAIR-V2X_YOLO/dairv2x.yaml,train,78,3619.4116377830505,0.87951,0.51363,0.83367,0.85256,0.78924,0.85388,0.61212,0.84016,0.48755,0.82338,0.00019800409999999998,0.00019800409999999998,0.00019800409999999998,,
yolo_yolov5n_20260720_105447,yolo,yolo_yolov5n_20260720_105447,yolov5n.pt,/root/autodl-fs/datasets/DAIR-V2X_YOLO/dairv2x.yaml,train,79,3665.258884906769,0.8755,0.51077,0.8316,0.85581,0.78198,0.85292,0.61052,0.8388,0.48733,0.8234,0.00018975739999999998,0.00018975739999999998,0.00018975739999999998,,
yolo_yolov5n_20260720_105447,yolo,yolo_yolov5n_20260720_105447,yolov5n.pt,/root/autodl-fs/datasets/DAIR-V2X_YOLO/dairv2x.yaml,train,80,3711.4247102737427,0.87759,0.51153,0.83203,0.85327,0.78706,0.85324,0.61112,0.83864,0.48522,0.82337,0.00018151069999999998,0.00018151069999999998,0.00018151069999999998,,
yolo_yolov5n_20260720_105447,yolo,yolo_yolov5n_20260720_105447,yolov5n.pt,/root/autodl-fs/datasets/DAIR-V2X_YOLO/dairv2x.yaml,train,81,3755.9977028369904,0.87167,0.50823,0.83225,0.85964,0.78183,0.85437,0.61171,0.83782,0.48572,0.82322,0.00017326399999999996,0.00017326399999999996,0.00017326399999999996,,
yolo_yolov5n_20260720_105447,yolo,yolo_yolov5n_20260720_105447,yolov5n.pt,/root/autodl-fs/datasets/DAIR-V2X_YOLO/dairv2x.yaml,train,82,3801.1620647907257,0.87394,0.50837,0.83227,0.85511,0.78773,0.85454,0.61336,0.8379,0.48517,0.82298,0.00016501729999999994,0.00016501729999999994,0.00016501729999999994,,
yolo_yolov5n_20260720_105447,yolo,yolo_yolov5n_20260720_105447,yolov5n.pt,/root/autodl-fs/datasets/DAIR-V2X_YOLO/dairv2x.yaml,train,83,3846.382449865341,0.87161,0.50783,0.8321,0.84968,0.79251,0.85499,0.61372,0.83631,0.48314,0.82262,0.00015677060000000005,0.00015677060000000005,0.00015677060000000005,,
yolo_yolov5n_20260720_105447,yolo,yolo_yolov5n_20260720_105447,yolov5n.pt,/root/autodl-fs/datasets/DAIR-V2X_YOLO/dairv2x.yaml,train,84,3891.462403535843,0.87222,0.50847,0.8318,0.85629,0.78615,0.8551,0.6136,0.83648,0.48419,0.82273,0.00014852390000000002,0.00014852390000000002,0.00014852390000000002,,
yolo_yolov5n_20260720_105447,yolo,yolo_yolov5n_20260720_105447,yolov5n.pt,/root/autodl-fs/datasets/DAIR-V2X_YOLO/dairv2x.yaml,train,85,3936.718120098114,0.87042,0.50593,0.83183,0.85364,0.7894,0.85597,0.61365,0.83599,0.4834,0.823,0.00014027720000000003,0.00014027720000000003,0.00014027720000000003,,
yolo_yolov5n_20260720_105447,yolo,yolo_yolov5n_20260720_105447,yolov5n.pt,/root/autodl-fs/datasets/DAIR-V2X_YOLO/dairv2x.yaml,train,86,3981.877907514572,0.87024,0.5056,0.83096,0.85104,0.79079,0.85496,0.6123,0.83568,0.48316,0.82284,0.00013203050000000003,0.00013203050000000003,0.00013203050000000003,,
yolo_yolov5n_20260720_105447,yolo,yolo_yolov5n_20260720_105447,yolov5n.pt,/root/autodl-fs/datasets/DAIR-V2X_YOLO/dairv2x.yaml,train,87,4026.8513612747192,0.86728,0.5042,0.83126,0.84766,0.79218,0.85601,0.61347,0.83671,0.48251,0.82299,0.0001237838,0.0001237838,0.0001237838,,
yolo_yolov5n_20260720_105447,yolo,yolo_yolov5n_20260720_105447,yolov5n.pt,/root/autodl-fs/datasets/DAIR-V2X_YOLO/dairv2x.yaml,train,88,4072.5850138664246,0.86559,0.50263,0.83131,0.85563,0.7877,0.85555,0.61413,0.83523,0.48228,0.82287,0.00011553710000000001,0.00011553710000000001,0.00011553710000000001,,
yolo_yolov5n_20260720_105447,yolo,yolo_yolov5n_20260720_105447,yolov5n.pt,/root/autodl-fs/datasets/DAIR-V2X_YOLO/dairv2x.yaml,train,89,4118.1104056835175,0.86332,0.50158,0.83134,0.85234,0.78835,0.85501,0.61218,0.83594,0.48298,0.82278,0.0001072904,0.0001072904,0.0001072904,,
yolo_yolov5n_20260720_105447,yolo,yolo_yolov5n_20260720_105447,yolov5n.pt,/root/autodl-fs/datasets/DAIR-V2X_YOLO/dairv2x.yaml,train,90,4162.8438811302185,0.86451,0.50309,0.83161,0.85421,0.78903,0.85438,0.61348,0.83426,0.48144,0.82247,9.904369999999997e-05,9.904369999999997e-05,9.904369999999997e-05,,
yolo_yolov5n_20260720_105447,yolo,yolo_yolov5n_20260720_105447,yolov5n.pt,/root/autodl-fs/datasets/DAIR-V2X_YOLO/dairv2x.yaml,train,91,4203.789821147919,0.83634,0.48892,0.82637,0.84913,0.78734,0.85202,0.60691,0.84781,0.48974,0.82414,9.079699999999998e-05,9.079699999999998e-05,9.079699999999998e-05,,
yolo_yolov5n_20260720_105447,yolo,yolo_yolov5n_20260720_105447,yolov5n.pt,/root/autodl-fs/datasets/DAIR-V2X_YOLO/dairv2x.yaml,train,92,4243.476012706757,0.83051,0.48355,0.82439,0.85373,0.78693,0.85253,0.60863,0.84577,0.48879,0.82385,8.255029999999997e-05,8.255029999999997e-05,8.255029999999997e-05,,
yolo_yolov5n_20260720_105447,yolo,yolo_yolov5n_20260720_105447,yolov5n.pt,/root/autodl-fs/datasets/DAIR-V2X_YOLO/dairv2x.yaml,train,93,4282.954797506332,0.82408,0.48012,0.8243,0.84806,0.7891,0.85237,0.60781,0.8446,0.48738,0.82382,7.430359999999997e-05,7.430359999999997e-05,7.430359999999997e-05,,
yolo_yolov5n_20260720_105447,yolo,yolo_yolov5n_20260720_105447,yolov5n.pt,/root/autodl-fs/datasets/DAIR-V2X_YOLO/dairv2x.yaml,train,94,4322.185039758682,0.8207,0.47847,0.82462,0.84987,0.78951,0.85237,0.6082,0.84295,0.48705,0.82358,6.605689999999995e-05,6.605689999999995e-05,6.605689999999995e-05,,
yolo_yolov5n_20260720_105447,yolo,yolo_yolov5n_20260720_105447,yolov5n.pt,/root/autodl-fs/datasets/DAIR-V2X_YOLO/dairv2x.yaml,train,95,4363.189190626144,0.81987,0.47672,0.82369,0.85084,0.78745,0.85338,0.60904,0.84185,0.48726,0.82341,5.781020000000004e-05,5.781020000000004e-05,5.781020000000004e-05,,
yolo_yolov5n_20260720_105447,yolo,yolo_yolov5n_20260720_105447,yolov5n.pt,/root/autodl-fs/datasets/DAIR-V2X_YOLO/dairv2x.yaml,train,96,4402.945194005966,0.81768,0.47454,0.82352,0.85021,0.78547,0.85289,0.60851,0.84092,0.48584,0.82327,4.9563500000000035e-05,4.9563500000000035e-05,4.9563500000000035e-05,,
yolo_yolov5n_20260720_105447,yolo,yolo_yolov5n_20260720_105447,yolov5n.pt,/root/autodl-fs/datasets/DAIR-V2X_YOLO/dairv2x.yaml,train,97,4443.83940076828,0.81766,0.47425,0.82323,0.85158,0.78833,0.85316,0.60986,0.84093,0.48585,0.82327,4.131680000000003e-05,4.131680000000003e-05,4.131680000000003e-05,,
yolo_yolov5n_20260720_105447,yolo,yolo_yolov5n_20260720_105447,yolov5n.pt,/root/autodl-fs/datasets/DAIR-V2X_YOLO/dairv2x.yaml,train,98,4484.237138748169,0.81679,0.47489,0.82298,0.85225,0.78881,0.85319,0.6101,0.8401,0.48501,0.82322,3.307010000000002e-05,3.307010000000002e-05,3.307010000000002e-05,,
yolo_yolov5n_20260720_105447,yolo,yolo_yolov5n_20260720_105447,yolov5n.pt,/root/autodl-fs/datasets/DAIR-V2X_YOLO/dairv2x.yaml,train,99,4524.875765323639,0.81298,0.47234,0.82268,0.85208,0.7871,0.85235,0.60954,0.83962,0.48494,0.82308,2.4823400000000017e-05,2.4823400000000017e-05,2.4823400000000017e-05,,
yolo_yolov5n_20260720_105447,yolo,yolo_yolov5n_20260720_105447,yolov5n.pt,/root/autodl-fs/datasets/DAIR-V2X_YOLO/dairv2x.yaml,train,100,4564.672097682953,0.81303,0.4718,0.82288,0.85228,0.78687,0.85428,0.61048,0.83956,0.48449,0.82307,1.6576700000000007e-05,1.6576700000000007e-05,1.6576700000000007e-05,,
yolo_yolov5s_20260720_133246,yolo,yolo_yolov5s_20260720_133246,yolov5s.pt,/root/autodl-fs/datasets/DAIR-V2X_YOLO/dairv2x.yaml,train,1,75.80329823493958,1.23251,1.10056,0.92564,0.77137,0.68535,0.74634,0.48074,1.02865,0.6559,0.86261,0.0002767879746835443,0.0002767879746835443,0.0002767879746835443,,
yolo_yolov5s_20260720_133246,yolo,yolo_yolov5s_20260720_133246,yolov5s.pt,/root/autodl-fs/datasets/DAIR-V2X_YOLO/dairv2x.yaml,train,2,145.53307151794434,1.07024,0.68561,0.87297,0.80295,0.72203,0.79137,0.52506,0.97729,0.60046,0.84875,0.0005489655404008439,0.0005489655404008439,0.0005489655404008439,,
yolo_yolov5s_20260720_133246,yolo,yolo_yolov5s_20260720_133246,yolov5s.pt,/root/autodl-fs/datasets/DAIR-V2X_YOLO/dairv2x.yaml,train,3,215.9917438030243,1.03152,0.64024,0.86367,0.81385,0.73766,0.80312,0.5433,0.95497,0.58032,0.84601,0.0008156453061181434,0.0008156453061181434,0.0008156453061181434,,
yolo_yolov5s_20260720_133246,yolo,yolo_yolov5s_20260720_133246,yolov5s.pt,/root/autodl-fs/datasets/DAIR-V2X_YOLO/dairv2x.yaml,train,4,286.2307765483856,1.0044,0.61442,0.85822,0.82468,0.74112,0.80744,0.55109,0.93989,0.56377,0.84332,0.0008082599,0.0008082599,0.0008082599,,
yolo_yolov5s_20260720_133246,yolo,yolo_yolov5s_20260720_133246,yolov5s.pt,/root/autodl-fs/datasets/DAIR-V2X_YOLO/dairv2x.yaml,train,5,356.77568459510803,0.98503,0.59821,0.85544,0.8149,0.7497,0.80757,0.55172,0.93559,0.56197,0.84194,0.0008000131999999999,0.0008000131999999999,0.0008000131999999999,,
yolo_yolov5s_20260720_133246,yolo,yolo_yolov5s_20260720_133246,yolov5s.pt,/root/autodl-fs/datasets/DAIR-V2X_YOLO/dairv2x.yaml,train,6,427.13787364959717,0.96444,0.57857,0.85084,0.80627,0.77763,0.82757,0.57102,0.90194,0.53675,0.83737,0.0007917665,0.0007917665,0.0007917665,,
yolo_yolov5s_20260720_133246,yolo,yolo_yolov5s_20260720_133246,yolov5s.pt,/root/autodl-fs/datasets/DAIR-V2X_YOLO/dairv2x.yaml,train,7,498.1668565273285,0.9565,0.57368,0.84978,0.82102,0.77426,0.82329,0.57336,0.89185,0.5297,0.83703,0.0007835197999999999,0.0007835197999999999,0.0007835197999999999,,
yolo_yolov5s_20260720_133246,yolo,yolo_yolov5s_20260720_133246,yolov5s.pt,/root/autodl-fs/datasets/DAIR-V2X_YOLO/dairv2x.yaml,train,8,566.8081023693085,0.94269,0.562,0.84767,0.84467,0.76523,0.83792,0.59102,0.8788,0.51458,0.83296,0.0007752731,0.0007752731,0.0007752731,,
yolo_yolov5s_20260720_133246,yolo,yolo_yolov5s_20260720_133246,yolov5s.pt,/root/autodl-fs/datasets/DAIR-V2X_YOLO/dairv2x.yaml,train,9,637.0527603626251,0.93307,0.5571,0.84531,0.83204,0.78065,0.83805,0.59076,0.87797,0.51923,0.83309,0.0007670264,0.0007670264,0.0007670264,,
yolo_yolov5s_20260720_133246,yolo,yolo_yolov5s_20260720_133246,yolov5s.pt,/root/autodl-fs/datasets/DAIR-V2X_YOLO/dairv2x.yaml,train,10,709.3527085781097,0.92853,0.55326,0.84511,0.83086,0.78484,0.84199,0.59209,0.87395,0.51189,0.83155,0.0007587797,0.0007587797,0.0007587797,,
yolo_yolov5s_20260720_133246,yolo,yolo_yolov5s_20260720_133246,yolov5s.pt,/root/autodl-fs/datasets/DAIR-V2X_YOLO/dairv2x.yaml,train,11,781.7112212181091,0.91997,0.54701,0.84361,0.84034,0.77421,0.8366,0.59094,0.87693,0.51077,0.83318,0.000750533,0.000750533,0.000750533,,
yolo_yolov5s_20260720_133246,yolo,yolo_yolov5s_20260720_133246,yolov5s.pt,/root/autodl-fs/datasets/DAIR-V2X_YOLO/dairv2x.yaml,train,12,854.2317366600037,0.90928,0.53728,0.84159,0.84416,0.78553,0.84921,0.60208,0.85843,0.49957,0.82812,0.0007422863,0.0007422863,0.0007422863,,
yolo_yolov5s_20260720_133246,yolo,yolo_yolov5s_20260720_133246,yolov5s.pt,/root/autodl-fs/datasets/DAIR-V2X_YOLO/dairv2x.yaml,train,13,922.8959562778473,0.90553,0.53863,0.84152,0.8339,0.79461,0.84859,0.59455,0.86941,0.50908,0.83243,0.0007340396,0.0007340396,0.0007340396,,
yolo_yolov5s_20260720_133246,yolo,yolo_yolov5s_20260720_133246,yolov5s.pt,/root/autodl-fs/datasets/DAIR-V2X_YOLO/dairv2x.yaml,train,14,991.8703618049622,0.90184,0.53153,0.84015,0.82421,0.7916,0.84471,0.60432,0.85748,0.50322,0.82948,0.0007257928999999999,0.0007257928999999999,0.0007257928999999999,,
yolo_yolov5s_20260720_133246,yolo,yolo_yolov5s_20260720_133246,yolov5s.pt,/root/autodl-fs/datasets/DAIR-V2X_YOLO/dairv2x.yaml,train,15,1060.4367425441742,0.89528,0.52752,0.83734,0.85043,0.78816,0.85328,0.61067,0.85002,0.49449,0.82918,0.0007175462,0.0007175462,0.0007175462,,
yolo_yolov5s_20260720_133246,yolo,yolo_yolov5s_20260720_133246,yolov5s.pt,/root/autodl-fs/datasets/DAIR-V2X_YOLO/dairv2x.yaml,train,16,1129.1896097660065,0.88942,0.52017,0.83824,0.847,0.79861,0.85894,0.61832,0.83478,0.4828,0.82595,0.0007092995,0.0007092995,0.0007092995,,
yolo_yolov5s_20260720_133246,yolo,yolo_yolov5s_20260720_133246,yolov5s.pt,/root/autodl-fs/datasets/DAIR-V2X_YOLO/dairv2x.yaml,train,17,1197.733500957489,0.87853,0.51321,0.83627,0.85193,0.7952,0.85908,0.61841,0.83524,0.48166,0.82536,0.0007010528,0.0007010528,0.0007010528,,
yolo_yolov5s_20260720_133246,yolo,yolo_yolov5s_20260720_133246,yolov5s.pt,/root/autodl-fs/datasets/DAIR-V2X_YOLO/dairv2x.yaml,train,18,1266.4282789230347,0.88416,0.51769,0.8366,0.848,0.80278,0.86022,0.61799,0.84222,0.48883,0.82628,0.0006928061,0.0006928061,0.0006928061,,
yolo_yolov5s_20260720_133246,yolo,yolo_yolov5s_20260720_133246,yolov5s.pt,/root/autodl-fs/datasets/DAIR-V2X_YOLO/dairv2x.yaml,train,19,1335.0842866897583,0.87437,0.51372,0.83569,0.85216,0.79686,0.85997,0.62083,0.8272,0.47908,0.82477,0.0006845594000000001,0.0006845594000000001,0.0006845594000000001,,
yolo_yolov5s_20260720_133246,yolo,yolo_yolov5s_20260720_133246,yolov5s.pt,/root/autodl-fs/datasets/DAIR-V2X_YOLO/dairv2x.yaml,train,20,1404.043578863144,0.87197,0.51188,0.8349,0.84691,0.80743,0.85938,0.61352,0.83308,0.48587,0.82451,0.0006763127,0.0006763127,0.0006763127,,
yolo_yolov5s_20260720_133246,yolo,yolo_yolov5s_20260720_133246,yolov5s.pt,/root/autodl-fs/datasets/DAIR-V2X_YOLO/dairv2x.yaml,train,21,1472.749766588211,0.87112,0.51165,0.83415,0.85056,0.79783,0.86079,0.62468,0.82616,0.48113,0.82345,0.000668066,0.000668066,0.000668066,,
yolo_yolov5s_20260720_133246,yolo,yolo_yolov5s_20260720_133246,yolov5s.pt,/root/autodl-fs/datasets/DAIR-V2X_YOLO/dairv2x.yaml,train,22,1541.2678792476654,0.86209,0.50304,0.83313,0.85191,0.80679,0.86125,0.62129,0.82426,0.4773,0.8238,0.0006598193,0.0006598193,0.0006598193,,
yolo_yolov5s_20260720_133246,yolo,yolo_yolov5s_20260720_133246,yolov5s.pt,/root/autodl-fs/datasets/DAIR-V2X_YOLO/dairv2x.yaml,train,23,1609.9588332176208,0.86094,0.50067,0.83245,0.85833,0.80431,0.86501,0.62207,0.82974,0.47869,0.82424,0.0006515726,0.0006515726,0.0006515726,,
yolo_yolov5s_20260720_133246,yolo,yolo_yolov5s_20260720_133246,yolov5s.pt,/root/autodl-fs/datasets/DAIR-V2X_YOLO/dairv2x.yaml,train,24,1678.7234737873077,0.8572,0.50083,0.83295,0.83551,0.81387,0.86278,0.62633,0.8136,0.47462,0.82139,0.0006433259,0.0006433259,0.0006433259,,
yolo_yolov5s_20260720_133246,yolo,yolo_yolov5s_20260720_133246,yolov5s.pt,/root/autodl-fs/datasets/DAIR-V2X_YOLO/dairv2x.yaml,train,25,1749.8392951488495,0.85992,0.50244,0.83259,0.84311,0.81033,0.8628,0.62243,0.82347,0.47843,0.82324,0.0006350791999999999,0.0006350791999999999,0.0006350791999999999,,
yolo_yolov5s_20260720_133246,yolo,yolo_yolov5s_20260720_133246,yolov5s.pt,/root/autodl-fs/datasets/DAIR-V2X_YOLO/dairv2x.yaml,train,26,1822.6642010211945,0.85344,0.49632,0.83176,0.85761,0.80703,0.86423,0.62828,0.81349,0.4698,0.821,0.0006268325,0.0006268325,0.0006268325,,
yolo_yolov5s_20260720_133246,yolo,yolo_yolov5s_20260720_133246,yolov5s.pt,/root/autodl-fs/datasets/DAIR-V2X_YOLO/dairv2x.yaml,train,27,1891.478451013565,0.85056,0.49534,0.8303,0.86434,0.80234,0.86601,0.62591,0.81693,0.46976,0.82199,0.0006185858,0.0006185858,0.0006185858,,
yolo_yolov5s_20260720_133246,yolo,yolo_yolov5s_20260720_133246,yolov5s.pt,/root/autodl-fs/datasets/DAIR-V2X_YOLO/dairv2x.yaml,train,28,1961.7012898921967,0.85381,0.49819,0.83197,0.86238,0.8162,0.86938,0.63467,0.80546,0.4645,0.82086,0.0006103391,0.0006103391,0.0006103391,,
yolo_yolov5s_20260720_133246,yolo,yolo_yolov5s_20260720_133246,yolov5s.pt,/root/autodl-fs/datasets/DAIR-V2X_YOLO/dairv2x.yaml,train,29,2034.3059146404266,0.84656,0.49266,0.83038,0.86738,0.80576,0.86916,0.63523,0.80874,0.46194,0.82063,0.0006020924,0.0006020924,0.0006020924,,
yolo_yolov5s_20260720_133246,yolo,yolo_yolov5s_20260720_133246,yolov5s.pt,/root/autodl-fs/datasets/DAIR-V2X_YOLO/dairv2x.yaml,train,30,2110.3005023002625,0.84073,0.48766,0.82924,0.86273,0.80158,0.86832,0.63724,0.80073,0.46368,0.82046,0.0005938457,0.0005938457,0.0005938457,,
yolo_yolov5s_20260720_133246,yolo,yolo_yolov5s_20260720_133246,yolov5s.pt,/root/autodl-fs/datasets/DAIR-V2X_YOLO/dairv2x.yaml,train,31,2180.6867809295654,0.84256,0.48894,0.82944,0.85146,0.81539,0.86942,0.63747,0.80385,0.46235,0.82005,0.0005855989999999999,0.0005855989999999999,0.0005855989999999999,,
yolo_yolov5s_20260720_133246,yolo,yolo_yolov5s_20260720_133246,yolov5s.pt,/root/autodl-fs/datasets/DAIR-V2X_YOLO/dairv2x.yaml,train,32,2249.9142577648163,0.83614,0.48567,0.8286,0.85664,0.80963,0.87077,0.63747,0.80909,0.4649,0.8201,0.0005773522999999999,0.0005773522999999999,0.0005773522999999999,,
yolo_yolov5s_20260720_133246,yolo,yolo_yolov5s_20260720_133246,yolov5s.pt,/root/autodl-fs/datasets/DAIR-V2X_YOLO/dairv2x.yaml,train,33,2320.670690059662,0.83557,0.48402,0.82853,0.86833,0.80114,0.87023,0.63653,0.80924,0.46272,0.82063,0.0005691056,0.0005691056,0.0005691056,,
yolo_yolov5s_20260720_133246,yolo,yolo_yolov5s_20260720_133246,yolov5s.pt,/root/autodl-fs/datasets/DAIR-V2X_YOLO/dairv2x.yaml,train,34,2392.4457178115845,0.83271,0.48492,0.82834,0.86368,0.81257,0.87374,0.63982,0.80173,0.46021,0.81833,0.0005608588999999999,0.0005608588999999999,0.0005608588999999999,,
yolo_yolov5s_20260720_133246,yolo,yolo_yolov5s_20260720_133246,yolov5s.pt,/root/autodl-fs/datasets/DAIR-V2X_YOLO/dairv2x.yaml,train,35,2462.7076041698456,0.82973,0.47956,0.82798,0.85866,0.81255,0.87126,0.64405,0.79531,0.4556,0.81867,0.0005526121999999999,0.0005526121999999999,0.0005526121999999999,,
yolo_yolov5s_20260720_133246,yolo,yolo_yolov5s_20260720_133246,yolov5s.pt,/root/autodl-fs/datasets/DAIR-V2X_YOLO/dairv2x.yaml,train,36,2532.886590719223,0.82866,0.48048,0.82736,0.85591,0.81335,0.87182,0.64019,0.79646,0.45512,0.819,0.0005443655,0.0005443655,0.0005443655,,
yolo_yolov5s_20260720_133246,yolo,yolo_yolov5s_20260720_133246,yolov5s.pt,/root/autodl-fs/datasets/DAIR-V2X_YOLO/dairv2x.yaml,train,37,2603.003100633621,0.82901,0.48033,0.82675,0.85123,0.81768,0.86774,0.63736,0.79521,0.45668,0.81893,0.0005361188,0.0005361188,0.0005361188,,
yolo_yolov5s_20260720_133246,yolo,yolo_yolov5s_20260720_133246,yolov5s.pt,/root/autodl-fs/datasets/DAIR-V2X_YOLO/dairv2x.yaml,train,38,2674.266480922699,0.82883,0.47849,0.82706,0.86642,0.80877,0.87067,0.64034,0.7959,0.45504,0.81861,0.0005278721,0.0005278721,0.0005278721,,
yolo_yolov5s_20260720_133246,yolo,yolo_yolov5s_20260720_133246,yolov5s.pt,/root/autodl-fs/datasets/DAIR-V2X_YOLO/dairv2x.yaml,train,39,2745.128655910492,0.82311,0.47723,0.82663,0.85955,0.81807,0.87439,0.64265,0.79137,0.45305,0.81781,0.0005196254,0.0005196254,0.0005196254,,
yolo_yolov5s_20260720_133246,yolo,yolo_yolov5s_20260720_133246,yolov5s.pt,/root/autodl-fs/datasets/DAIR-V2X_YOLO/dairv2x.yaml,train,40,2816.065021753311,0.82379,0.47639,0.82558,0.8575,0.81509,0.87201,0.63848,0.79363,0.45399,0.81819,0.0005113787,0.0005113787,0.0005113787,,
yolo_yolov5s_20260720_133246,yolo,yolo_yolov5s_20260720_133246,yolov5s.pt,/root/autodl-fs/datasets/DAIR-V2X_YOLO/dairv2x.yaml,train,41,2887.082891225815,0.81984,0.47178,0.82675,0.86451,0.81573,0.87359,0.64251,0.79065,0.45097,0.81751,0.000503132,0.000503132,0.000503132,,
yolo_yolov5s_20260720_133246,yolo,yolo_yolov5s_20260720_133246,yolov5s.pt,/root/autodl-fs/datasets/DAIR-V2X_YOLO/dairv2x.yaml,train,42,2958.054129600525,0.81794,0.47037,0.82512,0.86184,0.81865,0.87233,0.64427,0.78845,0.44892,0.81764,0.0004948853,0.0004948853,0.0004948853,,
yolo_yolov5s_20260720_133246,yolo,yolo_yolov5s_20260720_133246,yolov5s.pt,/root/autodl-fs/datasets/DAIR-V2X_YOLO/dairv2x.yaml,train,43,3029.0300674438477,0.81434,0.46739,0.82506,0.86516,0.8159,0.87016,0.64405,0.78673,0.44861,0.81695,0.00048663860000000005,0.00048663860000000005,0.00048663860000000005,,
yolo_yolov5s_20260720_133246,yolo,yolo_yolov5s_20260720_133246,yolov5s.pt,/root/autodl-fs/datasets/DAIR-V2X_YOLO/dairv2x.yaml,train,44,3100.9947559833527,0.81447,0.46794,0.82425,0.86866,0.81786,0.87591,0.64612,0.78317,0.44478,0.81667,0.00047839190000000003,0.00047839190000000003,0.00047839190000000003,,
yolo_yolov5s_20260720_133246,yolo,yolo_yolov5s_20260720_133246,yolov5s.pt,/root/autodl-fs/datasets/DAIR-V2X_YOLO/dairv2x.yaml,train,45,3171.3168144226074,0.811,0.46634,0.82366,0.8624,0.8208,0.87684,0.64613,0.7866,0.44563,0.81676,0.0004701452,0.0004701452,0.0004701452,,
yolo_yolov5s_20260720_133246,yolo,yolo_yolov5s_20260720_133246,yolov5s.pt,/root/autodl-fs/datasets/DAIR-V2X_YOLO/dairv2x.yaml,train,46,3241.0503253936768,0.80873,0.46373,0.82443,0.8645,0.82302,0.88009,0.64944,0.78487,0.44478,0.81602,0.0004618985,0.0004618985,0.0004618985,,
yolo_yolov5s_20260720_133246,yolo,yolo_yolov5s_20260720_133246,yolov5s.pt,/root/autodl-fs/datasets/DAIR-V2X_YOLO/dairv2x.yaml,train,47,3311.928256750107,0.80946,0.46417,0.8231,0.85709,0.82184,0.87527,0.64626,0.78117,0.4448,0.81621,0.00045365180000000007,0.00045365180000000007,0.00045365180000000007,,
yolo_yolov5s_20260720_133246,yolo,yolo_yolov5s_20260720_133246,yolov5s.pt,/root/autodl-fs/datasets/DAIR-V2X_YOLO/dairv2x.yaml,train,48,3382.8415513038635,0.80863,0.46504,0.82432,0.87165,0.81743,0.87597,0.6493,0.7798,0.445,0.81577,0.00044540510000000004,0.00044540510000000004,0.00044540510000000004,,
yolo_yolov5s_20260720_133246,yolo,yolo_yolov5s_20260720_133246,yolov5s.pt,/root/autodl-fs/datasets/DAIR-V2X_YOLO/dairv2x.yaml,train,49,3455.2719395160675,0.80749,0.46181,0.82393,0.8646,0.82604,0.87792,0.65315,0.77388,0.43878,0.8153,0.0004371584,0.0004371584,0.0004371584,,
yolo_yolov5s_20260720_133246,yolo,yolo_yolov5s_20260720_133246,yolov5s.pt,/root/autodl-fs/datasets/DAIR-V2X_YOLO/dairv2x.yaml,train,50,3526.6523637771606,0.80274,0.45973,0.82318,0.86076,0.82168,0.87892,0.65252,0.77596,0.44088,0.8155,0.0004289117,0.0004289117,0.0004289117,,
yolo_yolov5s_20260720_133246,yolo,yolo_yolov5s_20260720_133246,yolov5s.pt,/root/autodl-fs/datasets/DAIR-V2X_YOLO/dairv2x.yaml,train,51,3595.442458629608,0.80286,0.45919,0.82283,0.86335,0.8158,0.88004,0.65101,0.77541,0.43893,0.81559,0.00042066499999999997,0.00042066499999999997,0.00042066499999999997,,
yolo_yolov5s_20260720_133246,yolo,yolo_yolov5s_20260720_133246,yolov5s.pt,/root/autodl-fs/datasets/DAIR-V2X_YOLO/dairv2x.yaml,train,52,3667.784989595413,0.79906,0.45652,0.82256,0.85974,0.82516,0.87852,0.65276,0.77457,0.43853,0.81552,0.00041241829999999995,0.00041241829999999995,0.00041241829999999995,,
yolo_yolov5s_20260720_133246,yolo,yolo_yolov5s_20260720_133246,yolov5s.pt,/root/autodl-fs/datasets/DAIR-V2X_YOLO/dairv2x.yaml,train,53,3738.462107181549,0.79963,0.45889,0.82215,0.86439,0.82056,0.87639,0.65093,0.77668,0.44034,0.81515,0.0004041716,0.0004041716,0.0004041716,,
yolo_yolov5s_20260720_133246,yolo,yolo_yolov5s_20260720_133246,yolov5s.pt,/root/autodl-fs/datasets/DAIR-V2X_YOLO/dairv2x.yaml,train,54,3808.6133918762207,0.79943,0.45548,0.82299,0.86855,0.81875,0.87977,0.65307,0.77179,0.44061,0.81511,0.0003959249,0.0003959249,0.0003959249,,
yolo_yolov5s_20260720_133246,yolo,yolo_yolov5s_20260720_133246,yolov5s.pt,/root/autodl-fs/datasets/DAIR-V2X_YOLO/dairv2x.yaml,train,55,3879.848804473877,0.7966,0.45503,0.82154,0.86001,0.82535,0.87904,0.65222,0.77239,0.43813,0.81545,0.0003876782,0.0003876782,0.0003876782,,
yolo_yolov5s_20260720_133246,yolo,yolo_yolov5s_20260720_133246,yolov5s.pt,/root/autodl-fs/datasets/DAIR-V2X_YOLO/dairv2x.yaml,train,56,3950.4628913402557,0.79607,0.45475,0.82208,0.87223,0.81725,0.87853,0.65373,0.77048,0.43762,0.81501,0.00037943149999999996,0.00037943149999999996,0.00037943149999999996,,
yolo_yolov5s_20260720_133246,yolo,yolo_yolov5s_20260720_133246,yolov5s.pt,/root/autodl-fs/datasets/DAIR-V2X_YOLO/dairv2x.yaml,train,57,4021.3743262290955,0.79579,0.45141,0.8217,0.86591,0.82158,0.88148,0.6556,0.76922,0.43653,0.81508,0.00037118479999999994,0.00037118479999999994,0.00037118479999999994,,
yolo_yolov5s_20260720_133246,yolo,yolo_yolov5s_20260720_133246,yolov5s.pt,/root/autodl-fs/datasets/DAIR-V2X_YOLO/dairv2x.yaml,train,58,4091.134762763977,0.789,0.44882,0.82098,0.86609,0.82299,0.88351,0.65976,0.7696,0.43447,0.8143,0.0003629381,0.0003629381,0.0003629381,,
yolo_yolov5s_20260720_133246,yolo,yolo_yolov5s_20260720_133246,yolov5s.pt,/root/autodl-fs/datasets/DAIR-V2X_YOLO/dairv2x.yaml,train,59,4161.44472193718,0.78996,0.44977,0.82081,0.8599,0.82517,0.8815,0.65788,0.76774,0.43309,0.81451,0.00035469140000000005,0.00035469140000000005,0.00035469140000000005,,
yolo_yolov5s_20260720_133246,yolo,yolo_yolov5s_20260720_133246,yolov5s.pt,/root/autodl-fs/datasets/DAIR-V2X_YOLO/dairv2x.yaml,train,60,4232.1236979961395,0.79015,0.44868,0.82098,0.865,0.82382,0.88098,0.65654,0.7695,0.4343,0.8149,0.00034644470000000003,0.00034644470000000003,0.00034644470000000003,,
yolo_yolov5s_20260720_133246,yolo,yolo_yolov5s_20260720_133246,yolov5s.pt,/root/autodl-fs/datasets/DAIR-V2X_YOLO/dairv2x.yaml,train,61,4302.367301464081,0.78717,0.44722,0.82006,0.86262,0.82913,0.88081,0.65755,0.76515,0.43033,0.81414,0.000338198,0.000338198,0.000338198,,
yolo_yolov5s_20260720_133246,yolo,yolo_yolov5s_20260720_133246,yolov5s.pt,/root/autodl-fs/datasets/DAIR-V2X_YOLO/dairv2x.yaml,train,62,4373.192733049393,0.78501,0.44547,0.82101,0.8688,0.8258,0.88015,0.65785,0.7634,0.4314,0.81379,0.0003299513,0.0003299513,0.0003299513,,
yolo_yolov5s_20260720_133246,yolo,yolo_yolov5s_20260720_133246,yolov5s.pt,/root/autodl-fs/datasets/DAIR-V2X_YOLO/dairv2x.yaml,train,63,4443.612840414047,0.78475,0.44589,0.81967,0.86757,0.82766,0.8822,0.65835,0.76419,0.43196,0.81394,0.00032170459999999996,0.00032170459999999996,0.00032170459999999996,,
yolo_yolov5s_20260720_133246,yolo,yolo_yolov5s_20260720_133246,yolov5s.pt,/root/autodl-fs/datasets/DAIR-V2X_YOLO/dairv2x.yaml,train,64,4514.736306667328,0.78443,0.44484,0.81933,0.86265,0.82893,0.88021,0.65637,0.76425,0.43172,0.81386,0.0003134579,0.0003134579,0.0003134579,,
yolo_yolov5s_20260720_133246,yolo,yolo_yolov5s_20260720_133246,yolov5s.pt,/root/autodl-fs/datasets/DAIR-V2X_YOLO/dairv2x.yaml,train,65,4586.766756296158,0.78061,0.44234,0.8201,0.86357,0.82465,0.87753,0.65585,0.76381,0.43095,0.81408,0.0003052112,0.0003052112,0.0003052112,,
yolo_yolov5s_20260720_133246,yolo,yolo_yolov5s_20260720_133246,yolov5s.pt,/root/autodl-fs/datasets/DAIR-V2X_YOLO/dairv2x.yaml,train,66,4657.606541395187,0.77997,0.44217,0.81953,0.8636,0.82747,0.88087,0.6586,0.76272,0.42957,0.81395,0.0002969645,0.0002969645,0.0002969645,,
yolo_yolov5s_20260720_133246,yolo,yolo_yolov5s_20260720_133246,yolov5s.pt,/root/autodl-fs/datasets/DAIR-V2X_YOLO/dairv2x.yaml,train,67,4727.097710609436,0.77933,0.43896,0.81877,0.86367,0.82666,0.88071,0.6609,0.76054,0.42881,0.81345,0.00028871779999999997,0.00028871779999999997,0.00028871779999999997,,
yolo_yolov5s_20260720_133246,yolo,yolo_yolov5s_20260720_133246,yolov5s.pt,/root/autodl-fs/datasets/DAIR-V2X_YOLO/dairv2x.yaml,train,68,4796.428379535675,0.77807,0.43935,0.81879,0.87029,0.82744,0.88327,0.66037,0.76124,0.42848,0.81358,0.00028047109999999994,0.00028047109999999994,0.00028047109999999994,,
yolo_yolov5s_20260720_133246,yolo,yolo_yolov5s_20260720_133246,yolov5s.pt,/root/autodl-fs/datasets/DAIR-V2X_YOLO/dairv2x.yaml,train,69,4866.503151416779,0.77576,0.43751,0.81908,0.86953,0.82813,0.88221,0.6593,0.76142,0.42833,0.81364,0.0002722244,0.0002722244,0.0002722244,,
yolo_yolov5s_20260720_133246,yolo,yolo_yolov5s_20260720_133246,yolov5s.pt,/root/autodl-fs/datasets/DAIR-V2X_YOLO/dairv2x.yaml,train,70,4936.178950071335,0.7756,0.43696,0.81849,0.87594,0.82092,0.88129,0.66101,0.76122,0.42774,0.81315,0.00026397770000000006,0.00026397770000000006,0.00026397770000000006,,
yolo_yolov5s_20260720_133246,yolo,yolo_yolov5s_20260720_133246,yolov5s.pt,/root/autodl-fs/datasets/DAIR-V2X_YOLO/dairv2x.yaml,train,71,5006.119007587433,0.77681,0.43846,0.81866,0.86767,0.82484,0.88291,0.66133,0.76134,0.42764,0.81321,0.00025573100000000004,0.00025573100000000004,0.00025573100000000004,,
yolo_yolov5s_20260720_133246,yolo,yolo_yolov5s_20260720_133246,yolov5s.pt,/root/autodl-fs/datasets/DAIR-V2X_YOLO/dairv2x.yaml,train,72,5076.128969192505,0.77276,0.43406,0.81744,0.87055,0.82719,0.88375,0.66257,0.75978,0.42697,0.81331,0.0002474843,0.0002474843,0.0002474843,,
yolo_yolov5s_20260720_133246,yolo,yolo_yolov5s_20260720_133246,yolov5s.pt,/root/autodl-fs/datasets/DAIR-V2X_YOLO/dairv2x.yaml,train,73,5146.275629281998,0.76945,0.43284,0.81762,0.87428,0.82291,0.88497,0.66495,0.75671,0.4246,0.81269,0.0002392376,0.0002392376,0.0002392376,,
yolo_yolov5s_20260720_133246,yolo,yolo_yolov5s_20260720_133246,yolov5s.pt,/root/autodl-fs/datasets/DAIR-V2X_YOLO/dairv2x.yaml,train,74,5215.365583181381,0.77065,0.43459,0.81788,0.86607,0.83229,0.88358,0.66323,0.75561,0.42376,0.81253,0.00023099090000000002,0.00023099090000000002,0.00023099090000000002,,
yolo_yolov5s_20260720_133246,yolo,yolo_yolov5s_20260720_133246,yolov5s.pt,/root/autodl-fs/datasets/DAIR-V2X_YOLO/dairv2x.yaml,train,75,5285.264857530594,0.7694,0.43184,0.81711,0.86728,0.82748,0.88645,0.6659,0.75677,0.42365,0.81252,0.00022274420000000002,0.00022274420000000002,0.00022274420000000002,,
yolo_yolov5s_20260720_133246,yolo,yolo_yolov5s_20260720_133246,yolov5s.pt,/root/autodl-fs/datasets/DAIR-V2X_YOLO/dairv2x.yaml,train,76,5357.195886850357,0.76895,0.43128,0.81809,0.87466,0.82165,0.88366,0.66539,0.75656,0.42361,0.81307,0.0002144975,0.0002144975,0.0002144975,,
yolo_yolov5s_20260720_133246,yolo,yolo_yolov5s_20260720_133246,yolov5s.pt,/root/autodl-fs/datasets/DAIR-V2X_YOLO/dairv2x.yaml,train,77,5428.152947902679,0.76469,0.42997,0.8178,0.8682,0.82581,0.88425,0.66312,0.75703,0.42352,0.81322,0.00020625079999999997,0.00020625079999999997,0.00020625079999999997,,
yolo_yolov5s_20260720_133246,yolo,yolo_yolov5s_20260720_133246,yolov5s.pt,/root/autodl-fs/datasets/DAIR-V2X_YOLO/dairv2x.yaml,train,78,5498.811136484146,0.76457,0.42964,0.81765,0.86132,0.83627,0.88434,0.66393,0.75652,0.42372,0.81307,0.00019800409999999998,0.00019800409999999998,0.00019800409999999998,,
yolo_yolov5s_20260720_133246,yolo,yolo_yolov5s_20260720_133246,yolov5s.pt,/root/autodl-fs/datasets/DAIR-V2X_YOLO/dairv2x.yaml,train,79,5568.5636947155,0.76221,0.42718,0.81586,0.87222,0.82574,0.88539,0.66529,0.75386,0.42377,0.81254,0.00018975739999999998,0.00018975739999999998,0.00018975739999999998,,
yolo_yolov5s_20260720_133246,yolo,yolo_yolov5s_20260720_133246,yolov5s.pt,/root/autodl-fs/datasets/DAIR-V2X_YOLO/dairv2x.yaml,train,80,5639.253740310669,0.76277,0.42754,0.81626,0.87022,0.82903,0.88463,0.6647,0.75452,0.42288,0.81235,0.00018151069999999998,0.00018151069999999998,0.00018151069999999998,,
yolo_yolov5s_20260720_133246,yolo,yolo_yolov5s_20260720_133246,yolov5s.pt,/root/autodl-fs/datasets/DAIR-V2X_YOLO/dairv2x.yaml,train,81,5709.072469711304,0.75848,0.42463,0.81647,0.85833,0.83609,0.8824,0.66328,0.75506,0.42387,0.8127,0.00017326399999999996,0.00017326399999999996,0.00017326399999999996,,
yolo_yolov5s_20260720_133246,yolo,yolo_yolov5s_20260720_133246,yolov5s.pt,/root/autodl-fs/datasets/DAIR-V2X_YOLO/dairv2x.yaml,train,82,5779.549447059631,0.75786,0.42378,0.81624,0.86616,0.8318,0.88354,0.6657,0.75236,0.42119,0.81223,0.00016501729999999994,0.00016501729999999994,0.00016501729999999994,,
yolo_yolov5s_20260720_133246,yolo,yolo_yolov5s_20260720_133246,yolov5s.pt,/root/autodl-fs/datasets/DAIR-V2X_YOLO/dairv2x.yaml,train,83,5849.5722143650055,0.75752,0.42419,0.81634,0.85948,0.83481,0.88439,0.66619,0.75147,0.42112,0.81213,0.00015677060000000005,0.00015677060000000005,0.00015677060000000005,,
yolo_yolov5s_20260720_133246,yolo,yolo_yolov5s_20260720_133246,yolov5s.pt,/root/autodl-fs/datasets/DAIR-V2X_YOLO/dairv2x.yaml,train,84,5919.696257352829,0.75661,0.42302,0.81578,0.871,0.82812,0.8852,0.66677,0.7512,0.42026,0.81227,0.00014852390000000002,0.00014852390000000002,0.00014852390000000002,,
yolo_yolov5s_20260720_133246,yolo,yolo_yolov5s_20260720_133246,yolov5s.pt,/root/autodl-fs/datasets/DAIR-V2X_YOLO/dairv2x.yaml,train,85,5990.175072431564,0.75514,0.42165,0.81611,0.87851,0.82296,0.88615,0.66599,0.74978,0.42003,0.81216,0.00014027720000000003,0.00014027720000000003,0.00014027720000000003,,
yolo_yolov5s_20260720_133246,yolo,yolo_yolov5s_20260720_133246,yolov5s.pt,/root/autodl-fs/datasets/DAIR-V2X_YOLO/dairv2x.yaml,train,86,6060.541832208633,0.75455,0.4201,0.81483,0.86687,0.83154,0.88688,0.66766,0.74957,0.42017,0.81239,0.00013203050000000003,0.00013203050000000003,0.00013203050000000003,,
yolo_yolov5s_20260720_133246,yolo,yolo_yolov5s_20260720_133246,yolov5s.pt,/root/autodl-fs/datasets/DAIR-V2X_YOLO/dairv2x.yaml,train,87,6130.121447563171,0.75419,0.41982,0.8157,0.86982,0.82989,0.88548,0.66626,0.75077,0.42105,0.81218,0.0001237838,0.0001237838,0.0001237838,,
yolo_yolov5s_20260720_133246,yolo,yolo_yolov5s_20260720_133246,yolov5s.pt,/root/autodl-fs/datasets/DAIR-V2X_YOLO/dairv2x.yaml,train,88,6199.741211891174,0.74943,0.4181,0.8151,0.86575,0.82965,0.8858,0.66681,0.75068,0.41931,0.81212,0.00011553710000000001,0.00011553710000000001,0.00011553710000000001,,
yolo_yolov5s_20260720_133246,yolo,yolo_yolov5s_20260720_133246,yolov5s.pt,/root/autodl-fs/datasets/DAIR-V2X_YOLO/dairv2x.yaml,train,89,6269.804164886475,0.74853,0.4171,0.81544,0.86781,0.82898,0.88546,0.66797,0.75008,0.41907,0.81201,0.0001072904,0.0001072904,0.0001072904,,
yolo_yolov5s_20260720_133246,yolo,yolo_yolov5s_20260720_133246,yolov5s.pt,/root/autodl-fs/datasets/DAIR-V2X_YOLO/dairv2x.yaml,train,90,6338.5066010952,0.74984,0.41715,0.81557,0.87034,0.82674,0.88496,0.66742,0.7493,0.41877,0.81201,9.904369999999997e-05,9.904369999999997e-05,9.904369999999997e-05,,
yolo_yolov5s_20260720_133246,yolo,yolo_yolov5s_20260720_133246,yolov5s.pt,/root/autodl-fs/datasets/DAIR-V2X_YOLO/dairv2x.yaml,train,91,6404.32093334198,0.72586,0.40567,0.81078,0.86361,0.82621,0.88289,0.66404,0.75528,0.42276,0.81264,9.079699999999998e-05,9.079699999999998e-05,9.079699999999998e-05,,
yolo_yolov5s_20260720_133246,yolo,yolo_yolov5s_20260720_133246,yolov5s.pt,/root/autodl-fs/datasets/DAIR-V2X_YOLO/dairv2x.yaml,train,92,6468.045379638672,0.72293,0.40217,0.80933,0.86499,0.82868,0.88296,0.66407,0.75587,0.4222,0.8128,8.255029999999997e-05,8.255029999999997e-05,8.255029999999997e-05,,
yolo_yolov5s_20260720_133246,yolo,yolo_yolov5s_20260720_133246,yolov5s.pt,/root/autodl-fs/datasets/DAIR-V2X_YOLO/dairv2x.yaml,train,93,6533.225202083588,0.71822,0.39999,0.80924,0.86732,0.82786,0.88172,0.66385,0.7558,0.42192,0.81283,7.430359999999997e-05,7.430359999999997e-05,7.430359999999997e-05,,
yolo_yolov5s_20260720_133246,yolo,yolo_yolov5s_20260720_133246,yolov5s.pt,/root/autodl-fs/datasets/DAIR-V2X_YOLO/dairv2x.yaml,train,94,6602.659003019333,0.71603,0.39886,0.80977,0.86521,0.83022,0.88167,0.66292,0.75479,0.42083,0.81269,6.605689999999995e-05,6.605689999999995e-05,6.605689999999995e-05,,
yolo_yolov5s_20260720_133246,yolo,yolo_yolov5s_20260720_133246,yolov5s.pt,/root/autodl-fs/datasets/DAIR-V2X_YOLO/dairv2x.yaml,train,95,6672.14391875267,0.71465,0.39702,0.80863,0.86971,0.82612,0.88112,0.66307,0.75335,0.42097,0.81257,5.781020000000004e-05,5.781020000000004e-05,5.781020000000004e-05,,
yolo_yolov5s_20260720_133246,yolo,yolo_yolov5s_20260720_133246,yolov5s.pt,/root/autodl-fs/datasets/DAIR-V2X_YOLO/dairv2x.yaml,train,96,6737.819327831268,0.71241,0.39512,0.80873,0.8706,0.82333,0.88198,0.66299,0.75245,0.421,0.81255,4.9563500000000035e-05,4.9563500000000035e-05,4.9563500000000035e-05,,
yolo_yolov5s_20260720_133246,yolo,yolo_yolov5s_20260720_133246,yolov5s.pt,/root/autodl-fs/datasets/DAIR-V2X_YOLO/dairv2x.yaml,train,97,6802.709973335266,0.71075,0.39418,0.8082,0.86673,0.82834,0.88263,0.66396,0.7523,0.42137,0.81247,4.131680000000003e-05,4.131680000000003e-05,4.131680000000003e-05,,
yolo_yolov5s_20260720_133246,yolo,yolo_yolov5s_20260720_133246,yolov5s.pt,/root/autodl-fs/datasets/DAIR-V2X_YOLO/dairv2x.yaml,train,98,6866.814356088638,0.71045,0.39334,0.80802,0.8661,0.82786,0.88257,0.66442,0.75201,0.42075,0.81239,3.307010000000002e-05,3.307010000000002e-05,3.307010000000002e-05,,
yolo_yolov5s_20260720_133246,yolo,yolo_yolov5s_20260720_133246,yolov5s.pt,/root/autodl-fs/datasets/DAIR-V2X_YOLO/dairv2x.yaml,train,99,6931.309232711792,0.70703,0.39113,0.80777,0.86765,0.82739,0.88268,0.66478,0.75181,0.42023,0.81227,2.4823400000000017e-05,2.4823400000000017e-05,2.4823400000000017e-05,,
yolo_yolov5s_20260720_133246,yolo,yolo_yolov5s_20260720_133246,yolov5s.pt,/root/autodl-fs/datasets/DAIR-V2X_YOLO/dairv2x.yaml,train,100,6995.901804924011,0.70834,0.39157,0.80796,0.86506,0.82714,0.88307,0.66533,0.75141,0.4196,0.81223,1.6576700000000007e-05,1.6576700000000007e-05,1.6576700000000007e-05,,
yolo_yolov8m_20260720_174036,yolo,yolo_yolov8m_20260720_174036,yolov8m.pt,/root/autodl-fs/datasets/DAIR-V2X_YOLO/dairv2x.yaml,train,1,165.42100739479065,1.0527,0.82897,0.89134,0.81661,0.74262,0.8073,0.55749,0.91344,0.54188,0.8453,0.00027722662440570525,0.00027722662440570525,0.00027722662440570525,,
yolo_yolov8m_20260720_174036,yolo,yolo_yolov8m_20260720_174036,yolov8m.pt,/root/autodl-fs/datasets/DAIR-V2X_YOLO/dairv2x.yaml,train,2,314.6898424625397,0.95742,0.5864,0.86316,0.81626,0.77198,0.83151,0.57734,0.90258,0.53486,0.84162,0.0005493998474907554,0.0005493998474907554,0.0005493998474907554,,
yolo_yolov8m_20260720_174036,yolo,yolo_yolov8m_20260720_174036,yolov8m.pt,/root/autodl-fs/datasets/DAIR-V2X_YOLO/dairv2x.yaml,train,3,455.34785079956055,0.93157,0.56345,0.85771,0.82513,0.78175,0.8402,0.59114,0.8817,0.51867,0.83831,0.0008160752705758056,0.0008160752705758056,0.0008160752705758056,,
yolo_yolov8m_20260720_174036,yolo,yolo_yolov8m_20260720_174036,yolov8m.pt,/root/autodl-fs/datasets/DAIR-V2X_YOLO/dairv2x.yaml,train,4,595.809182882309,0.91301,0.54133,0.85161,0.82277,0.78964,0.83922,0.59635,0.86479,0.50631,0.8355,0.0008082599,0.0008082599,0.0008082599,,
yolo_yolov8m_20260720_174036,yolo,yolo_yolov8m_20260720_174036,yolov8m.pt,/root/autodl-fs/datasets/DAIR-V2X_YOLO/dairv2x.yaml,train,5,734.2085964679718,0.8891,0.52535,0.84907,0.85163,0.78903,0.85322,0.61292,0.84177,0.48004,0.83173,0.0008000131999999999,0.0008000131999999999,0.0008000131999999999,,
yolo_yolov8m_20260720_174036,yolo,yolo_yolov8m_20260720_174036,yolov8m.pt,/root/autodl-fs/datasets/DAIR-V2X_YOLO/dairv2x.yaml,train,6,877.5499501228333,0.87496,0.5143,0.84577,0.83711,0.81201,0.85779,0.62185,0.82715,0.47793,0.8314,0.0007917665,0.0007917665,0.0007917665,,
yolo_yolov8m_20260720_174036,yolo,yolo_yolov8m_20260720_174036,yolov8m.pt,/root/autodl-fs/datasets/DAIR-V2X_YOLO/dairv2x.yaml,train,7,1016.2713761329651,0.86456,0.506,0.84405,0.84673,0.80743,0.86783,0.62676,0.82282,0.46808,0.82963,0.0007835197999999999,0.0007835197999999999,0.0007835197999999999,,
yolo_yolov8m_20260720_174036,yolo,yolo_yolov8m_20260720_174036,yolov8m.pt,/root/autodl-fs/datasets/DAIR-V2X_YOLO/dairv2x.yaml,train,8,1152.5120203495026,0.8526,0.49588,0.84136,0.83794,0.8154,0.86383,0.62837,0.82067,0.46991,0.82742,0.0007752731,0.0007752731,0.0007752731,,
yolo_yolov8m_20260720_174036,yolo,yolo_yolov8m_20260720_174036,yolov8m.pt,/root/autodl-fs/datasets/DAIR-V2X_YOLO/dairv2x.yaml,train,9,1291.079392671585,0.84506,0.49129,0.83982,0.85653,0.80986,0.87076,0.63632,0.80315,0.46207,0.8259,0.0007670264,0.0007670264,0.0007670264,,
yolo_yolov8m_20260720_174036,yolo,yolo_yolov8m_20260720_174036,yolov8m.pt,/root/autodl-fs/datasets/DAIR-V2X_YOLO/dairv2x.yaml,train,10,1429.5553798675537,0.84736,0.49443,0.83978,0.85258,0.80855,0.86087,0.62923,0.80983,0.46557,0.82598,0.0007587797,0.0007587797,0.0007587797,,
yolo_yolov8m_20260720_174036,yolo,yolo_yolov8m_20260720_174036,yolov8m.pt,/root/autodl-fs/datasets/DAIR-V2X_YOLO/dairv2x.yaml,train,11,1567.4898352622986,0.84258,0.48559,0.83938,0.84713,0.81228,0.86193,0.63385,0.79477,0.45759,0.82394,0.000750533,0.000750533,0.000750533,,
yolo_yolov8m_20260720_174036,yolo,yolo_yolov8m_20260720_174036,yolov8m.pt,/root/autodl-fs/datasets/DAIR-V2X_YOLO/dairv2x.yaml,train,12,1704.6938333511353,0.8295,0.47816,0.83671,0.84633,0.82346,0.87174,0.63722,0.80802,0.4624,0.82693,0.0007422863,0.0007422863,0.0007422863,,
yolo_yolov8m_20260720_174036,yolo,yolo_yolov8m_20260720_174036,yolov8m.pt,/root/autodl-fs/datasets/DAIR-V2X_YOLO/dairv2x.yaml,train,13,1844.3930497169495,0.82494,0.47736,0.83707,0.8463,0.81989,0.86934,0.63985,0.79366,0.45624,0.82311,0.0007340396,0.0007340396,0.0007340396,,
yolo_yolov8m_20260720_174036,yolo,yolo_yolov8m_20260720_174036,yolov8m.pt,/root/autodl-fs/datasets/DAIR-V2X_YOLO/dairv2x.yaml,train,14,1982.680692911148,0.82314,0.47607,0.83572,0.85729,0.81587,0.8719,0.64678,0.79098,0.45256,0.82371,0.0007257928999999999,0.0007257928999999999,0.0007257928999999999,,
yolo_yolov8m_20260720_174036,yolo,yolo_yolov8m_20260720_174036,yolov8m.pt,/root/autodl-fs/datasets/DAIR-V2X_YOLO/dairv2x.yaml,train,15,2122.6010212898254,0.81547,0.46546,0.83332,0.86303,0.81901,0.87861,0.65432,0.78522,0.44307,0.82182,0.0007175462,0.0007175462,0.0007175462,,
yolo_yolov8m_20260720_174036,yolo,yolo_yolov8m_20260720_174036,yolov8m.pt,/root/autodl-fs/datasets/DAIR-V2X_YOLO/dairv2x.yaml,train,16,2261.6350712776184,0.80895,0.46082,0.83187,0.85615,0.8219,0.87594,0.65373,0.77916,0.43977,0.82014,0.0007092995,0.0007092995,0.0007092995,,
yolo_yolov8m_20260720_174036,yolo,yolo_yolov8m_20260720_174036,yolov8m.pt,/root/autodl-fs/datasets/DAIR-V2X_YOLO/dairv2x.yaml,train,17,2401.59206032753,0.80928,0.46251,0.83331,0.86378,0.81811,0.8732,0.65055,0.77853,0.44076,0.82146,0.0007010528,0.0007010528,0.0007010528,,
yolo_yolov8m_20260720_174036,yolo,yolo_yolov8m_20260720_174036,yolov8m.pt,/root/autodl-fs/datasets/DAIR-V2X_YOLO/dairv2x.yaml,train,18,2540.758629798889,0.79878,0.45566,0.83021,0.8664,0.81832,0.87943,0.65884,0.77143,0.43851,0.82017,0.0006928061,0.0006928061,0.0006928061,,
yolo_yolov8m_20260720_174036,yolo,yolo_yolov8m_20260720_174036,yolov8m.pt,/root/autodl-fs/datasets/DAIR-V2X_YOLO/dairv2x.yaml,train,19,2676.7205033302307,0.79998,0.4575,0.83093,0.8662,0.82138,0.88055,0.6587,0.77152,0.43468,0.81893,0.0006845594000000001,0.0006845594000000001,0.0006845594000000001,,
yolo_yolov8m_20260720_174036,yolo,yolo_yolov8m_20260720_174036,yolov8m.pt,/root/autodl-fs/datasets/DAIR-V2X_YOLO/dairv2x.yaml,train,20,2813.054561138153,0.7929,0.45225,0.82964,0.86064,0.82407,0.88334,0.65969,0.77079,0.43832,0.8203,0.0006763127,0.0006763127,0.0006763127,,
yolo_yolov8m_20260720_174036,yolo,yolo_yolov8m_20260720_174036,yolov8m.pt,/root/autodl-fs/datasets/DAIR-V2X_YOLO/dairv2x.yaml,train,21,2948.9764873981476,0.79426,0.45137,0.83027,0.84755,0.83446,0.87755,0.65866,0.76311,0.43389,0.8188,0.000668066,0.000668066,0.000668066,,
yolo_yolov8m_20260720_174036,yolo,yolo_yolov8m_20260720_174036,yolov8m.pt,/root/autodl-fs/datasets/DAIR-V2X_YOLO/dairv2x.yaml,train,22,3083.8901958465576,0.78702,0.44727,0.82909,0.85733,0.82796,0.87929,0.65911,0.76309,0.43113,0.81843,0.0006598193,0.0006598193,0.0006598193,,
yolo_yolov8m_20260720_174036,yolo,yolo_yolov8m_20260720_174036,yolov8m.pt,/root/autodl-fs/datasets/DAIR-V2X_YOLO/dairv2x.yaml,train,23,3219.233908176422,0.78661,0.44912,0.82905,0.86861,0.82307,0.88282,0.66043,0.76754,0.43052,0.81811,0.0006515726,0.0006515726,0.0006515726,,
yolo_yolov8m_20260720_174036,yolo,yolo_yolov8m_20260720_174036,yolov8m.pt,/root/autodl-fs/datasets/DAIR-V2X_YOLO/dairv2x.yaml,train,24,3354.0993041992188,0.78709,0.44929,0.8283,0.85811,0.82737,0.88044,0.6567,0.76844,0.43439,0.81831,0.0006433259,0.0006433259,0.0006433259,,
yolo_yolov8m_20260720_174036,yolo,yolo_yolov8m_20260720_174036,yolov8m.pt,/root/autodl-fs/datasets/DAIR-V2X_YOLO/dairv2x.yaml,train,25,3489.1535999774933,0.78252,0.44667,0.82858,0.8649,0.82713,0.88523,0.66421,0.75881,0.42833,0.81779,0.0006350791999999999,0.0006350791999999999,0.0006350791999999999,,
yolo_yolov8m_20260720_174036,yolo,yolo_yolov8m_20260720_174036,yolov8m.pt,/root/autodl-fs/datasets/DAIR-V2X_YOLO/dairv2x.yaml,train,26,3623.862711429596,0.7783,0.44061,0.82712,0.86486,0.83246,0.8851,0.66647,0.75537,0.42318,0.81665,0.0006268325,0.0006268325,0.0006268325,,
yolo_yolov8m_20260720_174036,yolo,yolo_yolov8m_20260720_174036,yolov8m.pt,/root/autodl-fs/datasets/DAIR-V2X_YOLO/dairv2x.yaml,train,27,3758.0949985980988,0.77925,0.4395,0.82679,0.86172,0.8325,0.88741,0.66514,0.75816,0.42298,0.81736,0.0006185858,0.0006185858,0.0006185858,,
yolo_yolov8m_20260720_174036,yolo,yolo_yolov8m_20260720_174036,yolov8m.pt,/root/autodl-fs/datasets/DAIR-V2X_YOLO/dairv2x.yaml,train,28,3892.5808713436127,0.77435,0.43934,0.82694,0.8655,0.82556,0.88517,0.66888,0.75304,0.42137,0.8175,0.0006103391,0.0006103391,0.0006103391,,
yolo_yolov8m_20260720_174036,yolo,yolo_yolov8m_20260720_174036,yolov8m.pt,/root/autodl-fs/datasets/DAIR-V2X_YOLO/dairv2x.yaml,train,29,4027.85516166687,0.77399,0.43757,0.82793,0.84819,0.83637,0.88508,0.6664,0.75493,0.42212,0.81765,0.0006020924,0.0006020924,0.0006020924,,
yolo_yolov8m_20260720_174036,yolo,yolo_yolov8m_20260720_174036,yolov8m.pt,/root/autodl-fs/datasets/DAIR-V2X_YOLO/dairv2x.yaml,train,30,4162.72219824791,0.77094,0.43345,0.82627,0.85755,0.8289,0.88592,0.66293,0.76327,0.4249,0.81811,0.0005938457,0.0005938457,0.0005938457,,
yolo_yolov8m_20260720_174036,yolo,yolo_yolov8m_20260720_174036,yolov8m.pt,/root/autodl-fs/datasets/DAIR-V2X_YOLO/dairv2x.yaml,train,31,4298.188552856445,0.76473,0.43131,0.82382,0.8665,0.83096,0.88555,0.6709,0.74958,0.41689,0.8167,0.0005855989999999999,0.0005855989999999999,0.0005855989999999999,,
yolo_yolov8m_20260720_174036,yolo,yolo_yolov8m_20260720_174036,yolov8m.pt,/root/autodl-fs/datasets/DAIR-V2X_YOLO/dairv2x.yaml,train,32,4432.507436990738,0.76628,0.43112,0.82444,0.85518,0.83518,0.88542,0.67204,0.74404,0.41514,0.8148,0.0005773522999999999,0.0005773522999999999,0.0005773522999999999,,
yolo_yolov8m_20260720_174036,yolo,yolo_yolov8m_20260720_174036,yolov8m.pt,/root/autodl-fs/datasets/DAIR-V2X_YOLO/dairv2x.yaml,train,33,4567.691644906998,0.76154,0.42967,0.82462,0.86329,0.8362,0.88654,0.6716,0.74259,0.41388,0.81528,0.0005691056,0.0005691056,0.0005691056,,
yolo_yolov8m_20260720_174036,yolo,yolo_yolov8m_20260720_174036,yolov8m.pt,/root/autodl-fs/datasets/DAIR-V2X_YOLO/dairv2x.yaml,train,34,4702.682598829269,0.76055,0.42655,0.82424,0.87371,0.82966,0.88834,0.67187,0.7474,0.41433,0.81605,0.0005608588999999999,0.0005608588999999999,0.0005608588999999999,,
yolo_yolov8m_20260720_174036,yolo,yolo_yolov8m_20260720_174036,yolov8m.pt,/root/autodl-fs/datasets/DAIR-V2X_YOLO/dairv2x.yaml,train,35,4837.551276683807,0.76146,0.42594,0.82489,0.85958,0.8405,0.89216,0.67659,0.74134,0.41172,0.8155,0.0005526121999999999,0.0005526121999999999,0.0005526121999999999,,
yolo_yolov8m_20260720_174036,yolo,yolo_yolov8m_20260720_174036,yolov8m.pt,/root/autodl-fs/datasets/DAIR-V2X_YOLO/dairv2x.yaml,train,36,4973.820564508438,0.75672,0.42631,0.82278,0.86128,0.83575,0.88691,0.67382,0.74395,0.41696,0.81483,0.0005443655,0.0005443655,0.0005443655,,
yolo_yolov8m_20260720_174036,yolo,yolo_yolov8m_20260720_174036,yolov8m.pt,/root/autodl-fs/datasets/DAIR-V2X_YOLO/dairv2x.yaml,train,37,5110.619740962982,0.7589,0.42557,0.82369,0.86327,0.84263,0.88913,0.67661,0.74417,0.41357,0.81551,0.0005361188,0.0005361188,0.0005361188,,
yolo_yolov8m_20260720_174036,yolo,yolo_yolov8m_20260720_174036,yolov8m.pt,/root/autodl-fs/datasets/DAIR-V2X_YOLO/dairv2x.yaml,train,38,5251.04437994957,0.75034,0.41793,0.82245,0.87116,0.83486,0.89372,0.67845,0.74152,0.40823,0.81553,0.0005278721,0.0005278721,0.0005278721,,
yolo_yolov8m_20260720_174036,yolo,yolo_yolov8m_20260720_174036,yolov8m.pt,/root/autodl-fs/datasets/DAIR-V2X_YOLO/dairv2x.yaml,train,39,5391.823125123978,0.75333,0.42267,0.82171,0.86502,0.83459,0.88997,0.67735,0.73779,0.40974,0.8152,0.0005196254,0.0005196254,0.0005196254,,
yolo_yolov8m_20260720_174036,yolo,yolo_yolov8m_20260720_174036,yolov8m.pt,/root/autodl-fs/datasets/DAIR-V2X_YOLO/dairv2x.yaml,train,40,5535.472977638245,0.75099,0.42102,0.82302,0.86269,0.83564,0.88953,0.67695,0.7393,0.41324,0.81453,0.0005113787,0.0005113787,0.0005113787,,
yolo_yolov8m_20260720_174036,yolo,yolo_yolov8m_20260720_174036,yolov8m.pt,/root/autodl-fs/datasets/DAIR-V2X_YOLO/dairv2x.yaml,train,41,5677.227205276489,0.74666,0.41674,0.82186,0.86372,0.83649,0.89008,0.6823,0.72994,0.40322,0.81385,0.000503132,0.000503132,0.000503132,,
yolo_yolov8m_20260720_174036,yolo,yolo_yolov8m_20260720_174036,yolov8m.pt,/root/autodl-fs/datasets/DAIR-V2X_YOLO/dairv2x.yaml,train,42,5820.7235424518585,0.74573,0.41497,0.82135,0.86798,0.83242,0.89075,0.6813,0.73776,0.40814,0.81383,0.0004948853,0.0004948853,0.0004948853,,
yolo_yolov8m_20260720_174036,yolo,yolo_yolov8m_20260720_174036,yolov8m.pt,/root/autodl-fs/datasets/DAIR-V2X_YOLO/dairv2x.yaml,train,43,5963.457902431488,0.7467,0.41477,0.82121,0.8617,0.83727,0.88744,0.67814,0.73591,0.40823,0.81519,0.00048663860000000005,0.00048663860000000005,0.00048663860000000005,,
yolo_yolov8m_20260720_174036,yolo,yolo_yolov8m_20260720_174036,yolov8m.pt,/root/autodl-fs/datasets/DAIR-V2X_YOLO/dairv2x.yaml,train,44,6108.58748960495,0.74298,0.41306,0.82162,0.87656,0.82854,0.89136,0.68148,0.733,0.40599,0.81434,0.00047839190000000003,0.00047839190000000003,0.00047839190000000003,,
yolo_yolov8m_20260720_174036,yolo,yolo_yolov8m_20260720_174036,yolov8m.pt,/root/autodl-fs/datasets/DAIR-V2X_YOLO/dairv2x.yaml,train,45,6252.829128026962,0.74363,0.41413,0.82023,0.86723,0.83577,0.89067,0.67927,0.73685,0.40606,0.81543,0.0004701452,0.0004701452,0.0004701452,,
yolo_yolov8m_20260720_174036,yolo,yolo_yolov8m_20260720_174036,yolov8m.pt,/root/autodl-fs/datasets/DAIR-V2X_YOLO/dairv2x.yaml,train,46,6397.559401273727,0.73875,0.41068,0.82041,0.87607,0.83122,0.89203,0.68183,0.73283,0.40265,0.81401,0.0004618985,0.0004618985,0.0004618985,,
yolo_yolov8m_20260720_174036,yolo,yolo_yolov8m_20260720_174036,yolov8m.pt,/root/autodl-fs/datasets/DAIR-V2X_YOLO/dairv2x.yaml,train,47,6534.280499219894,0.73876,0.40815,0.81975,0.86606,0.84653,0.89367,0.68439,0.72685,0.39919,0.81288,0.00045365180000000007,0.00045365180000000007,0.00045365180000000007,,
yolo_yolov8m_20260720_174036,yolo,yolo_yolov8m_20260720_174036,yolov8m.pt,/root/autodl-fs/datasets/DAIR-V2X_YOLO/dairv2x.yaml,train,48,6673.254204034805,0.7363,0.40829,0.82083,0.86676,0.83679,0.89082,0.6809,0.73124,0.40362,0.81446,0.00044540510000000004,0.00044540510000000004,0.00044540510000000004,,
yolo_yolov8m_20260720_174036,yolo,yolo_yolov8m_20260720_174036,yolov8m.pt,/root/autodl-fs/datasets/DAIR-V2X_YOLO/dairv2x.yaml,train,49,6808.51217675209,0.73462,0.40704,0.8209,0.87723,0.83871,0.8935,0.68437,0.72505,0.39779,0.81327,0.0004371584,0.0004371584,0.0004371584,,
yolo_yolov8m_20260720_174036,yolo,yolo_yolov8m_20260720_174036,yolov8m.pt,/root/autodl-fs/datasets/DAIR-V2X_YOLO/dairv2x.yaml,train,50,6944.900012016296,0.72989,0.40321,0.81927,0.86416,0.84145,0.89511,0.68641,0.72538,0.39929,0.81292,0.0004289117,0.0004289117,0.0004289117,,
yolo_yolov8m_20260720_174036,yolo,yolo_yolov8m_20260720_174036,yolov8m.pt,/root/autodl-fs/datasets/DAIR-V2X_YOLO/dairv2x.yaml,train,51,7082.145939588547,0.73065,0.40275,0.8199,0.87263,0.83973,0.89545,0.68789,0.72302,0.40046,0.81187,0.00042066499999999997,0.00042066499999999997,0.00042066499999999997,,
yolo_yolov8m_20260720_174036,yolo,yolo_yolov8m_20260720_174036,yolov8m.pt,/root/autodl-fs/datasets/DAIR-V2X_YOLO/dairv2x.yaml,train,52,7219.570129156113,0.72641,0.39992,0.81833,0.86375,0.84607,0.89534,0.68699,0.72386,0.39914,0.81205,0.00041241829999999995,0.00041241829999999995,0.00041241829999999995,,
yolo_yolov8m_20260720_174036,yolo,yolo_yolov8m_20260720_174036,yolov8m.pt,/root/autodl-fs/datasets/DAIR-V2X_YOLO/dairv2x.yaml,train,53,7356.46541261673,0.72575,0.40151,0.81761,0.87134,0.8435,0.89793,0.68825,0.72351,0.39722,0.81237,0.0004041716,0.0004041716,0.0004041716,,
yolo_yolov8m_20260720_174036,yolo,yolo_yolov8m_20260720_174036,yolov8m.pt,/root/autodl-fs/datasets/DAIR-V2X_YOLO/dairv2x.yaml,train,54,7494.340411663055,0.73031,0.40281,0.82007,0.87564,0.83258,0.89507,0.68705,0.72253,0.39846,0.81259,0.0003959249,0.0003959249,0.0003959249,,
yolo_yolov8m_20260720_174036,yolo,yolo_yolov8m_20260720_174036,yolov8m.pt,/root/autodl-fs/datasets/DAIR-V2X_YOLO/dairv2x.yaml,train,55,7631.667937040329,0.72304,0.39835,0.81663,0.86007,0.84724,0.89672,0.68924,0.72087,0.3959,0.81214,0.0003876782,0.0003876782,0.0003876782,,
yolo_yolov8m_20260720_174036,yolo,yolo_yolov8m_20260720_174036,yolov8m.pt,/root/autodl-fs/datasets/DAIR-V2X_YOLO/dairv2x.yaml,train,56,7768.947936534882,0.72489,0.3998,0.81772,0.86815,0.84206,0.88832,0.68366,0.71895,0.3967,0.81169,0.00037943149999999996,0.00037943149999999996,0.00037943149999999996,,
yolo_yolov8m_20260720_174036,yolo,yolo_yolov8m_20260720_174036,yolov8m.pt,/root/autodl-fs/datasets/DAIR-V2X_YOLO/dairv2x.yaml,train,57,7905.331470966339,0.72253,0.39689,0.81771,0.87402,0.8415,0.89541,0.68797,0.72023,0.39603,0.81159,0.00037118479999999994,0.00037118479999999994,0.00037118479999999994,,
yolo_yolov8m_20260720_174036,yolo,yolo_yolov8m_20260720_174036,yolov8m.pt,/root/autodl-fs/datasets/DAIR-V2X_YOLO/dairv2x.yaml,train,58,8045.008794307709,0.71802,0.39355,0.81688,0.87175,0.84235,0.89503,0.6883,0.71965,0.39638,0.81159,0.0003629381,0.0003629381,0.0003629381,,
yolo_yolov8m_20260720_174036,yolo,yolo_yolov8m_20260720_174036,yolov8m.pt,/root/autodl-fs/datasets/DAIR-V2X_YOLO/dairv2x.yaml,train,59,8179.998318910599,0.72136,0.39531,0.81749,0.86945,0.84389,0.89108,0.68694,0.71919,0.39548,0.81179,0.00035469140000000005,0.00035469140000000005,0.00035469140000000005,,
yolo_yolov8m_20260720_174036,yolo,yolo_yolov8m_20260720_174036,yolov8m.pt,/root/autodl-fs/datasets/DAIR-V2X_YOLO/dairv2x.yaml,train,60,8314.914728403091,0.71507,0.39169,0.81716,0.8723,0.83839,0.89544,0.68975,0.71603,0.3938,0.81109,0.00034644470000000003,0.00034644470000000003,0.00034644470000000003,,
yolo_yolov8m_20260720_174036,yolo,yolo_yolov8m_20260720_174036,yolov8m.pt,/root/autodl-fs/datasets/DAIR-V2X_YOLO/dairv2x.yaml,train,61,8449.8204164505,0.71583,0.39072,0.81689,0.87673,0.83745,0.89341,0.68518,0.72014,0.39612,0.81247,0.000338198,0.000338198,0.000338198,,
yolo_yolov8m_20260720_174036,yolo,yolo_yolov8m_20260720_174036,yolov8m.pt,/root/autodl-fs/datasets/DAIR-V2X_YOLO/dairv2x.yaml,train,62,8584.36712884903,0.71566,0.38995,0.81628,0.8687,0.8416,0.89467,0.68826,0.71664,0.39256,0.81136,0.0003299513,0.0003299513,0.0003299513,,
yolo_yolov8m_20260720_174036,yolo,yolo_yolov8m_20260720_174036,yolov8m.pt,/root/autodl-fs/datasets/DAIR-V2X_YOLO/dairv2x.yaml,train,63,8718.681734323502,0.71222,0.38818,0.81506,0.88054,0.8332,0.89088,0.68926,0.71572,0.39354,0.81139,0.00032170459999999996,0.00032170459999999996,0.00032170459999999996,,
yolo_yolov8m_20260720_174036,yolo,yolo_yolov8m_20260720_174036,yolov8m.pt,/root/autodl-fs/datasets/DAIR-V2X_YOLO/dairv2x.yaml,train,64,8853.393820762634,0.71252,0.38732,0.81495,0.86902,0.84391,0.89317,0.68973,0.71149,0.39175,0.8106,0.0003134579,0.0003134579,0.0003134579,,
yolo_yolov8m_20260720_174036,yolo,yolo_yolov8m_20260720_174036,yolov8m.pt,/root/autodl-fs/datasets/DAIR-V2X_YOLO/dairv2x.yaml,train,65,8988.159811973572,0.70982,0.38738,0.81532,0.872,0.84521,0.89403,0.68984,0.71274,0.3926,0.81131,0.0003052112,0.0003052112,0.0003052112,,
yolo_yolov8m_20260720_174036,yolo,yolo_yolov8m_20260720_174036,yolov8m.pt,/root/autodl-fs/datasets/DAIR-V2X_YOLO/dairv2x.yaml,train,66,9122.316645145416,0.70869,0.3861,0.81577,0.86795,0.84845,0.89637,0.69171,0.71186,0.39118,0.81122,0.0002969645,0.0002969645,0.0002969645,,
yolo_yolov8m_20260720_174036,yolo,yolo_yolov8m_20260720_174036,yolov8m.pt,/root/autodl-fs/datasets/DAIR-V2X_YOLO/dairv2x.yaml,train,67,9257.076287984848,0.7076,0.38441,0.81463,0.87377,0.8429,0.89609,0.69309,0.71046,0.38888,0.81045,0.00028871779999999997,0.00028871779999999997,0.00028871779999999997,,
yolo_yolov8m_20260720_174036,yolo,yolo_yolov8m_20260720_174036,yolov8m.pt,/root/autodl-fs/datasets/DAIR-V2X_YOLO/dairv2x.yaml,train,68,9391.501918077469,0.70674,0.38353,0.81497,0.87288,0.84332,0.89563,0.69316,0.712,0.39095,0.81012,0.00028047109999999994,0.00028047109999999994,0.00028047109999999994,,
yolo_yolov8m_20260720_174036,yolo,yolo_yolov8m_20260720_174036,yolov8m.pt,/root/autodl-fs/datasets/DAIR-V2X_YOLO/dairv2x.yaml,train,69,9526.17760682106,0.70432,0.38183,0.81274,0.87738,0.84047,0.89855,0.69474,0.71135,0.38929,0.80969,0.0002722244,0.0002722244,0.0002722244,,
yolo_yolov8m_20260720_174036,yolo,yolo_yolov8m_20260720_174036,yolov8m.pt,/root/autodl-fs/datasets/DAIR-V2X_YOLO/dairv2x.yaml,train,70,9660.82033085823,0.70261,0.38014,0.81337,0.87152,0.84417,0.89475,0.69278,0.70997,0.38792,0.80986,0.00026397770000000006,0.00026397770000000006,0.00026397770000000006,,
yolo_yolov8m_20260720_174036,yolo,yolo_yolov8m_20260720_174036,yolov8m.pt,/root/autodl-fs/datasets/DAIR-V2X_YOLO/dairv2x.yaml,train,71,9795.279196739197,0.7013,0.37844,0.81306,0.87055,0.84813,0.89929,0.69403,0.71029,0.38701,0.81004,0.00025573100000000004,0.00025573100000000004,0.00025573100000000004,,
yolo_yolov8m_20260720_174036,yolo,yolo_yolov8m_20260720_174036,yolov8m.pt,/root/autodl-fs/datasets/DAIR-V2X_YOLO/dairv2x.yaml,train,72,9929.821297883987,0.70002,0.37701,0.81267,0.87091,0.84681,0.89503,0.69233,0.70918,0.38729,0.80963,0.0002474843,0.0002474843,0.0002474843,,
yolo_yolov8m_20260720_174036,yolo,yolo_yolov8m_20260720_174036,yolov8m.pt,/root/autodl-fs/datasets/DAIR-V2X_YOLO/dairv2x.yaml,train,73,10064.715328454971,0.69981,0.3776,0.81306,0.87145,0.84751,0.89497,0.69107,0.71153,0.3873,0.81039,0.0002392376,0.0002392376,0.0002392376,,
yolo_yolov8m_20260720_174036,yolo,yolo_yolov8m_20260720_174036,yolov8m.pt,/root/autodl-fs/datasets/DAIR-V2X_YOLO/dairv2x.yaml,train,74,10198.777230739594,0.69725,0.37529,0.81242,0.87349,0.84462,0.89667,0.69323,0.70915,0.3877,0.81008,0.00023099090000000002,0.00023099090000000002,0.00023099090000000002,,
yolo_yolov8m_20260720_174036,yolo,yolo_yolov8m_20260720_174036,yolov8m.pt,/root/autodl-fs/datasets/DAIR-V2X_YOLO/dairv2x.yaml,train,75,10333.353135347366,0.69559,0.37377,0.81143,0.87499,0.84378,0.89668,0.69293,0.70811,0.38688,0.80989,0.00022274420000000002,0.00022274420000000002,0.00022274420000000002,,
yolo_yolov8m_20260720_174036,yolo,yolo_yolov8m_20260720_174036,yolov8m.pt,/root/autodl-fs/datasets/DAIR-V2X_YOLO/dairv2x.yaml,train,76,10468.110070705414,0.696,0.37454,0.81267,0.87053,0.84695,0.89847,0.69452,0.70853,0.3864,0.8101,0.0002144975,0.0002144975,0.0002144975,,
yolo_yolov8m_20260720_174036,yolo,yolo_yolov8m_20260720_174036,yolov8m.pt,/root/autodl-fs/datasets/DAIR-V2X_YOLO/dairv2x.yaml,train,77,10602.372948884964,0.6927,0.37269,0.81197,0.86763,0.84754,0.89738,0.69223,0.70875,0.38775,0.81005,0.00020625079999999997,0.00020625079999999997,0.00020625079999999997,,
yolo_yolov8m_20260720_174036,yolo,yolo_yolov8m_20260720_174036,yolov8m.pt,/root/autodl-fs/datasets/DAIR-V2X_YOLO/dairv2x.yaml,train,78,10736.56509900093,0.68945,0.36946,0.81223,0.87259,0.84561,0.89836,0.69577,0.70816,0.38606,0.81002,0.00019800409999999998,0.00019800409999999998,0.00019800409999999998,,
yolo_yolov8m_20260720_174036,yolo,yolo_yolov8m_20260720_174036,yolov8m.pt,/root/autodl-fs/datasets/DAIR-V2X_YOLO/dairv2x.yaml,train,79,10870.702204704285,0.68983,0.36926,0.81246,0.86656,0.85132,0.89676,0.69413,0.70797,0.38576,0.81044,0.00018975739999999998,0.00018975739999999998,0.00018975739999999998,,
yolo_yolov8m_20260720_174036,yolo,yolo_yolov8m_20260720_174036,yolov8m.pt,/root/autodl-fs/datasets/DAIR-V2X_YOLO/dairv2x.yaml,train,80,11004.744936704636,0.68913,0.36941,0.81224,0.87419,0.84484,0.8986,0.69586,0.70697,0.38496,0.81008,0.00018151069999999998,0.00018151069999999998,0.00018151069999999998,,
yolo_yolov8m_20260720_174036,yolo,yolo_yolov8m_20260720_174036,yolov8m.pt,/root/autodl-fs/datasets/DAIR-V2X_YOLO/dairv2x.yaml,train,81,11138.964536428452,0.68715,0.36674,0.81177,0.87088,0.84527,0.89619,0.69491,0.70672,0.38494,0.80974,0.00017326399999999996,0.00017326399999999996,0.00017326399999999996,,
yolo_yolov8m_20260720_174036,yolo,yolo_yolov8m_20260720_174036,yolov8m.pt,/root/autodl-fs/datasets/DAIR-V2X_YOLO/dairv2x.yaml,train,82,11272.769178390503,0.68566,0.36637,0.81155,0.87256,0.84414,0.89696,0.69432,0.70752,0.38569,0.80966,0.00016501729999999994,0.00016501729999999994,0.00016501729999999994,,
yolo_yolov8m_20260720_174036,yolo,yolo_yolov8m_20260720_174036,yolov8m.pt,/root/autodl-fs/datasets/DAIR-V2X_YOLO/dairv2x.yaml,train,83,11407.051275253296,0.6847,0.36557,0.81038,0.8703,0.84741,0.89303,0.69097,0.70889,0.3851,0.80977,0.00015677060000000005,0.00015677060000000005,0.00015677060000000005,,
yolo_yolov8m_20260720_174036,yolo,yolo_yolov8m_20260720_174036,yolov8m.pt,/root/autodl-fs/datasets/DAIR-V2X_YOLO/dairv2x.yaml,train,84,11541.191992759705,0.67999,0.36216,0.81006,0.87122,0.84882,0.89389,0.69233,0.70738,0.38508,0.80951,0.00014852390000000002,0.00014852390000000002,0.00014852390000000002,,
yolo_yolov8m_20260720_174036,yolo,yolo_yolov8m_20260720_174036,yolov8m.pt,/root/autodl-fs/datasets/DAIR-V2X_YOLO/dairv2x.yaml,train,85,11676.42880487442,0.67844,0.36167,0.80989,0.87107,0.84775,0.89443,0.69277,0.70725,0.38456,0.80927,0.00014027720000000003,0.00014027720000000003,0.00014027720000000003,,
yolo_yolov8m_20260720_174036,yolo,yolo_yolov8m_20260720_174036,yolov8m.pt,/root/autodl-fs/datasets/DAIR-V2X_YOLO/dairv2x.yaml,train,86,11813.870949029922,0.6823,0.36189,0.81007,0.86916,0.84981,0.89668,0.69407,0.70602,0.38338,0.80966,0.00013203050000000003,0.00013203050000000003,0.00013203050000000003,,
yolo_yolov8m_20260720_174036,yolo,yolo_yolov8m_20260720_174036,yolov8m.pt,/root/autodl-fs/datasets/DAIR-V2X_YOLO/dairv2x.yaml,train,87,11951.069791793823,0.67492,0.35945,0.80941,0.86934,0.84959,0.89709,0.69469,0.70477,0.38428,0.80931,0.0001237838,0.0001237838,0.0001237838,,
yolo_yolov8m_20260720_174036,yolo,yolo_yolov8m_20260720_174036,yolov8m.pt,/root/autodl-fs/datasets/DAIR-V2X_YOLO/dairv2x.yaml,train,88,12088.717046260834,0.67598,0.35962,0.80986,0.86721,0.85175,0.89743,0.69518,0.70447,0.3856,0.80925,0.00011553710000000001,0.00011553710000000001,0.00011553710000000001,,
yolo_yolov8m_20260720_174036,yolo,yolo_yolov8m_20260720_174036,yolov8m.pt,/root/autodl-fs/datasets/DAIR-V2X_YOLO/dairv2x.yaml,train,89,12226.210355758667,0.67591,0.35777,0.81034,0.86692,0.85524,0.89707,0.69603,0.70451,0.38512,0.80917,0.0001072904,0.0001072904,0.0001072904,,
yolo_yolov8m_20260720_174036,yolo,yolo_yolov8m_20260720_174036,yolov8m.pt,/root/autodl-fs/datasets/DAIR-V2X_YOLO/dairv2x.yaml,train,90,12363.568670749664,0.67472,0.35797,0.8099,0.87033,0.84998,0.89481,0.69328,0.7041,0.38457,0.80959,9.904369999999997e-05,9.904369999999997e-05,9.904369999999997e-05,,
yolo_yolov8m_20260720_174036,yolo,yolo_yolov8m_20260720_174036,yolov8m.pt,/root/autodl-fs/datasets/DAIR-V2X_YOLO/dairv2x.yaml,train,91,12496.146574258804,0.65348,0.34662,0.80606,0.86946,0.84848,0.89255,0.69166,0.70897,0.38681,0.8105,9.079699999999998e-05,9.079699999999998e-05,9.079699999999998e-05,,
yolo_yolov8m_20260720_174036,yolo,yolo_yolov8m_20260720_174036,yolov8m.pt,/root/autodl-fs/datasets/DAIR-V2X_YOLO/dairv2x.yaml,train,92,12627.548520088196,0.65118,0.3449,0.8036,0.87232,0.84742,0.89376,0.69222,0.70823,0.38576,0.81007,8.255029999999997e-05,8.255029999999997e-05,8.255029999999997e-05,,
yolo_yolov8m_20260720_174036,yolo,yolo_yolov8m_20260720_174036,yolov8m.pt,/root/autodl-fs/datasets/DAIR-V2X_YOLO/dairv2x.yaml,train,93,12759.471787929535,0.64897,0.344,0.80258,0.87267,0.84535,0.89347,0.69239,0.70735,0.38726,0.80965,7.430359999999997e-05,7.430359999999997e-05,7.430359999999997e-05,,
yolo_yolov8m_20260720_174036,yolo,yolo_yolov8m_20260720_174036,yolov8m.pt,/root/autodl-fs/datasets/DAIR-V2X_YOLO/dairv2x.yaml,train,94,12891.782342910767,0.64543,0.34122,0.8035,0.87196,0.84804,0.89322,0.69232,0.70779,0.38792,0.80981,6.605689999999995e-05,6.605689999999995e-05,6.605689999999995e-05,,
yolo_yolov8m_20260720_174036,yolo,yolo_yolov8m_20260720_174036,yolov8m.pt,/root/autodl-fs/datasets/DAIR-V2X_YOLO/dairv2x.yaml,train,95,13023.403158903122,0.64401,0.34024,0.80255,0.86836,0.85199,0.89411,0.69274,0.7074,0.38785,0.80987,5.781020000000004e-05,5.781020000000004e-05,5.781020000000004e-05,,
yolo_yolov8m_20260720_174036,yolo,yolo_yolov8m_20260720_174036,yolov8m.pt,/root/autodl-fs/datasets/DAIR-V2X_YOLO/dairv2x.yaml,train,96,13154.711657524109,0.64028,0.3377,0.80197,0.8705,0.84804,0.89414,0.69269,0.70765,0.38709,0.8098,4.9563500000000035e-05,4.9563500000000035e-05,4.9563500000000035e-05,,
yolo_yolov8m_20260720_174036,yolo,yolo_yolov8m_20260720_174036,yolov8m.pt,/root/autodl-fs/datasets/DAIR-V2X_YOLO/dairv2x.yaml,train,97,13287.110471725464,0.6413,0.33674,0.80233,0.86502,0.85212,0.89275,0.69078,0.70738,0.38678,0.80993,4.131680000000003e-05,4.131680000000003e-05,4.131680000000003e-05,,
yolo_yolov8m_20260720_174036,yolo,yolo_yolov8m_20260720_174036,yolov8m.pt,/root/autodl-fs/datasets/DAIR-V2X_YOLO/dairv2x.yaml,train,98,13419.442136526108,0.64004,0.33627,0.80263,0.87018,0.84734,0.89402,0.69061,0.70687,0.38585,0.80992,3.307010000000002e-05,3.307010000000002e-05,3.307010000000002e-05,,
yolo_yolov8m_20260720_174036,yolo,yolo_yolov8m_20260720_174036,yolov8m.pt,/root/autodl-fs/datasets/DAIR-V2X_YOLO/dairv2x.yaml,train,99,13553.252189874649,0.63693,0.33452,0.80151,0.87121,0.84628,0.89346,0.69125,0.70676,0.38642,0.80983,2.4823400000000017e-05,2.4823400000000017e-05,2.4823400000000017e-05,,
yolo_yolov8m_20260720_174036,yolo,yolo_yolov8m_20260720_174036,yolov8m.pt,/root/autodl-fs/datasets/DAIR-V2X_YOLO/dairv2x.yaml,train,100,13685.885053873062,0.6372,0.33396,0.80174,0.86792,0.84875,0.89329,0.69115,0.7072,0.38667,0.80979,1.6576700000000007e-05,1.6576700000000007e-05,1.6576700000000007e-05,,
yolo_v12s_20260720_214000,yolo,yolo_v12s_20260720_214000,yolo12s.pt,/root/autodl-fs/datasets/DAIR-V2X_YOLO/dairv2x.yaml,train,1,126.2457206249237,1.15787,1.03477,0.9103,0.7727,0.71342,0.75424,0.49357,1.01987,0.64663,0.86661,0.0002767879746835443,0.0002767879746835443,0.0002767879746835443,,
yolo_v12s_20260720_214000,yolo,yolo_v12s_20260720_214000,yolo12s.pt,/root/autodl-fs/datasets/DAIR-V2X_YOLO/dairv2x.yaml,train,2,236.25428581237793,1.0443,0.66052,0.87699,0.80592,0.74588,0.80204,0.54653,0.9536,0.59083,0.85102,0.0005489655404008439,0.0005489655404008439,0.0005489655404008439,,
yolo_v12s_20260720_214000,yolo,yolo_v12s_20260720_214000,yolo12s.pt,/root/autodl-fs/datasets/DAIR-V2X_YOLO/dairv2x.yaml,train,3,567.5620460510254,1.02745,0.62602,0.8704,0.79282,0.74708,0.80445,0.54772,0.95276,0.58048,0.85117,0.0008156453061181434,0.0008156453061181434,0.0008156453061181434,,
yolo_v12s_20260720_214000,yolo,yolo_v12s_20260720_214000,yolo12s.pt,/root/autodl-fs/datasets/DAIR-V2X_YOLO/dairv2x.yaml,train,4,677.823478937149,0.99746,0.60595,0.86368,0.83547,0.74217,0.81107,0.55645,0.92826,0.56313,0.84531,0.0008082599,0.0008082599,0.0008082599,,
yolo_v12s_20260720_214000,yolo,yolo_v12s_20260720_214000,yolo12s.pt,/root/autodl-fs/datasets/DAIR-V2X_YOLO/dairv2x.yaml,train,5,786.0725691318512,0.97474,0.58955,0.86111,0.82994,0.76715,0.81514,0.56616,0.90913,0.54578,0.84453,0.0008000131999999999,0.0008000131999999999,0.0008000131999999999,,
yolo_v12s_20260720_214000,yolo,yolo_v12s_20260720_214000,yolo12s.pt,/root/autodl-fs/datasets/DAIR-V2X_YOLO/dairv2x.yaml,train,6,894.5868327617645,0.96101,0.57257,0.85688,0.80579,0.76573,0.82045,0.5636,0.95042,0.54643,0.85066,0.0007917665,0.0007917665,0.0007917665,,
yolo_v12s_20260720_214000,yolo,yolo_v12s_20260720_214000,yolo12s.pt,/root/autodl-fs/datasets/DAIR-V2X_YOLO/dairv2x.yaml,train,7,1024.6633155345917,0.95149,0.56479,0.85516,0.8308,0.76808,0.82952,0.58516,0.88631,0.52282,0.84015,0.0007835197999999999,0.0007835197999999999,0.0007835197999999999,,
yolo_v12s_20260720_214000,yolo,yolo_v12s_20260720_214000,yolo12s.pt,/root/autodl-fs/datasets/DAIR-V2X_YOLO/dairv2x.yaml,train,8,1132.9654788970947,0.93074,0.55083,0.85203,0.81815,0.78228,0.8374,0.59319,0.88211,0.50981,0.83846,0.0007752731,0.0007752731,0.0007752731,,
yolo_v12s_20260720_214000,yolo,yolo_v12s_20260720_214000,yolo12s.pt,/root/autodl-fs/datasets/DAIR-V2X_YOLO/dairv2x.yaml,train,9,1242.0659925937653,0.9256,0.54727,0.85005,0.84033,0.77908,0.84407,0.59886,0.86838,0.50638,0.83619,0.0007670264,0.0007670264,0.0007670264,,
yolo_v12s_20260720_214000,yolo,yolo_v12s_20260720_214000,yolo12s.pt,/root/autodl-fs/datasets/DAIR-V2X_YOLO/dairv2x.yaml,train,10,1414.3657567501068,0.9113,0.53736,0.84883,0.82661,0.78209,0.84143,0.5946,0.8747,0.51148,0.83539,0.0007587797,0.0007587797,0.0007587797,,
yolo_v12s_20260720_214000,yolo,yolo_v12s_20260720_214000,yolo12s.pt,/root/autodl-fs/datasets/DAIR-V2X_YOLO/dairv2x.yaml,train,11,1530.2002408504486,0.91007,0.53603,0.84756,0.84536,0.77749,0.84681,0.60062,0.85646,0.49502,0.83347,0.000750533,0.000750533,0.000750533,,
yolo_v12s_20260720_214000,yolo,yolo_v12s_20260720_214000,yolo12s.pt,/root/autodl-fs/datasets/DAIR-V2X_YOLO/dairv2x.yaml,train,12,1785.588749885559,0.89607,0.52455,0.84544,0.84135,0.79441,0.84649,0.59911,0.86266,0.49539,0.83357,0.0007422863,0.0007422863,0.0007422863,,
yolo_v12s_20260720_214000,yolo,yolo_v12s_20260720_214000,yolo12s.pt,/root/autodl-fs/datasets/DAIR-V2X_YOLO/dairv2x.yaml,train,13,1894.7587175369263,0.89214,0.52059,0.84479,0.84327,0.78502,0.84907,0.60588,0.84657,0.49768,0.83187,0.0007340396,0.0007340396,0.0007340396,,
yolo_v12s_20260720_214000,yolo,yolo_v12s_20260720_214000,yolo12s.pt,/root/autodl-fs/datasets/DAIR-V2X_YOLO/dairv2x.yaml,train,14,2003.143357038498,0.88815,0.52093,0.8435,0.84314,0.79208,0.85324,0.61009,0.85029,0.49076,0.8326,0.0007257928999999999,0.0007257928999999999,0.0007257928999999999,,
yolo_v12s_20260720_214000,yolo,yolo_v12s_20260720_214000,yolo12s.pt,/root/autodl-fs/datasets/DAIR-V2X_YOLO/dairv2x.yaml,train,15,2121.178968191147,0.87871,0.51302,0.83956,0.85925,0.78771,0.85522,0.61442,0.84169,0.48744,0.83015,0.0007175462,0.0007175462,0.0007175462,,
yolo_v12s_20260720_214000,yolo,yolo_v12s_20260720_214000,yolo12s.pt,/root/autodl-fs/datasets/DAIR-V2X_YOLO/dairv2x.yaml,train,16,2255.754485845566,0.87242,0.50817,0.84133,0.85899,0.79312,0.8581,0.62168,0.82789,0.47533,0.82855,0.0007092995,0.0007092995,0.0007092995,,
yolo_v12s_20260720_214000,yolo,yolo_v12s_20260720_214000,yolo12s.pt,/root/autodl-fs/datasets/DAIR-V2X_YOLO/dairv2x.yaml,train,17,2372.5182597637177,0.86619,0.50413,0.83977,0.84789,0.79536,0.85411,0.61814,0.8444,0.48623,0.8297,0.0007010528,0.0007010528,0.0007010528,,
yolo_v12s_20260720_214000,yolo,yolo_v12s_20260720_214000,yolo12s.pt,/root/autodl-fs/datasets/DAIR-V2X_YOLO/dairv2x.yaml,train,18,2522.840878009796,0.86868,0.50496,0.83961,0.8365,0.79945,0.85453,0.61422,0.83788,0.48261,0.82848,0.0006928061,0.0006928061,0.0006928061,,
yolo_v12s_20260720_214000,yolo,yolo_v12s_20260720_214000,yolo12s.pt,/root/autodl-fs/datasets/DAIR-V2X_YOLO/dairv2x.yaml,train,19,2636.4298272132874,0.85957,0.49955,0.83833,0.84997,0.80654,0.86568,0.62933,0.81671,0.469,0.82601,0.0006845594000000001,0.0006845594000000001,0.0006845594000000001,,
yolo_v12s_20260720_214000,yolo,yolo_v12s_20260720_214000,yolo12s.pt,/root/autodl-fs/datasets/DAIR-V2X_YOLO/dairv2x.yaml,train,20,2967.441928625107,0.85506,0.49496,0.83658,0.85144,0.80654,0.86331,0.62928,0.81951,0.47114,0.82561,0.0006763127,0.0006763127,0.0006763127,,
yolo_v12s_20260720_214000,yolo,yolo_v12s_20260720_214000,yolo12s.pt,/root/autodl-fs/datasets/DAIR-V2X_YOLO/dairv2x.yaml,train,21,3076.4989235401154,0.85589,0.49966,0.83653,0.86376,0.79525,0.86221,0.62467,0.82416,0.47547,0.82594,0.000668066,0.000668066,0.000668066,,
yolo_v12s_20260720_214000,yolo,yolo_v12s_20260720_214000,yolo12s.pt,/root/autodl-fs/datasets/DAIR-V2X_YOLO/dairv2x.yaml,train,22,3184.9372766017914,0.85023,0.4927,0.8359,0.85948,0.81058,0.86609,0.63113,0.81035,0.46524,0.82513,0.0006598193,0.0006598193,0.0006598193,,
yolo_v12s_20260720_214000,yolo,yolo_v12s_20260720_214000,yolo12s.pt,/root/autodl-fs/datasets/DAIR-V2X_YOLO/dairv2x.yaml,train,23,3293.3235816955566,0.85085,0.49149,0.83577,0.85235,0.80812,0.86575,0.62954,0.82164,0.46562,0.82605,0.0006515726,0.0006515726,0.0006515726,,
yolo_v12s_20260720_214000,yolo,yolo_v12s_20260720_214000,yolo12s.pt,/root/autodl-fs/datasets/DAIR-V2X_YOLO/dairv2x.yaml,train,24,3401.2882511615753,0.84384,0.48808,0.83616,0.85292,0.80441,0.86426,0.62855,0.81781,0.47029,0.82533,0.0006433259,0.0006433259,0.0006433259,,
yolo_v12s_20260720_214000,yolo,yolo_v12s_20260720_214000,yolo12s.pt,/root/autodl-fs/datasets/DAIR-V2X_YOLO/dairv2x.yaml,train,25,3684.032539367676,0.84147,0.48332,0.83445,0.8536,0.80327,0.86688,0.63463,0.80218,0.46198,0.82456,0.0006350791999999999,0.0006350791999999999,0.0006350791999999999,,
yolo_v12s_20260720_214000,yolo,yolo_v12s_20260720_214000,yolo12s.pt,/root/autodl-fs/datasets/DAIR-V2X_YOLO/dairv2x.yaml,train,26,3800.9118344783783,0.83481,0.48015,0.83355,0.84906,0.8107,0.86334,0.63455,0.80797,0.46445,0.82331,0.0006268325,0.0006268325,0.0006268325,,
yolo_v12s_20260720_214000,yolo,yolo_v12s_20260720_214000,yolo12s.pt,/root/autodl-fs/datasets/DAIR-V2X_YOLO/dairv2x.yaml,train,27,3911.9323098659515,0.83667,0.48105,0.83287,0.84388,0.81466,0.86039,0.63117,0.80889,0.46429,0.82405,0.0006185858,0.0006185858,0.0006185858,,
yolo_v12s_20260720_214000,yolo,yolo_v12s_20260720_214000,yolo12s.pt,/root/autodl-fs/datasets/DAIR-V2X_YOLO/dairv2x.yaml,train,28,4045.9327263832092,0.83961,0.48473,0.83477,0.85034,0.81387,0.86501,0.63387,0.80704,0.46201,0.82286,0.0006103391,0.0006103391,0.0006103391,,
yolo_v12s_20260720_214000,yolo,yolo_v12s_20260720_214000,yolo12s.pt,/root/autodl-fs/datasets/DAIR-V2X_YOLO/dairv2x.yaml,train,29,4157.566378116608,0.83288,0.47873,0.83315,0.84534,0.82298,0.87047,0.64058,0.79675,0.45313,0.822,0.0006020924,0.0006020924,0.0006020924,,
yolo_v12s_20260720_214000,yolo,yolo_v12s_20260720_214000,yolo12s.pt,/root/autodl-fs/datasets/DAIR-V2X_YOLO/dairv2x.yaml,train,30,4268.574325323105,0.82396,0.47188,0.83122,0.8587,0.80826,0.87014,0.63947,0.79853,0.45229,0.82293,0.0005938457,0.0005938457,0.0005938457,,
yolo_v12s_20260720_214000,yolo,yolo_v12s_20260720_214000,yolo12s.pt,/root/autodl-fs/datasets/DAIR-V2X_YOLO/dairv2x.yaml,train,31,4388.00096821785,0.82686,0.47574,0.83177,0.86454,0.80921,0.87267,0.64487,0.79312,0.45021,0.82183,0.0005855989999999999,0.0005855989999999999,0.0005855989999999999,,
yolo_v12s_20260720_214000,yolo,yolo_v12s_20260720_214000,yolo12s.pt,/root/autodl-fs/datasets/DAIR-V2X_YOLO/dairv2x.yaml,train,32,5433.201953411102,0.82251,0.47246,0.83091,0.85294,0.8147,0.87085,0.64386,0.79489,0.45123,0.8211,0.0005773522999999999,0.0005773522999999999,0.0005773522999999999,,
yolo_v12s_20260720_214000,yolo,yolo_v12s_20260720_214000,yolo12s.pt,/root/autodl-fs/datasets/DAIR-V2X_YOLO/dairv2x.yaml,train,33,5545.857882976532,0.81904,0.4709,0.83097,0.8672,0.80887,0.87353,0.64575,0.79091,0.44809,0.82063,0.0005691056,0.0005691056,0.0005691056,,
yolo_v12s_20260720_214000,yolo,yolo_v12s_20260720_214000,yolo12s.pt,/root/autodl-fs/datasets/DAIR-V2X_YOLO/dairv2x.yaml,train,34,5656.505027770996,0.81703,0.4701,0.83054,0.86357,0.8171,0.87607,0.64945,0.78799,0.44661,0.82008,0.0005608588999999999,0.0005608588999999999,0.0005608588999999999,,
yolo_v12s_20260720_214000,yolo,yolo_v12s_20260720_214000,yolo12s.pt,/root/autodl-fs/datasets/DAIR-V2X_YOLO/dairv2x.yaml,train,35,5769.110639810562,0.81166,0.46311,0.82923,0.86216,0.8111,0.87241,0.64872,0.79365,0.44527,0.82103,0.0005526121999999999,0.0005526121999999999,0.0005526121999999999,,
yolo_v12s_20260720_214000,yolo,yolo_v12s_20260720_214000,yolo12s.pt,/root/autodl-fs/datasets/DAIR-V2X_YOLO/dairv2x.yaml,train,36,5879.790511608124,0.81398,0.4648,0.82942,0.86447,0.81935,0.878,0.64774,0.78328,0.44234,0.81939,0.0005443655,0.0005443655,0.0005443655,,
yolo_v12s_20260720_214000,yolo,yolo_v12s_20260720_214000,yolo12s.pt,/root/autodl-fs/datasets/DAIR-V2X_YOLO/dairv2x.yaml,train,37,5997.5154457092285,0.80877,0.46097,0.82814,0.85409,0.82067,0.87263,0.64655,0.78141,0.44365,0.81995,0.0005361188,0.0005361188,0.0005361188,,
yolo_v12s_20260720_214000,yolo,yolo_v12s_20260720_214000,yolo12s.pt,/root/autodl-fs/datasets/DAIR-V2X_YOLO/dairv2x.yaml,train,38,6125.340318918228,0.81204,0.46193,0.829,0.86408,0.81982,0.87633,0.65185,0.78254,0.44132,0.81967,0.0005278721,0.0005278721,0.0005278721,,
yolo_v12s_20260720_214000,yolo,yolo_v12s_20260720_214000,yolo12s.pt,/root/autodl-fs/datasets/DAIR-V2X_YOLO/dairv2x.yaml,train,39,6251.706312179565,0.80799,0.46243,0.82887,0.85906,0.81732,0.87393,0.6487,0.78316,0.44418,0.81895,0.0005196254,0.0005196254,0.0005196254,,
yolo_v12s_20260720_214000,yolo,yolo_v12s_20260720_214000,yolo12s.pt,/root/autodl-fs/datasets/DAIR-V2X_YOLO/dairv2x.yaml,train,40,6423.013431549072,0.80781,0.46013,0.82733,0.85608,0.82202,0.87429,0.64977,0.78099,0.43781,0.81887,0.0005113787,0.0005113787,0.0005113787,,
yolo_v12s_20260720_214000,yolo,yolo_v12s_20260720_214000,yolo12s.pt,/root/autodl-fs/datasets/DAIR-V2X_YOLO/dairv2x.yaml,train,41,6533.712370157242,0.80615,0.45852,0.82909,0.86752,0.81312,0.87525,0.65065,0.77831,0.43883,0.81813,0.000503132,0.000503132,0.000503132,,
yolo_v12s_20260720_214000,yolo,yolo_v12s_20260720_214000,yolo12s.pt,/root/autodl-fs/datasets/DAIR-V2X_YOLO/dairv2x.yaml,train,42,6644.18173122406,0.80352,0.45584,0.82776,0.85862,0.82351,0.88005,0.65414,0.77543,0.438,0.81841,0.0004948853,0.0004948853,0.0004948853,,
yolo_v12s_20260720_214000,yolo,yolo_v12s_20260720_214000,yolo12s.pt,/root/autodl-fs/datasets/DAIR-V2X_YOLO/dairv2x.yaml,train,43,6763.770946741104,0.80071,0.45397,0.82836,0.85822,0.82966,0.88023,0.65957,0.77245,0.43584,0.81818,0.00048663860000000005,0.00048663860000000005,0.00048663860000000005,,
yolo_v12s_20260720_214000,yolo,yolo_v12s_20260720_214000,yolo12s.pt,/root/autodl-fs/datasets/DAIR-V2X_YOLO/dairv2x.yaml,train,44,7211.6036014556885,0.80034,0.45308,0.82658,0.854,0.82398,0.87581,0.65405,0.77274,0.43648,0.81822,0.00047839190000000003,0.00047839190000000003,0.00047839190000000003,,
yolo_v12s_20260720_214000,yolo,yolo_v12s_20260720_214000,yolo12s.pt,/root/autodl-fs/datasets/DAIR-V2X_YOLO/dairv2x.yaml,train,45,7322.03773856163,0.79477,0.44985,0.82547,0.8593,0.82481,0.8775,0.65634,0.77007,0.42995,0.81748,0.0004701452,0.0004701452,0.0004701452,,
yolo_v12s_20260720_214000,yolo,yolo_v12s_20260720_214000,yolo12s.pt,/root/autodl-fs/datasets/DAIR-V2X_YOLO/dairv2x.yaml,train,46,7440.059037923813,0.79474,0.44908,0.82653,0.86153,0.82404,0.87921,0.65384,0.77114,0.43181,0.81775,0.0004618985,0.0004618985,0.0004618985,,
yolo_v12s_20260720_214000,yolo,yolo_v12s_20260720_214000,yolo12s.pt,/root/autodl-fs/datasets/DAIR-V2X_YOLO/dairv2x.yaml,train,47,7551.511396408081,0.7918,0.44815,0.82529,0.85669,0.82499,0.88094,0.65928,0.76695,0.42853,0.81715,0.00045365180000000007,0.00045365180000000007,0.00045365180000000007,,
yolo_v12s_20260720_214000,yolo,yolo_v12s_20260720_214000,yolo12s.pt,/root/autodl-fs/datasets/DAIR-V2X_YOLO/dairv2x.yaml,train,48,7747.682816028595,0.79161,0.44771,0.82649,0.85597,0.83259,0.87652,0.6545,0.76957,0.43044,0.81774,0.00044540510000000004,0.00044540510000000004,0.00044540510000000004,,
yolo_v12s_20260720_214000,yolo,yolo_v12s_20260720_214000,yolo12s.pt,/root/autodl-fs/datasets/DAIR-V2X_YOLO/dairv2x.yaml,train,49,7881.55336523056,0.79286,0.44755,0.82602,0.86513,0.82315,0.87827,0.65696,0.76888,0.42936,0.81752,0.0004371584,0.0004371584,0.0004371584,,
yolo_v12s_20260720_214000,yolo,yolo_v12s_20260720_214000,yolo12s.pt,/root/autodl-fs/datasets/DAIR-V2X_YOLO/dairv2x.yaml,train,50,7992.5166828632355,0.78778,0.44542,0.82526,0.86255,0.82598,0.88148,0.66008,0.76478,0.42869,0.81698,0.0004289117,0.0004289117,0.0004289117,,
yolo_v12s_20260720_214000,yolo,yolo_v12s_20260720_214000,yolo12s.pt,/root/autodl-fs/datasets/DAIR-V2X_YOLO/dairv2x.yaml,train,51,8111.021993160248,0.78765,0.44336,0.8245,0.86777,0.81823,0.87702,0.65826,0.76172,0.42882,0.81695,0.00042066499999999997,0.00042066499999999997,0.00042066499999999997,,
yolo_v12s_20260720_214000,yolo,yolo_v12s_20260720_214000,yolo12s.pt,/root/autodl-fs/datasets/DAIR-V2X_YOLO/dairv2x.yaml,train,52,8228.241647958755,0.78153,0.43935,0.8243,0.86931,0.81573,0.87824,0.65891,0.76138,0.42887,0.81635,0.00041241829999999995,0.00041241829999999995,0.00041241829999999995,,
yolo_v12s_20260720_214000,yolo,yolo_v12s_20260720_214000,yolo12s.pt,/root/autodl-fs/datasets/DAIR-V2X_YOLO/dairv2x.yaml,train,53,8802.013362169266,0.78129,0.44166,0.82363,0.85998,0.82377,0.87851,0.657,0.76519,0.42793,0.8164,0.0004041716,0.0004041716,0.0004041716,,
yolo_v12s_20260720_214000,yolo,yolo_v12s_20260720_214000,yolo12s.pt,/root/autodl-fs/datasets/DAIR-V2X_YOLO/dairv2x.yaml,train,54,8919.070174217224,0.78508,0.43934,0.82503,0.8661,0.82823,0.87972,0.65964,0.75961,0.42714,0.81586,0.0003959249,0.0003959249,0.0003959249,,
yolo_v12s_20260720_214000,yolo,yolo_v12s_20260720_214000,yolo12s.pt,/root/autodl-fs/datasets/DAIR-V2X_YOLO/dairv2x.yaml,train,55,9058.766467809677,0.77993,0.43727,0.82326,0.86589,0.8244,0.87706,0.65807,0.76221,0.42695,0.81614,0.0003876782,0.0003876782,0.0003876782,,
yolo_v12s_20260720_214000,yolo,yolo_v12s_20260720_214000,yolo12s.pt,/root/autodl-fs/datasets/DAIR-V2X_YOLO/dairv2x.yaml,train,56,9169.262461185455,0.78109,0.43928,0.82462,0.86635,0.82137,0.87934,0.66019,0.76313,0.42793,0.81619,0.00037943149999999996,0.00037943149999999996,0.00037943149999999996,,
yolo_v12s_20260720_214000,yolo,yolo_v12s_20260720_214000,yolo12s.pt,/root/autodl-fs/datasets/DAIR-V2X_YOLO/dairv2x.yaml,train,57,9374.09536767006,0.77786,0.43538,0.82303,0.86843,0.82259,0.87985,0.66234,0.757,0.42405,0.81579,0.00037118479999999994,0.00037118479999999994,0.00037118479999999994,,
yolo_v12s_20260720_214000,yolo,yolo_v12s_20260720_214000,yolo12s.pt,/root/autodl-fs/datasets/DAIR-V2X_YOLO/dairv2x.yaml,train,58,9487.825834035873,0.77355,0.4327,0.82278,0.87075,0.81701,0.88123,0.66144,0.75882,0.42197,0.81575,0.0003629381,0.0003629381,0.0003629381,,
yolo_v12s_20260720_214000,yolo,yolo_v12s_20260720_214000,yolo12s.pt,/root/autodl-fs/datasets/DAIR-V2X_YOLO/dairv2x.yaml,train,59,9747.608928442001,0.77457,0.43367,0.82259,0.86633,0.82382,0.88188,0.66373,0.7587,0.42121,0.81606,0.00035469140000000005,0.00035469140000000005,0.00035469140000000005,,
yolo_v12s_20260720_214000,yolo,yolo_v12s_20260720_214000,yolo12s.pt,/root/autodl-fs/datasets/DAIR-V2X_YOLO/dairv2x.yaml,train,60,9859.618122339249,0.77306,0.43167,0.82204,0.87557,0.8127,0.87819,0.66091,0.75396,0.42367,0.81498,0.00034644470000000003,0.00034644470000000003,0.00034644470000000003,,
yolo_v12s_20260720_214000,yolo,yolo_v12s_20260720_214000,yolo12s.pt,/root/autodl-fs/datasets/DAIR-V2X_YOLO/dairv2x.yaml,train,61,9970.363454818726,0.77124,0.43232,0.82144,0.85823,0.83192,0.88225,0.66555,0.75506,0.42013,0.815,0.000338198,0.000338198,0.000338198,,
yolo_v12s_20260720_214000,yolo,yolo_v12s_20260720_214000,yolo12s.pt,/root/autodl-fs/datasets/DAIR-V2X_YOLO/dairv2x.yaml,train,62,10097.222247362137,0.76918,0.42999,0.82234,0.86501,0.8259,0.88287,0.66751,0.75238,0.4203,0.81443,0.0003299513,0.0003299513,0.0003299513,,
yolo_v12s_20260720_214000,yolo,yolo_v12s_20260720_214000,yolo12s.pt,/root/autodl-fs/datasets/DAIR-V2X_YOLO/dairv2x.yaml,train,63,10431.317431688309,0.76747,0.42793,0.82125,0.86139,0.82823,0.88085,0.66461,0.75268,0.42083,0.81493,0.00032170459999999996,0.00032170459999999996,0.00032170459999999996,,
yolo_v12s_20260720_214000,yolo,yolo_v12s_20260720_214000,yolo12s.pt,/root/autodl-fs/datasets/DAIR-V2X_YOLO/dairv2x.yaml,train,64,10581.898146867752,0.76899,0.42906,0.82163,0.8678,0.82154,0.88193,0.66348,0.75349,0.42133,0.81487,0.0003134579,0.0003134579,0.0003134579,,
yolo_v12s_20260720_214000,yolo,yolo_v12s_20260720_214000,yolo12s.pt,/root/autodl-fs/datasets/DAIR-V2X_YOLO/dairv2x.yaml,train,65,10692.917915344238,0.76224,0.42359,0.82124,0.87623,0.81782,0.88122,0.66494,0.75084,0.41842,0.81431,0.0003052112,0.0003052112,0.0003052112,,
yolo_v12s_20260720_214000,yolo,yolo_v12s_20260720_214000,yolo12s.pt,/root/autodl-fs/datasets/DAIR-V2X_YOLO/dairv2x.yaml,train,66,11092.268819570541,0.76447,0.42577,0.82122,0.87358,0.82265,0.8826,0.66655,0.75084,0.41769,0.8145,0.0002969645,0.0002969645,0.0002969645,,
yolo_v12s_20260720_214000,yolo,yolo_v12s_20260720_214000,yolo12s.pt,/root/autodl-fs/datasets/DAIR-V2X_YOLO/dairv2x.yaml,train,67,11204.257125377655,0.76407,0.42349,0.82017,0.86106,0.83263,0.88454,0.66662,0.75096,0.41931,0.81426,0.00028871779999999997,0.00028871779999999997,0.00028871779999999997,,
yolo_v12s_20260720_214000,yolo,yolo_v12s_20260720_214000,yolo12s.pt,/root/autodl-fs/datasets/DAIR-V2X_YOLO/dairv2x.yaml,train,68,12062.227061033249,0.75941,0.42162,0.81984,0.86584,0.82563,0.88301,0.66636,0.75019,0.4179,0.81417,0.00028047109999999994,0.00028047109999999994,0.00028047109999999994,,
yolo_v12s_20260720_214000,yolo,yolo_v12s_20260720_214000,yolo12s.pt,/root/autodl-fs/datasets/DAIR-V2X_YOLO/dairv2x.yaml,train,69,12202.32364487648,0.75757,0.41969,0.8196,0.86521,0.82855,0.88268,0.66597,0.75029,0.41594,0.8143,0.0002722244,0.0002722244,0.0002722244,,
yolo_v12s_20260720_214000,yolo,yolo_v12s_20260720_214000,yolo12s.pt,/root/autodl-fs/datasets/DAIR-V2X_YOLO/dairv2x.yaml,train,70,12323.19968342781,0.75737,0.4194,0.81986,0.8681,0.82514,0.88288,0.66827,0.74877,0.41552,0.81407,0.00026397770000000006,0.00026397770000000006,0.00026397770000000006,,
yolo_v12s_20260720_214000,yolo,yolo_v12s_20260720_214000,yolo12s.pt,/root/autodl-fs/datasets/DAIR-V2X_YOLO/dairv2x.yaml,train,71,12637.120143651962,0.75921,0.42195,0.81981,0.86569,0.82686,0.87896,0.66362,0.74964,0.41651,0.81432,0.00025573100000000004,0.00025573100000000004,0.00025573100000000004,,
yolo_v12s_20260720_214000,yolo,yolo_v12s_20260720_214000,yolo12s.pt,/root/autodl-fs/datasets/DAIR-V2X_YOLO/dairv2x.yaml,train,72,12747.8853058815,0.7561,0.41754,0.8192,0.85876,0.83528,0.8831,0.66619,0.75035,0.41598,0.81402,0.0002474843,0.0002474843,0.0002474843,,
yolo_v12s_20260720_214000,yolo,yolo_v12s_20260720_214000,yolo12s.pt,/root/autodl-fs/datasets/DAIR-V2X_YOLO/dairv2x.yaml,train,73,12872.000185012817,0.75319,0.4156,0.81913,0.86602,0.82874,0.8831,0.66682,0.74722,0.41416,0.8135,0.0002392376,0.0002392376,0.0002392376,,
yolo_v12s_20260720_214000,yolo,yolo_v12s_20260720_214000,yolo12s.pt,/root/autodl-fs/datasets/DAIR-V2X_YOLO/dairv2x.yaml,train,74,13004.99930524826,0.7524,0.41617,0.8191,0.86637,0.82862,0.88149,0.66706,0.74775,0.41462,0.81358,0.00023099090000000002,0.00023099090000000002,0.00023099090000000002,,
yolo_v12s_20260720_214000,yolo,yolo_v12s_20260720_214000,yolo12s.pt,/root/autodl-fs/datasets/DAIR-V2X_YOLO/dairv2x.yaml,train,75,13117.2579164505,0.75087,0.41426,0.81838,0.86708,0.83012,0.88348,0.66871,0.7456,0.41377,0.81379,0.00022274420000000002,0.00022274420000000002,0.00022274420000000002,,
yolo_v12s_20260720_214000,yolo,yolo_v12s_20260720_214000,yolo12s.pt,/root/autodl-fs/datasets/DAIR-V2X_YOLO/dairv2x.yaml,train,76,13306.007997989655,0.74975,0.41296,0.8188,0.86713,0.82805,0.88148,0.66785,0.74505,0.41364,0.81401,0.0002144975,0.0002144975,0.0002144975,,
yolo_v12s_20260720_214000,yolo,yolo_v12s_20260720_214000,yolo12s.pt,/root/autodl-fs/datasets/DAIR-V2X_YOLO/dairv2x.yaml,train,77,13416.620181322098,0.7465,0.41202,0.81863,0.85881,0.83584,0.88333,0.6675,0.74489,0.41185,0.81357,0.00020625079999999997,0.00020625079999999997,0.00020625079999999997,,
yolo_v12s_20260720_214000,yolo,yolo_v12s_20260720_214000,yolo12s.pt,/root/autodl-fs/datasets/DAIR-V2X_YOLO/dairv2x.yaml,train,78,13532.491343975067,0.74662,0.41085,0.81828,0.86024,0.83471,0.88245,0.66877,0.74479,0.41323,0.81346,0.00019800409999999998,0.00019800409999999998,0.00019800409999999998,,
yolo_v12s_20260720_214000,yolo,yolo_v12s_20260720_214000,yolo12s.pt,/root/autodl-fs/datasets/DAIR-V2X_YOLO/dairv2x.yaml,train,79,13642.95879483223,0.74259,0.4083,0.81607,0.86148,0.83332,0.88448,0.66972,0.74211,0.41075,0.81281,0.00018975739999999998,0.00018975739999999998,0.00018975739999999998,,
yolo_v12s_20260720_214000,yolo,yolo_v12s_20260720_214000,yolo12s.pt,/root/autodl-fs/datasets/DAIR-V2X_YOLO/dairv2x.yaml,train,80,13754.943854808807,0.7432,0.40782,0.81685,0.85852,0.83685,0.88449,0.66996,0.74355,0.41161,0.81302,0.00018151069999999998,0.00018151069999999998,0.00018151069999999998,,
yolo_v12s_20260720_214000,yolo,yolo_v12s_20260720_214000,yolo12s.pt,/root/autodl-fs/datasets/DAIR-V2X_YOLO/dairv2x.yaml,train,81,13986.172678232193,0.73986,0.40591,0.81669,0.85879,0.83536,0.88494,0.67163,0.74382,0.41149,0.8131,0.00017326399999999996,0.00017326399999999996,0.00017326399999999996,,
yolo_v12s_20260720_214000,yolo,yolo_v12s_20260720_214000,yolo12s.pt,/root/autodl-fs/datasets/DAIR-V2X_YOLO/dairv2x.yaml,train,82,14109.310074806213,0.73818,0.40489,0.81698,0.85983,0.83253,0.88262,0.6709,0.74111,0.41194,0.81283,0.00016501729999999994,0.00016501729999999994,0.00016501729999999994,,
yolo_v12s_20260720_214000,yolo,yolo_v12s_20260720_214000,yolo12s.pt,/root/autodl-fs/datasets/DAIR-V2X_YOLO/dairv2x.yaml,train,83,14846.701271295547,0.73834,0.40487,0.81714,0.85822,0.83424,0.88193,0.6704,0.74138,0.41046,0.81286,0.00015677060000000005,0.00015677060000000005,0.00015677060000000005,,
yolo_v12s_20260720_214000,yolo,yolo_v12s_20260720_214000,yolo12s.pt,/root/autodl-fs/datasets/DAIR-V2X_YOLO/dairv2x.yaml,train,84,14961.444284439087,0.73778,0.40437,0.81674,0.86165,0.83461,0.88241,0.66901,0.74041,0.41038,0.81295,0.00014852390000000002,0.00014852390000000002,0.00014852390000000002,,
yolo_v12s_20260720_214000,yolo,yolo_v12s_20260720_214000,yolo12s.pt,/root/autodl-fs/datasets/DAIR-V2X_YOLO/dairv2x.yaml,train,85,15083.920305013657,0.73568,0.40189,0.81665,0.85572,0.8391,0.8855,0.67038,0.7408,0.41014,0.81305,0.00014027720000000003,0.00014027720000000003,0.00014027720000000003,,
yolo_v12s_20260720_214000,yolo,yolo_v12s_20260720_214000,yolo12s.pt,/root/autodl-fs/datasets/DAIR-V2X_YOLO/dairv2x.yaml,train,86,15194.374609708786,0.73573,0.4016,0.81583,0.85831,0.83856,0.88494,0.67033,0.74103,0.41015,0.81323,0.00013203050000000003,0.00013203050000000003,0.00013203050000000003,,
yolo_v12s_20260720_214000,yolo,yolo_v12s_20260720_214000,yolo12s.pt,/root/autodl-fs/datasets/DAIR-V2X_YOLO/dairv2x.yaml,train,87,15309.858777284622,0.73514,0.40081,0.81601,0.86437,0.83381,0.88309,0.67092,0.73966,0.40916,0.81294,0.0001237838,0.0001237838,0.0001237838,,
yolo_v12s_20260720_214000,yolo,yolo_v12s_20260720_214000,yolo12s.pt,/root/autodl-fs/datasets/DAIR-V2X_YOLO/dairv2x.yaml,train,88,15457.37150645256,0.73096,0.3991,0.81583,0.86025,0.83463,0.88095,0.67001,0.73995,0.40894,0.81299,0.00011553710000000001,0.00011553710000000001,0.00011553710000000001,,
yolo_v12s_20260720_214000,yolo,yolo_v12s_20260720_214000,yolo12s.pt,/root/autodl-fs/datasets/DAIR-V2X_YOLO/dairv2x.yaml,train,89,15570.200687170029,0.72927,0.39841,0.81614,0.85654,0.83802,0.88314,0.67087,0.74111,0.40879,0.81333,0.0001072904,0.0001072904,0.0001072904,,
yolo_v12s_20260720_214000,yolo,yolo_v12s_20260720_214000,yolo12s.pt,/root/autodl-fs/datasets/DAIR-V2X_YOLO/dairv2x.yaml,train,90,15681.069548606873,0.73089,0.39825,0.81599,0.85464,0.84082,0.88329,0.67186,0.73818,0.4083,0.81303,9.904369999999997e-05,9.904369999999997e-05,9.904369999999997e-05,,
yolo_v12s_20260720_214000,yolo,yolo_v12s_20260720_214000,yolo12s.pt,/root/autodl-fs/datasets/DAIR-V2X_YOLO/dairv2x.yaml,train,91,15788.006648778915,0.70845,0.38656,0.81123,0.85667,0.83483,0.88075,0.66465,0.74744,0.41377,0.8139,9.079699999999998e-05,9.079699999999998e-05,9.079699999999998e-05,,
yolo_v12s_20260720_214000,yolo,yolo_v12s_20260720_214000,yolo12s.pt,/root/autodl-fs/datasets/DAIR-V2X_YOLO/dairv2x.yaml,train,92,15893.36010503769,0.70538,0.38397,0.80974,0.86719,0.82531,0.88094,0.66605,0.74698,0.41366,0.81371,8.255029999999997e-05,8.255029999999997e-05,8.255029999999997e-05,,
yolo_v12s_20260720_214000,yolo,yolo_v12s_20260720_214000,yolo12s.pt,/root/autodl-fs/datasets/DAIR-V2X_YOLO/dairv2x.yaml,train,93,15998.527698516846,0.70085,0.38211,0.80958,0.86338,0.83244,0.88199,0.66833,0.74516,0.41149,0.81363,7.430359999999997e-05,7.430359999999997e-05,7.430359999999997e-05,,
yolo_v12s_20260720_214000,yolo,yolo_v12s_20260720_214000,yolo12s.pt,/root/autodl-fs/datasets/DAIR-V2X_YOLO/dairv2x.yaml,train,94,16104.51458120346,0.69906,0.38094,0.81037,0.86068,0.83477,0.88155,0.66778,0.74395,0.41202,0.81335,6.605689999999995e-05,6.605689999999995e-05,6.605689999999995e-05,,
yolo_v12s_20260720_214000,yolo,yolo_v12s_20260720_214000,yolo12s.pt,/root/autodl-fs/datasets/DAIR-V2X_YOLO/dairv2x.yaml,train,95,16210.030646800995,0.69566,0.37827,0.80843,0.85684,0.83866,0.88057,0.66814,0.74298,0.41111,0.81338,5.781020000000004e-05,5.781020000000004e-05,5.781020000000004e-05,,
yolo_v12s_20260720_214000,yolo,yolo_v12s_20260720_214000,yolo12s.pt,/root/autodl-fs/datasets/DAIR-V2X_YOLO/dairv2x.yaml,train,96,16315.16209077835,0.69381,0.37666,0.80849,0.85923,0.8332,0.87947,0.66668,0.74322,0.41042,0.81348,4.9563500000000035e-05,4.9563500000000035e-05,4.9563500000000035e-05,,
yolo_v12s_20260720_214000,yolo,yolo_v12s_20260720_214000,yolo12s.pt,/root/autodl-fs/datasets/DAIR-V2X_YOLO/dairv2x.yaml,train,97,16421.064709186554,0.69383,0.37518,0.80813,0.86549,0.82856,0.879,0.6673,0.74272,0.40987,0.81358,4.131680000000003e-05,4.131680000000003e-05,4.131680000000003e-05,,
yolo_v12s_20260720_214000,yolo,yolo_v12s_20260720_214000,yolo12s.pt,/root/autodl-fs/datasets/DAIR-V2X_YOLO/dairv2x.yaml,train,98,16526.381899356842,0.69235,0.37446,0.80776,0.85997,0.83319,0.88038,0.66836,0.74234,0.40921,0.81354,3.307010000000002e-05,3.307010000000002e-05,3.307010000000002e-05,,
yolo_v12s_20260720_214000,yolo,yolo_v12s_20260720_214000,yolo12s.pt,/root/autodl-fs/datasets/DAIR-V2X_YOLO/dairv2x.yaml,train,99,16631.697513580322,0.68783,0.37237,0.80731,0.85841,0.8364,0.88129,0.66915,0.74106,0.4091,0.81327,2.4823400000000017e-05,2.4823400000000017e-05,2.4823400000000017e-05,,
yolo_v12s_20260720_214000,yolo,yolo_v12s_20260720_214000,yolo12s.pt,/root/autodl-fs/datasets/DAIR-V2X_YOLO/dairv2x.yaml,train,100,16737.070866584778,0.68977,0.37249,0.80788,0.85685,0.83709,0.88063,0.66976,0.74091,0.40881,0.81331,1.6576700000000007e-05,1.6576700000000007e-05,1.6576700000000007e-05,,
yolo_fasterrcnn_resnet50_fpn_20260721_195730,fasterrcnn,yolo_fasterrcnn_resnet50_fpn,fasterrcnn_resnet50_fpn,dairv2x,train,1,,,,,,,,,,,,0.0016666666666666666,,,1.2594426008342188,0.9630213706312996
yolo_fasterrcnn_resnet50_fpn_20260721_195730,fasterrcnn,yolo_fasterrcnn_resnet50_fpn,fasterrcnn_resnet50_fpn,dairv2x,train,2,,,,,,,,,,,,0.003333333333333333,,,0.8653756044333494,0.833433339862447
yolo_fasterrcnn_resnet50_fpn_20260721_195730,fasterrcnn,yolo_fasterrcnn_resnet50_fpn,fasterrcnn_resnet50_fpn,dairv2x,train,3,,,,,,,,,,,,0.005,,,0.739229114372519,0.7161870019902524
yolo_fasterrcnn_resnet50_fpn_20260721_195730,fasterrcnn,yolo_fasterrcnn_resnet50_fpn,fasterrcnn_resnet50_fpn,dairv2x,train,4,,,,,,,,,,,,0.005,,,0.6725779160668578,0.6667674483829423
yolo_fasterrcnn_resnet50_fpn_20260721_195730,fasterrcnn,yolo_fasterrcnn_resnet50_fpn,fasterrcnn_resnet50_fpn,dairv2x,train,5,,,,,,,,,,,,0.005,,,0.6302983236463764,0.6245439890281934
yolo_fasterrcnn_resnet50_fpn_20260721_195730,fasterrcnn,yolo_fasterrcnn_resnet50_fpn,fasterrcnn_resnet50_fpn,dairv2x,train,6,,,,,,,,,,,,0.005,,,0.6059094418453265,0.6205044960799185
yolo_fasterrcnn_resnet50_fpn_20260721_195730,fasterrcnn,yolo_fasterrcnn_resnet50_fpn,fasterrcnn_resnet50_fpn,dairv2x,train,7,,,,,,,,,,,,0.005,,,0.5877247926177858,0.6097560764633512
yolo_fasterrcnn_resnet50_fpn_20260721_195730,fasterrcnn,yolo_fasterrcnn_resnet50_fpn,fasterrcnn_resnet50_fpn,dairv2x,train,8,,,,,,,,,,,,0.005,,,0.5699161294894882,0.5851609572081974
yolo_fasterrcnn_resnet50_fpn_20260721_195730,fasterrcnn,yolo_fasterrcnn_resnet50_fpn,fasterrcnn_resnet50_fpn,dairv2x,train,9,,,,,,,,,,,,0.005,,,0.5581194947980628,0.5668206220296653
yolo_fasterrcnn_resnet50_fpn_20260721_195730,fasterrcnn,yolo_fasterrcnn_resnet50_fpn,fasterrcnn_resnet50_fpn,dairv2x,train,10,,,,,,,,,,,,0.005,,,0.5482486919323101,0.5693651198556549
yolo_fasterrcnn_resnet50_fpn_20260721_195730,fasterrcnn,yolo_fasterrcnn_resnet50_fpn,fasterrcnn_resnet50_fpn,dairv2x,train,11,,,,,,,,,,,,0.005,,,0.5374709610131723,0.596395752784845
yolo_fasterrcnn_resnet50_fpn_20260721_195730,fasterrcnn,yolo_fasterrcnn_resnet50_fpn,fasterrcnn_resnet50_fpn,dairv2x,train,12,,,,,,,,,,,,0.005,,,0.5278338645643825,0.5345710316967023
yolo_fasterrcnn_resnet50_fpn_20260721_195730,fasterrcnn,yolo_fasterrcnn_resnet50_fpn,fasterrcnn_resnet50_fpn,dairv2x,train,13,,,,,,,,,,,,0.005,,,0.5209446258937256,0.560846794102537
yolo_fasterrcnn_resnet50_fpn_20260721_195730,fasterrcnn,yolo_fasterrcnn_resnet50_fpn,fasterrcnn_resnet50_fpn,dairv2x,train,14,,,,,,,,,,,,0.005,,,0.5149663407591325,0.5391722181811929
yolo_fasterrcnn_resnet50_fpn_20260721_195730,fasterrcnn,yolo_fasterrcnn_resnet50_fpn,fasterrcnn_resnet50_fpn,dairv2x,train,15,,,,,,,,,,,,0.005,,,0.5087491141844399,0.5280588028560343
yolo_fasterrcnn_resnet50_fpn_20260721_195730,fasterrcnn,yolo_fasterrcnn_resnet50_fpn,fasterrcnn_resnet50_fpn,dairv2x,train,16,,,,,,,,,,,,0.005,,,0.5024061163392248,0.5339494748041034
yolo_fasterrcnn_resnet50_fpn_20260721_195730,fasterrcnn,yolo_fasterrcnn_resnet50_fpn,fasterrcnn_resnet50_fpn,dairv2x,train,17,,,,,,,,,,,,0.005,,,0.4975545181881023,0.5148269427744182
yolo_fasterrcnn_resnet50_fpn_20260721_195730,fasterrcnn,yolo_fasterrcnn_resnet50_fpn,fasterrcnn_resnet50_fpn,dairv2x,train,18,,,,,,,,,,,,0.005,,,0.4935321419299403,0.5149092837481907
yolo_fasterrcnn_resnet50_fpn_20260721_195730,fasterrcnn,yolo_fasterrcnn_resnet50_fpn,fasterrcnn_resnet50_fpn,dairv2x,train,19,,,,,,,,,,,,0.005,,,0.4885701858733274,0.5101724380235139
yolo_fasterrcnn_resnet50_fpn_20260721_195730,fasterrcnn,yolo_fasterrcnn_resnet50_fpn,fasterrcnn_resnet50_fpn,dairv2x,train,20,,,,,,,,,,,,0.005,,,0.4848193150909641,0.5939829980366325
yolo_fasterrcnn_resnet50_fpn_20260721_195730,fasterrcnn,yolo_fasterrcnn_resnet50_fpn,fasterrcnn_resnet50_fpn,dairv2x,train,21,,,,,,,,,,,,0.005,,,0.4823172952555403,0.5177359186897152
yolo_fasterrcnn_resnet50_fpn_20260721_195730,fasterrcnn,yolo_fasterrcnn_resnet50_fpn,fasterrcnn_resnet50_fpn,dairv2x,train,22,,,,,,,,,,,,0.005,,,0.4793226174727271,0.5373229842731043
yolo_fasterrcnn_resnet50_fpn_20260721_195730,fasterrcnn,yolo_fasterrcnn_resnet50_fpn,fasterrcnn_resnet50_fpn,dairv2x,train,23,,,,,,,,,,,,0.005,,,0.47813676429700247,0.5104624365799522
yolo_fasterrcnn_resnet50_fpn_20260721_195730,fasterrcnn,yolo_fasterrcnn_resnet50_fpn,fasterrcnn_resnet50_fpn,dairv2x,train,24,,,,,,,,,,,,0.005,,,0.47291941261744197,0.5385811757786494
yolo_fasterrcnn_resnet50_fpn_20260721_195730,fasterrcnn,yolo_fasterrcnn_resnet50_fpn,fasterrcnn_resnet50_fpn,dairv2x,train,25,,,,,,,,,,,,0.005,,,0.4690924566946452,0.4994968714094476
yolo_fasterrcnn_resnet50_fpn_20260721_195730,fasterrcnn,yolo_fasterrcnn_resnet50_fpn,fasterrcnn_resnet50_fpn,dairv2x,train,26,,,,,,,,,,,,0.005,,,0.4660591134164907,0.4935118002130797
yolo_fasterrcnn_resnet50_fpn_20260721_195730,fasterrcnn,yolo_fasterrcnn_resnet50_fpn,fasterrcnn_resnet50_fpn,dairv2x,train,27,,,,,,,,,,,,0.005,,,0.46426305919885635,0.5215392916120196
yolo_fasterrcnn_resnet50_fpn_20260721_195730,fasterrcnn,yolo_fasterrcnn_resnet50_fpn,fasterrcnn_resnet50_fpn,dairv2x,train,28,,,,,,,,,,,,0.005,,,0.46381227209975445,0.49294572647072765
yolo_fasterrcnn_resnet50_fpn_20260721_195730,fasterrcnn,yolo_fasterrcnn_resnet50_fpn,fasterrcnn_resnet50_fpn,dairv2x,train,29,,,,,,,,,,,,0.005,,,0.46084923787584786,0.5108992565227183
yolo_fasterrcnn_resnet50_fpn_20260721_195730,fasterrcnn,yolo_fasterrcnn_resnet50_fpn,fasterrcnn_resnet50_fpn,dairv2x,train,30,,,,,,,,,,,,0.005,,,0.45496052918554863,0.5055271620911203
yolo_fasterrcnn_resnet50_fpn_20260721_195730,fasterrcnn,yolo_fasterrcnn_resnet50_fpn,fasterrcnn_resnet50_fpn,dairv2x,train,31,,,,,,,,,,,,0.005,,,0.4572537909202938,0.5095172894530391
yolo_fasterrcnn_resnet50_fpn_20260721_195730,fasterrcnn,yolo_fasterrcnn_resnet50_fpn,fasterrcnn_resnet50_fpn,dairv2x,train,32,,,,,,,,,,,,0.005,,,0.45565329737301113,0.48723126506726994
yolo_fasterrcnn_resnet50_fpn_20260721_195730,fasterrcnn,yolo_fasterrcnn_resnet50_fpn,fasterrcnn_resnet50_fpn,dairv2x,train,33,,,,,,,,,,,,0.005,,,0.453547034459778,0.48498649743238564
yolo_fasterrcnn_resnet50_fpn_20260721_195730,fasterrcnn,yolo_fasterrcnn_resnet50_fpn,fasterrcnn_resnet50_fpn,dairv2x,train,34,,,,,,,,,,,,0.005,,,0.449152913086022,0.4832836572374952
yolo_fasterrcnn_resnet50_fpn_20260721_195730,fasterrcnn,yolo_fasterrcnn_resnet50_fpn,fasterrcnn_resnet50_fpn,dairv2x,train,35,,,,,,,,,,,,0.005,,,0.44788442033378384,0.48797495359260784
yolo_fasterrcnn_resnet50_fpn_20260721_195730,fasterrcnn,yolo_fasterrcnn_resnet50_fpn,fasterrcnn_resnet50_fpn,dairv2x,train,36,,,,,,,,,,,,0.005,,,0.44608915597200394,0.4983166586117525
yolo_fasterrcnn_resnet50_fpn_20260721_195730,fasterrcnn,yolo_fasterrcnn_resnet50_fpn,fasterrcnn_resnet50_fpn,dairv2x,train,37,,,,,,,,,,,,0.005,,,0.4454872865654245,0.482362589210664
yolo_fasterrcnn_resnet50_fpn_20260721_195730,fasterrcnn,yolo_fasterrcnn_resnet50_fpn,fasterrcnn_resnet50_fpn,dairv2x,train,38,,,,,,,,,,,,0.005,,,0.4430269668751125,0.48318785404492365
yolo_fasterrcnn_resnet50_fpn_20260721_195730,fasterrcnn,yolo_fasterrcnn_resnet50_fpn,fasterrcnn_resnet50_fpn,dairv2x,train,39,,,,,,,,,,,,0.005,,,0.44190848382967934,0.47142700801946613
yolo_fasterrcnn_resnet50_fpn_20260721_195730,fasterrcnn,yolo_fasterrcnn_resnet50_fpn,fasterrcnn_resnet50_fpn,dairv2x,train,40,,,,,,,,,,,,0.005,,,0.440352669810947,0.480991675861572
yolo_fasterrcnn_resnet50_fpn_20260721_195730,fasterrcnn,yolo_fasterrcnn_resnet50_fpn,fasterrcnn_resnet50_fpn,dairv2x,train,41,,,,,,,,,,,,0.005,,,0.4412328798936892,0.49446604376364695
yolo_fasterrcnn_resnet50_fpn_20260721_195730,fasterrcnn,yolo_fasterrcnn_resnet50_fpn,fasterrcnn_resnet50_fpn,dairv2x,train,42,,,,,,,,,,,,0.005,,,0.4401180945053885,0.4810678133937089
yolo_fasterrcnn_resnet50_fpn_20260721_195730,fasterrcnn,yolo_fasterrcnn_resnet50_fpn,fasterrcnn_resnet50_fpn,dairv2x,train,43,,,,,,,,,,,,0.005,,,0.4378843912029568,0.4703809949324319
yolo_fasterrcnn_resnet50_fpn_20260721_195730,fasterrcnn,yolo_fasterrcnn_resnet50_fpn,fasterrcnn_resnet50_fpn,dairv2x,train,44,,,,,,,,,,,,0.005,,,0.4372998049742059,0.49492363876810197
yolo_fasterrcnn_resnet50_fpn_20260721_195730,fasterrcnn,yolo_fasterrcnn_resnet50_fpn,fasterrcnn_resnet50_fpn,dairv2x,train,45,,,,,,,,,,,,0.005,,,0.4368445031061957,0.4975878419354558
yolo_fasterrcnn_resnet50_fpn_20260721_195730,fasterrcnn,yolo_fasterrcnn_resnet50_fpn,fasterrcnn_resnet50_fpn,dairv2x,train,46,,,,,,,,,,,,0.005,,,0.4338177394451974,0.4843830038352232
yolo_fasterrcnn_resnet50_fpn_20260721_195730,fasterrcnn,yolo_fasterrcnn_resnet50_fpn,fasterrcnn_resnet50_fpn,dairv2x,train,47,,,,,,,,,,,,0.005,,,0.4329378358736823,0.4784425971539397
yolo_fasterrcnn_resnet50_fpn_20260721_195730,fasterrcnn,yolo_fasterrcnn_resnet50_fpn,fasterrcnn_resnet50_fpn,dairv2x,train,48,,,,,,,,,,,,0.005,,,0.4321706575117534,0.4725463355548288
yolo_fasterrcnn_resnet50_fpn_20260721_195730,fasterrcnn,yolo_fasterrcnn_resnet50_fpn,fasterrcnn_resnet50_fpn,dairv2x,train,49,,,,,,,,,,,,0.005,,,0.4317884258454359,0.49377659301420573
yolo_fasterrcnn_resnet50_fpn_20260721_195730,fasterrcnn,yolo_fasterrcnn_resnet50_fpn,fasterrcnn_resnet50_fpn,dairv2x,train,50,,,,,,,,,,,,0.005,,,0.43240722561184364,0.4751968889154102
yolo_fasterrcnn_resnet50_fpn_20260721_195730,fasterrcnn,yolo_fasterrcnn_resnet50_fpn,fasterrcnn_resnet50_fpn,dairv2x,train,51,,,,,,,,,,,,0.005,,,0.4288288493511043,0.4759043916373661
yolo_fasterrcnn_resnet50_fpn_20260721_195730,fasterrcnn,yolo_fasterrcnn_resnet50_fpn,fasterrcnn_resnet50_fpn,dairv2x,train,52,,,,,,,,,,,,0.005,,,0.42762040601500984,0.47515534423291683
yolo_fasterrcnn_resnet50_fpn_20260721_195730,fasterrcnn,yolo_fasterrcnn_resnet50_fpn,fasterrcnn_resnet50_fpn,dairv2x,train,53,,,,,,,,,,,,0.005,,,0.42687862856855874,0.4718847930627434
yolo_fasterrcnn_resnet50_fpn_20260721_195730,fasterrcnn,yolo_fasterrcnn_resnet50_fpn,fasterrcnn_resnet50_fpn,dairv2x,train,54,,,,,,,,,,,,0.005,,,0.42406905649960797,0.4728666277798383
yolo_fasterrcnn_resnet50_fpn_20260721_195730,fasterrcnn,yolo_fasterrcnn_resnet50_fpn,fasterrcnn_resnet50_fpn,dairv2x,train,55,,,,,,,,,,,,0.005,,,0.4248842148086693,0.47183613738927405
yolo_fasterrcnn_resnet50_fpn_20260721_195730,fasterrcnn,yolo_fasterrcnn_resnet50_fpn,fasterrcnn_resnet50_fpn,dairv2x,train,56,,,,,,,,,,,,0.005,,,0.42349953807984725,0.4632882371936974
yolo_fasterrcnn_resnet50_fpn_20260721_195730,fasterrcnn,yolo_fasterrcnn_resnet50_fpn,fasterrcnn_resnet50_fpn,dairv2x,train,57,,,,,,,,,,,,0.005,,,0.42461074822688405,0.4710428782885796
yolo_fasterrcnn_resnet50_fpn_20260721_195730,fasterrcnn,yolo_fasterrcnn_resnet50_fpn,fasterrcnn_resnet50_fpn,dairv2x,train,58,,,,,,,,,,,,0.005,,,0.42226086745533764,0.4559937125856155
yolo_fasterrcnn_resnet50_fpn_20260721_195730,fasterrcnn,yolo_fasterrcnn_resnet50_fpn,fasterrcnn_resnet50_fpn,dairv2x,train,59,,,,,,,,,,,,0.005,,,0.42395896568328517,0.4747341771757132
yolo_fasterrcnn_resnet50_fpn_20260721_195730,fasterrcnn,yolo_fasterrcnn_resnet50_fpn,fasterrcnn_resnet50_fpn,dairv2x,train,60,,,,,,,,,,,,0.005,,,0.4215661669267884,0.46850775280281115
yolo_fasterrcnn_resnet50_fpn_20260721_195730,fasterrcnn,yolo_fasterrcnn_resnet50_fpn,fasterrcnn_resnet50_fpn,dairv2x,train,61,,,,,,,,,,,,0.005,,,0.4205267333154437,0.47591607353502985
yolo_fasterrcnn_resnet50_fpn_20260721_195730,fasterrcnn,yolo_fasterrcnn_resnet50_fpn,fasterrcnn_resnet50_fpn,dairv2x,train,62,,,,,,,,,,,,0.005,,,0.4185292775495143,0.48114504473970127
yolo_fasterrcnn_resnet50_fpn_20260721_195730,fasterrcnn,yolo_fasterrcnn_resnet50_fpn,fasterrcnn_resnet50_fpn,dairv2x,train,63,,,,,,,,,,,,0.0005,,,0.42107611328740663,0.4749925964462914
yolo_fasterrcnn_resnet50_fpn_20260721_195730,fasterrcnn,yolo_fasterrcnn_resnet50_fpn,fasterrcnn_resnet50_fpn,dairv2x,train,64,,,,,,,,,,,,0.0005,,,0.3952005387672895,0.44805807566368266
yolo_fasterrcnn_resnet50_fpn_20260721_195730,fasterrcnn,yolo_fasterrcnn_resnet50_fpn,fasterrcnn_resnet50_fpn,dairv2x,train,65,,,,,,,,,,,,0.0005,,,0.3914824235665647,0.4460396494618372
yolo_fasterrcnn_resnet50_fpn_20260721_195730,fasterrcnn,yolo_fasterrcnn_resnet50_fpn,fasterrcnn_resnet50_fpn,dairv2x,train,66,,,,,,,,,,,,0.0005,,,0.390064291467395,0.4432956707222681
yolo_fasterrcnn_resnet50_fpn_20260721_195730,fasterrcnn,yolo_fasterrcnn_resnet50_fpn,fasterrcnn_resnet50_fpn,dairv2x,train,67,,,,,,,,,,,,0.0005,,,0.3892039698136004,0.44346352879840295
yolo_fasterrcnn_resnet50_fpn_20260721_195730,fasterrcnn,yolo_fasterrcnn_resnet50_fpn,fasterrcnn_resnet50_fpn,dairv2x,train,68,,,,,,,,,,,,0.0005,,,0.38884419646066953,0.4449649421792281
yolo_fasterrcnn_resnet50_fpn_20260721_195730,fasterrcnn,yolo_fasterrcnn_resnet50_fpn,fasterrcnn_resnet50_fpn,dairv2x,train,69,,,,,,,,,,,,0.0005,,,0.38723714725126196,0.44115734963040604
yolo_fasterrcnn_resnet50_fpn_20260721_195730,fasterrcnn,yolo_fasterrcnn_resnet50_fpn,fasterrcnn_resnet50_fpn,dairv2x,train,70,,,,,,,,,,,,0.0005,,,0.38725050642520564,0.4415462943480203
yolo_fasterrcnn_resnet50_fpn_20260721_195730,fasterrcnn,yolo_fasterrcnn_resnet50_fpn,fasterrcnn_resnet50_fpn,dairv2x,train,71,,,,,,,,,,,,0.0005,,,0.3865969023561176,0.44163530996363415
yolo_fasterrcnn_resnet50_fpn_20260721_195730,fasterrcnn,yolo_fasterrcnn_resnet50_fpn,fasterrcnn_resnet50_fpn,dairv2x,train,72,,,,,,,,,,,,0.0005,,,0.38658325675922106,0.44264854137834747
yolo_fasterrcnn_resnet50_fpn_20260721_195730,fasterrcnn,yolo_fasterrcnn_resnet50_fpn,fasterrcnn_resnet50_fpn,dairv2x,train,73,,,,,,,,,,,,0.0005,,,0.38569242988206165,0.444727939259457
yolo_fasterrcnn_resnet50_fpn_20260721_195730,fasterrcnn,yolo_fasterrcnn_resnet50_fpn,fasterrcnn_resnet50_fpn,dairv2x,train,74,,,,,,,,,,,,0.0005,,,0.3861920183783845,0.44364597236639575
yolo_fasterrcnn_resnet50_fpn_20260721_195730,fasterrcnn,yolo_fasterrcnn_resnet50_fpn,fasterrcnn_resnet50_fpn,dairv2x,train,75,,,,,,,,,,,,0.0005,,,0.3857077016860624,0.44284055269274275
yolo_fasterrcnn_resnet50_fpn_20260721_195730,fasterrcnn,yolo_fasterrcnn_resnet50_fpn,fasterrcnn_resnet50_fpn,dairv2x,train,76,,,,,,,,,,,,0.0005,,,0.3851689272854902,0.4423879079618736
yolo_fasterrcnn_resnet50_fpn_20260721_195730,fasterrcnn,yolo_fasterrcnn_resnet50_fpn,fasterrcnn_resnet50_fpn,dairv2x,train,77,,,,,,,,,,,,0.0005,,,0.38559077661248703,0.44380197492673207
yolo_fasterrcnn_resnet50_fpn_20260721_195730,fasterrcnn,yolo_fasterrcnn_resnet50_fpn,fasterrcnn_resnet50_fpn,dairv2x,train,78,,,,,,,,,,,,0.0005,,,0.3846210383727581,0.4425826278319092
yolo_fasterrcnn_resnet50_fpn_20260721_195730,fasterrcnn,yolo_fasterrcnn_resnet50_fpn,fasterrcnn_resnet50_fpn,dairv2x,train,79,,,,,,,,,,,,0.0005,,,0.3842298613884781,0.4447088224421206
yolo_fasterrcnn_resnet50_fpn_20260721_195730,fasterrcnn,yolo_fasterrcnn_resnet50_fpn,fasterrcnn_resnet50_fpn,dairv2x,train,80,,,,,,,,,,,,0.0005,,,0.3845309891466853,0.44521390372201014
yolo_fasterrcnn_resnet50_fpn_20260721_195730,fasterrcnn,yolo_fasterrcnn_resnet50_fpn,fasterrcnn_resnet50_fpn,dairv2x,train,81,,,,,,,,,,,,0.0005,,,0.38462515958125076,0.44084772977389786
yolo_fasterrcnn_resnet50_fpn_20260721_195730,fasterrcnn,yolo_fasterrcnn_resnet50_fpn,fasterrcnn_resnet50_fpn,dairv2x,train,82,,,,,,,,,,,,0.0005,,,0.3837210195539873,0.44452640355417605
yolo_fasterrcnn_resnet50_fpn_20260721_195730,fasterrcnn,yolo_fasterrcnn_resnet50_fpn,fasterrcnn_resnet50_fpn,dairv2x,train,83,,,,,,,,,,,,5e-05,,,0.38359756852629817,0.43977716648461
yolo_fasterrcnn_resnet50_fpn_20260721_195730,fasterrcnn,yolo_fasterrcnn_resnet50_fpn,fasterrcnn_resnet50_fpn,dairv2x,train,84,,,,,,,,,,,,5e-05,,,0.3810799665088895,0.4432555239059423
yolo_fasterrcnn_resnet50_fpn_20260721_195730,fasterrcnn,yolo_fasterrcnn_resnet50_fpn,fasterrcnn_resnet50_fpn,dairv2x,train,85,,,,,,,,,,,,5e-05,,,0.38055205722398394,0.439252894273714
yolo_fasterrcnn_resnet50_fpn_20260721_195730,fasterrcnn,yolo_fasterrcnn_resnet50_fpn,fasterrcnn_resnet50_fpn,dairv2x,train,86,,,,,,,,,,,,5e-05,,,0.380940838516513,0.4394701888147545
yolo_fasterrcnn_resnet50_fpn_20260721_195730,fasterrcnn,yolo_fasterrcnn_resnet50_fpn,fasterrcnn_resnet50_fpn,dairv2x,train,87,,,,,,,,,,,,5e-05,,,0.3803862818057024,0.4420957876565425
yolo_fasterrcnn_resnet50_fpn_20260721_195730,fasterrcnn,yolo_fasterrcnn_resnet50_fpn,fasterrcnn_resnet50_fpn,dairv2x,train,88,,,,,,,,,,,,5e-05,,,0.3801696107168741,0.440330612179088
yolo_fasterrcnn_resnet50_fpn_20260721_195730,fasterrcnn,yolo_fasterrcnn_resnet50_fpn,fasterrcnn_resnet50_fpn,dairv2x,train,89,,,,,,,,,,,,5e-05,,,0.38105329437346397,0.4399072205843894
yolo_fasterrcnn_resnet50_fpn_20260721_195730,fasterrcnn,yolo_fasterrcnn_resnet50_fpn,fasterrcnn_resnet50_fpn,dairv2x,train,90,,,,,,,,,,,,5e-05,,,0.3801347257781632,0.4417104327953176
yolo_fasterrcnn_resnet50_fpn_20260721_195730,fasterrcnn,yolo_fasterrcnn_resnet50_fpn,fasterrcnn_resnet50_fpn,dairv2x,train,91,,,,,,,,,,,,5e-05,,,0.38006470503309103,0.44329751679967894
yolo_fasterrcnn_resnet50_fpn_20260721_195730,fasterrcnn,yolo_fasterrcnn_resnet50_fpn,fasterrcnn_resnet50_fpn,dairv2x,train,92,,,,,,,,,,,,5e-05,,,0.37903224629691884,0.4411250451383622
yolo_fasterrcnn_resnet50_fpn_20260721_195730,fasterrcnn,yolo_fasterrcnn_resnet50_fpn,fasterrcnn_resnet50_fpn,dairv2x,train,93,,,,,,,,,,,,5e-05,,,0.3797762607094608,0.44009629239965425
yolo_fasterrcnn_resnet50_fpn_20260721_195730,fasterrcnn,yolo_fasterrcnn_resnet50_fpn,fasterrcnn_resnet50_fpn,dairv2x,train,94,,,,,,,,,,,,5e-05,,,0.38068781293268444,0.4442369949170633
yolo_fasterrcnn_resnet50_fpn_20260721_195730,fasterrcnn,yolo_fasterrcnn_resnet50_fpn,fasterrcnn_resnet50_fpn,dairv2x,train,95,,,,,,,,,,,,5e-05,,,0.38028831487592263,0.4427005579989207
yolo_fasterrcnn_resnet50_fpn_20260721_195730,fasterrcnn,yolo_fasterrcnn_resnet50_fpn,fasterrcnn_resnet50_fpn,dairv2x,train,96,,,,,,,,,,,,5e-05,,,0.3810966020520729,0.4400035998244819
yolo_fasterrcnn_resnet50_fpn_20260721_195730,fasterrcnn,yolo_fasterrcnn_resnet50_fpn,fasterrcnn_resnet50_fpn,dairv2x,train,97,,,,,,,,,,,,5e-05,,,0.37941846562714515,0.43980158228231103
yolo_fasterrcnn_resnet50_fpn_20260721_195730,fasterrcnn,yolo_fasterrcnn_resnet50_fpn,fasterrcnn_resnet50_fpn,dairv2x,train,98,,,,,,,,,,,,5e-05,,,0.38039680664675146,0.44004875323490095
yolo_fasterrcnn_resnet50_fpn_20260721_195730,fasterrcnn,yolo_fasterrcnn_resnet50_fpn,fasterrcnn_resnet50_fpn,dairv2x,train,99,,,,,,,,,,,,5e-05,,,0.3797490548672555,0.4414814736350979
yolo_fasterrcnn_resnet50_fpn_20260721_195730,fasterrcnn,yolo_fasterrcnn_resnet50_fpn,fasterrcnn_resnet50_fpn,dairv2x,train,100,,,,,,,,,,,,5e-05,,,0.3803240163605424,0.4409457271379468
yolo_yolov8n_20260724_175421,yolo,yolo_yolov8n_20260724_175421,yolov8n.pt,/root/autodl-fs/datasets/DAIR-V2X_YOLO/dairv2x.yaml,train,1,56.210405111312866,1.46308,1.73317,0.96242,0.66323,0.56605,0.59285,0.3536,1.19476,0.8678,0.89054,0.0002767879746835443,0.0002767879746835443,0.0002767879746835443,,
yolo_yolov8n_20260724_175421,yolo,yolo_yolov8n_20260724_175421,yolov8n.pt,/root/autodl-fs/datasets/DAIR-V2X_YOLO/dairv2x.yaml,train,2,106.84941577911377,1.22009,0.90525,0.89941,0.73882,0.64691,0.69535,0.42991,1.11406,0.76995,0.87122,0.0005489655404008439,0.0005489655404008439,0.0005489655404008439,,
yolo_yolov8n_20260724_175421,yolo,yolo_yolov8n_20260724_175421,yolov8n.pt,/root/autodl-fs/datasets/DAIR-V2X_YOLO/dairv2x.yaml,train,3,155.0060589313507,1.16436,0.817,0.88597,0.75907,0.66722,0.72311,0.4655,1.06936,0.70123,0.86463,0.0008156453061181434,0.0008156453061181434,0.0008156453061181434,,
yolo_yolov8n_20260724_175421,yolo,yolo_yolov8n_20260724_175421,yolov8n.pt,/root/autodl-fs/datasets/DAIR-V2X_YOLO/dairv2x.yaml,train,4,201.05822014808655,1.12764,0.76637,0.87802,0.79811,0.682,0.75478,0.48883,1.04318,0.66879,0.85769,0.0008082599,0.0008082599,0.0008082599,,
yolo_yolov8n_20260724_175421,yolo,yolo_yolov8n_20260724_175421,yolov8n.pt,/root/autodl-fs/datasets/DAIR-V2X_YOLO/dairv2x.yaml,train,5,246.7409851551056,1.09534,0.72676,0.87354,0.78959,0.70324,0.7682,0.50288,1.01696,0.64362,0.85354,0.0008000131999999999,0.0008000131999999999,0.0008000131999999999,,
yolo_yolov8n_20260724_175421,yolo,yolo_yolov8n_20260724_175421,yolov8n.pt,/root/autodl-fs/datasets/DAIR-V2X_YOLO/dairv2x.yaml,train,6,292.3797903060913,1.07531,0.69829,0.86844,0.81082,0.70324,0.78313,0.51558,0.99365,0.62109,0.85044,0.0007917665,0.0007917665,0.0007917665,,
yolo_yolov8n_20260724_175421,yolo,yolo_yolov8n_20260724_175421,yolov8n.pt,/root/autodl-fs/datasets/DAIR-V2X_YOLO/dairv2x.yaml,train,7,339.34131121635437,1.06515,0.68078,0.86612,0.80861,0.71544,0.78582,0.52333,0.98538,0.61217,0.84882,0.0007835197999999999,0.0007835197999999999,0.0007835197999999999,,
yolo_yolov8n_20260724_175421,yolo,yolo_yolov8n_20260724_175421,yolov8n.pt,/root/autodl-fs/datasets/DAIR-V2X_YOLO/dairv2x.yaml,train,8,385.55900478363037,1.04695,0.66629,0.86386,0.80264,0.72298,0.78709,0.52952,0.97139,0.61145,0.848,0.0007752731,0.0007752731,0.0007752731,,
yolo_yolov8n_20260724_175421,yolo,yolo_yolov8n_20260724_175421,yolov8n.pt,/root/autodl-fs/datasets/DAIR-V2X_YOLO/dairv2x.yaml,train,9,431.2085783481598,1.03184,0.65098,0.86064,0.82187,0.72305,0.79765,0.53556,0.9705,0.59242,0.84746,0.0007670264,0.0007670264,0.0007670264,,
yolo_yolov8n_20260724_175421,yolo,yolo_yolov8n_20260724_175421,yolov8n.pt,/root/autodl-fs/datasets/DAIR-V2X_YOLO/dairv2x.yaml,train,10,477.13928723335266,1.02259,0.64059,0.85999,0.79646,0.73965,0.79895,0.53065,0.96455,0.59033,0.84487,0.0007587797,0.0007587797,0.0007587797,,
yolo_yolov8n_20260724_175421,yolo,yolo_yolov8n_20260724_175421,yolov8n.pt,/root/autodl-fs/datasets/DAIR-V2X_YOLO/dairv2x.yaml,train,11,523.1514670848846,1.02016,0.63356,0.85867,0.82001,0.7306,0.8001,0.53856,0.96118,0.57095,0.84654,0.000750533,0.000750533,0.000750533,,
yolo_yolov8n_20260724_175421,yolo,yolo_yolov8n_20260724_175421,yolov8n.pt,/root/autodl-fs/datasets/DAIR-V2X_YOLO/dairv2x.yaml,train,12,569.3658406734467,1.00412,0.61823,0.85559,0.83509,0.72485,0.80441,0.54036,0.95203,0.57528,0.84356,0.0007422863,0.0007422863,0.0007422863,,
yolo_yolov8n_20260724_175421,yolo,yolo_yolov8n_20260724_175421,yolov8n.pt,/root/autodl-fs/datasets/DAIR-V2X_YOLO/dairv2x.yaml,train,13,614.6752700805664,0.99704,0.61417,0.85474,0.8154,0.73781,0.8067,0.54268,0.95409,0.5744,0.84351,0.0007340396,0.0007340396,0.0007340396,,
yolo_yolov8n_20260724_175421,yolo,yolo_yolov8n_20260724_175421,yolov8n.pt,/root/autodl-fs/datasets/DAIR-V2X_YOLO/dairv2x.yaml,train,14,660.7670636177063,0.99408,0.60784,0.8537,0.81278,0.74593,0.80928,0.55371,0.93104,0.55605,0.83903,0.0007257928999999999,0.0007257928999999999,0.0007257928999999999,,
yolo_yolov8n_20260724_175421,yolo,yolo_yolov8n_20260724_175421,yolov8n.pt,/root/autodl-fs/datasets/DAIR-V2X_YOLO/dairv2x.yaml,train,15,712.3077294826508,0.98868,0.60377,0.85124,0.81712,0.74175,0.81067,0.55439,0.91886,0.55892,0.83925,0.0007175462,0.0007175462,0.0007175462,,
yolo_yolov8n_20260724_175421,yolo,yolo_yolov8n_20260724_175421,yolov8n.pt,/root/autodl-fs/datasets/DAIR-V2X_YOLO/dairv2x.yaml,train,16,757.8452994823456,0.98202,0.59538,0.85252,0.83357,0.74964,0.81828,0.56474,0.91413,0.54833,0.83714,0.0007092995,0.0007092995,0.0007092995,,
yolo_yolov8n_20260724_175421,yolo,yolo_yolov8n_20260724_175421,yolov8n.pt,/root/autodl-fs/datasets/DAIR-V2X_YOLO/dairv2x.yaml,train,17,803.0547575950623,0.97057,0.58874,0.84962,0.81975,0.75903,0.82237,0.56668,0.91608,0.54217,0.83627,0.0007010528,0.0007010528,0.0007010528,,
yolo_yolov8n_20260724_175421,yolo,yolo_yolov8n_20260724_175421,yolov8n.pt,/root/autodl-fs/datasets/DAIR-V2X_YOLO/dairv2x.yaml,train,18,848.2930636405945,0.97463,0.58896,0.85049,0.83104,0.75437,0.8235,0.56986,0.91117,0.54055,0.83605,0.0006928061,0.0006928061,0.0006928061,,
yolo_yolov8n_20260724_175421,yolo,yolo_yolov8n_20260724_175421,yolov8n.pt,/root/autodl-fs/datasets/DAIR-V2X_YOLO/dairv2x.yaml,train,19,893.4415791034698,0.96501,0.58418,0.84912,0.84123,0.75415,0.82772,0.56991,0.91119,0.54272,0.83629,0.0006845594000000001,0.0006845594000000001,0.0006845594000000001,,
yolo_yolov8n_20260724_175421,yolo,yolo_yolov8n_20260724_175421,yolov8n.pt,/root/autodl-fs/datasets/DAIR-V2X_YOLO/dairv2x.yaml,train,20,938.3229281902313,0.96102,0.57855,0.84807,0.83107,0.75486,0.82061,0.5655,0.90472,0.54321,0.83455,0.0006763127,0.0006763127,0.0006763127,,
yolo_yolov8n_20260724_175421,yolo,yolo_yolov8n_20260724_175421,yolov8n.pt,/root/autodl-fs/datasets/DAIR-V2X_YOLO/dairv2x.yaml,train,21,983.3179132938385,0.95935,0.57803,0.84691,0.83173,0.75797,0.8265,0.56932,0.90623,0.5445,0.83432,0.000668066,0.000668066,0.000668066,,
yolo_yolov8n_20260724_175421,yolo,yolo_yolov8n_20260724_175421,yolov8n.pt,/root/autodl-fs/datasets/DAIR-V2X_YOLO/dairv2x.yaml,train,22,1027.7901821136475,0.9522,0.57166,0.84607,0.83735,0.76854,0.8354,0.57917,0.89604,0.52815,0.8342,0.0006598193,0.0006598193,0.0006598193,,
yolo_yolov8n_20260724_175421,yolo,yolo_yolov8n_20260724_175421,yolov8n.pt,/root/autodl-fs/datasets/DAIR-V2X_YOLO/dairv2x.yaml,train,23,1072.8030302524567,0.9525,0.56982,0.8458,0.82969,0.75187,0.82206,0.56569,0.91202,0.54611,0.83565,0.0006515726,0.0006515726,0.0006515726,,
yolo_yolov8n_20260724_175421,yolo,yolo_yolov8n_20260724_175421,yolov8n.pt,/root/autodl-fs/datasets/DAIR-V2X_YOLO/dairv2x.yaml,train,24,1118.0211369991302,0.94626,0.56741,0.84617,0.82765,0.7583,0.82896,0.57498,0.89604,0.53713,0.83424,0.0006433259,0.0006433259,0.0006433259,,
yolo_yolov8n_20260724_175421,yolo,yolo_yolov8n_20260724_175421,yolov8n.pt,/root/autodl-fs/datasets/DAIR-V2X_YOLO/dairv2x.yaml,train,25,1163.1775505542755,0.94304,0.564,0.84493,0.8334,0.76772,0.83299,0.58189,0.88797,0.52616,0.83154,0.0006350791999999999,0.0006350791999999999,0.0006350791999999999,,
yolo_yolov8n_20260724_175421,yolo,yolo_yolov8n_20260724_175421,yolov8n.pt,/root/autodl-fs/datasets/DAIR-V2X_YOLO/dairv2x.yaml,train,26,1208.0037732124329,0.93874,0.55946,0.84404,0.83236,0.75472,0.82321,0.57491,0.90115,0.53631,0.83254,0.0006268325,0.0006268325,0.0006268325,,
yolo_yolov8n_20260724_175421,yolo,yolo_yolov8n_20260724_175421,yolov8n.pt,/root/autodl-fs/datasets/DAIR-V2X_YOLO/dairv2x.yaml,train,27,1252.890721321106,0.94195,0.5604,0.84375,0.83839,0.76585,0.83139,0.58157,0.88443,0.52495,0.83165,0.0006185858,0.0006185858,0.0006185858,,
yolo_yolov8n_20260724_175421,yolo,yolo_yolov8n_20260724_175421,yolov8n.pt,/root/autodl-fs/datasets/DAIR-V2X_YOLO/dairv2x.yaml,train,28,1297.7458295822144,0.94007,0.56022,0.84466,0.8283,0.77117,0.83465,0.58176,0.8858,0.52499,0.83193,0.0006103391,0.0006103391,0.0006103391,,
yolo_yolov8n_20260724_175421,yolo,yolo_yolov8n_20260724_175421,yolov8n.pt,/root/autodl-fs/datasets/DAIR-V2X_YOLO/dairv2x.yaml,train,29,1342.6049144268036,0.93389,0.5576,0.84309,0.83523,0.76175,0.83263,0.58026,0.88398,0.5274,0.83152,0.0006020924,0.0006020924,0.0006020924,,
yolo_yolov8n_20260724_175421,yolo,yolo_yolov8n_20260724_175421,yolov8n.pt,/root/autodl-fs/datasets/DAIR-V2X_YOLO/dairv2x.yaml,train,30,1387.1625907421112,0.92773,0.55108,0.84193,0.83778,0.76577,0.83778,0.588,0.87471,0.51743,0.82975,0.0005938457,0.0005938457,0.0005938457,,
yolo_yolov8n_20260724_175421,yolo,yolo_yolov8n_20260724_175421,yolov8n.pt,/root/autodl-fs/datasets/DAIR-V2X_YOLO/dairv2x.yaml,train,31,1431.9624919891357,0.92985,0.55081,0.84202,0.83725,0.76772,0.83795,0.5916,0.87356,0.51335,0.83018,0.0005855989999999999,0.0005855989999999999,0.0005855989999999999,,
yolo_yolov8n_20260724_175421,yolo,yolo_yolov8n_20260724_175421,yolov8n.pt,/root/autodl-fs/datasets/DAIR-V2X_YOLO/dairv2x.yaml,train,32,1476.7756142616272,0.92309,0.54787,0.84119,0.82885,0.77453,0.83637,0.58838,0.87972,0.51985,0.82936,0.0005773522999999999,0.0005773522999999999,0.0005773522999999999,,
yolo_yolov8n_20260724_175421,yolo,yolo_yolov8n_20260724_175421,yolov8n.pt,/root/autodl-fs/datasets/DAIR-V2X_YOLO/dairv2x.yaml,train,33,1521.3280494213104,0.92087,0.54706,0.84114,0.84251,0.77565,0.84398,0.59374,0.87171,0.51232,0.82963,0.0005691056,0.0005691056,0.0005691056,,
yolo_yolov8n_20260724_175421,yolo,yolo_yolov8n_20260724_175421,yolov8n.pt,/root/autodl-fs/datasets/DAIR-V2X_YOLO/dairv2x.yaml,train,34,1565.9475541114807,0.91758,0.54513,0.8408,0.84831,0.77053,0.83963,0.59263,0.86835,0.51095,0.82824,0.0005608588999999999,0.0005608588999999999,0.0005608588999999999,,
yolo_yolov8n_20260724_175421,yolo,yolo_yolov8n_20260724_175421,yolov8n.pt,/root/autodl-fs/datasets/DAIR-V2X_YOLO/dairv2x.yaml,train,35,1610.3056490421295,0.91377,0.54028,0.83998,0.84486,0.77071,0.84123,0.59341,0.87088,0.51048,0.82889,0.0005526121999999999,0.0005526121999999999,0.0005526121999999999,,
yolo_yolov8n_20260724_175421,yolo,yolo_yolov8n_20260724_175421,yolov8n.pt,/root/autodl-fs/datasets/DAIR-V2X_YOLO/dairv2x.yaml,train,36,1654.8329668045044,0.91337,0.53836,0.83947,0.84942,0.77385,0.84663,0.59828,0.86961,0.50578,0.8281,0.0005443655,0.0005443655,0.0005443655,,
yolo_yolov8n_20260724_175421,yolo,yolo_yolov8n_20260724_175421,yolov8n.pt,/root/autodl-fs/datasets/DAIR-V2X_YOLO/dairv2x.yaml,train,37,1699.4271667003632,0.9128,0.53854,0.83903,0.8307,0.77922,0.84284,0.59533,0.86157,0.505,0.82822,0.0005361188,0.0005361188,0.0005361188,,
yolo_yolov8n_20260724_175421,yolo,yolo_yolov8n_20260724_175421,yolov8n.pt,/root/autodl-fs/datasets/DAIR-V2X_YOLO/dairv2x.yaml,train,38,1743.7713267803192,0.91278,0.53746,0.83934,0.84203,0.7756,0.84454,0.59481,0.86621,0.50632,0.82865,0.0005278721,0.0005278721,0.0005278721,,
yolo_yolov8n_20260724_175421,yolo,yolo_yolov8n_20260724_175421,yolov8n.pt,/root/autodl-fs/datasets/DAIR-V2X_YOLO/dairv2x.yaml,train,39,1787.9718804359436,0.90685,0.53592,0.8384,0.84531,0.77418,0.84283,0.597,0.86282,0.50506,0.82793,0.0005196254,0.0005196254,0.0005196254,,
yolo_yolov8n_20260724_175421,yolo,yolo_yolov8n_20260724_175421,yolov8n.pt,/root/autodl-fs/datasets/DAIR-V2X_YOLO/dairv2x.yaml,train,40,1832.7564549446106,0.90907,0.53583,0.83791,0.84101,0.77052,0.84416,0.59692,0.85645,0.50004,0.82666,0.0005113787,0.0005113787,0.0005113787,,
yolo_yolov8n_20260724_175421,yolo,yolo_yolov8n_20260724_175421,yolov8n.pt,/root/autodl-fs/datasets/DAIR-V2X_YOLO/dairv2x.yaml,train,41,1877.5897028446198,0.90489,0.53203,0.83893,0.84751,0.77439,0.84428,0.60095,0.85322,0.49792,0.82659,0.000503132,0.000503132,0.000503132,,
yolo_yolov8n_20260724_175421,yolo,yolo_yolov8n_20260724_175421,yolov8n.pt,/root/autodl-fs/datasets/DAIR-V2X_YOLO/dairv2x.yaml,train,42,1922.3830819129944,0.90512,0.53175,0.83781,0.83672,0.78411,0.84355,0.59726,0.85339,0.50067,0.82582,0.0004948853,0.0004948853,0.0004948853,,
yolo_yolov8n_20260724_175421,yolo,yolo_yolov8n_20260724_175421,yolov8n.pt,/root/autodl-fs/datasets/DAIR-V2X_YOLO/dairv2x.yaml,train,43,1967.128825187683,0.89983,0.52797,0.8374,0.84215,0.7828,0.8479,0.6022,0.85057,0.4983,0.82582,0.00048663860000000005,0.00048663860000000005,0.00048663860000000005,,
yolo_yolov8n_20260724_175421,yolo,yolo_yolov8n_20260724_175421,yolov8n.pt,/root/autodl-fs/datasets/DAIR-V2X_YOLO/dairv2x.yaml,train,44,2011.6006574630737,0.90233,0.52927,0.83674,0.83565,0.78243,0.8477,0.59956,0.85598,0.49657,0.82624,0.00047839190000000003,0.00047839190000000003,0.00047839190000000003,,
yolo_yolov8n_20260724_175421,yolo,yolo_yolov8n_20260724_175421,yolov8n.pt,/root/autodl-fs/datasets/DAIR-V2X_YOLO/dairv2x.yaml,train,45,2057.092711687088,0.89575,0.5267,0.83601,0.84236,0.78451,0.84435,0.59912,0.85213,0.49559,0.82583,0.0004701452,0.0004701452,0.0004701452,,
yolo_yolov8n_20260724_175421,yolo,yolo_yolov8n_20260724_175421,yolov8n.pt,/root/autodl-fs/datasets/DAIR-V2X_YOLO/dairv2x.yaml,train,46,2102.1801216602325,0.89536,0.5254,0.83686,0.84571,0.77915,0.84687,0.60271,0.852,0.49558,0.82501,0.0004618985,0.0004618985,0.0004618985,,
yolo_yolov8n_20260724_175421,yolo,yolo_yolov8n_20260724_175421,yolov8n.pt,/root/autodl-fs/datasets/DAIR-V2X_YOLO/dairv2x.yaml,train,47,2146.442715406418,0.89346,0.52302,0.83538,0.83723,0.78385,0.84911,0.60414,0.84858,0.49483,0.82524,0.00045365180000000007,0.00045365180000000007,0.00045365180000000007,,
yolo_yolov8n_20260724_175421,yolo,yolo_yolov8n_20260724_175421,yolov8n.pt,/root/autodl-fs/datasets/DAIR-V2X_YOLO/dairv2x.yaml,train,48,2191.1608452796936,0.8942,0.5241,0.83703,0.82722,0.79471,0.8451,0.60145,0.84687,0.49375,0.82528,0.00044540510000000004,0.00044540510000000004,0.00044540510000000004,,
yolo_yolov8n_20260724_175421,yolo,yolo_yolov8n_20260724_175421,yolov8n.pt,/root/autodl-fs/datasets/DAIR-V2X_YOLO/dairv2x.yaml,train,49,2235.8257160186768,0.89143,0.5213,0.83599,0.83502,0.78735,0.8484,0.60444,0.8483,0.4912,0.82531,0.0004371584,0.0004371584,0.0004371584,,
yolo_yolov8n_20260724_175421,yolo,yolo_yolov8n_20260724_175421,yolov8n.pt,/root/autodl-fs/datasets/DAIR-V2X_YOLO/dairv2x.yaml,train,50,2280.641639471054,0.89014,0.52051,0.83579,0.84933,0.78396,0.85119,0.60894,0.84525,0.4924,0.82492,0.0004289117,0.0004289117,0.0004289117,,
yolo_yolov8n_20260724_175421,yolo,yolo_yolov8n_20260724_175421,yolov8n.pt,/root/autodl-fs/datasets/DAIR-V2X_YOLO/dairv2x.yaml,train,51,2325.282491207123,0.88881,0.51835,0.83493,0.85496,0.77921,0.85347,0.6096,0.84385,0.48902,0.82472,0.00042066499999999997,0.00042066499999999997,0.00042066499999999997,,
yolo_yolov8n_20260724_175421,yolo,yolo_yolov8n_20260724_175421,yolov8n.pt,/root/autodl-fs/datasets/DAIR-V2X_YOLO/dairv2x.yaml,train,52,2369.796268224716,0.88412,0.51663,0.83476,0.84401,0.78645,0.8487,0.6067,0.84356,0.48836,0.8244,0.00041241829999999995,0.00041241829999999995,0.00041241829999999995,,
yolo_yolov8n_20260724_175421,yolo,yolo_yolov8n_20260724_175421,yolov8n.pt,/root/autodl-fs/datasets/DAIR-V2X_YOLO/dairv2x.yaml,train,53,2414.543378353119,0.88549,0.51867,0.83472,0.84335,0.79142,0.85473,0.61258,0.84047,0.48487,0.82447,0.0004041716,0.0004041716,0.0004041716,,
yolo_yolov8n_20260724_175421,yolo,yolo_yolov8n_20260724_175421,yolov8n.pt,/root/autodl-fs/datasets/DAIR-V2X_YOLO/dairv2x.yaml,train,54,2459.429130554199,0.88462,0.51503,0.83498,0.84004,0.7883,0.85224,0.60923,0.84038,0.48775,0.82415,0.0003959249,0.0003959249,0.0003959249,,
yolo_yolov8n_20260724_175421,yolo,yolo_yolov8n_20260724_175421,yolov8n.pt,/root/autodl-fs/datasets/DAIR-V2X_YOLO/dairv2x.yaml,train,55,2504.1421592235565,0.88192,0.51416,0.83363,0.8536,0.78527,0.85266,0.60994,0.83885,0.48349,0.82415,0.0003876782,0.0003876782,0.0003876782,,
yolo_yolov8n_20260724_175421,yolo,yolo_yolov8n_20260724_175421,yolov8n.pt,/root/autodl-fs/datasets/DAIR-V2X_YOLO/dairv2x.yaml,train,56,2548.7910873889923,0.87956,0.51289,0.83383,0.84215,0.79239,0.85442,0.6113,0.83615,0.48137,0.82345,0.00037943149999999996,0.00037943149999999996,0.00037943149999999996,,
yolo_yolov8n_20260724_175421,yolo,yolo_yolov8n_20260724_175421,yolov8n.pt,/root/autodl-fs/datasets/DAIR-V2X_YOLO/dairv2x.yaml,train,57,2593.580404281616,0.87993,0.51037,0.83403,0.85031,0.78807,0.85297,0.61244,0.83592,0.48357,0.82337,0.00037118479999999994,0.00037118479999999994,0.00037118479999999994,,
yolo_yolov8n_20260724_175421,yolo,yolo_yolov8n_20260724_175421,yolov8n.pt,/root/autodl-fs/datasets/DAIR-V2X_YOLO/dairv2x.yaml,train,58,2638.7118175029755,0.87467,0.50788,0.83342,0.8552,0.78307,0.85416,0.6112,0.83566,0.48227,0.82288,0.0003629381,0.0003629381,0.0003629381,,
yolo_yolov8n_20260724_175421,yolo,yolo_yolov8n_20260724_175421,yolov8n.pt,/root/autodl-fs/datasets/DAIR-V2X_YOLO/dairv2x.yaml,train,59,2683.5855786800385,0.87689,0.50972,0.83334,0.84562,0.7887,0.85122,0.60949,0.83644,0.48363,0.82321,0.00035469140000000005,0.00035469140000000005,0.00035469140000000005,,
yolo_yolov8n_20260724_175421,yolo,yolo_yolov8n_20260724_175421,yolov8n.pt,/root/autodl-fs/datasets/DAIR-V2X_YOLO/dairv2x.yaml,train,60,2728.107064962387,0.87532,0.50824,0.83292,0.83577,0.79719,0.85391,0.61203,0.83439,0.4803,0.82311,0.00034644470000000003,0.00034644470000000003,0.00034644470000000003,,
yolo_yolov8n_20260724_175421,yolo,yolo_yolov8n_20260724_175421,yolov8n.pt,/root/autodl-fs/datasets/DAIR-V2X_YOLO/dairv2x.yaml,train,61,2772.897390127182,0.8724,0.50769,0.83226,0.84913,0.78674,0.85437,0.61326,0.83277,0.47981,0.82264,0.000338198,0.000338198,0.000338198,,
yolo_yolov8n_20260724_175421,yolo,yolo_yolov8n_20260724_175421,yolov8n.pt,/root/autodl-fs/datasets/DAIR-V2X_YOLO/dairv2x.yaml,train,62,2817.5629439353943,0.86795,0.50358,0.8331,0.84398,0.79453,0.85398,0.61347,0.83144,0.47894,0.82246,0.0003299513,0.0003299513,0.0003299513,,
yolo_yolov8n_20260724_175421,yolo,yolo_yolov8n_20260724_175421,yolov8n.pt,/root/autodl-fs/datasets/DAIR-V2X_YOLO/dairv2x.yaml,train,63,2862.0772635936737,0.86982,0.5039,0.83187,0.84853,0.78566,0.85507,0.61385,0.83381,0.4818,0.82331,0.00032170459999999996,0.00032170459999999996,0.00032170459999999996,,
yolo_yolov8n_20260724_175421,yolo,yolo_yolov8n_20260724_175421,yolov8n.pt,/root/autodl-fs/datasets/DAIR-V2X_YOLO/dairv2x.yaml,train,64,2906.617933511734,0.87007,0.50336,0.83163,0.84641,0.78641,0.85447,0.61297,0.83259,0.47836,0.82264,0.0003134579,0.0003134579,0.0003134579,,
yolo_yolov8n_20260724_175421,yolo,yolo_yolov8n_20260724_175421,yolov8n.pt,/root/autodl-fs/datasets/DAIR-V2X_YOLO/dairv2x.yaml,train,65,2951.2510917186737,0.86597,0.50173,0.83224,0.85417,0.78148,0.85652,0.61554,0.83193,0.47754,0.82244,0.0003052112,0.0003052112,0.0003052112,,
yolo_yolov8n_20260724_175421,yolo,yolo_yolov8n_20260724_175421,yolov8n.pt,/root/autodl-fs/datasets/DAIR-V2X_YOLO/dairv2x.yaml,train,66,2995.719272375107,0.86506,0.50197,0.83171,0.83432,0.79631,0.85597,0.61414,0.82809,0.47739,0.82221,0.0002969645,0.0002969645,0.0002969645,,
yolo_yolov8n_20260724_175421,yolo,yolo_yolov8n_20260724_175421,yolov8n.pt,/root/autodl-fs/datasets/DAIR-V2X_YOLO/dairv2x.yaml,train,67,3040.380937576294,0.86733,0.50035,0.83126,0.8495,0.78664,0.85548,0.61428,0.82865,0.47698,0.8225,0.00028871779999999997,0.00028871779999999997,0.00028871779999999997,,
yolo_yolov8n_20260724_175421,yolo,yolo_yolov8n_20260724_175421,yolov8n.pt,/root/autodl-fs/datasets/DAIR-V2X_YOLO/dairv2x.yaml,train,68,3085.093118906021,0.86349,0.49879,0.83116,0.83769,0.80206,0.85583,0.61489,0.82806,0.47512,0.82223,0.00028047109999999994,0.00028047109999999994,0.00028047109999999994,,
yolo_yolov8n_20260724_175421,yolo,yolo_yolov8n_20260724_175421,yolov8n.pt,/root/autodl-fs/datasets/DAIR-V2X_YOLO/dairv2x.yaml,train,69,3129.4097187519073,0.86005,0.49722,0.83102,0.84018,0.79252,0.85191,0.61137,0.82805,0.47589,0.82213,0.0002722244,0.0002722244,0.0002722244,,
yolo_yolov8n_20260724_175421,yolo,yolo_yolov8n_20260724_175421,yolov8n.pt,/root/autodl-fs/datasets/DAIR-V2X_YOLO/dairv2x.yaml,train,70,3174.072242498398,0.85984,0.49491,0.83045,0.84504,0.78994,0.85617,0.61527,0.82488,0.47317,0.8215,0.00026397770000000006,0.00026397770000000006,0.00026397770000000006,,
yolo_yolov8n_20260724_175421,yolo,yolo_yolov8n_20260724_175421,yolov8n.pt,/root/autodl-fs/datasets/DAIR-V2X_YOLO/dairv2x.yaml,train,71,3218.897957086563,0.86358,0.4984,0.83096,0.84816,0.78967,0.85813,0.61905,0.82693,0.47398,0.82193,0.00025573100000000004,0.00025573100000000004,0.00025573100000000004,,
yolo_yolov8n_20260724_175421,yolo,yolo_yolov8n_20260724_175421,yolov8n.pt,/root/autodl-fs/datasets/DAIR-V2X_YOLO/dairv2x.yaml,train,72,3263.519816637039,0.86076,0.49586,0.82991,0.84001,0.79934,0.85655,0.61685,0.82495,0.4731,0.82151,0.0002474843,0.0002474843,0.0002474843,,
yolo_yolov8n_20260724_175421,yolo,yolo_yolov8n_20260724_175421,yolov8n.pt,/root/autodl-fs/datasets/DAIR-V2X_YOLO/dairv2x.yaml,train,73,3308.316677570343,0.85638,0.49316,0.83004,0.85568,0.78851,0.85587,0.61711,0.82238,0.47026,0.82133,0.0002392376,0.0002392376,0.0002392376,,
yolo_yolov8n_20260724_175421,yolo,yolo_yolov8n_20260724_175421,yolov8n.pt,/root/autodl-fs/datasets/DAIR-V2X_YOLO/dairv2x.yaml,train,74,3353.210789203644,0.85609,0.49382,0.82992,0.85103,0.79018,0.8562,0.61835,0.82183,0.46982,0.82082,0.00023099090000000002,0.00023099090000000002,0.00023099090000000002,,
yolo_yolov8n_20260724_175421,yolo,yolo_yolov8n_20260724_175421,yolov8n.pt,/root/autodl-fs/datasets/DAIR-V2X_YOLO/dairv2x.yaml,train,75,3397.8397364616394,0.85454,0.49174,0.82929,0.84882,0.79101,0.85718,0.61934,0.82161,0.47002,0.82122,0.00022274420000000002,0.00022274420000000002,0.00022274420000000002,,
yolo_yolov8n_20260724_175421,yolo,yolo_yolov8n_20260724_175421,yolov8n.pt,/root/autodl-fs/datasets/DAIR-V2X_YOLO/dairv2x.yaml,train,76,3443.776734352112,0.85349,0.48963,0.83012,0.85583,0.79069,0.86087,0.6204,0.82207,0.46957,0.82118,0.0002144975,0.0002144975,0.0002144975,,
yolo_yolov8n_20260724_175421,yolo,yolo_yolov8n_20260724_175421,yolov8n.pt,/root/autodl-fs/datasets/DAIR-V2X_YOLO/dairv2x.yaml,train,77,3497.2678213119507,0.85084,0.48991,0.82987,0.84728,0.79254,0.85772,0.61864,0.82134,0.46997,0.8211,0.00020625079999999997,0.00020625079999999997,0.00020625079999999997,,
yolo_yolov8n_20260724_175421,yolo,yolo_yolov8n_20260724_175421,yolov8n.pt,/root/autodl-fs/datasets/DAIR-V2X_YOLO/dairv2x.yaml,train,78,3547.837562084198,0.84953,0.48847,0.8297,0.8551,0.7888,0.85668,0.61669,0.82184,0.47033,0.82125,0.00019800409999999998,0.00019800409999999998,0.00019800409999999998,,
yolo_yolov8n_20260724_175421,yolo,yolo_yolov8n_20260724_175421,yolov8n.pt,/root/autodl-fs/datasets/DAIR-V2X_YOLO/dairv2x.yaml,train,79,3592.661135196686,0.84887,0.48746,0.82805,0.85083,0.79039,0.8546,0.61666,0.82025,0.4698,0.82094,0.00018975739999999998,0.00018975739999999998,0.00018975739999999998,,
yolo_yolov8n_20260724_175421,yolo,yolo_yolov8n_20260724_175421,yolov8n.pt,/root/autodl-fs/datasets/DAIR-V2X_YOLO/dairv2x.yaml,train,80,3638.2291452884674,0.84913,0.48757,0.82816,0.84758,0.79057,0.85394,0.61669,0.81983,0.46895,0.82068,0.00018151069999999998,0.00018151069999999998,0.00018151069999999998,,
yolo_yolov8n_20260724_175421,yolo,yolo_yolov8n_20260724_175421,yolov8n.pt,/root/autodl-fs/datasets/DAIR-V2X_YOLO/dairv2x.yaml,train,81,3683.84872341156,0.8431,0.48378,0.82836,0.85307,0.78889,0.85553,0.61818,0.81811,0.46882,0.8207,0.00017326399999999996,0.00017326399999999996,0.00017326399999999996,,
yolo_yolov8n_20260724_175421,yolo,yolo_yolov8n_20260724_175421,yolov8n.pt,/root/autodl-fs/datasets/DAIR-V2X_YOLO/dairv2x.yaml,train,82,3729.567857503891,0.84508,0.48461,0.82836,0.85784,0.78855,0.85549,0.61947,0.81646,0.46839,0.82026,0.00016501729999999994,0.00016501729999999994,0.00016501729999999994,,
yolo_yolov8n_20260724_175421,yolo,yolo_yolov8n_20260724_175421,yolov8n.pt,/root/autodl-fs/datasets/DAIR-V2X_YOLO/dairv2x.yaml,train,83,3775.1764523983,0.84372,0.48342,0.8284,0.84923,0.79435,0.85734,0.62122,0.81699,0.46776,0.82026,0.00015677060000000005,0.00015677060000000005,0.00015677060000000005,,
yolo_yolov8n_20260724_175421,yolo,yolo_yolov8n_20260724_175421,yolov8n.pt,/root/autodl-fs/datasets/DAIR-V2X_YOLO/dairv2x.yaml,train,84,3820.1275491714478,0.84331,0.48404,0.82787,0.84699,0.79468,0.85762,0.62054,0.81749,0.46699,0.82037,0.00014852390000000002,0.00014852390000000002,0.00014852390000000002,,
yolo_yolov8n_20260724_175421,yolo,yolo_yolov8n_20260724_175421,yolov8n.pt,/root/autodl-fs/datasets/DAIR-V2X_YOLO/dairv2x.yaml,train,85,3865.330611228943,0.84125,0.48161,0.82795,0.85188,0.79288,0.8561,0.62022,0.81749,0.46698,0.82044,0.00014027720000000003,0.00014027720000000003,0.00014027720000000003,,
yolo_yolov8n_20260724_175421,yolo,yolo_yolov8n_20260724_175421,yolov8n.pt,/root/autodl-fs/datasets/DAIR-V2X_YOLO/dairv2x.yaml,train,86,3910.6034376621246,0.84165,0.48087,0.82709,0.85038,0.79362,0.85667,0.61969,0.816,0.46616,0.82021,0.00013203050000000003,0.00013203050000000003,0.00013203050000000003,,
yolo_yolov8n_20260724_175421,yolo,yolo_yolov8n_20260724_175421,yolov8n.pt,/root/autodl-fs/datasets/DAIR-V2X_YOLO/dairv2x.yaml,train,87,3955.6908144950867,0.83933,0.47996,0.82765,0.85246,0.79345,0.85648,0.61999,0.81614,0.46684,0.82025,0.0001237838,0.0001237838,0.0001237838,,
yolo_yolov8n_20260724_175421,yolo,yolo_yolov8n_20260724_175421,yolov8n.pt,/root/autodl-fs/datasets/DAIR-V2X_YOLO/dairv2x.yaml,train,88,4002.0250947475433,0.83705,0.47872,0.82717,0.85432,0.78779,0.8562,0.61949,0.81568,0.4656,0.82009,0.00011553710000000001,0.00011553710000000001,0.00011553710000000001,,
yolo_yolov8n_20260724_175421,yolo,yolo_yolov8n_20260724_175421,yolov8n.pt,/root/autodl-fs/datasets/DAIR-V2X_YOLO/dairv2x.yaml,train,89,4047.6836457252502,0.83449,0.47704,0.82769,0.8467,0.79756,0.85807,0.62043,0.81513,0.4654,0.82006,0.0001072904,0.0001072904,0.0001072904,,
yolo_yolov8n_20260724_175421,yolo,yolo_yolov8n_20260724_175421,yolov8n.pt,/root/autodl-fs/datasets/DAIR-V2X_YOLO/dairv2x.yaml,train,90,4093.3770661354065,0.83623,0.47812,0.82759,0.85204,0.79125,0.85871,0.62158,0.81434,0.46502,0.82002,9.904369999999997e-05,9.904369999999997e-05,9.904369999999997e-05,,
yolo_yolov8n_20260724_175421,yolo,yolo_yolov8n_20260724_175421,yolov8n.pt,/root/autodl-fs/datasets/DAIR-V2X_YOLO/dairv2x.yaml,train,91,4133.97642326355,0.80669,0.46367,0.82206,0.84533,0.7928,0.85675,0.61705,0.8252,0.47074,0.82158,9.079699999999998e-05,9.079699999999998e-05,9.079699999999998e-05,,
yolo_yolov8n_20260724_175421,yolo,yolo_yolov8n_20260724_175421,yolov8n.pt,/root/autodl-fs/datasets/DAIR-V2X_YOLO/dairv2x.yaml,train,92,4173.330388069153,0.80291,0.45898,0.82025,0.85114,0.79114,0.85456,0.61607,0.82436,0.47067,0.82136,8.255029999999997e-05,8.255029999999997e-05,8.255029999999997e-05,,
yolo_yolov8n_20260724_175421,yolo,yolo_yolov8n_20260724_175421,yolov8n.pt,/root/autodl-fs/datasets/DAIR-V2X_YOLO/dairv2x.yaml,train,93,4213.613085985184,0.79583,0.45541,0.82004,0.8467,0.79328,0.85548,0.61749,0.8226,0.4699,0.82125,7.430359999999997e-05,7.430359999999997e-05,7.430359999999997e-05,,
yolo_yolov8n_20260724_175421,yolo,yolo_yolov8n_20260724_175421,yolov8n.pt,/root/autodl-fs/datasets/DAIR-V2X_YOLO/dairv2x.yaml,train,94,4255.631142377853,0.79136,0.45338,0.82033,0.852,0.78997,0.85516,0.61779,0.82053,0.46999,0.82081,6.605689999999995e-05,6.605689999999995e-05,6.605689999999995e-05,,
yolo_yolov8n_20260724_175421,yolo,yolo_yolov8n_20260724_175421,yolov8n.pt,/root/autodl-fs/datasets/DAIR-V2X_YOLO/dairv2x.yaml,train,95,4297.15009188652,0.79201,0.45246,0.8194,0.85317,0.79315,0.85638,0.61935,0.81947,0.46896,0.82072,5.781020000000004e-05,5.781020000000004e-05,5.781020000000004e-05,,
yolo_yolov8n_20260724_175421,yolo,yolo_yolov8n_20260724_175421,yolov8n.pt,/root/autodl-fs/datasets/DAIR-V2X_YOLO/dairv2x.yaml,train,96,4337.887379407883,0.79127,0.45078,0.81973,0.84621,0.80103,0.85652,0.61915,0.81912,0.46822,0.82054,4.9563500000000035e-05,4.9563500000000035e-05,4.9563500000000035e-05,,
yolo_yolov8n_20260724_175421,yolo,yolo_yolov8n_20260724_175421,yolov8n.pt,/root/autodl-fs/datasets/DAIR-V2X_YOLO/dairv2x.yaml,train,97,4379.6928968429565,0.79,0.45054,0.81923,0.84559,0.7988,0.85604,0.62002,0.81844,0.4679,0.82041,4.131680000000003e-05,4.131680000000003e-05,4.131680000000003e-05,,
yolo_yolov8n_20260724_175421,yolo,yolo_yolov8n_20260724_175421,yolov8n.pt,/root/autodl-fs/datasets/DAIR-V2X_YOLO/dairv2x.yaml,train,98,4419.908472537994,0.78894,0.45046,0.81892,0.8492,0.79663,0.857,0.62036,0.81799,0.46721,0.82042,3.307010000000002e-05,3.307010000000002e-05,3.307010000000002e-05,,
yolo_yolov8n_20260724_175421,yolo,yolo_yolov8n_20260724_175421,yolov8n.pt,/root/autodl-fs/datasets/DAIR-V2X_YOLO/dairv2x.yaml,train,99,4459.122508764267,0.78595,0.44694,0.81878,0.84994,0.79679,0.85607,0.62024,0.81736,0.46717,0.82046,2.4823400000000017e-05,2.4823400000000017e-05,2.4823400000000017e-05,,
yolo_yolov8n_20260724_175421,yolo,yolo_yolov8n_20260724_175421,yolov8n.pt,/root/autodl-fs/datasets/DAIR-V2X_YOLO/dairv2x.yaml,train,100,4498.812789916992,0.78575,0.44785,0.81879,0.84924,0.79605,0.857,0.62126,0.81662,0.46671,0.82033,1.6576700000000007e-05,1.6576700000000007e-05,1.6576700000000007e-05,,
yolo_v12m_20260724_192608,yolo,yolo_v12m_20260724_192608,yolo12m.pt,/root/autodl-fs/datasets/DAIR-V2X_YOLO/dairv2x.yaml,train,1,231.2920265197754,1.04143,0.81804,0.88939,0.82835,0.73058,0.79209,0.5315,0.95769,0.57852,0.85575,0.00027722662440570525,0.00027722662440570525,0.00027722662440570525,,
yolo_v12m_20260724_192608,yolo,yolo_v12m_20260724_192608,yolo12m.pt,/root/autodl-fs/datasets/DAIR-V2X_YOLO/dairv2x.yaml,train,2,439.8418970108032,0.99041,0.60942,0.87474,0.81277,0.76726,0.81843,0.5668,0.92035,0.54746,0.84897,0.0005493998474907554,0.0005493998474907554,0.0005493998474907554,,
yolo_v12m_20260724_192608,yolo,yolo_v12m_20260724_192608,yolo12m.pt,/root/autodl-fs/datasets/DAIR-V2X_YOLO/dairv2x.yaml,train,3,643.1933448314667,0.96517,0.58473,0.86689,0.82032,0.77142,0.82578,0.57588,0.90337,0.5398,0.8459,0.0008160752705758056,0.0008160752705758056,0.0008160752705758056,,
yolo_v12m_20260724_192608,yolo,yolo_v12m_20260724_192608,yolo12m.pt,/root/autodl-fs/datasets/DAIR-V2X_YOLO/dairv2x.yaml,train,4,846.0303599834442,0.94497,0.56878,0.8624,0.83404,0.77519,0.839,0.5935,0.88229,0.51855,0.84287,0.0008082599,0.0008082599,0.0008082599,,
yolo_v12m_20260724_192608,yolo,yolo_v12m_20260724_192608,yolo12m.pt,/root/autodl-fs/datasets/DAIR-V2X_YOLO/dairv2x.yaml,train,5,1048.8308045864105,0.91872,0.55003,0.85685,0.83055,0.79312,0.84501,0.60409,0.8543,0.50661,0.83629,0.0008000131999999999,0.0008000131999999999,0.0008000131999999999,,
yolo_v12m_20260724_192608,yolo,yolo_v12m_20260724_192608,yolo12m.pt,/root/autodl-fs/datasets/DAIR-V2X_YOLO/dairv2x.yaml,train,6,1249.2291634082794,0.90732,0.53813,0.85361,0.84477,0.78453,0.84807,0.60394,0.85608,0.49743,0.83574,0.0007917665,0.0007917665,0.0007917665,,
yolo_v12m_20260724_192608,yolo,yolo_v12m_20260724_192608,yolo12m.pt,/root/autodl-fs/datasets/DAIR-V2X_YOLO/dairv2x.yaml,train,7,1451.2497553825378,0.8916,0.5288,0.85127,0.84367,0.77852,0.8442,0.59538,0.88507,0.51385,0.84063,0.0007835197999999999,0.0007835197999999999,0.0007835197999999999,,
yolo_v12m_20260724_192608,yolo,yolo_v12m_20260724_192608,yolo12m.pt,/root/autodl-fs/datasets/DAIR-V2X_YOLO/dairv2x.yaml,train,8,1651.0754311084747,0.87677,0.5172,0.8479,0.84489,0.79323,0.85462,0.61845,0.82329,0.48234,0.83056,0.0007752731,0.0007752731,0.0007752731,,
yolo_v12m_20260724_192608,yolo,yolo_v12m_20260724_192608,yolo12m.pt,/root/autodl-fs/datasets/DAIR-V2X_YOLO/dairv2x.yaml,train,9,1850.4009802341461,0.86172,0.50581,0.84493,0.84602,0.8088,0.86357,0.63165,0.81022,0.47063,0.83056,0.0007670264,0.0007670264,0.0007670264,,
yolo_v12m_20260724_192608,yolo,yolo_v12m_20260724_192608,yolo12m.pt,/root/autodl-fs/datasets/DAIR-V2X_YOLO/dairv2x.yaml,train,10,2049.637992620468,0.86056,0.5061,0.84394,0.85095,0.80042,0.85898,0.6231,0.81682,0.47639,0.82786,0.0007587797,0.0007587797,0.0007587797,,
yolo_v12m_20260724_192608,yolo,yolo_v12m_20260724_192608,yolo12m.pt,/root/autodl-fs/datasets/DAIR-V2X_YOLO/dairv2x.yaml,train,11,2249.1387345790863,0.85625,0.49701,0.84394,0.84298,0.80958,0.86583,0.6328,0.80158,0.46531,0.82734,0.000750533,0.000750533,0.000750533,,
yolo_v12m_20260724_192608,yolo,yolo_v12m_20260724_192608,yolo12m.pt,/root/autodl-fs/datasets/DAIR-V2X_YOLO/dairv2x.yaml,train,12,2447.5424432754517,0.83806,0.48677,0.84003,0.83393,0.81728,0.86601,0.63521,0.80518,0.46407,0.82817,0.0007422863,0.0007422863,0.0007422863,,
yolo_v12m_20260724_192608,yolo,yolo_v12m_20260724_192608,yolo12m.pt,/root/autodl-fs/datasets/DAIR-V2X_YOLO/dairv2x.yaml,train,13,2646.8991043567657,0.83897,0.48718,0.84049,0.86655,0.79461,0.86611,0.63555,0.8031,0.46214,0.82643,0.0007340396,0.0007340396,0.0007340396,,
yolo_v12m_20260724_192608,yolo,yolo_v12m_20260724_192608,yolo12m.pt,/root/autodl-fs/datasets/DAIR-V2X_YOLO/dairv2x.yaml,train,14,2845.6145877838135,0.8301,0.48208,0.8382,0.85746,0.81677,0.87396,0.64972,0.78543,0.45368,0.82368,0.0007257928999999999,0.0007257928999999999,0.0007257928999999999,,
yolo_v12m_20260724_192608,yolo,yolo_v12m_20260724_192608,yolo12m.pt,/root/autodl-fs/datasets/DAIR-V2X_YOLO/dairv2x.yaml,train,15,3044.3393244743347,0.82813,0.47959,0.83767,0.85078,0.81988,0.87712,0.64857,0.79082,0.44415,0.82465,0.0007175462,0.0007175462,0.0007175462,,
yolo_v12m_20260724_192608,yolo,yolo_v12m_20260724_192608,yolo12m.pt,/root/autodl-fs/datasets/DAIR-V2X_YOLO/dairv2x.yaml,train,16,3243.1106457710266,0.82335,0.47692,0.83617,0.85823,0.80924,0.87165,0.64719,0.78168,0.45022,0.82322,0.0007092995,0.0007092995,0.0007092995,,
yolo_v12m_20260724_192608,yolo,yolo_v12m_20260724_192608,yolo12m.pt,/root/autodl-fs/datasets/DAIR-V2X_YOLO/dairv2x.yaml,train,17,3441.4028508663177,0.81828,0.47368,0.83661,0.861,0.81254,0.87513,0.6487,0.78193,0.44465,0.82299,0.0007010528,0.0007010528,0.0007010528,,
yolo_v12m_20260724_192608,yolo,yolo_v12m_20260724_192608,yolo12m.pt,/root/autodl-fs/datasets/DAIR-V2X_YOLO/dairv2x.yaml,train,18,3640.3993079662323,0.81243,0.46967,0.83495,0.86141,0.82571,0.87955,0.65709,0.77451,0.4421,0.82129,0.0006928061,0.0006928061,0.0006928061,,
yolo_v12m_20260724_192608,yolo,yolo_v12m_20260724_192608,yolo12m.pt,/root/autodl-fs/datasets/DAIR-V2X_YOLO/dairv2x.yaml,train,19,3839.0709104537964,0.80789,0.46517,0.83387,0.86161,0.8175,0.88081,0.65854,0.76707,0.4367,0.8196,0.0006845594000000001,0.0006845594000000001,0.0006845594000000001,,
yolo_v12m_20260724_192608,yolo,yolo_v12m_20260724_192608,yolo12m.pt,/root/autodl-fs/datasets/DAIR-V2X_YOLO/dairv2x.yaml,train,20,4038.2444999217987,0.8048,0.46429,0.83343,0.86393,0.81858,0.87957,0.65521,0.77686,0.44099,0.82151,0.0006763127,0.0006763127,0.0006763127,,
yolo_v12m_20260724_192608,yolo,yolo_v12m_20260724_192608,yolo12m.pt,/root/autodl-fs/datasets/DAIR-V2X_YOLO/dairv2x.yaml,train,21,4236.2766790390015,0.80098,0.46045,0.83261,0.85346,0.82539,0.87764,0.65448,0.77217,0.44008,0.82085,0.000668066,0.000668066,0.000668066,,
yolo_v12m_20260724_192608,yolo,yolo_v12m_20260724_192608,yolo12m.pt,/root/autodl-fs/datasets/DAIR-V2X_YOLO/dairv2x.yaml,train,22,4435.21289563179,0.79823,0.45973,0.83258,0.85401,0.83113,0.88199,0.66104,0.76752,0.4342,0.82018,0.0006598193,0.0006598193,0.0006598193,,
yolo_v12m_20260724_192608,yolo,yolo_v12m_20260724_192608,yolo12m.pt,/root/autodl-fs/datasets/DAIR-V2X_YOLO/dairv2x.yaml,train,23,4633.811161279678,0.79594,0.45823,0.83162,0.87047,0.81946,0.88123,0.66249,0.75561,0.42559,0.81793,0.0006515726,0.0006515726,0.0006515726,,
yolo_v12m_20260724_192608,yolo,yolo_v12m_20260724_192608,yolo12m.pt,/root/autodl-fs/datasets/DAIR-V2X_YOLO/dairv2x.yaml,train,24,4832.433537244797,0.78981,0.45402,0.83021,0.85416,0.83504,0.8793,0.65842,0.76658,0.43286,0.82012,0.0006433259,0.0006433259,0.0006433259,,
yolo_v12m_20260724_192608,yolo,yolo_v12m_20260724_192608,yolo12m.pt,/root/autodl-fs/datasets/DAIR-V2X_YOLO/dairv2x.yaml,train,25,5033.9936554431915,0.78675,0.45264,0.8303,0.8689,0.82252,0.88059,0.66295,0.7592,0.42834,0.81882,0.0006350791999999999,0.0006350791999999999,0.0006350791999999999,,
yolo_v12m_20260724_192608,yolo,yolo_v12m_20260724_192608,yolo12m.pt,/root/autodl-fs/datasets/DAIR-V2X_YOLO/dairv2x.yaml,train,26,5237.305008649826,0.78523,0.45057,0.82987,0.86247,0.83134,0.88082,0.66397,0.76059,0.42885,0.8195,0.0006268325,0.0006268325,0.0006268325,,
yolo_v12m_20260724_192608,yolo,yolo_v12m_20260724_192608,yolo12m.pt,/root/autodl-fs/datasets/DAIR-V2X_YOLO/dairv2x.yaml,train,27,5440.912916183472,0.78888,0.45001,0.82921,0.86246,0.83229,0.88518,0.66772,0.75411,0.42295,0.81713,0.0006185858,0.0006185858,0.0006185858,,
yolo_v12m_20260724_192608,yolo,yolo_v12m_20260724_192608,yolo12m.pt,/root/autodl-fs/datasets/DAIR-V2X_YOLO/dairv2x.yaml,train,28,5642.908480167389,0.78095,0.4472,0.82866,0.86542,0.83021,0.88838,0.6681,0.75095,0.42443,0.81816,0.0006103391,0.0006103391,0.0006103391,,
yolo_v12m_20260724_192608,yolo,yolo_v12m_20260724_192608,yolo12m.pt,/root/autodl-fs/datasets/DAIR-V2X_YOLO/dairv2x.yaml,train,29,5842.729942560196,0.7805,0.44507,0.82888,0.86238,0.83113,0.88208,0.66678,0.75319,0.41894,0.81826,0.0006020924,0.0006020924,0.0006020924,,
yolo_v12m_20260724_192608,yolo,yolo_v12m_20260724_192608,yolo12m.pt,/root/autodl-fs/datasets/DAIR-V2X_YOLO/dairv2x.yaml,train,30,6041.157072544098,0.77649,0.43885,0.82821,0.85827,0.8399,0.88751,0.67302,0.7495,0.4172,0.81637,0.0005938457,0.0005938457,0.0005938457,,
yolo_v12m_20260724_192608,yolo,yolo_v12m_20260724_192608,yolo12m.pt,/root/autodl-fs/datasets/DAIR-V2X_YOLO/dairv2x.yaml,train,31,6241.021065950394,0.76938,0.43919,0.82562,0.86435,0.83417,0.88288,0.66836,0.75337,0.42055,0.81701,0.0005855989999999999,0.0005855989999999999,0.0005855989999999999,,
yolo_v12m_20260724_192608,yolo,yolo_v12m_20260724_192608,yolo12m.pt,/root/autodl-fs/datasets/DAIR-V2X_YOLO/dairv2x.yaml,train,32,6439.683254480362,0.77222,0.44174,0.82688,0.86673,0.83255,0.88846,0.67524,0.74623,0.41438,0.81597,0.0005773522999999999,0.0005773522999999999,0.0005773522999999999,,
yolo_v12m_20260724_192608,yolo,yolo_v12m_20260724_192608,yolo12m.pt,/root/autodl-fs/datasets/DAIR-V2X_YOLO/dairv2x.yaml,train,33,6638.416376829147,0.76951,0.43559,0.82696,0.86622,0.83505,0.88853,0.67573,0.73997,0.41193,0.81494,0.0005691056,0.0005691056,0.0005691056,,
yolo_v12m_20260724_192608,yolo,yolo_v12m_20260724_192608,yolo12m.pt,/root/autodl-fs/datasets/DAIR-V2X_YOLO/dairv2x.yaml,train,34,6837.289646625519,0.76924,0.43673,0.82689,0.8723,0.82437,0.88476,0.66729,0.75111,0.42424,0.81682,0.0005608588999999999,0.0005608588999999999,0.0005608588999999999,,
yolo_v12m_20260724_192608,yolo,yolo_v12m_20260724_192608,yolo12m.pt,/root/autodl-fs/datasets/DAIR-V2X_YOLO/dairv2x.yaml,train,35,7035.725401639938,0.77004,0.43564,0.82725,0.86333,0.83977,0.89054,0.67543,0.74057,0.41052,0.81559,0.0005526121999999999,0.0005526121999999999,0.0005526121999999999,,
yolo_v12m_20260724_192608,yolo,yolo_v12m_20260724_192608,yolo12m.pt,/root/autodl-fs/datasets/DAIR-V2X_YOLO/dairv2x.yaml,train,36,7234.587413787842,0.76531,0.43531,0.82614,0.86926,0.82539,0.884,0.66922,0.7468,0.41947,0.81613,0.0005443655,0.0005443655,0.0005443655,,
yolo_v12m_20260724_192608,yolo,yolo_v12m_20260724_192608,yolo12m.pt,/root/autodl-fs/datasets/DAIR-V2X_YOLO/dairv2x.yaml,train,37,7433.190145492554,0.76201,0.4311,0.82518,0.87243,0.83513,0.88793,0.67389,0.73756,0.41269,0.8143,0.0005361188,0.0005361188,0.0005361188,,
yolo_v12m_20260724_192608,yolo,yolo_v12m_20260724_192608,yolo12m.pt,/root/autodl-fs/datasets/DAIR-V2X_YOLO/dairv2x.yaml,train,38,7632.383714675903,0.75991,0.42884,0.82498,0.87269,0.83122,0.88683,0.67324,0.73854,0.41058,0.81498,0.0005278721,0.0005278721,0.0005278721,,
yolo_v12m_20260724_192608,yolo,yolo_v12m_20260724_192608,yolo12m.pt,/root/autodl-fs/datasets/DAIR-V2X_YOLO/dairv2x.yaml,train,39,7830.634849786758,0.7588,0.43023,0.8243,0.86565,0.83883,0.89138,0.67853,0.73659,0.40732,0.81502,0.0005196254,0.0005196254,0.0005196254,,
yolo_v12m_20260724_192608,yolo,yolo_v12m_20260724_192608,yolo12m.pt,/root/autodl-fs/datasets/DAIR-V2X_YOLO/dairv2x.yaml,train,40,8029.949033737183,0.75548,0.42751,0.82431,0.8682,0.83973,0.89067,0.67964,0.73433,0.40725,0.81474,0.0005113787,0.0005113787,0.0005113787,,
yolo_v12m_20260724_192608,yolo,yolo_v12m_20260724_192608,yolo12m.pt,/root/autodl-fs/datasets/DAIR-V2X_YOLO/dairv2x.yaml,train,41,8228.47089958191,0.75392,0.42544,0.824,0.86729,0.83746,0.89025,0.68237,0.73025,0.406,0.81413,0.000503132,0.000503132,0.000503132,,
yolo_v12m_20260724_192608,yolo,yolo_v12m_20260724_192608,yolo12m.pt,/root/autodl-fs/datasets/DAIR-V2X_YOLO/dairv2x.yaml,train,42,8427.410081386566,0.75153,0.42305,0.82376,0.86634,0.83831,0.88591,0.67557,0.73528,0.40823,0.81491,0.0004948853,0.0004948853,0.0004948853,,
yolo_v12m_20260724_192608,yolo,yolo_v12m_20260724_192608,yolo12m.pt,/root/autodl-fs/datasets/DAIR-V2X_YOLO/dairv2x.yaml,train,43,8626.141341924667,0.75269,0.42321,0.82322,0.85622,0.84429,0.88732,0.67646,0.73279,0.40745,0.81436,0.00048663860000000005,0.00048663860000000005,0.00048663860000000005,,
yolo_v12m_20260724_192608,yolo,yolo_v12m_20260724_192608,yolo12m.pt,/root/autodl-fs/datasets/DAIR-V2X_YOLO/dairv2x.yaml,train,44,8824.342487096786,0.74669,0.42035,0.8226,0.86445,0.84202,0.88797,0.68116,0.72755,0.40249,0.81317,0.00047839190000000003,0.00047839190000000003,0.00047839190000000003,,
yolo_v12m_20260724_192608,yolo,yolo_v12m_20260724_192608,yolo12m.pt,/root/autodl-fs/datasets/DAIR-V2X_YOLO/dairv2x.yaml,train,45,9023.245281219482,0.74855,0.42246,0.82121,0.85851,0.84768,0.89119,0.68203,0.72964,0.4056,0.81389,0.0004701452,0.0004701452,0.0004701452,,
yolo_v12m_20260724_192608,yolo,yolo_v12m_20260724_192608,yolo12m.pt,/root/autodl-fs/datasets/DAIR-V2X_YOLO/dairv2x.yaml,train,46,9221.742407083511,0.74416,0.4183,0.82141,0.87664,0.82983,0.88985,0.68248,0.72715,0.40251,0.81351,0.0004618985,0.0004618985,0.0004618985,,
yolo_v12m_20260724_192608,yolo,yolo_v12m_20260724_192608,yolo12m.pt,/root/autodl-fs/datasets/DAIR-V2X_YOLO/dairv2x.yaml,train,47,9421.024169445038,0.74654,0.41947,0.82118,0.8686,0.84366,0.89222,0.68711,0.72507,0.39846,0.81222,0.00045365180000000007,0.00045365180000000007,0.00045365180000000007,,
yolo_v12m_20260724_192608,yolo,yolo_v12m_20260724_192608,yolo12m.pt,/root/autodl-fs/datasets/DAIR-V2X_YOLO/dairv2x.yaml,train,48,9619.742665529251,0.74317,0.41673,0.82237,0.87749,0.83364,0.89192,0.68453,0.72528,0.40128,0.81312,0.00044540510000000004,0.00044540510000000004,0.00044540510000000004,,
yolo_v12m_20260724_192608,yolo,yolo_v12m_20260724_192608,yolo12m.pt,/root/autodl-fs/datasets/DAIR-V2X_YOLO/dairv2x.yaml,train,49,9819.481400489807,0.74237,0.417,0.82238,0.8817,0.82991,0.89271,0.68716,0.72384,0.39719,0.81214,0.0004371584,0.0004371584,0.0004371584,,
yolo_v12m_20260724_192608,yolo,yolo_v12m_20260724_192608,yolo12m.pt,/root/autodl-fs/datasets/DAIR-V2X_YOLO/dairv2x.yaml,train,50,10018.883489370346,0.73836,0.41547,0.82104,0.87581,0.83281,0.89205,0.68459,0.72363,0.40062,0.81257,0.0004289117,0.0004289117,0.0004289117,,
yolo_v12m_20260724_192608,yolo,yolo_v12m_20260724_192608,yolo12m.pt,/root/autodl-fs/datasets/DAIR-V2X_YOLO/dairv2x.yaml,train,51,10218.760035991669,0.73624,0.41087,0.82096,0.87425,0.83382,0.89223,0.68462,0.72415,0.3994,0.81258,0.00042066499999999997,0.00042066499999999997,0.00042066499999999997,,
yolo_v12m_20260724_192608,yolo,yolo_v12m_20260724_192608,yolo12m.pt,/root/autodl-fs/datasets/DAIR-V2X_YOLO/dairv2x.yaml,train,52,10417.975115060806,0.7318,0.40754,0.81984,0.87386,0.83352,0.89336,0.68692,0.72123,0.39733,0.81166,0.00041241829999999995,0.00041241829999999995,0.00041241829999999995,,
yolo_v12m_20260724_192608,yolo,yolo_v12m_20260724_192608,yolo12m.pt,/root/autodl-fs/datasets/DAIR-V2X_YOLO/dairv2x.yaml,train,53,10617.096330165863,0.73098,0.40964,0.81976,0.87104,0.83832,0.89359,0.68704,0.71954,0.39597,0.8121,0.0004041716,0.0004041716,0.0004041716,,
yolo_v12m_20260724_192608,yolo,yolo_v12m_20260724_192608,yolo12m.pt,/root/autodl-fs/datasets/DAIR-V2X_YOLO/dairv2x.yaml,train,54,10816.893674373627,0.73275,0.40872,0.82086,0.87207,0.83537,0.89147,0.68536,0.71981,0.39687,0.81279,0.0003959249,0.0003959249,0.0003959249,,
yolo_v12m_20260724_192608,yolo,yolo_v12m_20260724_192608,yolo12m.pt,/root/autodl-fs/datasets/DAIR-V2X_YOLO/dairv2x.yaml,train,55,11015.891465902328,0.72772,0.40526,0.81912,0.87083,0.84024,0.89613,0.69037,0.71488,0.39589,0.81169,0.0003876782,0.0003876782,0.0003876782,,
yolo_v12m_20260724_192608,yolo,yolo_v12m_20260724_192608,yolo12m.pt,/root/autodl-fs/datasets/DAIR-V2X_YOLO/dairv2x.yaml,train,56,11215.179426670074,0.7292,0.40786,0.82002,0.86719,0.84385,0.89414,0.68816,0.71692,0.39528,0.81254,0.00037943149999999996,0.00037943149999999996,0.00037943149999999996,,
yolo_v12m_20260724_192608,yolo,yolo_v12m_20260724_192608,yolo12m.pt,/root/autodl-fs/datasets/DAIR-V2X_YOLO/dairv2x.yaml,train,57,11414.09323978424,0.72585,0.40341,0.81926,0.8751,0.8371,0.89398,0.69179,0.71359,0.39452,0.81174,0.00037118479999999994,0.00037118479999999994,0.00037118479999999994,,
yolo_v12m_20260724_192608,yolo,yolo_v12m_20260724_192608,yolo12m.pt,/root/autodl-fs/datasets/DAIR-V2X_YOLO/dairv2x.yaml,train,58,11613.498760700226,0.72309,0.40085,0.81944,0.8729,0.83955,0.89458,0.69001,0.71563,0.39408,0.81146,0.0003629381,0.0003629381,0.0003629381,,
yolo_v12m_20260724_192608,yolo,yolo_v12m_20260724_192608,yolo12m.pt,/root/autodl-fs/datasets/DAIR-V2X_YOLO/dairv2x.yaml,train,59,11812.304130792618,0.72594,0.40229,0.81867,0.86599,0.84193,0.89403,0.69059,0.71496,0.39409,0.81155,0.00035469140000000005,0.00035469140000000005,0.00035469140000000005,,
yolo_v12m_20260724_192608,yolo,yolo_v12m_20260724_192608,yolo12m.pt,/root/autodl-fs/datasets/DAIR-V2X_YOLO/dairv2x.yaml,train,60,12012.089401960373,0.7192,0.39901,0.81816,0.87435,0.84195,0.89515,0.68958,0.71136,0.39,0.81061,0.00034644470000000003,0.00034644470000000003,0.00034644470000000003,,
yolo_v12m_20260724_192608,yolo,yolo_v12m_20260724_192608,yolo12m.pt,/root/autodl-fs/datasets/DAIR-V2X_YOLO/dairv2x.yaml,train,61,12211.18474817276,0.71993,0.39871,0.81752,0.87968,0.84015,0.89563,0.69216,0.713,0.39066,0.8108,0.000338198,0.000338198,0.000338198,,
yolo_v12m_20260724_192608,yolo,yolo_v12m_20260724_192608,yolo12m.pt,/root/autodl-fs/datasets/DAIR-V2X_YOLO/dairv2x.yaml,train,62,12409.928124427795,0.72078,0.39699,0.81763,0.87613,0.843,0.89376,0.69166,0.71351,0.3887,0.8114,0.0003299513,0.0003299513,0.0003299513,,
yolo_v12m_20260724_192608,yolo,yolo_v12m_20260724_192608,yolo12m.pt,/root/autodl-fs/datasets/DAIR-V2X_YOLO/dairv2x.yaml,train,63,12609.60836315155,0.71569,0.39488,0.81618,0.87221,0.84674,0.89556,0.69322,0.70982,0.38858,0.81058,0.00032170459999999996,0.00032170459999999996,0.00032170459999999996,,
yolo_v12m_20260724_192608,yolo,yolo_v12m_20260724_192608,yolo12m.pt,/root/autodl-fs/datasets/DAIR-V2X_YOLO/dairv2x.yaml,train,64,12808.649681091309,0.71662,0.39386,0.81632,0.87045,0.84181,0.896,0.69347,0.70926,0.38658,0.81088,0.0003134579,0.0003134579,0.0003134579,,
yolo_v12m_20260724_192608,yolo,yolo_v12m_20260724_192608,yolo12m.pt,/root/autodl-fs/datasets/DAIR-V2X_YOLO/dairv2x.yaml,train,65,13008.230612754822,0.71416,0.39391,0.81658,0.86324,0.84868,0.89504,0.69333,0.70895,0.38787,0.81065,0.0003052112,0.0003052112,0.0003052112,,
yolo_v12m_20260724_192608,yolo,yolo_v12m_20260724_192608,yolo12m.pt,/root/autodl-fs/datasets/DAIR-V2X_YOLO/dairv2x.yaml,train,66,13206.933332681656,0.71244,0.3931,0.81632,0.87238,0.84521,0.89715,0.69681,0.707,0.38575,0.81058,0.0002969645,0.0002969645,0.0002969645,,
yolo_v12m_20260724_192608,yolo,yolo_v12m_20260724_192608,yolo12m.pt,/root/autodl-fs/datasets/DAIR-V2X_YOLO/dairv2x.yaml,train,67,13406.789882421494,0.71189,0.39216,0.81617,0.86709,0.84851,0.89687,0.69649,0.70687,0.38699,0.81067,0.00028871779999999997,0.00028871779999999997,0.00028871779999999997,,
yolo_v12m_20260724_192608,yolo,yolo_v12m_20260724_192608,yolo12m.pt,/root/autodl-fs/datasets/DAIR-V2X_YOLO/dairv2x.yaml,train,68,13605.562098741531,0.71026,0.38987,0.81539,0.86501,0.85158,0.89512,0.69437,0.70643,0.38821,0.81034,0.00028047109999999994,0.00028047109999999994,0.00028047109999999994,,
yolo_v12m_20260724_192608,yolo,yolo_v12m_20260724_192608,yolo12m.pt,/root/autodl-fs/datasets/DAIR-V2X_YOLO/dairv2x.yaml,train,69,13805.32211446762,0.7091,0.3889,0.81473,0.86826,0.85227,0.89736,0.69647,0.70555,0.38613,0.80985,0.0002722244,0.0002722244,0.0002722244,,
yolo_v12m_20260724_192608,yolo,yolo_v12m_20260724_192608,yolo12m.pt,/root/autodl-fs/datasets/DAIR-V2X_YOLO/dairv2x.yaml,train,70,14004.635029315948,0.70683,0.38686,0.8156,0.8669,0.84957,0.89582,0.69547,0.70533,0.38552,0.80992,0.00026397770000000006,0.00026397770000000006,0.00026397770000000006,,
yolo_v12m_20260724_192608,yolo,yolo_v12m_20260724_192608,yolo12m.pt,/root/autodl-fs/datasets/DAIR-V2X_YOLO/dairv2x.yaml,train,71,14203.456406831741,0.7057,0.38577,0.81565,0.86573,0.84926,0.89731,0.6968,0.70575,0.38459,0.8105,0.00025573100000000004,0.00025573100000000004,0.00025573100000000004,,
yolo_v12m_20260724_192608,yolo,yolo_v12m_20260724_192608,yolo12m.pt,/root/autodl-fs/datasets/DAIR-V2X_YOLO/dairv2x.yaml,train,72,14403.021720170975,0.70564,0.38574,0.81523,0.86239,0.8523,0.897,0.6967,0.70654,0.38631,0.81059,0.0002474843,0.0002474843,0.0002474843,,
yolo_v12m_20260724_192608,yolo,yolo_v12m_20260724_192608,yolo12m.pt,/root/autodl-fs/datasets/DAIR-V2X_YOLO/dairv2x.yaml,train,73,14602.13451719284,0.70544,0.38567,0.81567,0.8771,0.84595,0.89895,0.69879,0.70497,0.38492,0.81027,0.0002392376,0.0002392376,0.0002392376,,
yolo_v12m_20260724_192608,yolo,yolo_v12m_20260724_192608,yolo12m.pt,/root/autodl-fs/datasets/DAIR-V2X_YOLO/dairv2x.yaml,train,74,14801.349209547043,0.70254,0.38285,0.81422,0.8737,0.84609,0.89664,0.69714,0.70434,0.38568,0.80991,0.00023099090000000002,0.00023099090000000002,0.00023099090000000002,,
yolo_v12m_20260724_192608,yolo,yolo_v12m_20260724_192608,yolo12m.pt,/root/autodl-fs/datasets/DAIR-V2X_YOLO/dairv2x.yaml,train,75,15000.914772987366,0.69928,0.38015,0.81356,0.87413,0.84981,0.89964,0.69801,0.70392,0.38389,0.81012,0.00022274420000000002,0.00022274420000000002,0.00022274420000000002,,
yolo_v12m_20260724_192608,yolo,yolo_v12m_20260724_192608,yolo12m.pt,/root/autodl-fs/datasets/DAIR-V2X_YOLO/dairv2x.yaml,train,76,15200.570580482483,0.69966,0.38137,0.81416,0.87282,0.84723,0.89826,0.69841,0.70271,0.38299,0.80966,0.0002144975,0.0002144975,0.0002144975,,
yolo_v12m_20260724_192608,yolo,yolo_v12m_20260724_192608,yolo12m.pt,/root/autodl-fs/datasets/DAIR-V2X_YOLO/dairv2x.yaml,train,77,15399.385015249252,0.69719,0.37852,0.81381,0.87164,0.84939,0.89838,0.69736,0.70339,0.38392,0.80983,0.00020625079999999997,0.00020625079999999997,0.00020625079999999997,,
yolo_v12m_20260724_192608,yolo,yolo_v12m_20260724_192608,yolo12m.pt,/root/autodl-fs/datasets/DAIR-V2X_YOLO/dairv2x.yaml,train,78,15599.042177200317,0.69296,0.3753,0.81312,0.87254,0.8462,0.89762,0.69851,0.70324,0.38327,0.80972,0.00019800409999999998,0.00019800409999999998,0.00019800409999999998,,
yolo_v12m_20260724_192608,yolo,yolo_v12m_20260724_192608,yolo12m.pt,/root/autodl-fs/datasets/DAIR-V2X_YOLO/dairv2x.yaml,train,79,15798.43352150917,0.69368,0.37488,0.8137,0.87256,0.85017,0.89601,0.6958,0.7034,0.38325,0.81011,0.00018975739999999998,0.00018975739999999998,0.00018975739999999998,,
yolo_v12m_20260724_192608,yolo,yolo_v12m_20260724_192608,yolo12m.pt,/root/autodl-fs/datasets/DAIR-V2X_YOLO/dairv2x.yaml,train,80,15997.768271923065,0.69398,0.37531,0.81268,0.87638,0.8441,0.89607,0.69767,0.70074,0.38257,0.80916,0.00018151069999999998,0.00018151069999999998,0.00018151069999999998,,
yolo_v12m_20260724_192608,yolo,yolo_v12m_20260724_192608,yolo12m.pt,/root/autodl-fs/datasets/DAIR-V2X_YOLO/dairv2x.yaml,train,81,16197.208011388779,0.69334,0.37545,0.8124,0.87577,0.84522,0.89724,0.69845,0.70088,0.38219,0.80901,0.00017326399999999996,0.00017326399999999996,0.00017326399999999996,,
yolo_v12m_20260724_192608,yolo,yolo_v12m_20260724_192608,yolo12m.pt,/root/autodl-fs/datasets/DAIR-V2X_YOLO/dairv2x.yaml,train,82,16396.637887239456,0.69057,0.37305,0.81223,0.87905,0.84041,0.89567,0.69653,0.70073,0.38199,0.80878,0.00016501729999999994,0.00016501729999999994,0.00016501729999999994,,
yolo_v12m_20260724_192608,yolo,yolo_v12m_20260724_192608,yolo12m.pt,/root/autodl-fs/datasets/DAIR-V2X_YOLO/dairv2x.yaml,train,83,16596.1757748127,0.68936,0.3719,0.81216,0.87319,0.84719,0.89755,0.69813,0.70141,0.38234,0.80941,0.00015677060000000005,0.00015677060000000005,0.00015677060000000005,,
yolo_v12m_20260724_192608,yolo,yolo_v12m_20260724_192608,yolo12m.pt,/root/autodl-fs/datasets/DAIR-V2X_YOLO/dairv2x.yaml,train,84,16795.438808202744,0.68542,0.36866,0.81188,0.86987,0.85115,0.8973,0.69819,0.69973,0.38183,0.80902,0.00014852390000000002,0.00014852390000000002,0.00014852390000000002,,
yolo_v12m_20260724_192608,yolo,yolo_v12m_20260724_192608,yolo12m.pt,/root/autodl-fs/datasets/DAIR-V2X_YOLO/dairv2x.yaml,train,85,16995.365037679672,0.68351,0.3679,0.81125,0.87505,0.84601,0.89682,0.69834,0.69828,0.38131,0.80879,0.00014027720000000003,0.00014027720000000003,0.00014027720000000003,,
yolo_v12m_20260724_192608,yolo,yolo_v12m_20260724_192608,yolo12m.pt,/root/autodl-fs/datasets/DAIR-V2X_YOLO/dairv2x.yaml,train,86,17194.479511022568,0.6874,0.36843,0.8113,0.87,0.84768,0.89671,0.69856,0.70004,0.383,0.80885,0.00013203050000000003,0.00013203050000000003,0.00013203050000000003,,
yolo_v12m_20260724_192608,yolo,yolo_v12m_20260724_192608,yolo12m.pt,/root/autodl-fs/datasets/DAIR-V2X_YOLO/dairv2x.yaml,train,87,17394.463885068893,0.67941,0.36586,0.81041,0.87509,0.84566,0.89756,0.69901,0.7001,0.38097,0.80888,0.0001237838,0.0001237838,0.0001237838,,
yolo_v12m_20260724_192608,yolo,yolo_v12m_20260724_192608,yolo12m.pt,/root/autodl-fs/datasets/DAIR-V2X_YOLO/dairv2x.yaml,train,88,17594.07301712036,0.68027,0.36586,0.81107,0.87893,0.84284,0.89799,0.69834,0.70006,0.38156,0.80915,0.00011553710000000001,0.00011553710000000001,0.00011553710000000001,,
yolo_v12m_20260724_192608,yolo,yolo_v12m_20260724_192608,yolo12m.pt,/root/autodl-fs/datasets/DAIR-V2X_YOLO/dairv2x.yaml,train,89,17793.110943555832,0.68028,0.36374,0.81206,0.88109,0.84189,0.89665,0.69828,0.69941,0.38038,0.80922,0.0001072904,0.0001072904,0.0001072904,,
yolo_v12m_20260724_192608,yolo,yolo_v12m_20260724_192608,yolo12m.pt,/root/autodl-fs/datasets/DAIR-V2X_YOLO/dairv2x.yaml,train,90,17992.41166973114,0.68023,0.36396,0.81094,0.88076,0.84127,0.89665,0.6984,0.69953,0.38135,0.80897,9.904369999999997e-05,9.904369999999997e-05,9.904369999999997e-05,,
yolo_v12m_20260724_192608,yolo,yolo_v12m_20260724_192608,yolo12m.pt,/root/autodl-fs/datasets/DAIR-V2X_YOLO/dairv2x.yaml,train,91,18186.911561012268,0.65956,0.35373,0.80706,0.87752,0.84041,0.89413,0.69557,0.70419,0.38555,0.80973,9.079699999999998e-05,9.079699999999998e-05,9.079699999999998e-05,,
yolo_v12m_20260724_192608,yolo,yolo_v12m_20260724_192608,yolo12m.pt,/root/autodl-fs/datasets/DAIR-V2X_YOLO/dairv2x.yaml,train,92,18381.03679585457,0.65686,0.35176,0.80519,0.87596,0.84182,0.89405,0.69543,0.70347,0.38537,0.8095,8.255029999999997e-05,8.255029999999997e-05,8.255029999999997e-05,,
yolo_v12m_20260724_192608,yolo,yolo_v12m_20260724_192608,yolo12m.pt,/root/autodl-fs/datasets/DAIR-V2X_YOLO/dairv2x.yaml,train,93,18574.576127529144,0.6554,0.35045,0.80372,0.87566,0.843,0.89386,0.69511,0.70304,0.38542,0.80953,7.430359999999997e-05,7.430359999999997e-05,7.430359999999997e-05,,
yolo_v12m_20260724_192608,yolo,yolo_v12m_20260724_192608,yolo12m.pt,/root/autodl-fs/datasets/DAIR-V2X_YOLO/dairv2x.yaml,train,94,18768.953423261642,0.65234,0.34878,0.80501,0.87633,0.84355,0.89414,0.69564,0.70275,0.3845,0.80945,6.605689999999995e-05,6.605689999999995e-05,6.605689999999995e-05,,
yolo_v12m_20260724_192608,yolo,yolo_v12m_20260724_192608,yolo12m.pt,/root/autodl-fs/datasets/DAIR-V2X_YOLO/dairv2x.yaml,train,95,18962.734464406967,0.65073,0.34642,0.80402,0.87121,0.84691,0.89347,0.69565,0.70231,0.38435,0.80949,5.781020000000004e-05,5.781020000000004e-05,5.781020000000004e-05,,
yolo_v12m_20260724_192608,yolo,yolo_v12m_20260724_192608,yolo12m.pt,/root/autodl-fs/datasets/DAIR-V2X_YOLO/dairv2x.yaml,train,96,19157.112013578415,0.64714,0.34386,0.80372,0.87348,0.84383,0.89352,0.69602,0.70211,0.38458,0.80959,4.9563500000000035e-05,4.9563500000000035e-05,4.9563500000000035e-05,,
yolo_v12m_20260724_192608,yolo,yolo_v12m_20260724_192608,yolo12m.pt,/root/autodl-fs/datasets/DAIR-V2X_YOLO/dairv2x.yaml,train,97,19350.759048461914,0.64787,0.3431,0.80408,0.8747,0.84195,0.89368,0.69535,0.70265,0.38394,0.80959,4.131680000000003e-05,4.131680000000003e-05,4.131680000000003e-05,,
yolo_v12m_20260724_192608,yolo,yolo_v12m_20260724_192608,yolo12m.pt,/root/autodl-fs/datasets/DAIR-V2X_YOLO/dairv2x.yaml,train,98,19545.575755119324,0.64548,0.34276,0.80383,0.8723,0.84427,0.89502,0.69614,0.70195,0.38394,0.80962,3.307010000000002e-05,3.307010000000002e-05,3.307010000000002e-05,,
yolo_v12m_20260724_192608,yolo,yolo_v12m_20260724_192608,yolo12m.pt,/root/autodl-fs/datasets/DAIR-V2X_YOLO/dairv2x.yaml,train,99,19739.43146443367,0.64335,0.3407,0.80302,0.8695,0.8502,0.89517,0.69704,0.70128,0.38354,0.80948,2.4823400000000017e-05,2.4823400000000017e-05,2.4823400000000017e-05,,
yolo_v12m_20260724_192608,yolo,yolo_v12m_20260724_192608,yolo12m.pt,/root/autodl-fs/datasets/DAIR-V2X_YOLO/dairv2x.yaml,train,100,19933.78708100319,0.64289,0.33998,0.80305,0.87293,0.8462,0.89438,0.69683,0.70113,0.38331,0.80958,1.6576700000000007e-05,1.6576700000000007e-05,1.6576700000000007e-05,,
yolo_yolov8s_20260725_011123,yolo,yolo_yolov8s_20260725_011123,yolov8s.pt,/root/autodl-fs/datasets/DAIR-V2X_YOLO/dairv2x.yaml,train,1,77.32137370109558,1.18767,1.13245,0.92126,0.78192,0.69965,0.75939,0.49499,1.01449,0.62357,0.85915,0.0002767879746835443,0.0002767879746835443,0.0002767879746835443,,
yolo_yolov8s_20260725_011123,yolo,yolo_yolov8s_20260725_011123,yolov8s.pt,/root/autodl-fs/datasets/DAIR-V2X_YOLO/dairv2x.yaml,train,2,150.6051948070526,1.03923,0.65616,0.86812,0.79653,0.73721,0.79725,0.53353,0.97039,0.60034,0.84728,0.0005489655404008439,0.0005489655404008439,0.0005489655404008439,,
yolo_yolov8s_20260725_011123,yolo,yolo_yolov8s_20260725_011123,yolov8s.pt,/root/autodl-fs/datasets/DAIR-V2X_YOLO/dairv2x.yaml,train,3,223.166424036026,1.00191,0.61147,0.85908,0.82221,0.75262,0.81518,0.55659,0.93203,0.56099,0.84264,0.0008156453061181434,0.0008156453061181434,0.0008156453061181434,,
yolo_yolov8s_20260725_011123,yolo,yolo_yolov8s_20260725_011123,yolov8s.pt,/root/autodl-fs/datasets/DAIR-V2X_YOLO/dairv2x.yaml,train,4,295.01923084259033,0.97471,0.5884,0.85341,0.83479,0.75606,0.8227,0.56523,0.92687,0.54784,0.8392,0.0008082599,0.0008082599,0.0008082599,,
yolo_yolov8s_20260725_011123,yolo,yolo_yolov8s_20260725_011123,yolov8s.pt,/root/autodl-fs/datasets/DAIR-V2X_YOLO/dairv2x.yaml,train,5,366.6607275009155,0.95336,0.57527,0.85121,0.84597,0.76062,0.82411,0.57361,0.91143,0.53085,0.83639,0.0008000131999999999,0.0008000131999999999,0.0008000131999999999,,
yolo_yolov8s_20260725_011123,yolo,yolo_yolov8s_20260725_011123,yolov8s.pt,/root/autodl-fs/datasets/DAIR-V2X_YOLO/dairv2x.yaml,train,6,438.1675922870636,0.93997,0.56058,0.84727,0.83803,0.76297,0.82708,0.58194,0.89336,0.52104,0.83445,0.0007917665,0.0007917665,0.0007917665,,
yolo_yolov8s_20260725_011123,yolo,yolo_yolov8s_20260725_011123,yolov8s.pt,/root/autodl-fs/datasets/DAIR-V2X_YOLO/dairv2x.yaml,train,7,510.20938515663147,0.93331,0.55345,0.84617,0.82804,0.77414,0.83303,0.58242,0.88262,0.5143,0.83351,0.0007835197999999999,0.0007835197999999999,0.0007835197999999999,,
yolo_yolov8s_20260725_011123,yolo,yolo_yolov8s_20260725_011123,yolov8s.pt,/root/autodl-fs/datasets/DAIR-V2X_YOLO/dairv2x.yaml,train,8,581.8814182281494,0.91458,0.53736,0.84325,0.85288,0.77868,0.84073,0.59896,0.86526,0.50245,0.83062,0.0007752731,0.0007752731,0.0007752731,,
yolo_yolov8s_20260725_011123,yolo,yolo_yolov8s_20260725_011123,yolov8s.pt,/root/autodl-fs/datasets/DAIR-V2X_YOLO/dairv2x.yaml,train,9,653.7104136943817,0.9027,0.53339,0.84087,0.84571,0.77835,0.84709,0.60323,0.86255,0.5015,0.83076,0.0007670264,0.0007670264,0.0007670264,,
yolo_yolov8s_20260725_011123,yolo,yolo_yolov8s_20260725_011123,yolov8s.pt,/root/autodl-fs/datasets/DAIR-V2X_YOLO/dairv2x.yaml,train,10,725.2881634235382,0.89716,0.53052,0.84057,0.82394,0.77897,0.83594,0.59327,0.85746,0.50514,0.82804,0.0007587797,0.0007587797,0.0007587797,,
yolo_yolov8s_20260725_011123,yolo,yolo_yolov8s_20260725_011123,yolov8s.pt,/root/autodl-fs/datasets/DAIR-V2X_YOLO/dairv2x.yaml,train,11,796.8718640804291,0.89331,0.52601,0.83969,0.82964,0.78836,0.84376,0.59907,0.85123,0.49055,0.82937,0.000750533,0.000750533,0.000750533,,
yolo_yolov8s_20260725_011123,yolo,yolo_yolov8s_20260725_011123,yolov8s.pt,/root/autodl-fs/datasets/DAIR-V2X_YOLO/dairv2x.yaml,train,12,869.1099379062653,0.88373,0.51787,0.83796,0.85018,0.78161,0.84685,0.60092,0.85937,0.4935,0.82877,0.0007422863,0.0007422863,0.0007422863,,
yolo_yolov8s_20260725_011123,yolo,yolo_yolov8s_20260725_011123,yolov8s.pt,/root/autodl-fs/datasets/DAIR-V2X_YOLO/dairv2x.yaml,train,13,940.8361077308655,0.87665,0.51448,0.83719,0.846,0.79681,0.85172,0.61006,0.83605,0.49275,0.82515,0.0007340396,0.0007340396,0.0007340396,,
yolo_yolov8s_20260725_011123,yolo,yolo_yolov8s_20260725_011123,yolov8s.pt,/root/autodl-fs/datasets/DAIR-V2X_YOLO/dairv2x.yaml,train,14,1012.6493337154388,0.87432,0.51104,0.83608,0.83157,0.79888,0.85677,0.61527,0.8356,0.48364,0.82604,0.0007257928999999999,0.0007257928999999999,0.0007257928999999999,,
yolo_yolov8s_20260725_011123,yolo,yolo_yolov8s_20260725_011123,yolov8s.pt,/root/autodl-fs/datasets/DAIR-V2X_YOLO/dairv2x.yaml,train,15,1084.5298526287079,0.86701,0.50768,0.83345,0.85141,0.78674,0.85579,0.61368,0.83458,0.48733,0.82568,0.0007175462,0.0007175462,0.0007175462,,
yolo_yolov8s_20260725_011123,yolo,yolo_yolov8s_20260725_011123,yolov8s.pt,/root/autodl-fs/datasets/DAIR-V2X_YOLO/dairv2x.yaml,train,16,1155.9850625991821,0.85986,0.49996,0.83437,0.85109,0.80634,0.85937,0.62269,0.82368,0.47197,0.82438,0.0007092995,0.0007092995,0.0007092995,,
yolo_yolov8s_20260725_011123,yolo,yolo_yolov8s_20260725_011123,yolov8s.pt,/root/autodl-fs/datasets/DAIR-V2X_YOLO/dairv2x.yaml,train,17,1228.2526404857635,0.85415,0.49431,0.83251,0.85349,0.80475,0.85943,0.62488,0.82238,0.47043,0.82331,0.0007010528,0.0007010528,0.0007010528,,
yolo_yolov8s_20260725_011123,yolo,yolo_yolov8s_20260725_011123,yolov8s.pt,/root/autodl-fs/datasets/DAIR-V2X_YOLO/dairv2x.yaml,train,18,1300.0633034706116,0.85562,0.49663,0.83287,0.8547,0.80238,0.86229,0.6244,0.81824,0.47046,0.82266,0.0006928061,0.0006928061,0.0006928061,,
yolo_yolov8s_20260725_011123,yolo,yolo_yolov8s_20260725_011123,yolov8s.pt,/root/autodl-fs/datasets/DAIR-V2X_YOLO/dairv2x.yaml,train,19,1371.9924867153168,0.84693,0.49172,0.83192,0.85044,0.80962,0.86241,0.62379,0.81761,0.46936,0.82383,0.0006845594000000001,0.0006845594000000001,0.0006845594000000001,,
yolo_yolov8s_20260725_011123,yolo,yolo_yolov8s_20260725_011123,yolov8s.pt,/root/autodl-fs/datasets/DAIR-V2X_YOLO/dairv2x.yaml,train,20,1443.7181978225708,0.84479,0.48918,0.83112,0.85281,0.80368,0.8638,0.62856,0.80875,0.46807,0.82139,0.0006763127,0.0006763127,0.0006763127,,
yolo_yolov8s_20260725_011123,yolo,yolo_yolov8s_20260725_011123,yolov8s.pt,/root/autodl-fs/datasets/DAIR-V2X_YOLO/dairv2x.yaml,train,21,1515.615643978119,0.84597,0.49109,0.83049,0.86497,0.79964,0.86712,0.62884,0.81506,0.46321,0.82254,0.000668066,0.000668066,0.000668066,,
yolo_yolov8s_20260725_011123,yolo,yolo_yolov8s_20260725_011123,yolov8s.pt,/root/autodl-fs/datasets/DAIR-V2X_YOLO/dairv2x.yaml,train,22,1587.718721151352,0.83923,0.48413,0.82948,0.84556,0.8223,0.86878,0.63427,0.80968,0.4629,0.82108,0.0006598193,0.0006598193,0.0006598193,,
yolo_yolov8s_20260725_011123,yolo,yolo_yolov8s_20260725_011123,yolov8s.pt,/root/autodl-fs/datasets/DAIR-V2X_YOLO/dairv2x.yaml,train,23,1660.0226373672485,0.83835,0.4835,0.82909,0.85985,0.80644,0.86869,0.63223,0.81331,0.46681,0.82187,0.0006515726,0.0006515726,0.0006515726,,
yolo_yolov8s_20260725_011123,yolo,yolo_yolov8s_20260725_011123,yolov8s.pt,/root/autodl-fs/datasets/DAIR-V2X_YOLO/dairv2x.yaml,train,24,1731.9263422489166,0.83313,0.48333,0.83006,0.84579,0.81727,0.87231,0.63521,0.80395,0.46178,0.82011,0.0006433259,0.0006433259,0.0006433259,,
yolo_yolov8s_20260725_011123,yolo,yolo_yolov8s_20260725_011123,yolov8s.pt,/root/autodl-fs/datasets/DAIR-V2X_YOLO/dairv2x.yaml,train,25,1803.935395002365,0.83302,0.47958,0.82876,0.8546,0.81625,0.87069,0.63813,0.79931,0.45824,0.8197,0.0006350791999999999,0.0006350791999999999,0.0006350791999999999,,
yolo_yolov8s_20260725_011123,yolo,yolo_yolov8s_20260725_011123,yolov8s.pt,/root/autodl-fs/datasets/DAIR-V2X_YOLO/dairv2x.yaml,train,26,1875.5032370090485,0.82719,0.47633,0.82789,0.86325,0.80673,0.86964,0.63778,0.80035,0.45779,0.8195,0.0006268325,0.0006268325,0.0006268325,,
yolo_yolov8s_20260725_011123,yolo,yolo_yolov8s_20260725_011123,yolov8s.pt,/root/autodl-fs/datasets/DAIR-V2X_YOLO/dairv2x.yaml,train,27,1947.8473958969116,0.82729,0.47493,0.82724,0.85696,0.81401,0.86972,0.63635,0.7939,0.45395,0.81864,0.0006185858,0.0006185858,0.0006185858,,
yolo_yolov8s_20260725_011123,yolo,yolo_yolov8s_20260725_011123,yolov8s.pt,/root/autodl-fs/datasets/DAIR-V2X_YOLO/dairv2x.yaml,train,28,2019.8625175952911,0.82983,0.47979,0.82863,0.85162,0.8203,0.87067,0.63718,0.79985,0.45564,0.82006,0.0006103391,0.0006103391,0.0006103391,,
yolo_yolov8s_20260725_011123,yolo,yolo_yolov8s_20260725_011123,yolov8s.pt,/root/autodl-fs/datasets/DAIR-V2X_YOLO/dairv2x.yaml,train,29,2091.747311115265,0.82516,0.47512,0.82729,0.85502,0.81214,0.87063,0.6363,0.796,0.45689,0.81906,0.0006020924,0.0006020924,0.0006020924,,
yolo_yolov8s_20260725_011123,yolo,yolo_yolov8s_20260725_011123,yolov8s.pt,/root/autodl-fs/datasets/DAIR-V2X_YOLO/dairv2x.yaml,train,30,2163.313993692398,0.81663,0.46917,0.8257,0.86138,0.80488,0.86954,0.6388,0.79375,0.4537,0.81866,0.0005938457,0.0005938457,0.0005938457,,
yolo_yolov8s_20260725_011123,yolo,yolo_yolov8s_20260725_011123,yolov8s.pt,/root/autodl-fs/datasets/DAIR-V2X_YOLO/dairv2x.yaml,train,31,2235.1184544563293,0.81816,0.46868,0.82583,0.85661,0.81221,0.87187,0.64454,0.78996,0.44928,0.81841,0.0005855989999999999,0.0005855989999999999,0.0005855989999999999,,
yolo_yolov8s_20260725_011123,yolo,yolo_yolov8s_20260725_011123,yolov8s.pt,/root/autodl-fs/datasets/DAIR-V2X_YOLO/dairv2x.yaml,train,32,2307.295634508133,0.81402,0.46762,0.82546,0.85929,0.81421,0.87417,0.64659,0.79237,0.44584,0.81822,0.0005773522999999999,0.0005773522999999999,0.0005773522999999999,,
yolo_yolov8s_20260725_011123,yolo,yolo_yolov8s_20260725_011123,yolov8s.pt,/root/autodl-fs/datasets/DAIR-V2X_YOLO/dairv2x.yaml,train,33,2379.208610057831,0.81079,0.46333,0.82475,0.85405,0.8236,0.87671,0.64741,0.78576,0.44621,0.81809,0.0005691056,0.0005691056,0.0005691056,,
yolo_yolov8s_20260725_011123,yolo,yolo_yolov8s_20260725_011123,yolov8s.pt,/root/autodl-fs/datasets/DAIR-V2X_YOLO/dairv2x.yaml,train,34,2451.004562854767,0.81069,0.46759,0.82499,0.8572,0.81576,0.87279,0.64357,0.78416,0.44786,0.81699,0.0005608588999999999,0.0005608588999999999,0.0005608588999999999,,
yolo_yolov8s_20260725_011123,yolo,yolo_yolov8s_20260725_011123,yolov8s.pt,/root/autodl-fs/datasets/DAIR-V2X_YOLO/dairv2x.yaml,train,35,2522.4531462192535,0.80914,0.46296,0.82489,0.85683,0.82433,0.87526,0.64638,0.78592,0.44668,0.8174,0.0005526121999999999,0.0005526121999999999,0.0005526121999999999,,
yolo_yolov8s_20260725_011123,yolo,yolo_yolov8s_20260725_011123,yolov8s.pt,/root/autodl-fs/datasets/DAIR-V2X_YOLO/dairv2x.yaml,train,36,2594.032742023468,0.80546,0.4602,0.82393,0.86218,0.81643,0.87859,0.65085,0.78058,0.44247,0.81662,0.0005443655,0.0005443655,0.0005443655,,
yolo_yolov8s_20260725_011123,yolo,yolo_yolov8s_20260725_011123,yolov8s.pt,/root/autodl-fs/datasets/DAIR-V2X_YOLO/dairv2x.yaml,train,37,2666.3899788856506,0.80551,0.46064,0.82352,0.85482,0.82589,0.87292,0.64634,0.78019,0.44201,0.81681,0.0005361188,0.0005361188,0.0005361188,,
yolo_yolov8s_20260725_011123,yolo,yolo_yolov8s_20260725_011123,yolov8s.pt,/root/autodl-fs/datasets/DAIR-V2X_YOLO/dairv2x.yaml,train,38,2738.3001017570496,0.80487,0.45898,0.82403,0.86102,0.82289,0.87746,0.65028,0.7825,0.4406,0.81757,0.0005278721,0.0005278721,0.0005278721,,
yolo_yolov8s_20260725_011123,yolo,yolo_yolov8s_20260725_011123,yolov8s.pt,/root/autodl-fs/datasets/DAIR-V2X_YOLO/dairv2x.yaml,train,39,2810.0182490348816,0.80058,0.45942,0.82374,0.86433,0.81976,0.8786,0.65078,0.77868,0.4389,0.81623,0.0005196254,0.0005196254,0.0005196254,,
yolo_yolov8s_20260725_011123,yolo,yolo_yolov8s_20260725_011123,yolov8s.pt,/root/autodl-fs/datasets/DAIR-V2X_YOLO/dairv2x.yaml,train,40,2881.5286321640015,0.80027,0.4563,0.82234,0.85737,0.82571,0.87724,0.65079,0.77853,0.4369,0.81635,0.0005113787,0.0005113787,0.0005113787,,
yolo_yolov8s_20260725_011123,yolo,yolo_yolov8s_20260725_011123,yolov8s.pt,/root/autodl-fs/datasets/DAIR-V2X_YOLO/dairv2x.yaml,train,41,2953.0528767108917,0.79744,0.45322,0.82381,0.85652,0.82766,0.88075,0.65485,0.77069,0.4354,0.81447,0.000503132,0.000503132,0.000503132,,
yolo_yolov8s_20260725_011123,yolo,yolo_yolov8s_20260725_011123,yolov8s.pt,/root/autodl-fs/datasets/DAIR-V2X_YOLO/dairv2x.yaml,train,42,3025.214519262314,0.79617,0.45272,0.82239,0.85583,0.82124,0.87762,0.65131,0.77308,0.43807,0.81591,0.0004948853,0.0004948853,0.0004948853,,
yolo_yolov8s_20260725_011123,yolo,yolo_yolov8s_20260725_011123,yolov8s.pt,/root/autodl-fs/datasets/DAIR-V2X_YOLO/dairv2x.yaml,train,43,3097.1272389888763,0.7925,0.45073,0.82215,0.85699,0.82985,0.88062,0.65752,0.76922,0.43526,0.81521,0.00048663860000000005,0.00048663860000000005,0.00048663860000000005,,
yolo_yolov8s_20260725_011123,yolo,yolo_yolov8s_20260725_011123,yolov8s.pt,/root/autodl-fs/datasets/DAIR-V2X_YOLO/dairv2x.yaml,train,44,3168.915172100067,0.79429,0.4517,0.82129,0.85225,0.82973,0.87933,0.65771,0.77037,0.43525,0.81498,0.00047839190000000003,0.00047839190000000003,0.00047839190000000003,,
yolo_yolov8s_20260725_011123,yolo,yolo_yolov8s_20260725_011123,yolov8s.pt,/root/autodl-fs/datasets/DAIR-V2X_YOLO/dairv2x.yaml,train,45,3240.7385041713715,0.78731,0.44689,0.8203,0.86448,0.82702,0.87983,0.65798,0.7667,0.43289,0.81505,0.0004701452,0.0004701452,0.0004701452,,
yolo_yolov8s_20260725_011123,yolo,yolo_yolov8s_20260725_011123,yolov8s.pt,/root/autodl-fs/datasets/DAIR-V2X_YOLO/dairv2x.yaml,train,46,3312.303849220276,0.78746,0.44603,0.82163,0.86261,0.82914,0.88198,0.65759,0.76927,0.43173,0.81477,0.0004618985,0.0004618985,0.0004618985,,
yolo_yolov8s_20260725_011123,yolo,yolo_yolov8s_20260725_011123,yolov8s.pt,/root/autodl-fs/datasets/DAIR-V2X_YOLO/dairv2x.yaml,train,47,3384.338308095932,0.78742,0.44625,0.82031,0.86344,0.82083,0.88001,0.65644,0.76678,0.43156,0.81463,0.00045365180000000007,0.00045365180000000007,0.00045365180000000007,,
yolo_yolov8s_20260725_011123,yolo,yolo_yolov8s_20260725_011123,yolov8s.pt,/root/autodl-fs/datasets/DAIR-V2X_YOLO/dairv2x.yaml,train,48,3456.212333679199,0.7861,0.44646,0.82156,0.85737,0.82661,0.88013,0.65746,0.76815,0.43217,0.81477,0.00044540510000000004,0.00044540510000000004,0.00044540510000000004,,
yolo_yolov8s_20260725_011123,yolo,yolo_yolov8s_20260725_011123,yolov8s.pt,/root/autodl-fs/datasets/DAIR-V2X_YOLO/dairv2x.yaml,train,49,3527.9671664237976,0.78311,0.44179,0.82053,0.85485,0.83161,0.87956,0.65729,0.7646,0.42929,0.81442,0.0004371584,0.0004371584,0.0004371584,,
yolo_yolov8s_20260725_011123,yolo,yolo_yolov8s_20260725_011123,yolov8s.pt,/root/autodl-fs/datasets/DAIR-V2X_YOLO/dairv2x.yaml,train,50,3599.4420371055603,0.78176,0.44203,0.82039,0.86444,0.82455,0.87937,0.65846,0.7639,0.42824,0.81458,0.0004289117,0.0004289117,0.0004289117,,
yolo_yolov8s_20260725_011123,yolo,yolo_yolov8s_20260725_011123,yolov8s.pt,/root/autodl-fs/datasets/DAIR-V2X_YOLO/dairv2x.yaml,train,51,3670.9683203697205,0.78044,0.43956,0.81985,0.85967,0.82855,0.88455,0.66016,0.76371,0.42689,0.81484,0.00042066499999999997,0.00042066499999999997,0.00042066499999999997,,
yolo_yolov8s_20260725_011123,yolo,yolo_yolov8s_20260725_011123,yolov8s.pt,/root/autodl-fs/datasets/DAIR-V2X_YOLO/dairv2x.yaml,train,52,3742.9691104888916,0.77622,0.43725,0.81984,0.86181,0.83079,0.88258,0.65984,0.76129,0.42771,0.81388,0.00041241829999999995,0.00041241829999999995,0.00041241829999999995,,
yolo_yolov8s_20260725_011123,yolo,yolo_yolov8s_20260725_011123,yolov8s.pt,/root/autodl-fs/datasets/DAIR-V2X_YOLO/dairv2x.yaml,train,53,3814.8302731513977,0.77581,0.43742,0.81915,0.86565,0.82654,0.88061,0.66064,0.76081,0.42697,0.8141,0.0004041716,0.0004041716,0.0004041716,,
yolo_yolov8s_20260725_011123,yolo,yolo_yolov8s_20260725_011123,yolov8s.pt,/root/autodl-fs/datasets/DAIR-V2X_YOLO/dairv2x.yaml,train,54,3886.607631921768,0.77721,0.43649,0.81996,0.86496,0.8259,0.87774,0.65743,0.75908,0.4273,0.81404,0.0003959249,0.0003959249,0.0003959249,,
yolo_yolov8s_20260725_011123,yolo,yolo_yolov8s_20260725_011123,yolov8s.pt,/root/autodl-fs/datasets/DAIR-V2X_YOLO/dairv2x.yaml,train,55,3958.315001010895,0.77462,0.43545,0.81868,0.86328,0.82961,0.88171,0.66069,0.75913,0.42617,0.81417,0.0003876782,0.0003876782,0.0003876782,,
yolo_yolov8s_20260725_011123,yolo,yolo_yolov8s_20260725_011123,yolov8s.pt,/root/autodl-fs/datasets/DAIR-V2X_YOLO/dairv2x.yaml,train,56,4030.0318689346313,0.77299,0.43535,0.81891,0.8701,0.82489,0.88109,0.66034,0.75944,0.42488,0.81403,0.00037943149999999996,0.00037943149999999996,0.00037943149999999996,,
yolo_yolov8s_20260725_011123,yolo,yolo_yolov8s_20260725_011123,yolov8s.pt,/root/autodl-fs/datasets/DAIR-V2X_YOLO/dairv2x.yaml,train,57,4102.114661693573,0.77315,0.43352,0.819,0.86155,0.83946,0.88394,0.66369,0.75742,0.42253,0.81379,0.00037118479999999994,0.00037118479999999994,0.00037118479999999994,,
yolo_yolov8s_20260725_011123,yolo,yolo_yolov8s_20260725_011123,yolov8s.pt,/root/autodl-fs/datasets/DAIR-V2X_YOLO/dairv2x.yaml,train,58,4174.070737123489,0.76715,0.43147,0.81829,0.86502,0.83379,0.8833,0.66053,0.75754,0.42351,0.81382,0.0003629381,0.0003629381,0.0003629381,,
yolo_yolov8s_20260725_011123,yolo,yolo_yolov8s_20260725_011123,yolov8s.pt,/root/autodl-fs/datasets/DAIR-V2X_YOLO/dairv2x.yaml,train,59,4245.832943916321,0.76848,0.43142,0.81808,0.8638,0.83381,0.88678,0.66692,0.75401,0.41923,0.81353,0.00035469140000000005,0.00035469140000000005,0.00035469140000000005,,
yolo_yolov8s_20260725_011123,yolo,yolo_yolov8s_20260725_011123,yolov8s.pt,/root/autodl-fs/datasets/DAIR-V2X_YOLO/dairv2x.yaml,train,60,4317.5173099040985,0.76854,0.43042,0.8179,0.87266,0.83234,0.88832,0.66626,0.75237,0.41926,0.81314,0.00034644470000000003,0.00034644470000000003,0.00034644470000000003,,
yolo_yolov8s_20260725_011123,yolo,yolo_yolov8s_20260725_011123,yolov8s.pt,/root/autodl-fs/datasets/DAIR-V2X_YOLO/dairv2x.yaml,train,61,4389.112879514694,0.76578,0.43048,0.81732,0.86857,0.83001,0.88462,0.66431,0.75428,0.41899,0.81312,0.000338198,0.000338198,0.000338198,,
yolo_yolov8s_20260725_011123,yolo,yolo_yolov8s_20260725_011123,yolov8s.pt,/root/autodl-fs/datasets/DAIR-V2X_YOLO/dairv2x.yaml,train,62,4461.046162366867,0.76399,0.42765,0.81832,0.85638,0.83987,0.88452,0.66446,0.75314,0.41851,0.8131,0.0003299513,0.0003299513,0.0003299513,,
yolo_yolov8s_20260725_011123,yolo,yolo_yolov8s_20260725_011123,yolov8s.pt,/root/autodl-fs/datasets/DAIR-V2X_YOLO/dairv2x.yaml,train,63,4532.794246912003,0.76171,0.4262,0.81677,0.86991,0.82732,0.88511,0.66709,0.75134,0.41866,0.81258,0.00032170459999999996,0.00032170459999999996,0.00032170459999999996,,
yolo_yolov8s_20260725_011123,yolo,yolo_yolov8s_20260725_011123,yolov8s.pt,/root/autodl-fs/datasets/DAIR-V2X_YOLO/dairv2x.yaml,train,64,4604.774074792862,0.76191,0.42556,0.81678,0.85841,0.83899,0.8845,0.66723,0.74966,0.4183,0.81247,0.0003134579,0.0003134579,0.0003134579,,
yolo_yolov8s_20260725_011123,yolo,yolo_yolov8s_20260725_011123,yolov8s.pt,/root/autodl-fs/datasets/DAIR-V2X_YOLO/dairv2x.yaml,train,65,4676.557236194611,0.75773,0.42247,0.8171,0.86438,0.82948,0.88344,0.66636,0.75179,0.41723,0.81279,0.0003052112,0.0003052112,0.0003052112,,
yolo_yolov8s_20260725_011123,yolo,yolo_yolov8s_20260725_011123,yolov8s.pt,/root/autodl-fs/datasets/DAIR-V2X_YOLO/dairv2x.yaml,train,66,4748.573153495789,0.75764,0.42311,0.81684,0.85364,0.84244,0.88473,0.66699,0.74888,0.41585,0.81263,0.0002969645,0.0002969645,0.0002969645,,
yolo_yolov8s_20260725_011123,yolo,yolo_yolov8s_20260725_011123,yolov8s.pt,/root/autodl-fs/datasets/DAIR-V2X_YOLO/dairv2x.yaml,train,67,4820.891592979431,0.75851,0.42179,0.81599,0.86009,0.83537,0.88409,0.66738,0.74973,0.41524,0.81257,0.00028871779999999997,0.00028871779999999997,0.00028871779999999997,,
yolo_yolov8s_20260725_011123,yolo,yolo_yolov8s_20260725_011123,yolov8s.pt,/root/autodl-fs/datasets/DAIR-V2X_YOLO/dairv2x.yaml,train,68,4892.816971063614,0.75595,0.42108,0.81598,0.86156,0.83683,0.88267,0.66663,0.74791,0.41534,0.81213,0.00028047109999999994,0.00028047109999999994,0.00028047109999999994,,
yolo_yolov8s_20260725_011123,yolo,yolo_yolov8s_20260725_011123,yolov8s.pt,/root/autodl-fs/datasets/DAIR-V2X_YOLO/dairv2x.yaml,train,69,4964.608893632889,0.75333,0.41823,0.81579,0.86821,0.83197,0.88668,0.66859,0.74969,0.41646,0.81259,0.0002722244,0.0002722244,0.0002722244,,
yolo_yolov8s_20260725_011123,yolo,yolo_yolov8s_20260725_011123,yolov8s.pt,/root/autodl-fs/datasets/DAIR-V2X_YOLO/dairv2x.yaml,train,70,5036.744048118591,0.75115,0.41649,0.81535,0.86099,0.83776,0.88545,0.66882,0.74883,0.41451,0.81198,0.00026397770000000006,0.00026397770000000006,0.00026397770000000006,,
yolo_yolov8s_20260725_011123,yolo,yolo_yolov8s_20260725_011123,yolov8s.pt,/root/autodl-fs/datasets/DAIR-V2X_YOLO/dairv2x.yaml,train,71,5108.541132926941,0.7551,0.41948,0.8159,0.86146,0.83696,0.88399,0.66763,0.74753,0.41343,0.81219,0.00025573100000000004,0.00025573100000000004,0.00025573100000000004,,
yolo_yolov8s_20260725_011123,yolo,yolo_yolov8s_20260725_011123,yolov8s.pt,/root/autodl-fs/datasets/DAIR-V2X_YOLO/dairv2x.yaml,train,72,5180.742962360382,0.75213,0.41596,0.81505,0.87016,0.83074,0.88539,0.66886,0.74847,0.41292,0.812,0.0002474843,0.0002474843,0.0002474843,,
yolo_yolov8s_20260725_011123,yolo,yolo_yolov8s_20260725_011123,yolov8s.pt,/root/autodl-fs/datasets/DAIR-V2X_YOLO/dairv2x.yaml,train,73,5252.775217533112,0.74754,0.41428,0.81484,0.86862,0.8324,0.88492,0.66915,0.74599,0.41166,0.81186,0.0002392376,0.0002392376,0.0002392376,,
yolo_yolov8s_20260725_011123,yolo,yolo_yolov8s_20260725_011123,yolov8s.pt,/root/autodl-fs/datasets/DAIR-V2X_YOLO/dairv2x.yaml,train,74,5324.667419433594,0.74836,0.41585,0.81507,0.86466,0.8374,0.88475,0.66883,0.74315,0.41135,0.81158,0.00023099090000000002,0.00023099090000000002,0.00023099090000000002,,
yolo_yolov8s_20260725_011123,yolo,yolo_yolov8s_20260725_011123,yolov8s.pt,/root/autodl-fs/datasets/DAIR-V2X_YOLO/dairv2x.yaml,train,75,5396.425226211548,0.7459,0.41228,0.81419,0.85968,0.83618,0.88239,0.66697,0.74519,0.41111,0.81179,0.00022274420000000002,0.00022274420000000002,0.00022274420000000002,,
yolo_yolov8s_20260725_011123,yolo,yolo_yolov8s_20260725_011123,yolov8s.pt,/root/autodl-fs/datasets/DAIR-V2X_YOLO/dairv2x.yaml,train,76,5468.511098384857,0.74443,0.41095,0.81485,0.8613,0.83845,0.88633,0.67017,0.74498,0.40916,0.81195,0.0002144975,0.0002144975,0.0002144975,,
yolo_yolov8s_20260725_011123,yolo,yolo_yolov8s_20260725_011123,yolov8s.pt,/root/autodl-fs/datasets/DAIR-V2X_YOLO/dairv2x.yaml,train,77,5540.676739454269,0.74201,0.41119,0.81478,0.86155,0.83913,0.88681,0.67024,0.74635,0.41001,0.81203,0.00020625079999999997,0.00020625079999999997,0.00020625079999999997,,
yolo_yolov8s_20260725_011123,yolo,yolo_yolov8s_20260725_011123,yolov8s.pt,/root/autodl-fs/datasets/DAIR-V2X_YOLO/dairv2x.yaml,train,78,5612.682297706604,0.742,0.40997,0.81469,0.86894,0.83339,0.88648,0.67036,0.74359,0.41065,0.81158,0.00019800409999999998,0.00019800409999999998,0.00019800409999999998,,
yolo_yolov8s_20260725_011123,yolo,yolo_yolov8s_20260725_011123,yolov8s.pt,/root/autodl-fs/datasets/DAIR-V2X_YOLO/dairv2x.yaml,train,79,5684.52644276619,0.73905,0.40834,0.81292,0.85962,0.84265,0.88508,0.67116,0.74045,0.40948,0.81112,0.00018975739999999998,0.00018975739999999998,0.00018975739999999998,,
yolo_yolov8s_20260725_011123,yolo,yolo_yolov8s_20260725_011123,yolov8s.pt,/root/autodl-fs/datasets/DAIR-V2X_YOLO/dairv2x.yaml,train,80,5756.153759241104,0.74008,0.40844,0.8132,0.86417,0.83751,0.88501,0.66965,0.74132,0.4094,0.8112,0.00018151069999999998,0.00018151069999999998,0.00018151069999999998,,
yolo_yolov8s_20260725_011123,yolo,yolo_yolov8s_20260725_011123,yolov8s.pt,/root/autodl-fs/datasets/DAIR-V2X_YOLO/dairv2x.yaml,train,81,5827.682521343231,0.73656,0.4063,0.81355,0.86508,0.83774,0.88622,0.67051,0.74145,0.40879,0.81122,0.00017326399999999996,0.00017326399999999996,0.00017326399999999996,,
yolo_yolov8s_20260725_011123,yolo,yolo_yolov8s_20260725_011123,yolov8s.pt,/root/autodl-fs/datasets/DAIR-V2X_YOLO/dairv2x.yaml,train,82,5899.811272621155,0.7353,0.40512,0.81332,0.8635,0.84147,0.88647,0.67277,0.74145,0.40782,0.81112,0.00016501729999999994,0.00016501729999999994,0.00016501729999999994,,
yolo_yolov8s_20260725_011123,yolo,yolo_yolov8s_20260725_011123,yolov8s.pt,/root/autodl-fs/datasets/DAIR-V2X_YOLO/dairv2x.yaml,train,83,5971.689872264862,0.73616,0.4042,0.81358,0.86129,0.84099,0.88513,0.67168,0.74194,0.40859,0.81095,0.00015677060000000005,0.00015677060000000005,0.00015677060000000005,,
yolo_yolov8s_20260725_011123,yolo,yolo_yolov8s_20260725_011123,yolov8s.pt,/root/autodl-fs/datasets/DAIR-V2X_YOLO/dairv2x.yaml,train,84,6043.834636688232,0.73403,0.40324,0.81269,0.8671,0.83774,0.88472,0.67058,0.74168,0.40952,0.81107,0.00014852390000000002,0.00014852390000000002,0.00014852390000000002,,
yolo_yolov8s_20260725_011123,yolo,yolo_yolov8s_20260725_011123,yolov8s.pt,/root/autodl-fs/datasets/DAIR-V2X_YOLO/dairv2x.yaml,train,85,6115.736414432526,0.73202,0.4021,0.81294,0.86182,0.84064,0.88589,0.67132,0.74143,0.41052,0.81116,0.00014027720000000003,0.00014027720000000003,0.00014027720000000003,,
yolo_yolov8s_20260725_011123,yolo,yolo_yolov8s_20260725_011123,yolov8s.pt,/root/autodl-fs/datasets/DAIR-V2X_YOLO/dairv2x.yaml,train,86,6187.425099611282,0.7323,0.40117,0.81203,0.86546,0.84196,0.88581,0.67214,0.73989,0.4086,0.81103,0.00013203050000000003,0.00013203050000000003,0.00013203050000000003,,
yolo_yolov8s_20260725_011123,yolo,yolo_yolov8s_20260725_011123,yolov8s.pt,/root/autodl-fs/datasets/DAIR-V2X_YOLO/dairv2x.yaml,train,87,6259.517189502716,0.73121,0.40033,0.81255,0.868,0.83691,0.88503,0.67157,0.74122,0.4085,0.81107,0.0001237838,0.0001237838,0.0001237838,,
yolo_yolov8s_20260725_011123,yolo,yolo_yolov8s_20260725_011123,yolov8s.pt,/root/autodl-fs/datasets/DAIR-V2X_YOLO/dairv2x.yaml,train,88,6331.243908405304,0.72772,0.39933,0.81244,0.86595,0.83507,0.88604,0.67224,0.7404,0.4082,0.81114,0.00011553710000000001,0.00011553710000000001,0.00011553710000000001,,
yolo_yolov8s_20260725_011123,yolo,yolo_yolov8s_20260725_011123,yolov8s.pt,/root/autodl-fs/datasets/DAIR-V2X_YOLO/dairv2x.yaml,train,89,6403.080114126205,0.72603,0.39827,0.81249,0.86395,0.83846,0.88604,0.67162,0.74093,0.40782,0.81104,0.0001072904,0.0001072904,0.0001072904,,
yolo_yolov8s_20260725_011123,yolo,yolo_yolov8s_20260725_011123,yolov8s.pt,/root/autodl-fs/datasets/DAIR-V2X_YOLO/dairv2x.yaml,train,90,6474.678343296051,0.7283,0.39859,0.81274,0.86196,0.84003,0.8847,0.67159,0.73949,0.40665,0.81096,9.904369999999997e-05,9.904369999999997e-05,9.904369999999997e-05,,
yolo_yolov8s_20260725_011123,yolo,yolo_yolov8s_20260725_011123,yolov8s.pt,/root/autodl-fs/datasets/DAIR-V2X_YOLO/dairv2x.yaml,train,91,6541.547272443771,0.70413,0.3865,0.8077,0.8642,0.8363,0.88401,0.66909,0.74474,0.40986,0.81179,9.079699999999998e-05,9.079699999999998e-05,9.079699999999998e-05,,
yolo_yolov8s_20260725_011123,yolo,yolo_yolov8s_20260725_011123,yolov8s.pt,/root/autodl-fs/datasets/DAIR-V2X_YOLO/dairv2x.yaml,train,92,6608.126624345779,0.70124,0.38267,0.8061,0.86643,0.83233,0.88506,0.66939,0.74551,0.40986,0.81172,8.255029999999997e-05,8.255029999999997e-05,8.255029999999997e-05,,
yolo_yolov8s_20260725_011123,yolo,yolo_yolov8s_20260725_011123,yolov8s.pt,/root/autodl-fs/datasets/DAIR-V2X_YOLO/dairv2x.yaml,train,93,6674.590487241745,0.69615,0.38042,0.80634,0.86507,0.8322,0.88556,0.66947,0.74405,0.40939,0.81172,7.430359999999997e-05,7.430359999999997e-05,7.430359999999997e-05,,
yolo_yolov8s_20260725_011123,yolo,yolo_yolov8s_20260725_011123,yolov8s.pt,/root/autodl-fs/datasets/DAIR-V2X_YOLO/dairv2x.yaml,train,94,6740.973587274551,0.6948,0.37949,0.80701,0.86539,0.83382,0.88541,0.6701,0.74313,0.40884,0.81139,6.605689999999995e-05,6.605689999999995e-05,6.605689999999995e-05,,
yolo_yolov8s_20260725_011123,yolo,yolo_yolov8s_20260725_011123,yolov8s.pt,/root/autodl-fs/datasets/DAIR-V2X_YOLO/dairv2x.yaml,train,95,6807.312063217163,0.69188,0.37715,0.80581,0.86918,0.82978,0.88355,0.66956,0.74201,0.40899,0.81134,5.781020000000004e-05,5.781020000000004e-05,5.781020000000004e-05,,
yolo_yolov8s_20260725_011123,yolo,yolo_yolov8s_20260725_011123,yolov8s.pt,/root/autodl-fs/datasets/DAIR-V2X_YOLO/dairv2x.yaml,train,96,6873.669350147247,0.6908,0.37607,0.80572,0.86728,0.83231,0.8843,0.66997,0.74167,0.4083,0.81133,4.9563500000000035e-05,4.9563500000000035e-05,4.9563500000000035e-05,,
yolo_yolov8s_20260725_011123,yolo,yolo_yolov8s_20260725_011123,yolov8s.pt,/root/autodl-fs/datasets/DAIR-V2X_YOLO/dairv2x.yaml,train,97,6939.884933948517,0.68994,0.37454,0.8053,0.87074,0.82804,0.88475,0.6702,0.74158,0.40791,0.81127,4.131680000000003e-05,4.131680000000003e-05,4.131680000000003e-05,,
yolo_yolov8s_20260725_011123,yolo,yolo_yolov8s_20260725_011123,yolov8s.pt,/root/autodl-fs/datasets/DAIR-V2X_YOLO/dairv2x.yaml,train,98,7006.520240306854,0.68829,0.37376,0.80506,0.86755,0.83026,0.88462,0.67079,0.74197,0.40768,0.8113,3.307010000000002e-05,3.307010000000002e-05,3.307010000000002e-05,,
yolo_yolov8s_20260725_011123,yolo,yolo_yolov8s_20260725_011123,yolov8s.pt,/root/autodl-fs/datasets/DAIR-V2X_YOLO/dairv2x.yaml,train,99,7073.3225066661835,0.68491,0.37134,0.80444,0.87279,0.82756,0.88444,0.67065,0.74113,0.4077,0.8113,2.4823400000000017e-05,2.4823400000000017e-05,2.4823400000000017e-05,,
yolo_yolov8s_20260725_011123,yolo,yolo_yolov8s_20260725_011123,yolov8s.pt,/root/autodl-fs/datasets/DAIR-V2X_YOLO/dairv2x.yaml,train,100,7139.685340642929,0.68599,0.37193,0.80485,0.86902,0.82934,0.88484,0.67114,0.7409,0.40719,0.81124,1.6576700000000007e-05,1.6576700000000007e-05,1.6576700000000007e-05,,
