run_id,framework,experiment,model,dataset,record_type,epoch,time,train/box_loss,train/cls_loss,train/dfl_loss,metrics/precision(B),metrics/recall(B),metrics/mAP50(B),metrics/mAP50-95(B),val/box_loss,val/cls_loss,val/dfl_loss,lr/pg0,lr/pg1,lr/pg2,train/total_loss,val/total_loss
yolo_yolov5m_20260714_182913,yolo,yolo_yolov5m_20260714_182913,yolov5m.pt,/root/autodl-fs/datasets/DAIR-V2X_YOLO/dairv2x.yaml,train,1,127.75719833374023,1.07919,0.88693,0.89251,0.80351,0.73642,0.79853,0.53683,0.94536,0.57506,0.84695,0.0002767879746835443,0.0002767879746835443,0.0002767879746835443,,
yolo_yolov5m_20260714_182913,yolo,yolo_yolov5m_20260714_182913,yolov5m.pt,/root/autodl-fs/datasets/DAIR-V2X_YOLO/dairv2x.yaml,train,2,250.45913743972778,0.97729,0.61,0.85912,0.80967,0.75549,0.81508,0.5604,0.91658,0.5632,0.84164,0.0005489655404008439,0.0005489655404008439,0.0005489655404008439,,
yolo_yolov5m_20260714_182913,yolo,yolo_yolov5m_20260714_182913,yolov5m.pt,/root/autodl-fs/datasets/DAIR-V2X_YOLO/dairv2x.yaml,train,3,935.3673942089081,0.95701,0.5801,0.85336,0.83849,0.76268,0.82965,0.58442,0.88303,0.53261,0.83655,0.0008156453061181434,0.0008156453061181434,0.0008156453061181434,,
yolo_yolov5m_20260714_182913,yolo,yolo_yolov5m_20260714_182913,yolov5m.pt,/root/autodl-fs/datasets/DAIR-V2X_YOLO/dairv2x.yaml,train,4,1340.7869267463684,0.93149,0.55986,0.8483,0.83631,0.78047,0.83776,0.59153,0.87408,0.51599,0.83482,0.0008082599,0.0008082599,0.0008082599,,
yolo_yolov5m_20260714_182913,yolo,yolo_yolov5m_20260714_182913,yolov5m.pt,/root/autodl-fs/datasets/DAIR-V2X_YOLO/dairv2x.yaml,train,5,1541.1111199855804,0.91349,0.54576,0.84686,0.84145,0.77889,0.84422,0.60142,0.86176,0.51708,0.83166,0.0008000131999999999,0.0008000131999999999,0.0008000131999999999,,
yolo_yolov5m_20260714_182913,yolo,yolo_yolov5m_20260714_182913,yolov5m.pt,/root/autodl-fs/datasets/DAIR-V2X_YOLO/dairv2x.yaml,train,6,1672.2402746677399,0.89865,0.53132,0.84265,0.84987,0.79252,0.85502,0.60986,0.85465,0.49623,0.83116,0.0007917665,0.0007917665,0.0007917665,,
yolo_yolov5m_20260714_182913,yolo,yolo_yolov5m_20260714_182913,yolov5m.pt,/root/autodl-fs/datasets/DAIR-V2X_YOLO/dairv2x.yaml,train,7,1852.8973486423492,0.88468,0.51821,0.84044,0.83684,0.80395,0.85343,0.6141,0.83734,0.47997,0.82934,0.0007835197999999999,0.0007835197999999999,0.0007835197999999999,,
yolo_yolov5m_20260714_182913,yolo,yolo_yolov5m_20260714_182913,yolov5m.pt,/root/autodl-fs/datasets/DAIR-V2X_YOLO/dairv2x.yaml,train,8,1973.7916469573975,0.87654,0.51341,0.83961,0.84788,0.78784,0.85263,0.61567,0.84049,0.49429,0.82944,0.0007752731,0.0007752731,0.0007752731,,
yolo_yolov5m_20260714_182913,yolo,yolo_yolov5m_20260714_182913,yolov5m.pt,/root/autodl-fs/datasets/DAIR-V2X_YOLO/dairv2x.yaml,train,9,2172.947496175766,0.86681,0.50926,0.83706,0.85893,0.80088,0.86079,0.62335,0.82353,0.4759,0.82755,0.0007670264,0.0007670264,0.0007670264,,
yolo_yolov5m_20260714_182913,yolo,yolo_yolov5m_20260714_182913,yolov5m.pt,/root/autodl-fs/datasets/DAIR-V2X_YOLO/dairv2x.yaml,train,10,2387.9436700344086,0.86281,0.50808,0.83764,0.8097,0.813,0.85781,0.62181,0.82859,0.48785,0.82667,0.0007587797,0.0007587797,0.0007587797,,
yolo_yolov5m_20260714_182913,yolo,yolo_yolov5m_20260714_182913,yolov5m.pt,/root/autodl-fs/datasets/DAIR-V2X_YOLO/dairv2x.yaml,train,11,2535.4516010284424,0.85612,0.4981,0.83565,0.83972,0.81164,0.86268,0.62614,0.82021,0.47168,0.82646,0.000750533,0.000750533,0.000750533,,
yolo_yolov5m_20260714_182913,yolo,yolo_yolov5m_20260714_182913,yolov5m.pt,/root/autodl-fs/datasets/DAIR-V2X_YOLO/dairv2x.yaml,train,12,2659.254761695862,0.84767,0.49186,0.83428,0.84767,0.80864,0.86324,0.62257,0.8261,0.47854,0.82662,0.0007422863,0.0007422863,0.0007422863,,
yolo_yolov5m_20260714_182913,yolo,yolo_yolov5m_20260714_182913,yolov5m.pt,/root/autodl-fs/datasets/DAIR-V2X_YOLO/dairv2x.yaml,train,13,3008.4239275455475,0.84498,0.493,0.83433,0.84902,0.7997,0.86078,0.62436,0.81262,0.47299,0.82433,0.0007340396,0.0007340396,0.0007340396,,
yolo_yolov5m_20260714_182913,yolo,yolo_yolov5m_20260714_182913,yolov5m.pt,/root/autodl-fs/datasets/DAIR-V2X_YOLO/dairv2x.yaml,train,14,3129.7789108753204,0.84041,0.48762,0.83264,0.84883,0.80952,0.86725,0.63779,0.8059,0.46622,0.82278,0.0007257928999999999,0.0007257928999999999,0.0007257928999999999,,
yolo_yolov5m_20260714_182913,yolo,yolo_yolov5m_20260714_182913,yolov5m.pt,/root/autodl-fs/datasets/DAIR-V2X_YOLO/dairv2x.yaml,train,15,3323.580907344818,0.83276,0.48525,0.82955,0.86188,0.79757,0.87239,0.64156,0.80184,0.46455,0.82178,0.0007175462,0.0007175462,0.0007175462,,
yolo_yolov5m_20260714_182913,yolo,yolo_yolov5m_20260714_182913,yolov5m.pt,/root/autodl-fs/datasets/DAIR-V2X_YOLO/dairv2x.yaml,train,16,3446.826129436493,0.8248,0.47724,0.83066,0.84996,0.82183,0.87586,0.6467,0.78964,0.45915,0.8208,0.0007092995,0.0007092995,0.0007092995,,
yolo_yolov5m_20260714_182913,yolo,yolo_yolov5m_20260714_182913,yolov5m.pt,/root/autodl-fs/datasets/DAIR-V2X_YOLO/dairv2x.yaml,train,17,3577.4855246543884,0.82157,0.47424,0.82913,0.86413,0.80707,0.87102,0.63935,0.79503,0.45855,0.81962,0.0007010528,0.0007010528,0.0007010528,,
yolo_yolov5m_20260714_182913,yolo,yolo_yolov5m_20260714_182913,yolov5m.pt,/root/autodl-fs/datasets/DAIR-V2X_YOLO/dairv2x.yaml,train,18,3844.571421146393,0.82391,0.474,0.82946,0.85592,0.81719,0.87383,0.64685,0.7838,0.44724,0.81899,0.0006928061,0.0006928061,0.0006928061,,
yolo_yolov5m_20260714_182913,yolo,yolo_yolov5m_20260714_182913,yolov5m.pt,/root/autodl-fs/datasets/DAIR-V2X_YOLO/dairv2x.yaml,train,19,3970.618450164795,0.81353,0.4701,0.82846,0.85909,0.80973,0.87161,0.64147,0.79545,0.45235,0.82048,0.0006845594000000001,0.0006845594000000001,0.0006845594000000001,,
yolo_yolov5m_20260714_182913,yolo,yolo_yolov5m_20260714_182913,yolov5m.pt,/root/autodl-fs/datasets/DAIR-V2X_YOLO/dairv2x.yaml,train,20,4206.006576538086,0.81333,0.46729,0.82773,0.85636,0.82627,0.8825,0.65115,0.78605,0.45059,0.81925,0.0006763127,0.0006763127,0.0006763127,,
yolo_yolov5m_20260714_182913,yolo,yolo_yolov5m_20260714_182913,yolov5m.pt,/root/autodl-fs/datasets/DAIR-V2X_YOLO/dairv2x.yaml,train,21,4328.3488483428955,0.81104,0.46857,0.82684,0.85893,0.81481,0.87668,0.64942,0.77938,0.44361,0.81811,0.000668066,0.000668066,0.000668066,,
yolo_yolov5m_20260714_182913,yolo,yolo_yolov5m_20260714_182913,yolov5m.pt,/root/autodl-fs/datasets/DAIR-V2X_YOLO/dairv2x.yaml,train,22,4539.034971237183,0.80683,0.46331,0.82654,0.85405,0.82642,0.87879,0.65341,0.77561,0.44208,0.81771,0.0006598193,0.0006598193,0.0006598193,,
yolo_yolov5m_20260714_182913,yolo,yolo_yolov5m_20260714_182913,yolov5m.pt,/root/autodl-fs/datasets/DAIR-V2X_YOLO/dairv2x.yaml,train,23,4665.597552776337,0.80268,0.46011,0.82541,0.86471,0.81221,0.88145,0.65359,0.7837,0.44579,0.81849,0.0006515726,0.0006515726,0.0006515726,,
yolo_yolov5m_20260714_182913,yolo,yolo_yolov5m_20260714_182913,yolov5m.pt,/root/autodl-fs/datasets/DAIR-V2X_YOLO/dairv2x.yaml,train,24,4787.0756759643555,0.80234,0.46188,0.82659,0.8493,0.82827,0.88031,0.65262,0.78266,0.44253,0.81746,0.0006433259,0.0006433259,0.0006433259,,
yolo_yolov5m_20260714_182913,yolo,yolo_yolov5m_20260714_182913,yolov5m.pt,/root/autodl-fs/datasets/DAIR-V2X_YOLO/dairv2x.yaml,train,25,4914.812337875366,0.79696,0.4549,0.82487,0.85236,0.82359,0.8812,0.6539,0.78236,0.44212,0.81836,0.0006350791999999999,0.0006350791999999999,0.0006350791999999999,,
yolo_yolov5m_20260714_182913,yolo,yolo_yolov5m_20260714_182913,yolov5m.pt,/root/autodl-fs/datasets/DAIR-V2X_YOLO/dairv2x.yaml,train,26,5746.832211732864,0.79098,0.45134,0.82411,0.86664,0.82291,0.88239,0.66027,0.76581,0.43434,0.81583,0.0006268325,0.0006268325,0.0006268325,,
yolo_yolov5m_20260714_182913,yolo,yolo_yolov5m_20260714_182913,yolov5m.pt,/root/autodl-fs/datasets/DAIR-V2X_YOLO/dairv2x.yaml,train,27,5879.946186304092,0.79305,0.45203,0.82336,0.85846,0.82977,0.88498,0.66451,0.76787,0.43297,0.81609,0.0006185858,0.0006185858,0.0006185858,,
yolo_yolov5m_20260714_182913,yolo,yolo_yolov5m_20260714_182913,yolov5m.pt,/root/autodl-fs/datasets/DAIR-V2X_YOLO/dairv2x.yaml,train,28,6005.570474147797,0.79624,0.45644,0.82536,0.863,0.82717,0.88519,0.66474,0.76206,0.434,0.81587,0.0006103391,0.0006103391,0.0006103391,,
yolo_yolov5m_20260714_182913,yolo,yolo_yolov5m_20260714_182913,yolov5m.pt,/root/autodl-fs/datasets/DAIR-V2X_YOLO/dairv2x.yaml,train,29,6134.377110481262,0.78745,0.44945,0.82327,0.86218,0.83349,0.88481,0.6637,0.76477,0.43079,0.81691,0.0006020924,0.0006020924,0.0006020924,,
yolo_yolov5m_20260714_182913,yolo,yolo_yolov5m_20260714_182913,yolov5m.pt,/root/autodl-fs/datasets/DAIR-V2X_YOLO/dairv2x.yaml,train,30,6258.796302318573,0.78519,0.44707,0.82272,0.86669,0.81702,0.88139,0.66086,0.77012,0.43162,0.81741,0.0005938457,0.0005938457,0.0005938457,,
yolo_yolov5m_20260714_182913,yolo,yolo_yolov5m_20260714_182913,yolov5m.pt,/root/autodl-fs/datasets/DAIR-V2X_YOLO/dairv2x.yaml,train,31,6526.119841337204,0.78268,0.44474,0.82226,0.86145,0.83153,0.88931,0.67203,0.7536,0.42097,0.81467,0.0005855989999999999,0.0005855989999999999,0.0005855989999999999,,
yolo_yolov5m_20260714_182913,yolo,yolo_yolov5m_20260714_182913,yolov5m.pt,/root/autodl-fs/datasets/DAIR-V2X_YOLO/dairv2x.yaml,train,32,6665.015467882156,0.77842,0.44392,0.82175,0.87051,0.82185,0.88528,0.66664,0.75936,0.42584,0.81498,0.0005773522999999999,0.0005773522999999999,0.0005773522999999999,,
yolo_yolov5m_20260714_182913,yolo,yolo_yolov5m_20260714_182913,yolov5m.pt,/root/autodl-fs/datasets/DAIR-V2X_YOLO/dairv2x.yaml,train,33,6799.658646583557,0.7783,0.44223,0.82171,0.86521,0.821,0.88496,0.66373,0.76601,0.43388,0.81598,0.0005691056,0.0005691056,0.0005691056,,
yolo_yolov5m_20260714_182913,yolo,yolo_yolov5m_20260714_182913,yolov5m.pt,/root/autodl-fs/datasets/DAIR-V2X_YOLO/dairv2x.yaml,train,34,6924.138649463654,0.77483,0.44027,0.82148,0.86705,0.83136,0.88719,0.66752,0.75172,0.42404,0.81311,0.0005608588999999999,0.0005608588999999999,0.0005608588999999999,,
yolo_yolov5m_20260714_182913,yolo,yolo_yolov5m_20260714_182913,yolov5m.pt,/root/autodl-fs/datasets/DAIR-V2X_YOLO/dairv2x.yaml,train,35,7389.996407985687,0.77197,0.43583,0.82088,0.86785,0.83051,0.88701,0.66664,0.75583,0.42359,0.8139,0.0005526121999999999,0.0005526121999999999,0.0005526121999999999,,
yolo_yolov5m_20260714_182913,yolo,yolo_yolov5m_20260714_182913,yolov5m.pt,/root/autodl-fs/datasets/DAIR-V2X_YOLO/dairv2x.yaml,train,36,7514.754385471344,0.77176,0.43833,0.82045,0.85571,0.84022,0.89021,0.67175,0.75129,0.42188,0.81305,0.0005443655,0.0005443655,0.0005443655,,
yolo_yolov5m_20260714_182913,yolo,yolo_yolov5m_20260714_182913,yolov5m.pt,/root/autodl-fs/datasets/DAIR-V2X_YOLO/dairv2x.yaml,train,37,7700.902233362198,0.77043,0.4364,0.82027,0.85081,0.84041,0.88698,0.66525,0.75847,0.42678,0.81504,0.0005361188,0.0005361188,0.0005361188,,
yolo_yolov5m_20260714_182913,yolo,yolo_yolov5m_20260714_182913,yolov5m.pt,/root/autodl-fs/datasets/DAIR-V2X_YOLO/dairv2x.yaml,train,38,7843.7697167396545,0.77248,0.43634,0.82067,0.86422,0.83314,0.8893,0.6731,0.75215,0.42415,0.81313,0.0005278721,0.0005278721,0.0005278721,,
yolo_yolov5m_20260714_182913,yolo,yolo_yolov5m_20260714_182913,yolov5m.pt,/root/autodl-fs/datasets/DAIR-V2X_YOLO/dairv2x.yaml,train,39,7985.289398193359,0.76776,0.43663,0.8201,0.85636,0.83614,0.88514,0.66964,0.7518,0.42442,0.81307,0.0005196254,0.0005196254,0.0005196254,,
yolo_yolov5m_20260714_182913,yolo,yolo_yolov5m_20260714_182913,yolov5m.pt,/root/autodl-fs/datasets/DAIR-V2X_YOLO/dairv2x.yaml,train,40,8111.300219297409,0.76535,0.4325,0.8184,0.86467,0.83274,0.89046,0.67309,0.74706,0.41726,0.81319,0.0005113787,0.0005113787,0.0005113787,,
yolo_yolov5m_20260714_182913,yolo,yolo_yolov5m_20260714_182913,yolov5m.pt,/root/autodl-fs/datasets/DAIR-V2X_YOLO/dairv2x.yaml,train,41,8318.020432472229,0.76595,0.4316,0.8205,0.86746,0.83288,0.88699,0.66967,0.74616,0.42026,0.81304,0.000503132,0.000503132,0.000503132,,
yolo_yolov5m_20260714_182913,yolo,yolo_yolov5m_20260714_182913,yolov5m.pt,/root/autodl-fs/datasets/DAIR-V2X_YOLO/dairv2x.yaml,train,42,8480.38425540924,0.76196,0.42845,0.81887,0.86542,0.83151,0.88725,0.67211,0.75071,0.41851,0.81344,0.0004948853,0.0004948853,0.0004948853,,
yolo_yolov5m_20260714_182913,yolo,yolo_yolov5m_20260714_182913,yolov5m.pt,/root/autodl-fs/datasets/DAIR-V2X_YOLO/dairv2x.yaml,train,43,8626.354862213135,0.75857,0.42701,0.81874,0.86834,0.83335,0.88874,0.67482,0.74021,0.41524,0.81216,0.00048663860000000005,0.00048663860000000005,0.00048663860000000005,,
yolo_yolov5m_20260714_182913,yolo,yolo_yolov5m_20260714_182913,yolov5m.pt,/root/autodl-fs/datasets/DAIR-V2X_YOLO/dairv2x.yaml,train,44,8771.761604309082,0.76009,0.42809,0.81814,0.86784,0.82788,0.88842,0.67381,0.7426,0.41498,0.81224,0.00047839190000000003,0.00047839190000000003,0.00047839190000000003,,
yolo_yolov5m_20260714_182913,yolo,yolo_yolov5m_20260714_182913,yolov5m.pt,/root/autodl-fs/datasets/DAIR-V2X_YOLO/dairv2x.yaml,train,45,8898.204598426819,0.75314,0.42282,0.81693,0.85863,0.84104,0.89282,0.67828,0.73939,0.4123,0.81193,0.0004701452,0.0004701452,0.0004701452,,
yolo_yolov5m_20260714_182913,yolo,yolo_yolov5m_20260714_182913,yolov5m.pt,/root/autodl-fs/datasets/DAIR-V2X_YOLO/dairv2x.yaml,train,46,9035.923913955688,0.75169,0.42055,0.81781,0.85985,0.84006,0.8874,0.67427,0.74044,0.41275,0.81156,0.0004618985,0.0004618985,0.0004618985,,
yolo_yolov5m_20260714_182913,yolo,yolo_yolov5m_20260714_182913,yolov5m.pt,/root/autodl-fs/datasets/DAIR-V2X_YOLO/dairv2x.yaml,train,47,9480.531605005264,0.75267,0.42276,0.81646,0.86673,0.83179,0.89296,0.67809,0.74198,0.41173,0.81263,0.00045365180000000007,0.00045365180000000007,0.00045365180000000007,,
yolo_yolov5m_20260714_182913,yolo,yolo_yolov5m_20260714_182913,yolov5m.pt,/root/autodl-fs/datasets/DAIR-V2X_YOLO/dairv2x.yaml,train,48,9626.64844250679,0.75217,0.42211,0.81789,0.87324,0.83197,0.89195,0.67911,0.73607,0.41302,0.81167,0.00044540510000000004,0.00044540510000000004,0.00044540510000000004,,
yolo_yolov5m_20260714_182913,yolo,yolo_yolov5m_20260714_182913,yolov5m.pt,/root/autodl-fs/datasets/DAIR-V2X_YOLO/dairv2x.yaml,train,49,9772.123160123825,0.75084,0.42038,0.81741,0.86938,0.83791,0.89398,0.67939,0.73305,0.40795,0.81092,0.0004371584,0.0004371584,0.0004371584,,
yolo_yolov5m_20260714_182913,yolo,yolo_yolov5m_20260714_182913,yolov5m.pt,/root/autodl-fs/datasets/DAIR-V2X_YOLO/dairv2x.yaml,train,50,9896.25226688385,0.7482,0.41854,0.81704,0.87411,0.83209,0.89361,0.68039,0.7352,0.40864,0.81138,0.0004289117,0.0004289117,0.0004289117,,
yolo_yolov5m_20260714_182913,yolo,yolo_yolov5m_20260714_182913,yolov5m.pt,/root/autodl-fs/datasets/DAIR-V2X_YOLO/dairv2x.yaml,train,51,10046.158982515335,0.74586,0.41585,0.81634,0.86816,0.83433,0.89286,0.68225,0.73237,0.40686,0.81114,0.00042066499999999997,0.00042066499999999997,0.00042066499999999997,,
yolo_yolov5m_20260714_182913,yolo,yolo_yolov5m_20260714_182913,yolov5m.pt,/root/autodl-fs/datasets/DAIR-V2X_YOLO/dairv2x.yaml,train,52,10173.088762760162,0.74275,0.4136,0.81637,0.86501,0.83826,0.89237,0.68027,0.73391,0.40822,0.81104,0.00041241829999999995,0.00041241829999999995,0.00041241829999999995,,
yolo_yolov5m_20260714_182913,yolo,yolo_yolov5m_20260714_182913,yolov5m.pt,/root/autodl-fs/datasets/DAIR-V2X_YOLO/dairv2x.yaml,train,53,10696.82184767723,0.74025,0.41283,0.81535,0.87163,0.834,0.8922,0.67975,0.73075,0.4046,0.81085,0.0004041716,0.0004041716,0.0004041716,,
yolo_yolov5m_20260714_182913,yolo,yolo_yolov5m_20260714_182913,yolov5m.pt,/root/autodl-fs/datasets/DAIR-V2X_YOLO/dairv2x.yaml,train,54,11038.81377005577,0.74348,0.41376,0.81627,0.87659,0.82786,0.8894,0.67868,0.7296,0.407,0.81052,0.0003959249,0.0003959249,0.0003959249,,
yolo_yolov5m_20260714_182913,yolo,yolo_yolov5m_20260714_182913,yolov5m.pt,/root/autodl-fs/datasets/DAIR-V2X_YOLO/dairv2x.yaml,train,55,11175.251869916916,0.7391,0.41015,0.81468,0.86722,0.84112,0.89178,0.68084,0.72881,0.40279,0.81046,0.0003876782,0.0003876782,0.0003876782,,
yolo_yolov5m_20260714_182913,yolo,yolo_yolov5m_20260714_182913,yolov5m.pt,/root/autodl-fs/datasets/DAIR-V2X_YOLO/dairv2x.yaml,train,56,11296.170206069946,0.73796,0.41061,0.81534,0.87168,0.83338,0.89323,0.68061,0.72986,0.40207,0.8109,0.00037943149999999996,0.00037943149999999996,0.00037943149999999996,,
yolo_yolov5m_20260714_182913,yolo,yolo_yolov5m_20260714_182913,yolov5m.pt,/root/autodl-fs/datasets/DAIR-V2X_YOLO/dairv2x.yaml,train,57,11531.579265594482,0.7384,0.40872,0.81506,0.86656,0.84293,0.89089,0.68083,0.72769,0.40112,0.81026,0.00037118479999999994,0.00037118479999999994,0.00037118479999999994,,
yolo_yolov5m_20260714_182913,yolo,yolo_yolov5m_20260714_182913,yolov5m.pt,/root/autodl-fs/datasets/DAIR-V2X_YOLO/dairv2x.yaml,train,58,11694.31490278244,0.7321,0.40495,0.81435,0.86843,0.8406,0.89496,0.6819,0.72768,0.4019,0.81045,0.0003629381,0.0003629381,0.0003629381,,
yolo_yolov5m_20260714_182913,yolo,yolo_yolov5m_20260714_182913,yolov5m.pt,/root/autodl-fs/datasets/DAIR-V2X_YOLO/dairv2x.yaml,train,59,11906.993361234665,0.73327,0.40652,0.81468,0.87325,0.83583,0.89364,0.68191,0.72738,0.40105,0.81041,0.00035469140000000005,0.00035469140000000005,0.00035469140000000005,,
yolo_yolov5m_20260714_182913,yolo,yolo_yolov5m_20260714_182913,yolov5m.pt,/root/autodl-fs/datasets/DAIR-V2X_YOLO/dairv2x.yaml,train,60,12079.310378313065,0.73564,0.40789,0.81457,0.8665,0.84281,0.89318,0.68258,0.72726,0.40098,0.80992,0.00034644470000000003,0.00034644470000000003,0.00034644470000000003,,
yolo_yolov5m_20260714_182913,yolo,yolo_yolov5m_20260714_182913,yolov5m.pt,/root/autodl-fs/datasets/DAIR-V2X_YOLO/dairv2x.yaml,train,61,12199.891844511032,0.73078,0.40592,0.81344,0.87314,0.83721,0.89219,0.68293,0.72277,0.39782,0.80959,0.000338198,0.000338198,0.000338198,,
yolo_yolov5m_20260714_182913,yolo,yolo_yolov5m_20260714_182913,yolov5m.pt,/root/autodl-fs/datasets/DAIR-V2X_YOLO/dairv2x.yaml,train,62,12335.197996139526,0.72896,0.40265,0.81425,0.86233,0.84574,0.89367,0.68433,0.72191,0.3996,0.80965,0.0003299513,0.0003299513,0.0003299513,,
yolo_yolov5m_20260714_182913,yolo,yolo_yolov5m_20260714_182913,yolov5m.pt,/root/autodl-fs/datasets/DAIR-V2X_YOLO/dairv2x.yaml,train,63,12459.002295732498,0.7255,0.40086,0.81291,0.86661,0.84691,0.8913,0.68231,0.72372,0.39819,0.80965,0.00032170459999999996,0.00032170459999999996,0.00032170459999999996,,
yolo_yolov5m_20260714_182913,yolo,yolo_yolov5m_20260714_182913,yolov5m.pt,/root/autodl-fs/datasets/DAIR-V2X_YOLO/dairv2x.yaml,train,64,12607.865756750107,0.7276,0.40109,0.8132,0.86362,0.84142,0.89516,0.68471,0.72505,0.39921,0.80962,0.0003134579,0.0003134579,0.0003134579,,
yolo_yolov5m_20260714_182913,yolo,yolo_yolov5m_20260714_182913,yolov5m.pt,/root/autodl-fs/datasets/DAIR-V2X_YOLO/dairv2x.yaml,train,65,12728.310824155807,0.72359,0.39832,0.81373,0.8687,0.83965,0.88929,0.68082,0.72424,0.40017,0.81025,0.0003052112,0.0003052112,0.0003052112,,
yolo_yolov5m_20260714_182913,yolo,yolo_yolov5m_20260714_182913,yolov5m.pt,/root/autodl-fs/datasets/DAIR-V2X_YOLO/dairv2x.yaml,train,66,13029.543861150742,0.72504,0.39992,0.81349,0.85874,0.85172,0.89321,0.68456,0.72057,0.39622,0.80986,0.0002969645,0.0002969645,0.0002969645,,
yolo_yolov5m_20260714_182913,yolo,yolo_yolov5m_20260714_182913,yolov5m.pt,/root/autodl-fs/datasets/DAIR-V2X_YOLO/dairv2x.yaml,train,67,13151.141870737076,0.72158,0.3951,0.8121,0.86811,0.84605,0.89416,0.68574,0.72144,0.39658,0.80937,0.00028871779999999997,0.00028871779999999997,0.00028871779999999997,,
yolo_yolov5m_20260714_182913,yolo,yolo_yolov5m_20260714_182913,yolov5m.pt,/root/autodl-fs/datasets/DAIR-V2X_YOLO/dairv2x.yaml,train,68,13483.631258010864,0.71951,0.3954,0.81188,0.87703,0.83388,0.89308,0.6853,0.71938,0.39681,0.80913,0.00028047109999999994,0.00028047109999999994,0.00028047109999999994,,
yolo_yolov5m_20260714_182913,yolo,yolo_yolov5m_20260714_182913,yolov5m.pt,/root/autodl-fs/datasets/DAIR-V2X_YOLO/dairv2x.yaml,train,69,13624.334815502167,0.71875,0.39376,0.81225,0.87205,0.83714,0.89385,0.68625,0.71934,0.39716,0.80931,0.0002722244,0.0002722244,0.0002722244,,
yolo_yolov5m_20260714_182913,yolo,yolo_yolov5m_20260714_182913,yolov5m.pt,/root/autodl-fs/datasets/DAIR-V2X_YOLO/dairv2x.yaml,train,70,13755.850393295288,0.71593,0.39164,0.81161,0.86479,0.84462,0.89402,0.68642,0.71774,0.39583,0.80899,0.00026397770000000006,0.00026397770000000006,0.00026397770000000006,,
yolo_yolov5m_20260714_182913,yolo,yolo_yolov5m_20260714_182913,yolov5m.pt,/root/autodl-fs/datasets/DAIR-V2X_YOLO/dairv2x.yaml,train,71,14043.540650367737,0.71823,0.39386,0.81187,0.86282,0.84642,0.89301,0.68515,0.71758,0.3942,0.80899,0.00025573100000000004,0.00025573100000000004,0.00025573100000000004,,
yolo_yolov5m_20260714_182913,yolo,yolo_yolov5m_20260714_182913,yolov5m.pt,/root/autodl-fs/datasets/DAIR-V2X_YOLO/dairv2x.yaml,train,72,14167.277091026306,0.71512,0.38967,0.81126,0.86135,0.8535,0.89723,0.68857,0.7164,0.39464,0.80891,0.0002474843,0.0002474843,0.0002474843,,
yolo_yolov5m_20260714_182913,yolo,yolo_yolov5m_20260714_182913,yolov5m.pt,/root/autodl-fs/datasets/DAIR-V2X_YOLO/dairv2x.yaml,train,73,14303.32242012024,0.71156,0.38865,0.81064,0.87157,0.84576,0.89543,0.68915,0.71548,0.39359,0.80875,0.0002392376,0.0002392376,0.0002392376,,
yolo_yolov5m_20260714_182913,yolo,yolo_yolov5m_20260714_182913,yolov5m.pt,/root/autodl-fs/datasets/DAIR-V2X_YOLO/dairv2x.yaml,train,74,14644.447024345398,0.71263,0.38995,0.81117,0.87081,0.84649,0.89478,0.68933,0.71559,0.39347,0.80874,0.00023099090000000002,0.00023099090000000002,0.00023099090000000002,,
yolo_yolov5m_20260714_182913,yolo,yolo_yolov5m_20260714_182913,yolov5m.pt,/root/autodl-fs/datasets/DAIR-V2X_YOLO/dairv2x.yaml,train,75,14770.406812667847,0.7101,0.3869,0.81012,0.86422,0.84588,0.89441,0.68898,0.71691,0.39303,0.8086,0.00022274420000000002,0.00022274420000000002,0.00022274420000000002,,
yolo_yolov5m_20260714_182913,yolo,yolo_yolov5m_20260714_182913,yolov5m.pt,/root/autodl-fs/datasets/DAIR-V2X_YOLO/dairv2x.yaml,train,76,15147.585693359375,0.70963,0.38574,0.81088,0.8652,0.84645,0.89646,0.69136,0.71648,0.39271,0.80866,0.0002144975,0.0002144975,0.0002144975,,
yolo_yolov5m_20260714_182913,yolo,yolo_yolov5m_20260714_182913,yolov5m.pt,/root/autodl-fs/datasets/DAIR-V2X_YOLO/dairv2x.yaml,train,77,15270.021473169327,0.70633,0.38503,0.81084,0.86878,0.84498,0.89478,0.69067,0.71522,0.39281,0.80846,0.00020625079999999997,0.00020625079999999997,0.00020625079999999997,,
yolo_yolov5m_20260714_182913,yolo,yolo_yolov5m_20260714_182913,yolov5m.pt,/root/autodl-fs/datasets/DAIR-V2X_YOLO/dairv2x.yaml,train,78,15425.074437141418,0.7054,0.38463,0.81041,0.87467,0.84206,0.89565,0.69112,0.71523,0.39295,0.80845,0.00019800409999999998,0.00019800409999999998,0.00019800409999999998,,
yolo_yolov5m_20260714_182913,yolo,yolo_yolov5m_20260714_182913,yolov5m.pt,/root/autodl-fs/datasets/DAIR-V2X_YOLO/dairv2x.yaml,train,79,15547.26996922493,0.70268,0.38245,0.80869,0.87359,0.84217,0.89403,0.68999,0.71435,0.393,0.8085,0.00018975739999999998,0.00018975739999999998,0.00018975739999999998,,
yolo_yolov5m_20260714_182913,yolo,yolo_yolov5m_20260714_182913,yolov5m.pt,/root/autodl-fs/datasets/DAIR-V2X_YOLO/dairv2x.yaml,train,80,15800.88447213173,0.7035,0.38274,0.80928,0.86505,0.84924,0.89411,0.68938,0.71382,0.39288,0.80817,0.00018151069999999998,0.00018151069999999998,0.00018151069999999998,,
yolo_yolov5m_20260714_182913,yolo,yolo_yolov5m_20260714_182913,yolov5m.pt,/root/autodl-fs/datasets/DAIR-V2X_YOLO/dairv2x.yaml,train,81,16000.195211648941,0.69968,0.37969,0.80949,0.87094,0.84813,0.89815,0.69174,0.71404,0.39188,0.80817,0.00017326399999999996,0.00017326399999999996,0.00017326399999999996,,
yolo_yolov5m_20260714_182913,yolo,yolo_yolov5m_20260714_182913,yolov5m.pt,/root/autodl-fs/datasets/DAIR-V2X_YOLO/dairv2x.yaml,train,82,16572.606976270676,0.69814,0.3782,0.80919,0.87869,0.8379,0.89579,0.69015,0.71431,0.39082,0.80838,0.00016501729999999994,0.00016501729999999994,0.00016501729999999994,,
yolo_yolov5m_20260714_182913,yolo,yolo_yolov5m_20260714_182913,yolov5m.pt,/root/autodl-fs/datasets/DAIR-V2X_YOLO/dairv2x.yaml,train,83,17067.25667977333,0.69874,0.37799,0.80955,0.866,0.84973,0.8935,0.6882,0.71462,0.39198,0.80843,0.00015677060000000005,0.00015677060000000005,0.00015677060000000005,,
yolo_yolov5m_20260714_182913,yolo,yolo_yolov5m_20260714_182913,yolov5m.pt,/root/autodl-fs/datasets/DAIR-V2X_YOLO/dairv2x.yaml,train,84,17213.060382127762,0.69776,0.37753,0.80903,0.8701,0.84477,0.89329,0.68984,0.71208,0.39135,0.80807,0.00014852390000000002,0.00014852390000000002,0.00014852390000000002,,
yolo_yolov5m_20260714_182913,yolo,yolo_yolov5m_20260714_182913,yolov5m.pt,/root/autodl-fs/datasets/DAIR-V2X_YOLO/dairv2x.yaml,train,85,17735.805655002594,0.69538,0.37556,0.80922,0.87859,0.83821,0.89679,0.69257,0.71227,0.39127,0.8081,0.00014027720000000003,0.00014027720000000003,0.00014027720000000003,,
yolo_yolov5m_20260714_182913,yolo,yolo_yolov5m_20260714_182913,yolov5m.pt,/root/autodl-fs/datasets/DAIR-V2X_YOLO/dairv2x.yaml,train,86,17858.458832263947,0.69559,0.37411,0.80824,0.87543,0.84005,0.89562,0.68913,0.71373,0.39069,0.80846,0.00013203050000000003,0.00013203050000000003,0.00013203050000000003,,
yolo_yolov5m_20260714_182913,yolo,yolo_yolov5m_20260714_182913,yolov5m.pt,/root/autodl-fs/datasets/DAIR-V2X_YOLO/dairv2x.yaml,train,87,18230.001335144043,0.69412,0.37403,0.80827,0.86802,0.84732,0.89601,0.69175,0.71304,0.38903,0.80813,0.0001237838,0.0001237838,0.0001237838,,
yolo_yolov5m_20260714_182913,yolo,yolo_yolov5m_20260714_182913,yolov5m.pt,/root/autodl-fs/datasets/DAIR-V2X_YOLO/dairv2x.yaml,train,88,18480.339286327362,0.69006,0.37187,0.80793,0.86717,0.84596,0.8965,0.69192,0.71188,0.38924,0.80801,0.00011553710000000001,0.00011553710000000001,0.00011553710000000001,,
yolo_yolov5m_20260714_182913,yolo,yolo_yolov5m_20260714_182913,yolov5m.pt,/root/autodl-fs/datasets/DAIR-V2X_YOLO/dairv2x.yaml,train,89,18787.722374677658,0.68824,0.37062,0.80825,0.8675,0.84525,0.89715,0.69164,0.7125,0.38852,0.80803,0.0001072904,0.0001072904,0.0001072904,,
yolo_yolov5m_20260714_182913,yolo,yolo_yolov5m_20260714_182913,yolov5m.pt,/root/autodl-fs/datasets/DAIR-V2X_YOLO/dairv2x.yaml,train,90,18910.97746515274,0.68997,0.37084,0.80832,0.864,0.84885,0.89659,0.6916,0.71123,0.38864,0.80799,9.904369999999997e-05,9.904369999999997e-05,9.904369999999997e-05,,
yolo_yolov5m_20260714_182913,yolo,yolo_yolov5m_20260714_182913,yolov5m.pt,/root/autodl-fs/datasets/DAIR-V2X_YOLO/dairv2x.yaml,train,91,19029.530637979507,0.67032,0.35972,0.804,0.87094,0.83691,0.89423,0.68843,0.71602,0.39324,0.80876,9.079699999999998e-05,9.079699999999998e-05,9.079699999999998e-05,,
yolo_yolov5m_20260714_182913,yolo,yolo_yolov5m_20260714_182913,yolov5m.pt,/root/autodl-fs/datasets/DAIR-V2X_YOLO/dairv2x.yaml,train,92,19146.41608095169,0.669,0.35871,0.80252,0.86974,0.84259,0.89438,0.6885,0.71744,0.39238,0.80868,8.255029999999997e-05,8.255029999999997e-05,8.255029999999997e-05,,
yolo_yolov5m_20260714_182913,yolo,yolo_yolov5m_20260714_182913,yolov5m.pt,/root/autodl-fs/datasets/DAIR-V2X_YOLO/dairv2x.yaml,train,93,19263.860782384872,0.66325,0.35645,0.80232,0.87474,0.84048,0.8941,0.68883,0.71535,0.39184,0.80839,7.430359999999997e-05,7.430359999999997e-05,7.430359999999997e-05,,
yolo_yolov5m_20260714_182913,yolo,yolo_yolov5m_20260714_182913,yolov5m.pt,/root/autodl-fs/datasets/DAIR-V2X_YOLO/dairv2x.yaml,train,94,19381.08411169052,0.66164,0.35537,0.80259,0.874,0.84196,0.8933,0.68766,0.71521,0.3922,0.80818,6.605689999999995e-05,6.605689999999995e-05,6.605689999999995e-05,,
yolo_yolov5m_20260714_182913,yolo,yolo_yolov5m_20260714_182913,yolov5m.pt,/root/autodl-fs/datasets/DAIR-V2X_YOLO/dairv2x.yaml,train,95,19498.321793317795,0.66003,0.3531,0.80148,0.87455,0.84297,0.89321,0.68753,0.71447,0.3923,0.80814,5.781020000000004e-05,5.781020000000004e-05,5.781020000000004e-05,,
yolo_yolov5m_20260714_182913,yolo,yolo_yolov5m_20260714_182913,yolov5m.pt,/root/autodl-fs/datasets/DAIR-V2X_YOLO/dairv2x.yaml,train,96,19615.67986178398,0.65742,0.35116,0.80162,0.8764,0.8413,0.89348,0.68896,0.7139,0.39183,0.80825,4.9563500000000035e-05,4.9563500000000035e-05,4.9563500000000035e-05,,
yolo_yolov5m_20260714_182913,yolo,yolo_yolov5m_20260714_182913,yolov5m.pt,/root/autodl-fs/datasets/DAIR-V2X_YOLO/dairv2x.yaml,train,97,19732.79889369011,0.65671,0.34935,0.80138,0.87032,0.8462,0.89169,0.68789,0.71325,0.39239,0.80823,4.131680000000003e-05,4.131680000000003e-05,4.131680000000003e-05,,
yolo_yolov5m_20260714_182913,yolo,yolo_yolov5m_20260714_182913,yolov5m.pt,/root/autodl-fs/datasets/DAIR-V2X_YOLO/dairv2x.yaml,train,98,19849.7663128376,0.65517,0.34918,0.80119,0.87059,0.84664,0.8918,0.68797,0.71317,0.39222,0.80826,3.307010000000002e-05,3.307010000000002e-05,3.307010000000002e-05,,
yolo_yolov5m_20260714_182913,yolo,yolo_yolov5m_20260714_182913,yolov5m.pt,/root/autodl-fs/datasets/DAIR-V2X_YOLO/dairv2x.yaml,train,99,19966.856803417206,0.65177,0.34699,0.80075,0.87215,0.8456,0.89242,0.68821,0.71206,0.39155,0.80803,2.4823400000000017e-05,2.4823400000000017e-05,2.4823400000000017e-05,,
yolo_yolov5m_20260714_182913,yolo,yolo_yolov5m_20260714_182913,yolov5m.pt,/root/autodl-fs/datasets/DAIR-V2X_YOLO/dairv2x.yaml,train,100,20084.160460948944,0.65229,0.34609,0.80098,0.86908,0.85009,0.89242,0.68851,0.71185,0.39126,0.80792,1.6576700000000007e-05,1.6576700000000007e-05,1.6576700000000007e-05,,
yolo_yolov5m_20260715_001409,yolo,yolo_yolov5m_20260715_001409,yolov5m.pt,/root/autodl-fs/datasets/UA-DETRAC_YOLO/data.yaml,train,1,124.9005777835846,0.93899,0.86365,0.96272,0.84452,0.67358,0.75815,0.53966,1.05832,0.85096,1.01751,0.00041533546325878595,0.00041533546325878595,0.00041533546325878595,,
yolo_yolov5m_20260715_001409,yolo,yolo_yolov5m_20260715_001409,yolov5m.pt,/root/autodl-fs/datasets/UA-DETRAC_YOLO/data.yaml,train,2,241.8948016166687,0.9172,0.65806,0.95247,0.7114,0.59682,0.69922,0.47976,1.11976,0.81315,1.05747,0.0008237653088391906,0.0008237653088391906,0.0008237653088391906,,
yolo_yolov5m_20260715_001409,yolo,yolo_yolov5m_20260715_001409,yolov5m.pt,/root/autodl-fs/datasets/UA-DETRAC_YOLO/data.yaml,train,3,358.0637559890747,0.90783,0.63303,0.94862,0.76378,0.62264,0.71521,0.49602,1.11901,0.86626,1.04151,0.0012239451544195953,0.0012239451544195953,0.0012239451544195953,,
yolo_yolov5m_20260715_001409,yolo,yolo_yolov5m_20260715_001409,yolov5m.pt,/root/autodl-fs/datasets/UA-DETRAC_YOLO/data.yaml,train,4,473.597286939621,0.88052,0.58979,0.93796,0.78651,0.65757,0.76131,0.52937,1.13311,0.72776,1.05928,0.001212875,0.001212875,0.001212875,,
yolo_yolov5m_20260715_001409,yolo,yolo_yolov5m_20260715_001409,yolov5m.pt,/root/autodl-fs/datasets/UA-DETRAC_YOLO/data.yaml,train,5,588.8635995388031,0.85064,0.56149,0.93148,0.77667,0.67263,0.76637,0.54036,1.08007,0.71024,1.02323,0.0012005,0.0012005,0.0012005,,
yolo_yolov5m_20260715_001409,yolo,yolo_yolov5m_20260715_001409,yolov5m.pt,/root/autodl-fs/datasets/UA-DETRAC_YOLO/data.yaml,train,6,704.4412667751312,0.82658,0.53499,0.92119,0.84667,0.70912,0.7916,0.55938,1.06872,0.69241,1.03456,0.001188125,0.001188125,0.001188125,,
yolo_yolov5m_20260715_001409,yolo,yolo_yolov5m_20260715_001409,yolov5m.pt,/root/autodl-fs/datasets/UA-DETRAC_YOLO/data.yaml,train,7,819.9073233604431,0.80621,0.52164,0.91538,0.82823,0.72861,0.82041,0.59423,1.01864,0.62128,0.99909,0.00117575,0.00117575,0.00117575,,
yolo_yolov5m_20260715_001409,yolo,yolo_yolov5m_20260715_001409,yolov5m.pt,/root/autodl-fs/datasets/UA-DETRAC_YOLO/data.yaml,train,8,935.1406400203705,0.79458,0.50109,0.91052,0.88767,0.62866,0.77202,0.55984,1.03597,0.67769,1.00565,0.001163375,0.001163375,0.001163375,,
yolo_yolov5m_20260715_001409,yolo,yolo_yolov5m_20260715_001409,yolov5m.pt,/root/autodl-fs/datasets/UA-DETRAC_YOLO/data.yaml,train,9,1050.5445039272308,0.78616,0.49283,0.90869,0.80008,0.71715,0.80121,0.56641,1.05093,0.6325,1.01915,0.0011510000000000001,0.0011510000000000001,0.0011510000000000001,,
yolo_yolov5m_20260715_001409,yolo,yolo_yolov5m_20260715_001409,yolov5m.pt,/root/autodl-fs/datasets/UA-DETRAC_YOLO/data.yaml,train,10,1166.0842261314392,0.77224,0.47851,0.90416,0.86689,0.6562,0.76575,0.56331,1.02528,0.64824,1.00365,0.001138625,0.001138625,0.001138625,,
yolo_yolov5m_20260715_001409,yolo,yolo_yolov5m_20260715_001409,yolov5m.pt,/root/autodl-fs/datasets/UA-DETRAC_YOLO/data.yaml,train,11,1281.519522190094,0.76617,0.4723,0.90348,0.83997,0.70946,0.80688,0.57509,1.03272,0.61538,1.00586,0.00112625,0.00112625,0.00112625,,
yolo_yolov5m_20260715_001409,yolo,yolo_yolov5m_20260715_001409,yolov5m.pt,/root/autodl-fs/datasets/UA-DETRAC_YOLO/data.yaml,train,12,1397.1961903572083,0.7579,0.46213,0.89855,0.79308,0.76357,0.81833,0.58195,1.04685,0.63321,1.01762,0.001113875,0.001113875,0.001113875,,
yolo_yolov5m_20260715_001409,yolo,yolo_yolov5m_20260715_001409,yolov5m.pt,/root/autodl-fs/datasets/UA-DETRAC_YOLO/data.yaml,train,13,1512.5643634796143,0.75145,0.45496,0.89629,0.85006,0.71513,0.82092,0.58728,0.99655,0.6003,0.99868,0.0011015,0.0011015,0.0011015,,
yolo_yolov5m_20260715_001409,yolo,yolo_yolov5m_20260715_001409,yolov5m.pt,/root/autodl-fs/datasets/UA-DETRAC_YOLO/data.yaml,train,14,1627.793003320694,0.74206,0.4481,0.89323,0.85577,0.69008,0.7782,0.57037,1.0052,0.65042,0.98808,0.001089125,0.001089125,0.001089125,,
yolo_yolov5m_20260715_001409,yolo,yolo_yolov5m_20260715_001409,yolov5m.pt,/root/autodl-fs/datasets/UA-DETRAC_YOLO/data.yaml,train,15,1743.5333843231201,0.73543,0.43891,0.89004,0.84052,0.721,0.79821,0.58292,1.01158,0.58693,1.0058,0.00107675,0.00107675,0.00107675,,
yolo_yolov5m_20260715_001409,yolo,yolo_yolov5m_20260715_001409,yolov5m.pt,/root/autodl-fs/datasets/UA-DETRAC_YOLO/data.yaml,train,16,1858.9376590251923,0.73264,0.43429,0.88994,0.89658,0.6982,0.80163,0.5866,1.01561,0.62744,1.00666,0.001064375,0.001064375,0.001064375,,
yolo_yolov5m_20260715_001409,yolo,yolo_yolov5m_20260715_001409,yolov5m.pt,/root/autodl-fs/datasets/UA-DETRAC_YOLO/data.yaml,train,17,1974.3962473869324,0.72347,0.42753,0.8867,0.83524,0.70384,0.77844,0.55727,1.03096,0.67723,1.0039,0.001052,0.001052,0.001052,,
yolo_yolov5m_20260715_001409,yolo,yolo_yolov5m_20260715_001409,yolov5m.pt,/root/autodl-fs/datasets/UA-DETRAC_YOLO/data.yaml,train,18,2089.7516832351685,0.72206,0.42327,0.88754,0.6882,0.70051,0.7379,0.53873,1.01378,0.61222,1.00323,0.001039625,0.001039625,0.001039625,,
yolo_yolov5m_20260715_001409,yolo,yolo_yolov5m_20260715_001409,yolov5m.pt,/root/autodl-fs/datasets/UA-DETRAC_YOLO/data.yaml,train,19,2205.263687610626,0.71772,0.42097,0.88459,0.88403,0.70767,0.82049,0.60302,0.99403,0.60978,0.99533,0.0010272500000000002,0.0010272500000000002,0.0010272500000000002,,
yolo_yolov5m_20260715_001409,yolo,yolo_yolov5m_20260715_001409,yolov5m.pt,/root/autodl-fs/datasets/UA-DETRAC_YOLO/data.yaml,train,20,2321.019639968872,0.71266,0.40999,0.88412,0.8557,0.71079,0.81405,0.59661,1.01137,0.583,1.00239,0.0010148750000000002,0.0010148750000000002,0.0010148750000000002,,
yolo_yolov5m_20260715_001409,yolo,yolo_yolov5m_20260715_001409,yolov5m.pt,/root/autodl-fs/datasets/UA-DETRAC_YOLO/data.yaml,train,21,2436.7261044979095,0.71018,0.41267,0.88288,0.86044,0.73322,0.84275,0.61477,1.03175,0.58539,1.00539,0.0010025000000000001,0.0010025000000000001,0.0010025000000000001,,
yolo_yolov5m_20260715_001409,yolo,yolo_yolov5m_20260715_001409,yolov5m.pt,/root/autodl-fs/datasets/UA-DETRAC_YOLO/data.yaml,train,22,2552.570961713791,0.70682,0.40885,0.88278,0.86038,0.7263,0.81781,0.59911,1.03088,0.623,1.00728,0.0009901250000000001,0.0009901250000000001,0.0009901250000000001,,
yolo_yolov5m_20260715_001409,yolo,yolo_yolov5m_20260715_001409,yolov5m.pt,/root/autodl-fs/datasets/UA-DETRAC_YOLO/data.yaml,train,23,2668.0555353164673,0.70304,0.40598,0.88153,0.82366,0.76042,0.8352,0.61083,0.98565,0.57921,0.98578,0.00097775,0.00097775,0.00097775,,
yolo_yolov5m_20260715_001409,yolo,yolo_yolov5m_20260715_001409,yolov5m.pt,/root/autodl-fs/datasets/UA-DETRAC_YOLO/data.yaml,train,24,2783.3652698993683,0.69836,0.39981,0.88082,0.81971,0.74557,0.83032,0.61163,1.00235,0.59251,1.00001,0.000965375,0.000965375,0.000965375,,
yolo_yolov5m_20260715_001409,yolo,yolo_yolov5m_20260715_001409,yolov5m.pt,/root/autodl-fs/datasets/UA-DETRAC_YOLO/data.yaml,train,25,2898.993955373764,0.69149,0.39754,0.87894,0.82793,0.73331,0.79587,0.58898,0.98932,0.59236,0.9944,0.000953,0.000953,0.000953,,
yolo_yolov5m_20260715_001409,yolo,yolo_yolov5m_20260715_001409,yolov5m.pt,/root/autodl-fs/datasets/UA-DETRAC_YOLO/data.yaml,train,26,3014.4160735607147,0.69294,0.393,0.8763,0.82125,0.7678,0.83569,0.61231,1.00263,0.58534,1.00386,0.000940625,0.000940625,0.000940625,,
yolo_yolov5m_20260715_001409,yolo,yolo_yolov5m_20260715_001409,yolov5m.pt,/root/autodl-fs/datasets/UA-DETRAC_YOLO/data.yaml,train,27,3129.661332130432,0.68961,0.38726,0.87862,0.832,0.71825,0.81766,0.60195,1.01055,0.61312,1.00207,0.00092825,0.00092825,0.00092825,,
yolo_yolov5m_20260715_001409,yolo,yolo_yolov5m_20260715_001409,yolov5m.pt,/root/autodl-fs/datasets/UA-DETRAC_YOLO/data.yaml,train,28,3245.4471249580383,0.68361,0.38398,0.87435,0.81625,0.77843,0.83566,0.61121,0.99216,0.57782,0.9999,0.000915875,0.000915875,0.000915875,,
yolo_yolov5m_20260715_001409,yolo,yolo_yolov5m_20260715_001409,yolov5m.pt,/root/autodl-fs/datasets/UA-DETRAC_YOLO/data.yaml,train,29,3360.919284105301,0.6799,0.38056,0.87443,0.89363,0.69966,0.82427,0.60297,1.02752,0.59692,1.01075,0.0009035,0.0009035,0.0009035,,
yolo_yolov5m_20260715_001409,yolo,yolo_yolov5m_20260715_001409,yolov5m.pt,/root/autodl-fs/datasets/UA-DETRAC_YOLO/data.yaml,train,30,3476.371268749237,0.67703,0.37644,0.87483,0.83746,0.76289,0.82889,0.61754,0.97829,0.58407,0.99371,0.000891125,0.000891125,0.000891125,,
yolo_yolov5m_20260715_001409,yolo,yolo_yolov5m_20260715_001409,yolov5m.pt,/root/autodl-fs/datasets/UA-DETRAC_YOLO/data.yaml,train,31,3592.245282649994,0.67744,0.37455,0.87243,0.86223,0.74732,0.83674,0.61816,0.99904,0.55808,0.99996,0.00087875,0.00087875,0.00087875,,
yolo_yolov5m_20260715_001409,yolo,yolo_yolov5m_20260715_001409,yolov5m.pt,/root/autodl-fs/datasets/UA-DETRAC_YOLO/data.yaml,train,32,3708.1033544540405,0.67307,0.37189,0.87289,0.89044,0.72293,0.84226,0.62148,1.0021,0.55911,1.00049,0.000866375,0.000866375,0.000866375,,
yolo_yolov5m_20260715_001409,yolo,yolo_yolov5m_20260715_001409,yolov5m.pt,/root/autodl-fs/datasets/UA-DETRAC_YOLO/data.yaml,train,33,3823.575701236725,0.66916,0.36912,0.87066,0.84164,0.73434,0.82881,0.61585,0.98911,0.61033,0.99118,0.0008539999999999999,0.0008539999999999999,0.0008539999999999999,,
yolo_yolov5m_20260715_001409,yolo,yolo_yolov5m_20260715_001409,yolov5m.pt,/root/autodl-fs/datasets/UA-DETRAC_YOLO/data.yaml,train,34,3939.240684747696,0.66406,0.3664,0.87034,0.86986,0.72842,0.82563,0.60851,0.99071,0.58225,0.99383,0.0008416249999999999,0.0008416249999999999,0.0008416249999999999,,
yolo_yolov5m_20260715_001409,yolo,yolo_yolov5m_20260715_001409,yolov5m.pt,/root/autodl-fs/datasets/UA-DETRAC_YOLO/data.yaml,train,35,4054.82768201828,0.66328,0.36485,0.87094,0.88517,0.74674,0.84867,0.62121,0.98904,0.55675,0.99457,0.0008292499999999999,0.0008292499999999999,0.0008292499999999999,,
yolo_yolov5m_20260715_001409,yolo,yolo_yolov5m_20260715_001409,yolov5m.pt,/root/autodl-fs/datasets/UA-DETRAC_YOLO/data.yaml,train,36,4170.500390052795,0.66272,0.36356,0.86929,0.85037,0.73081,0.82317,0.60371,1.00261,0.58366,1.00361,0.000816875,0.000816875,0.000816875,,
yolo_yolov5m_20260715_001409,yolo,yolo_yolov5m_20260715_001409,yolov5m.pt,/root/autodl-fs/datasets/UA-DETRAC_YOLO/data.yaml,train,37,4286.088164329529,0.66065,0.3592,0.86818,0.81974,0.7346,0.8169,0.6044,1.0063,0.5845,1.0046,0.0008045000000000001,0.0008045000000000001,0.0008045000000000001,,
yolo_yolov5m_20260715_001409,yolo,yolo_yolov5m_20260715_001409,yolov5m.pt,/root/autodl-fs/datasets/UA-DETRAC_YOLO/data.yaml,train,38,4401.559913396835,0.65713,0.3563,0.8667,0.86931,0.69943,0.82743,0.62,0.99355,0.58251,1.00136,0.0007921250000000001,0.0007921250000000001,0.0007921250000000001,,
yolo_yolov5m_20260715_001409,yolo,yolo_yolov5m_20260715_001409,yolov5m.pt,/root/autodl-fs/datasets/UA-DETRAC_YOLO/data.yaml,train,39,4516.9838943481445,0.65134,0.35376,0.86596,0.87256,0.68504,0.82357,0.6103,0.98245,0.58688,1.00225,0.0007797500000000001,0.0007797500000000001,0.0007797500000000001,,
yolo_yolov5m_20260715_001409,yolo,yolo_yolov5m_20260715_001409,yolov5m.pt,/root/autodl-fs/datasets/UA-DETRAC_YOLO/data.yaml,train,40,4632.580630540848,0.65001,0.35038,0.86478,0.84875,0.75137,0.8403,0.62388,0.99297,0.61955,1.00048,0.000767375,0.000767375,0.000767375,,
yolo_yolov5m_20260715_001409,yolo,yolo_yolov5m_20260715_001409,yolov5m.pt,/root/autodl-fs/datasets/UA-DETRAC_YOLO/data.yaml,train,41,4748.183111906052,0.65038,0.3489,0.86671,0.82905,0.77326,0.82526,0.61206,1.0065,0.59741,1.00615,0.000755,0.000755,0.000755,,
yolo_yolov5m_20260715_001409,yolo,yolo_yolov5m_20260715_001409,yolov5m.pt,/root/autodl-fs/datasets/UA-DETRAC_YOLO/data.yaml,train,42,4863.370229005814,0.64751,0.34612,0.86545,0.85499,0.73004,0.82275,0.60872,1.00642,0.58216,1.00737,0.0007426250000000001,0.0007426250000000001,0.0007426250000000001,,
yolo_yolov5m_20260715_001409,yolo,yolo_yolov5m_20260715_001409,yolov5m.pt,/root/autodl-fs/datasets/UA-DETRAC_YOLO/data.yaml,train,43,4978.7633991241455,0.64526,0.34645,0.86328,0.83401,0.73451,0.84314,0.62619,0.97831,0.55889,0.99223,0.0007302500000000001,0.0007302500000000001,0.0007302500000000001,,
yolo_yolov5m_20260715_001409,yolo,yolo_yolov5m_20260715_001409,yolov5m.pt,/root/autodl-fs/datasets/UA-DETRAC_YOLO/data.yaml,train,44,5094.319582462311,0.6404,0.34456,0.86288,0.83998,0.76742,0.8325,0.62519,0.99516,0.56995,1.00301,0.0007178750000000001,0.0007178750000000001,0.0007178750000000001,,
yolo_yolov5m_20260715_001409,yolo,yolo_yolov5m_20260715_001409,yolov5m.pt,/root/autodl-fs/datasets/UA-DETRAC_YOLO/data.yaml,train,45,5209.606298685074,0.64292,0.34304,0.86106,0.86529,0.74558,0.83247,0.61504,0.98648,0.58201,0.9985,0.0007055000000000001,0.0007055000000000001,0.0007055000000000001,,
yolo_yolov5m_20260715_001409,yolo,yolo_yolov5m_20260715_001409,yolov5m.pt,/root/autodl-fs/datasets/UA-DETRAC_YOLO/data.yaml,train,46,5324.867315292358,0.63778,0.33965,0.86172,0.8925,0.71313,0.83236,0.6197,0.99255,0.57078,1.00254,0.0006931250000000001,0.0006931250000000001,0.0006931250000000001,,
yolo_yolov5m_20260715_001409,yolo,yolo_yolov5m_20260715_001409,yolov5m.pt,/root/autodl-fs/datasets/UA-DETRAC_YOLO/data.yaml,train,47,5440.811742305756,0.63396,0.33669,0.86129,0.84678,0.73819,0.82703,0.61714,0.98472,0.57962,1.00452,0.0006807500000000001,0.0006807500000000001,0.0006807500000000001,,
yolo_yolov5m_20260715_001409,yolo,yolo_yolov5m_20260715_001409,yolov5m.pt,/root/autodl-fs/datasets/UA-DETRAC_YOLO/data.yaml,train,48,5556.1871247291565,0.63268,0.33729,0.86244,0.85909,0.70916,0.82944,0.62019,0.98115,0.58113,1.00107,0.0006683750000000001,0.0006683750000000001,0.0006683750000000001,,
yolo_yolov5m_20260715_001409,yolo,yolo_yolov5m_20260715_001409,yolov5m.pt,/root/autodl-fs/datasets/UA-DETRAC_YOLO/data.yaml,train,49,5671.578703165054,0.63136,0.33344,0.86099,0.8745,0.72476,0.83542,0.61987,0.98357,0.5525,0.99726,0.0006560000000000001,0.0006560000000000001,0.0006560000000000001,,
yolo_yolov5m_20260715_001409,yolo,yolo_yolov5m_20260715_001409,yolov5m.pt,/root/autodl-fs/datasets/UA-DETRAC_YOLO/data.yaml,train,50,5787.195590734482,0.63296,0.33342,0.86186,0.85788,0.72996,0.82856,0.62078,0.99161,0.59037,1.00832,0.000643625,0.000643625,0.000643625,,
yolo_yolov5m_20260715_001409,yolo,yolo_yolov5m_20260715_001409,yolov5m.pt,/root/autodl-fs/datasets/UA-DETRAC_YOLO/data.yaml,train,51,5902.632246494293,0.62986,0.33044,0.85923,0.87903,0.71604,0.82516,0.6147,0.98192,0.60596,1.00071,0.00063125,0.00063125,0.00063125,,
yolo_yolov5m_20260715_001409,yolo,yolo_yolov5m_20260715_001409,yolov5m.pt,/root/autodl-fs/datasets/UA-DETRAC_YOLO/data.yaml,train,52,6018.147608041763,0.62163,0.32696,0.85959,0.78564,0.76903,0.82452,0.61031,0.98732,0.59258,1.00513,0.000618875,0.000618875,0.000618875,,
yolo_yolov5m_20260715_001409,yolo,yolo_yolov5m_20260715_001409,yolov5m.pt,/root/autodl-fs/datasets/UA-DETRAC_YOLO/data.yaml,train,53,6133.9069855213165,0.62354,0.32785,0.85746,0.85329,0.718,0.82415,0.61145,0.98071,0.59226,0.99486,0.0006064999999999999,0.0006064999999999999,0.0006064999999999999,,
yolo_yolov5m_20260715_001409,yolo,yolo_yolov5m_20260715_001409,yolov5m.pt,/root/autodl-fs/datasets/UA-DETRAC_YOLO/data.yaml,train,54,6249.4285497665405,0.61633,0.32228,0.85621,0.88908,0.72977,0.83683,0.61862,0.98708,0.58684,0.99923,0.000594125,0.000594125,0.000594125,,
yolo_yolov5m_20260715_001409,yolo,yolo_yolov5m_20260715_001409,yolov5m.pt,/root/autodl-fs/datasets/UA-DETRAC_YOLO/data.yaml,train,55,6364.65304017067,0.61535,0.31948,0.85472,0.88013,0.76873,0.84732,0.63376,0.97554,0.57068,0.99811,0.00058175,0.00058175,0.00058175,,
yolo_yolov5m_20260715_001409,yolo,yolo_yolov5m_20260715_001409,yolov5m.pt,/root/autodl-fs/datasets/UA-DETRAC_YOLO/data.yaml,train,56,6480.35274720192,0.61553,0.32013,0.85491,0.83481,0.77421,0.82996,0.61672,0.97701,0.5901,0.99506,0.000569375,0.000569375,0.000569375,,
yolo_yolov5m_20260715_001409,yolo,yolo_yolov5m_20260715_001409,yolov5m.pt,/root/autodl-fs/datasets/UA-DETRAC_YOLO/data.yaml,train,57,6596.005140304565,0.6133,0.31916,0.85546,0.85066,0.77446,0.83915,0.61969,0.98124,0.59265,1.00093,0.000557,0.000557,0.000557,,
yolo_yolov5m_20260715_001409,yolo,yolo_yolov5m_20260715_001409,yolov5m.pt,/root/autodl-fs/datasets/UA-DETRAC_YOLO/data.yaml,train,58,6711.25176858902,0.60782,0.31307,0.85325,0.82856,0.74701,0.82377,0.61329,0.99236,0.5937,1.00261,0.0005446250000000001,0.0005446250000000001,0.0005446250000000001,,
yolo_yolov5m_20260715_001409,yolo,yolo_yolov5m_20260715_001409,yolov5m.pt,/root/autodl-fs/datasets/UA-DETRAC_YOLO/data.yaml,train,59,6826.901024580002,0.60824,0.31324,0.85357,0.8587,0.73389,0.83687,0.62168,1.00046,0.57434,1.01024,0.0005322500000000001,0.0005322500000000001,0.0005322500000000001,,
yolo_yolov5m_20260715_001409,yolo,yolo_yolov5m_20260715_001409,yolov5m.pt,/root/autodl-fs/datasets/UA-DETRAC_YOLO/data.yaml,train,60,6942.281846284866,0.60692,0.31282,0.85373,0.82782,0.72496,0.8181,0.61132,0.98672,0.58175,1.0044,0.000519875,0.000519875,0.000519875,,
yolo_yolov5m_20260715_001409,yolo,yolo_yolov5m_20260715_001409,yolov5m.pt,/root/autodl-fs/datasets/UA-DETRAC_YOLO/data.yaml,train,61,7057.667536973953,0.60251,0.30914,0.85394,0.83701,0.74059,0.82698,0.6181,0.982,0.60154,1.00271,0.0005075,0.0005075,0.0005075,,
yolo_yolov5m_20260715_001409,yolo,yolo_yolov5m_20260715_001409,yolov5m.pt,/root/autodl-fs/datasets/UA-DETRAC_YOLO/data.yaml,train,62,7173.324695587158,0.60183,0.30845,0.85304,0.86415,0.76296,0.84208,0.62807,0.97259,0.57672,1.0043,0.000495125,0.000495125,0.000495125,,
yolo_yolov5m_20260715_001409,yolo,yolo_yolov5m_20260715_001409,yolov5m.pt,/root/autodl-fs/datasets/UA-DETRAC_YOLO/data.yaml,train,63,7289.207712173462,0.60149,0.30637,0.85211,0.85354,0.72349,0.82706,0.61873,0.99119,0.59342,1.00337,0.00048275,0.00048275,0.00048275,,
yolo_yolov5m_20260715_001409,yolo,yolo_yolov5m_20260715_001409,yolov5m.pt,/root/autodl-fs/datasets/UA-DETRAC_YOLO/data.yaml,train,64,7404.7081689834595,0.59614,0.30445,0.84985,0.86905,0.73722,0.82774,0.62297,0.97791,0.58391,1.00312,0.00047037500000000004,0.00047037500000000004,0.00047037500000000004,,
yolo_yolov5m_20260715_001409,yolo,yolo_yolov5m_20260715_001409,yolov5m.pt,/root/autodl-fs/datasets/UA-DETRAC_YOLO/data.yaml,train,65,7520.49404168129,0.59196,0.30168,0.85001,0.83189,0.74642,0.8236,0.61585,0.98852,0.58945,1.00182,0.000458,0.000458,0.000458,,
yolo_yolov5m_20260715_001409,yolo,yolo_yolov5m_20260715_001409,yolov5m.pt,/root/autodl-fs/datasets/UA-DETRAC_YOLO/data.yaml,train,66,7636.275552511215,0.59229,0.30216,0.85175,0.87098,0.72076,0.819,0.61634,0.98266,0.60114,1.00534,0.000445625,0.000445625,0.000445625,,
yolo_yolov5m_20260715_001409,yolo,yolo_yolov5m_20260715_001409,yolov5m.pt,/root/autodl-fs/datasets/UA-DETRAC_YOLO/data.yaml,train,67,7751.8706023693085,0.58724,0.29855,0.84855,0.87455,0.74284,0.82808,0.61805,0.9878,0.58598,1.01085,0.00043325,0.00043325,0.00043325,,
yolo_yolov5m_20260715_001409,yolo,yolo_yolov5m_20260715_001409,yolov5m.pt,/root/autodl-fs/datasets/UA-DETRAC_YOLO/data.yaml,train,68,7867.5186405181885,0.58886,0.29731,0.84915,0.84961,0.76998,0.83894,0.62113,0.98853,0.5851,1.00775,0.0004208749999999999,0.0004208749999999999,0.0004208749999999999,,
yolo_yolov5m_20260715_001409,yolo,yolo_yolov5m_20260715_001409,yolov5m.pt,/root/autodl-fs/datasets/UA-DETRAC_YOLO/data.yaml,train,69,7983.269019126892,0.58625,0.29698,0.84793,0.83785,0.7794,0.84845,0.6323,0.988,0.5585,1.00304,0.0004085,0.0004085,0.0004085,,
yolo_yolov5m_20260715_001409,yolo,yolo_yolov5m_20260715_001409,yolov5m.pt,/root/autodl-fs/datasets/UA-DETRAC_YOLO/data.yaml,train,70,8098.685479640961,0.58092,0.29396,0.84764,0.84971,0.73239,0.82265,0.61278,0.97697,0.58812,1.00514,0.0003961250000000001,0.0003961250000000001,0.0003961250000000001,,
yolo_yolov5m_20260715_001409,yolo,yolo_yolov5m_20260715_001409,yolov5m.pt,/root/autodl-fs/datasets/UA-DETRAC_YOLO/data.yaml,train,71,8214.198228359222,0.57713,0.28956,0.84588,0.86757,0.744,0.83056,0.62438,0.96866,0.58534,1.00179,0.0003837500000000001,0.0003837500000000001,0.0003837500000000001,,
yolo_yolov5m_20260715_001409,yolo,yolo_yolov5m_20260715_001409,yolov5m.pt,/root/autodl-fs/datasets/UA-DETRAC_YOLO/data.yaml,train,72,8329.594592094421,0.5797,0.28966,0.84632,0.86096,0.75381,0.83181,0.62979,0.97778,0.60056,1.01145,0.00037137500000000007,0.00037137500000000007,0.00037137500000000007,,
yolo_yolov5m_20260715_001409,yolo,yolo_yolov5m_20260715_001409,yolov5m.pt,/root/autodl-fs/datasets/UA-DETRAC_YOLO/data.yaml,train,73,8444.782656669617,0.57667,0.28857,0.84633,0.87466,0.72426,0.82963,0.62394,0.97532,0.59247,1.00247,0.000359,0.000359,0.000359,,
yolo_yolov5m_20260715_001409,yolo,yolo_yolov5m_20260715_001409,yolov5m.pt,/root/autodl-fs/datasets/UA-DETRAC_YOLO/data.yaml,train,74,8560.147885084152,0.57357,0.28689,0.84485,0.85391,0.75525,0.82846,0.6147,0.97595,0.59034,1.00648,0.0003466250000000001,0.0003466250000000001,0.0003466250000000001,,
yolo_yolov5m_20260715_001409,yolo,yolo_yolov5m_20260715_001409,yolov5m.pt,/root/autodl-fs/datasets/UA-DETRAC_YOLO/data.yaml,train,75,8675.784083843231,0.57297,0.28753,0.8451,0.85783,0.72892,0.81886,0.61687,0.97444,0.58678,1.00408,0.00033425,0.00033425,0.00033425,,
yolo_yolov5m_20260715_001409,yolo,yolo_yolov5m_20260715_001409,yolov5m.pt,/root/autodl-fs/datasets/UA-DETRAC_YOLO/data.yaml,train,76,8791.549988269806,0.56738,0.2822,0.84312,0.87033,0.71959,0.82883,0.62084,0.98128,0.57837,1.00779,0.000321875,0.000321875,0.000321875,,
yolo_yolov5m_20260715_001409,yolo,yolo_yolov5m_20260715_001409,yolov5m.pt,/root/autodl-fs/datasets/UA-DETRAC_YOLO/data.yaml,train,77,8907.070852994919,0.56525,0.28368,0.84393,0.84181,0.74702,0.83045,0.62437,0.97867,0.58732,1.01157,0.0003095,0.0003095,0.0003095,,
yolo_yolov5m_20260715_001409,yolo,yolo_yolov5m_20260715_001409,yolov5m.pt,/root/autodl-fs/datasets/UA-DETRAC_YOLO/data.yaml,train,78,9022.873743534088,0.5626,0.27973,0.84268,0.85284,0.73332,0.82598,0.62096,0.9811,0.59337,1.00748,0.000297125,0.000297125,0.000297125,,
yolo_yolov5m_20260715_001409,yolo,yolo_yolov5m_20260715_001409,yolov5m.pt,/root/autodl-fs/datasets/UA-DETRAC_YOLO/data.yaml,train,79,9138.580785274506,0.56184,0.28034,0.84238,0.83282,0.75041,0.8328,0.62581,0.98029,0.58502,1.00442,0.00028474999999999996,0.00028474999999999996,0.00028474999999999996,,
yolo_yolov5m_20260715_001409,yolo,yolo_yolov5m_20260715_001409,yolov5m.pt,/root/autodl-fs/datasets/UA-DETRAC_YOLO/data.yaml,train,80,9253.80998134613,0.55804,0.27773,0.84204,0.85806,0.71882,0.82127,0.61805,0.97493,0.59112,1.00563,0.000272375,0.000272375,0.000272375,,
yolo_yolov5m_20260715_001409,yolo,yolo_yolov5m_20260715_001409,yolov5m.pt,/root/autodl-fs/datasets/UA-DETRAC_YOLO/data.yaml,train,81,9369.489954471588,0.55402,0.2763,0.84202,0.87586,0.72351,0.82292,0.61871,0.97691,0.59019,1.00787,0.00026,0.00026,0.00026,,
yolo_yolov5m_20260715_001409,yolo,yolo_yolov5m_20260715_001409,yolov5m.pt,/root/autodl-fs/datasets/UA-DETRAC_YOLO/data.yaml,train,82,9485.165653944016,0.55525,0.27425,0.83935,0.866,0.71504,0.81476,0.61237,0.97735,0.59503,1.00411,0.0002476249999999999,0.0002476249999999999,0.0002476249999999999,,
yolo_yolov5m_20260715_001409,yolo,yolo_yolov5m_20260715_001409,yolov5m.pt,/root/autodl-fs/datasets/UA-DETRAC_YOLO/data.yaml,train,83,9601.10205745697,0.55086,0.2727,0.83859,0.84293,0.73364,0.82559,0.62148,0.97769,0.58981,1.00148,0.00023525000000000008,0.00023525000000000008,0.00023525000000000008,,
yolo_yolov5m_20260715_001409,yolo,yolo_yolov5m_20260715_001409,yolov5m.pt,/root/autodl-fs/datasets/UA-DETRAC_YOLO/data.yaml,train,84,9716.981877803802,0.54877,0.27137,0.83979,0.85069,0.73502,0.82614,0.61892,0.98005,0.58221,1.00638,0.00022287500000000006,0.00022287500000000006,0.00022287500000000006,,
yolo_yolov5m_20260715_001409,yolo,yolo_yolov5m_20260715_001409,yolov5m.pt,/root/autodl-fs/datasets/UA-DETRAC_YOLO/data.yaml,train,85,9832.667785406113,0.54666,0.26958,0.83778,0.84074,0.7442,0.82031,0.61607,0.97181,0.5962,1.00411,0.00021050000000000008,0.00021050000000000008,0.00021050000000000008,,
yolo_yolov5m_20260715_001409,yolo,yolo_yolov5m_20260715_001409,yolov5m.pt,/root/autodl-fs/datasets/UA-DETRAC_YOLO/data.yaml,train,86,9948.34488105774,0.54236,0.26945,0.8375,0.85831,0.74859,0.82026,0.61741,0.97452,0.5811,1.00654,0.00019812500000000003,0.00019812500000000003,0.00019812500000000003,,
yolo_yolov5m_20260715_001409,yolo,yolo_yolov5m_20260715_001409,yolov5m.pt,/root/autodl-fs/datasets/UA-DETRAC_YOLO/data.yaml,train,87,10063.843475103378,0.54172,0.26706,0.83808,0.8445,0.74776,0.82129,0.61848,0.97618,0.58574,1.00783,0.00018575000000000002,0.00018575000000000002,0.00018575000000000002,,
yolo_yolov5m_20260715_001409,yolo,yolo_yolov5m_20260715_001409,yolov5m.pt,/root/autodl-fs/datasets/UA-DETRAC_YOLO/data.yaml,train,88,10179.423827648163,0.54194,0.26585,0.83904,0.85045,0.73832,0.82149,0.61829,0.98395,0.58472,1.01273,0.00017337500000000003,0.00017337500000000003,0.00017337500000000003,,
yolo_yolov5m_20260715_001409,yolo,yolo_yolov5m_20260715_001409,yolov5m.pt,/root/autodl-fs/datasets/UA-DETRAC_YOLO/data.yaml,train,89,10294.799188375473,0.54048,0.26429,0.83755,0.82986,0.75636,0.81648,0.61262,0.98307,0.59753,1.01354,0.000161,0.000161,0.000161,,
yolo_yolov5m_20260715_001409,yolo,yolo_yolov5m_20260715_001409,yolov5m.pt,/root/autodl-fs/datasets/UA-DETRAC_YOLO/data.yaml,train,90,10410.37392449379,0.53441,0.26238,0.83893,0.85062,0.7476,0.82246,0.61542,0.98735,0.59503,1.01828,0.00014862499999999997,0.00014862499999999997,0.00014862499999999997,,
yolo_yolov5m_20260715_001409,yolo,yolo_yolov5m_20260715_001409,yolov5m.pt,/root/autodl-fs/datasets/UA-DETRAC_YOLO/data.yaml,train,91,10525.92346405983,0.53374,0.24723,0.83101,0.86225,0.73696,0.82609,0.61766,0.98744,0.59014,1.01987,0.00013624999999999998,0.00013624999999999998,0.00013624999999999998,,
yolo_yolov5m_20260715_001409,yolo,yolo_yolov5m_20260715_001409,yolov5m.pt,/root/autodl-fs/datasets/UA-DETRAC_YOLO/data.yaml,train,92,10639.910137414932,0.52629,0.2436,0.82989,0.84703,0.73744,0.81694,0.61281,0.98629,0.59772,1.01997,0.00012387499999999996,0.00012387499999999996,0.00012387499999999996,,
yolo_yolov5m_20260715_001409,yolo,yolo_yolov5m_20260715_001409,yolov5m.pt,/root/autodl-fs/datasets/UA-DETRAC_YOLO/data.yaml,train,93,10754.412392139435,0.52235,0.24182,0.82876,0.84582,0.73567,0.81988,0.6145,0.98269,0.5957,1.01605,0.00011149999999999995,0.00011149999999999995,0.00011149999999999995,,
yolo_yolov5m_20260715_001409,yolo,yolo_yolov5m_20260715_001409,yolov5m.pt,/root/autodl-fs/datasets/UA-DETRAC_YOLO/data.yaml,train,94,10868.892673969269,0.51645,0.2387,0.82691,0.84163,0.74832,0.82153,0.61656,0.98322,0.59705,1.01602,9.912499999999993e-05,9.912499999999993e-05,9.912499999999993e-05,,
yolo_yolov5m_20260715_001409,yolo,yolo_yolov5m_20260715_001409,yolov5m.pt,/root/autodl-fs/datasets/UA-DETRAC_YOLO/data.yaml,train,95,10983.07326388359,0.51408,0.23625,0.82635,0.85575,0.72243,0.81734,0.61294,0.98781,0.59952,1.01983,8.675000000000006e-05,8.675000000000006e-05,8.675000000000006e-05,,
yolo_yolov5m_20260715_001409,yolo,yolo_yolov5m_20260715_001409,yolov5m.pt,/root/autodl-fs/datasets/UA-DETRAC_YOLO/data.yaml,train,96,11097.515660047531,0.51105,0.23575,0.82558,0.85681,0.72817,0.81694,0.61332,0.98715,0.59735,1.01766,7.437500000000006e-05,7.437500000000006e-05,7.437500000000006e-05,,
yolo_yolov5m_20260715_001409,yolo,yolo_yolov5m_20260715_001409,yolov5m.pt,/root/autodl-fs/datasets/UA-DETRAC_YOLO/data.yaml,train,97,11212.095571994781,0.50762,0.23375,0.82478,0.85564,0.73174,0.82052,0.61418,0.98638,0.59855,1.0153,6.200000000000006e-05,6.200000000000006e-05,6.200000000000006e-05,,
yolo_yolov5m_20260715_001409,yolo,yolo_yolov5m_20260715_001409,yolov5m.pt,/root/autodl-fs/datasets/UA-DETRAC_YOLO/data.yaml,train,98,11326.3581802845,0.50719,0.23324,0.82469,0.8463,0.74351,0.82003,0.61393,0.98654,0.60073,1.01642,4.9625000000000034e-05,4.9625000000000034e-05,4.9625000000000034e-05,,
yolo_yolov5m_20260715_001409,yolo,yolo_yolov5m_20260715_001409,yolov5m.pt,/root/autodl-fs/datasets/UA-DETRAC_YOLO/data.yaml,train,99,11440.396099328995,0.50507,0.23167,0.82316,0.84751,0.74178,0.82224,0.61441,0.98747,0.60162,1.01598,3.7250000000000025e-05,3.7250000000000025e-05,3.7250000000000025e-05,,
yolo_yolov5m_20260715_001409,yolo,yolo_yolov5m_20260715_001409,yolov5m.pt,/root/autodl-fs/datasets/UA-DETRAC_YOLO/data.yaml,train,100,11554.98387503624,0.50038,0.22923,0.82407,0.86756,0.73503,0.82176,0.61388,0.98839,0.60174,1.01465,2.4875000000000012e-05,2.4875000000000012e-05,2.4875000000000012e-05,,
yolo_yolov5n_20260715_033613,yolo,yolo_yolov5n_20260715_033613,yolov5n.pt,/root/autodl-fs/datasets/DAIR-V2X_YOLO/dairv2x.yaml,train,1,55.20902371406555,1.521,1.83389,0.98078,0.57607,0.5584,0.55137,0.3313,1.24639,0.91495,0.89923,0.0002767879746835443,0.0002767879746835443,0.0002767879746835443,,
yolo_yolov5n_20260715_033613,yolo,yolo_yolov5n_20260715_033613,yolov5n.pt,/root/autodl-fs/datasets/DAIR-V2X_YOLO/dairv2x.yaml,train,2,103.16691136360168,1.26563,0.95339,0.90524,0.70298,0.61666,0.66063,0.40412,1.15496,0.80546,0.87645,0.0005489655404008439,0.0005489655404008439,0.0005489655404008439,,
yolo_yolov5n_20260715_033613,yolo,yolo_yolov5n_20260715_033613,yolov5n.pt,/root/autodl-fs/datasets/DAIR-V2X_YOLO/dairv2x.yaml,train,3,150.48888754844666,1.21073,0.86259,0.89131,0.73619,0.65316,0.70876,0.44047,1.09736,0.73713,0.86703,0.0008156453061181434,0.0008156453061181434,0.0008156453061181434,,
yolo_yolov5n_20260715_033613,yolo,yolo_yolov5n_20260715_033613,yolov5n.pt,/root/autodl-fs/datasets/DAIR-V2X_YOLO/dairv2x.yaml,train,4,197.41125082969666,1.16077,0.80359,0.88158,0.78785,0.6562,0.72758,0.46566,1.08532,0.70454,0.86239,0.0008082599,0.0008082599,0.0008082599,,
yolo_yolov5n_20260715_033613,yolo,yolo_yolov5n_20260715_033613,yolov5n.pt,/root/autodl-fs/datasets/DAIR-V2X_YOLO/dairv2x.yaml,train,5,243.8417947292328,1.13077,0.76568,0.87741,0.78789,0.67739,0.74204,0.48383,1.05102,0.68411,0.85681,0.0008000131999999999,0.0008000131999999999,0.0008000131999999999,,
yolo_yolov5n_20260715_033613,yolo,yolo_yolov5n_20260715_033613,yolov5n.pt,/root/autodl-fs/datasets/DAIR-V2X_YOLO/dairv2x.yaml,train,6,290.53069710731506,1.11619,0.73741,0.87372,0.81124,0.66962,0.75519,0.49294,1.02389,0.65874,0.85513,0.0007917665,0.0007917665,0.0007917665,,
yolo_yolov5n_20260715_033613,yolo,yolo_yolov5n_20260715_033613,yolov5n.pt,/root/autodl-fs/datasets/DAIR-V2X_YOLO/dairv2x.yaml,train,7,337.2765145301819,1.09743,0.71396,0.87026,0.80264,0.68441,0.76737,0.50487,1.01722,0.63856,0.85396,0.0007835197999999999,0.0007835197999999999,0.0007835197999999999,,
yolo_yolov5n_20260715_033613,yolo,yolo_yolov5n_20260715_033613,yolov5n.pt,/root/autodl-fs/datasets/DAIR-V2X_YOLO/dairv2x.yaml,train,8,384.34542059898376,1.07742,0.69414,0.86721,0.77272,0.71356,0.76976,0.5107,1.00156,0.63428,0.85082,0.0007752731,0.0007752731,0.0007752731,,
yolo_yolov5n_20260715_033613,yolo,yolo_yolov5n_20260715_033613,yolov5n.pt,/root/autodl-fs/datasets/DAIR-V2X_YOLO/dairv2x.yaml,train,9,432.2140712738037,1.06288,0.6819,0.86449,0.79327,0.70592,0.77844,0.51826,0.98755,0.62418,0.84918,0.0007670264,0.0007670264,0.0007670264,,
yolo_yolov5n_20260715_033613,yolo,yolo_yolov5n_20260715_033613,yolov5n.pt,/root/autodl-fs/datasets/DAIR-V2X_YOLO/dairv2x.yaml,train,10,479.3995406627655,1.0527,0.66764,0.86381,0.79143,0.72522,0.7867,0.52642,0.9925,0.60767,0.84919,0.0007587797,0.0007587797,0.0007587797,,
yolo_yolov5n_20260715_033613,yolo,yolo_yolov5n_20260715_033613,yolov5n.pt,/root/autodl-fs/datasets/DAIR-V2X_YOLO/dairv2x.yaml,train,11,526.2579462528229,1.04593,0.66072,0.86178,0.80366,0.72326,0.79104,0.53273,0.97123,0.59512,0.84532,0.000750533,0.000750533,0.000750533,,
yolo_yolov5n_20260715_033613,yolo,yolo_yolov5n_20260715_033613,yolov5n.pt,/root/autodl-fs/datasets/DAIR-V2X_YOLO/dairv2x.yaml,train,12,573.354336977005,1.03429,0.64536,0.85982,0.80476,0.72559,0.78992,0.53067,0.96685,0.59175,0.84543,0.0007422863,0.0007422863,0.0007422863,,
yolo_yolov5n_20260715_033613,yolo,yolo_yolov5n_20260715_033613,yolov5n.pt,/root/autodl-fs/datasets/DAIR-V2X_YOLO/dairv2x.yaml,train,13,620.1444630622864,1.02885,0.63983,0.85938,0.81429,0.73397,0.80251,0.54729,0.95976,0.58589,0.84402,0.0007340396,0.0007340396,0.0007340396,,
yolo_yolov5n_20260715_033613,yolo,yolo_yolov5n_20260715_033613,yolov5n.pt,/root/autodl-fs/datasets/DAIR-V2X_YOLO/dairv2x.yaml,train,14,666.6660079956055,1.02524,0.6359,0.85797,0.81068,0.72719,0.79687,0.53338,0.96996,0.59798,0.84631,0.0007257928999999999,0.0007257928999999999,0.0007257928999999999,,
yolo_yolov5n_20260715_033613,yolo,yolo_yolov5n_20260715_033613,yolov5n.pt,/root/autodl-fs/datasets/DAIR-V2X_YOLO/dairv2x.yaml,train,15,713.5671963691711,1.01946,0.62874,0.85546,0.81192,0.74082,0.80652,0.54788,0.95006,0.57659,0.84152,0.0007175462,0.0007175462,0.0007175462,,
yolo_yolov5n_20260715_033613,yolo,yolo_yolov5n_20260715_033613,yolov5n.pt,/root/autodl-fs/datasets/DAIR-V2X_YOLO/dairv2x.yaml,train,16,760.4028470516205,1.00896,0.62125,0.85613,0.80093,0.74444,0.80408,0.54877,0.9432,0.57808,0.84061,0.0007092995,0.0007092995,0.0007092995,,
yolo_yolov5n_20260715_033613,yolo,yolo_yolov5n_20260715_033613,yolov5n.pt,/root/autodl-fs/datasets/DAIR-V2X_YOLO/dairv2x.yaml,train,17,807.304681301117,1.0021,0.61339,0.8539,0.8339,0.73781,0.81471,0.56019,0.9318,0.56372,0.83795,0.0007010528,0.0007010528,0.0007010528,,
yolo_yolov5n_20260715_033613,yolo,yolo_yolov5n_20260715_033613,yolov5n.pt,/root/autodl-fs/datasets/DAIR-V2X_YOLO/dairv2x.yaml,train,18,854.1117799282074,1.00195,0.61236,0.85369,0.82141,0.7473,0.81388,0.55795,0.93592,0.56013,0.83808,0.0006928061,0.0006928061,0.0006928061,,
yolo_yolov5n_20260715_033613,yolo,yolo_yolov5n_20260715_033613,yolov5n.pt,/root/autodl-fs/datasets/DAIR-V2X_YOLO/dairv2x.yaml,train,19,901.2788636684418,0.99363,0.60811,0.8531,0.82785,0.73945,0.8105,0.55519,0.93789,0.56407,0.8396,0.0006845594000000001,0.0006845594000000001,0.0006845594000000001,,
yolo_yolov5n_20260715_033613,yolo,yolo_yolov5n_20260715_033613,yolov5n.pt,/root/autodl-fs/datasets/DAIR-V2X_YOLO/dairv2x.yaml,train,20,948.8725633621216,0.98891,0.60253,0.85164,0.83443,0.74488,0.81404,0.55813,0.92136,0.55758,0.83677,0.0006763127,0.0006763127,0.0006763127,,
yolo_yolov5n_20260715_033613,yolo,yolo_yolov5n_20260715_033613,yolov5n.pt,/root/autodl-fs/datasets/DAIR-V2X_YOLO/dairv2x.yaml,train,21,995.5621678829193,0.98772,0.60214,0.85094,0.8222,0.748,0.82159,0.56403,0.93193,0.559,0.83762,0.000668066,0.000668066,0.000668066,,
yolo_yolov5n_20260715_033613,yolo,yolo_yolov5n_20260715_033613,yolov5n.pt,/root/autodl-fs/datasets/DAIR-V2X_YOLO/dairv2x.yaml,train,22,1042.95658659935,0.98182,0.59508,0.8505,0.82382,0.75727,0.82328,0.5637,0.92202,0.55175,0.83629,0.0006598193,0.0006598193,0.0006598193,,
yolo_yolov5n_20260715_033613,yolo,yolo_yolov5n_20260715_033613,yolov5n.pt,/root/autodl-fs/datasets/DAIR-V2X_YOLO/dairv2x.yaml,train,23,1089.8125791549683,0.9797,0.59304,0.8494,0.82314,0.74325,0.81829,0.55947,0.92418,0.55399,0.83798,0.0006515726,0.0006515726,0.0006515726,,
yolo_yolov5n_20260715_033613,yolo,yolo_yolov5n_20260715_033613,yolov5n.pt,/root/autodl-fs/datasets/DAIR-V2X_YOLO/dairv2x.yaml,train,24,1136.208246231079,0.97492,0.59194,0.85033,0.83354,0.74593,0.82345,0.56554,0.91621,0.5498,0.83657,0.0006433259,0.0006433259,0.0006433259,,
yolo_yolov5n_20260715_033613,yolo,yolo_yolov5n_20260715_033613,yolov5n.pt,/root/autodl-fs/datasets/DAIR-V2X_YOLO/dairv2x.yaml,train,25,1182.3365404605865,0.97375,0.58733,0.84903,0.83644,0.75003,0.82148,0.57131,0.90825,0.54742,0.83508,0.0006350791999999999,0.0006350791999999999,0.0006350791999999999,,
yolo_yolov5n_20260715_033613,yolo,yolo_yolov5n_20260715_033613,yolov5n.pt,/root/autodl-fs/datasets/DAIR-V2X_YOLO/dairv2x.yaml,train,26,1228.575811624527,0.96976,0.5861,0.8485,0.82938,0.75766,0.8242,0.57249,0.91134,0.54636,0.83453,0.0006268325,0.0006268325,0.0006268325,,
yolo_yolov5n_20260715_033613,yolo,yolo_yolov5n_20260715_033613,yolov5n.pt,/root/autodl-fs/datasets/DAIR-V2X_YOLO/dairv2x.yaml,train,27,1274.9773590564728,0.96735,0.58281,0.84724,0.83033,0.75531,0.82382,0.56855,0.90922,0.54401,0.83431,0.0006185858,0.0006185858,0.0006185858,,
yolo_yolov5n_20260715_033613,yolo,yolo_yolov5n_20260715_033613,yolov5n.pt,/root/autodl-fs/datasets/DAIR-V2X_YOLO/dairv2x.yaml,train,28,1321.6245455741882,0.97133,0.58731,0.84912,0.82599,0.75742,0.82945,0.56747,0.91303,0.54781,0.83485,0.0006103391,0.0006103391,0.0006103391,,
yolo_yolov5n_20260715_033613,yolo,yolo_yolov5n_20260715_033613,yolov5n.pt,/root/autodl-fs/datasets/DAIR-V2X_YOLO/dairv2x.yaml,train,29,1368.3154518604279,0.96205,0.57948,0.84705,0.83093,0.76217,0.82509,0.57182,0.90516,0.54151,0.83418,0.0006020924,0.0006020924,0.0006020924,,
yolo_yolov5n_20260715_033613,yolo,yolo_yolov5n_20260715_033613,yolov5n.pt,/root/autodl-fs/datasets/DAIR-V2X_YOLO/dairv2x.yaml,train,30,1415.178053855896,0.95642,0.57415,0.84588,0.82924,0.76024,0.82864,0.57757,0.8943,0.53336,0.83323,0.0005938457,0.0005938457,0.0005938457,,
yolo_yolov5n_20260715_033613,yolo,yolo_yolov5n_20260715_033613,yolov5n.pt,/root/autodl-fs/datasets/DAIR-V2X_YOLO/dairv2x.yaml,train,31,1462.2268161773682,0.95542,0.57414,0.84597,0.84521,0.75463,0.83081,0.58465,0.89637,0.52988,0.83236,0.0005855989999999999,0.0005855989999999999,0.0005855989999999999,,
yolo_yolov5n_20260715_033613,yolo,yolo_yolov5n_20260715_033613,yolov5n.pt,/root/autodl-fs/datasets/DAIR-V2X_YOLO/dairv2x.yaml,train,32,1508.918978214264,0.94933,0.57039,0.84507,0.83074,0.75975,0.83322,0.58153,0.90127,0.53351,0.83254,0.0005773522999999999,0.0005773522999999999,0.0005773522999999999,,
yolo_yolov5n_20260715_033613,yolo,yolo_yolov5n_20260715_033613,yolov5n.pt,/root/autodl-fs/datasets/DAIR-V2X_YOLO/dairv2x.yaml,train,33,1555.6468842029572,0.94847,0.56766,0.84499,0.84757,0.75933,0.83185,0.58296,0.89451,0.5291,0.8325,0.0005691056,0.0005691056,0.0005691056,,
yolo_yolov5n_20260715_033613,yolo,yolo_yolov5n_20260715_033613,yolov5n.pt,/root/autodl-fs/datasets/DAIR-V2X_YOLO/dairv2x.yaml,train,34,1602.3500111103058,0.94728,0.56828,0.84473,0.84031,0.75718,0.82908,0.57797,0.89457,0.53027,0.83161,0.0005608588999999999,0.0005608588999999999,0.0005608588999999999,,
yolo_yolov5n_20260715_033613,yolo,yolo_yolov5n_20260715_033613,yolov5n.pt,/root/autodl-fs/datasets/DAIR-V2X_YOLO/dairv2x.yaml,train,35,1648.7476251125336,0.94204,0.56416,0.84406,0.83472,0.7583,0.82548,0.57626,0.89393,0.53172,0.83243,0.0005526121999999999,0.0005526121999999999,0.0005526121999999999,,
yolo_yolov5n_20260715_033613,yolo,yolo_yolov5n_20260715_033613,yolov5n.pt,/root/autodl-fs/datasets/DAIR-V2X_YOLO/dairv2x.yaml,train,36,1695.4308845996857,0.94355,0.56393,0.84402,0.83529,0.76528,0.83215,0.58058,0.89277,0.5289,0.83136,0.0005443655,0.0005443655,0.0005443655,,
yolo_yolov5n_20260715_033613,yolo,yolo_yolov5n_20260715_033613,yolov5n.pt,/root/autodl-fs/datasets/DAIR-V2X_YOLO/dairv2x.yaml,train,37,1741.8356277942657,0.94197,0.56221,0.84285,0.83333,0.77276,0.83582,0.58582,0.88853,0.52422,0.83195,0.0005361188,0.0005361188,0.0005361188,,
yolo_yolov5n_20260715_033613,yolo,yolo_yolov5n_20260715_033613,yolov5n.pt,/root/autodl-fs/datasets/DAIR-V2X_YOLO/dairv2x.yaml,train,38,1788.5240116119385,0.94038,0.56085,0.84297,0.83875,0.77002,0.8334,0.58381,0.88612,0.52289,0.83072,0.0005278721,0.0005278721,0.0005278721,,
yolo_yolov5n_20260715_033613,yolo,yolo_yolov5n_20260715_033613,yolov5n.pt,/root/autodl-fs/datasets/DAIR-V2X_YOLO/dairv2x.yaml,train,39,1834.7962009906769,0.93519,0.56053,0.84266,0.83875,0.76339,0.83444,0.58686,0.88211,0.52177,0.83034,0.0005196254,0.0005196254,0.0005196254,,
yolo_yolov5n_20260715_033613,yolo,yolo_yolov5n_20260715_033613,yolov5n.pt,/root/autodl-fs/datasets/DAIR-V2X_YOLO/dairv2x.yaml,train,40,1881.1056499481201,0.93756,0.55834,0.84183,0.84058,0.76891,0.83503,0.58791,0.88088,0.51944,0.83048,0.0005113787,0.0005113787,0.0005113787,,
yolo_yolov5n_20260715_033613,yolo,yolo_yolov5n_20260715_033613,yolov5n.pt,/root/autodl-fs/datasets/DAIR-V2X_YOLO/dairv2x.yaml,train,41,1927.7073950767517,0.93262,0.55474,0.84294,0.83998,0.76983,0.83307,0.58292,0.88156,0.51881,0.82919,0.000503132,0.000503132,0.000503132,,
yolo_yolov5n_20260715_033613,yolo,yolo_yolov5n_20260715_033613,yolov5n.pt,/root/autodl-fs/datasets/DAIR-V2X_YOLO/dairv2x.yaml,train,42,1974.4796674251556,0.93246,0.55306,0.84124,0.84124,0.775,0.83828,0.58992,0.87418,0.51078,0.82878,0.0004948853,0.0004948853,0.0004948853,,
yolo_yolov5n_20260715_033613,yolo,yolo_yolov5n_20260715_033613,yolov5n.pt,/root/autodl-fs/datasets/DAIR-V2X_YOLO/dairv2x.yaml,train,43,2021.3756399154663,0.92825,0.55144,0.8414,0.84625,0.77252,0.83644,0.58954,0.87499,0.51558,0.82899,0.00048663860000000005,0.00048663860000000005,0.00048663860000000005,,
yolo_yolov5n_20260715_033613,yolo,yolo_yolov5n_20260715_033613,yolov5n.pt,/root/autodl-fs/datasets/DAIR-V2X_YOLO/dairv2x.yaml,train,44,2067.950377702713,0.92955,0.55205,0.84039,0.83377,0.77515,0.83936,0.59017,0.87472,0.51488,0.82855,0.00047839190000000003,0.00047839190000000003,0.00047839190000000003,,
yolo_yolov5n_20260715_033613,yolo,yolo_yolov5n_20260715_033613,yolov5n.pt,/root/autodl-fs/datasets/DAIR-V2X_YOLO/dairv2x.yaml,train,45,2114.2740898132324,0.92687,0.55089,0.84008,0.83531,0.77443,0.83907,0.59,0.8755,0.51454,0.82914,0.0004701452,0.0004701452,0.0004701452,,
yolo_yolov5n_20260715_033613,yolo,yolo_yolov5n_20260715_033613,yolov5n.pt,/root/autodl-fs/datasets/DAIR-V2X_YOLO/dairv2x.yaml,train,46,2160.592839717865,0.92335,0.54773,0.8406,0.84287,0.77395,0.8402,0.5953,0.8702,0.50957,0.82793,0.0004618985,0.0004618985,0.0004618985,,
yolo_yolov5n_20260715_033613,yolo,yolo_yolov5n_20260715_033613,yolov5n.pt,/root/autodl-fs/datasets/DAIR-V2X_YOLO/dairv2x.yaml,train,47,2207.191976070404,0.92157,0.54537,0.83931,0.83963,0.77858,0.84199,0.59777,0.865,0.51052,0.82733,0.00045365180000000007,0.00045365180000000007,0.00045365180000000007,,
yolo_yolov5n_20260715_033613,yolo,yolo_yolov5n_20260715_033613,yolov5n.pt,/root/autodl-fs/datasets/DAIR-V2X_YOLO/dairv2x.yaml,train,48,2255.123079776764,0.92178,0.54739,0.84057,0.84645,0.7755,0.83979,0.59779,0.86416,0.50746,0.82768,0.00044540510000000004,0.00044540510000000004,0.00044540510000000004,,
yolo_yolov5n_20260715_033613,yolo,yolo_yolov5n_20260715_033613,yolov5n.pt,/root/autodl-fs/datasets/DAIR-V2X_YOLO/dairv2x.yaml,train,49,2302.085012435913,0.92025,0.54426,0.84007,0.83883,0.78244,0.83954,0.59471,0.86476,0.50894,0.82727,0.0004371584,0.0004371584,0.0004371584,,
yolo_yolov5n_20260715_033613,yolo,yolo_yolov5n_20260715_033613,yolov5n.pt,/root/autodl-fs/datasets/DAIR-V2X_YOLO/dairv2x.yaml,train,50,2349.003598213196,0.91513,0.54221,0.8392,0.83996,0.7823,0.84469,0.59696,0.86357,0.50821,0.82671,0.0004289117,0.0004289117,0.0004289117,,
yolo_yolov5n_20260715_033613,yolo,yolo_yolov5n_20260715_033613,yolov5n.pt,/root/autodl-fs/datasets/DAIR-V2X_YOLO/dairv2x.yaml,train,51,2395.566993713379,0.91402,0.54079,0.83834,0.8389,0.77829,0.84618,0.59779,0.8639,0.50656,0.82722,0.00042066499999999997,0.00042066499999999997,0.00042066499999999997,,
yolo_yolov5n_20260715_033613,yolo,yolo_yolov5n_20260715_033613,yolov5n.pt,/root/autodl-fs/datasets/DAIR-V2X_YOLO/dairv2x.yaml,train,52,2442.0490300655365,0.91334,0.53972,0.83865,0.84097,0.77753,0.84289,0.59744,0.86215,0.50562,0.82697,0.00041241829999999995,0.00041241829999999995,0.00041241829999999995,,
yolo_yolov5n_20260715_033613,yolo,yolo_yolov5n_20260715_033613,yolov5n.pt,/root/autodl-fs/datasets/DAIR-V2X_YOLO/dairv2x.yaml,train,53,2488.514993429184,0.91377,0.54135,0.83846,0.83408,0.78751,0.84407,0.59802,0.86297,0.50614,0.82689,0.0004041716,0.0004041716,0.0004041716,,
yolo_yolov5n_20260715_033613,yolo,yolo_yolov5n_20260715_033613,yolov5n.pt,/root/autodl-fs/datasets/DAIR-V2X_YOLO/dairv2x.yaml,train,54,2535.600270986557,0.91265,0.53747,0.83924,0.842,0.77978,0.84877,0.60261,0.86135,0.50343,0.82667,0.0003959249,0.0003959249,0.0003959249,,
yolo_yolov5n_20260715_033613,yolo,yolo_yolov5n_20260715_033613,yolov5n.pt,/root/autodl-fs/datasets/DAIR-V2X_YOLO/dairv2x.yaml,train,55,2582.7113013267517,0.90996,0.53702,0.83729,0.84499,0.7775,0.84457,0.59854,0.85619,0.5044,0.82628,0.0003876782,0.0003876782,0.0003876782,,
yolo_yolov5n_20260715_033613,yolo,yolo_yolov5n_20260715_033613,yolov5n.pt,/root/autodl-fs/datasets/DAIR-V2X_YOLO/dairv2x.yaml,train,56,2629.3702688217163,0.90697,0.53481,0.83748,0.84352,0.77935,0.84526,0.5999,0.85875,0.5014,0.82613,0.00037943149999999996,0.00037943149999999996,0.00037943149999999996,,
yolo_yolov5n_20260715_033613,yolo,yolo_yolov5n_20260715_033613,yolov5n.pt,/root/autodl-fs/datasets/DAIR-V2X_YOLO/dairv2x.yaml,train,57,2676.5991640090942,0.90812,0.53471,0.83796,0.84164,0.78598,0.84618,0.60134,0.85624,0.50022,0.82602,0.00037118479999999994,0.00037118479999999994,0.00037118479999999994,,
yolo_yolov5n_20260715_033613,yolo,yolo_yolov5n_20260715_033613,yolov5n.pt,/root/autodl-fs/datasets/DAIR-V2X_YOLO/dairv2x.yaml,train,58,2723.369830608368,0.90255,0.531,0.83712,0.84697,0.78229,0.8478,0.60285,0.85246,0.49824,0.82538,0.0003629381,0.0003629381,0.0003629381,,
yolo_yolov5n_20260715_033613,yolo,yolo_yolov5n_20260715_033613,yolov5n.pt,/root/autodl-fs/datasets/DAIR-V2X_YOLO/dairv2x.yaml,train,59,2770.0313024520874,0.90619,0.5329,0.83733,0.84882,0.78082,0.84897,0.60423,0.8531,0.49766,0.82592,0.00035469140000000005,0.00035469140000000005,0.00035469140000000005,,
yolo_yolov5n_20260715_033613,yolo,yolo_yolov5n_20260715_033613,yolov5n.pt,/root/autodl-fs/datasets/DAIR-V2X_YOLO/dairv2x.yaml,train,60,2816.295663356781,0.90175,0.53017,0.83658,0.84491,0.78612,0.84785,0.6039,0.85275,0.49798,0.82543,0.00034644470000000003,0.00034644470000000003,0.00034644470000000003,,
yolo_yolov5n_20260715_033613,yolo,yolo_yolov5n_20260715_033613,yolov5n.pt,/root/autodl-fs/datasets/DAIR-V2X_YOLO/dairv2x.yaml,train,61,2862.6374955177307,0.90098,0.53121,0.83614,0.84888,0.78073,0.84755,0.60449,0.85283,0.49705,0.82514,0.000338198,0.000338198,0.000338198,,
yolo_yolov5n_20260715_033613,yolo,yolo_yolov5n_20260715_033613,yolov5n.pt,/root/autodl-fs/datasets/DAIR-V2X_YOLO/dairv2x.yaml,train,62,2909.158972263336,0.89746,0.52867,0.83731,0.85017,0.78511,0.85211,0.608,0.85047,0.49539,0.82474,0.0003299513,0.0003299513,0.0003299513,,
yolo_yolov5n_20260715_033613,yolo,yolo_yolov5n_20260715_033613,yolov5n.pt,/root/autodl-fs/datasets/DAIR-V2X_YOLO/dairv2x.yaml,train,63,2956.0564119815826,0.8988,0.52805,0.83564,0.85098,0.78402,0.85104,0.60586,0.84967,0.49651,0.825,0.00032170459999999996,0.00032170459999999996,0.00032170459999999996,,
yolo_yolov5n_20260715_033613,yolo,yolo_yolov5n_20260715_033613,yolov5n.pt,/root/autodl-fs/datasets/DAIR-V2X_YOLO/dairv2x.yaml,train,64,3002.9621365070343,0.89971,0.52831,0.8356,0.84684,0.78344,0.84998,0.60506,0.85095,0.49577,0.82497,0.0003134579,0.0003134579,0.0003134579,,
yolo_yolov5n_20260715_033613,yolo,yolo_yolov5n_20260715_033613,yolov5n.pt,/root/autodl-fs/datasets/DAIR-V2X_YOLO/dairv2x.yaml,train,65,3049.615403175354,0.89298,0.52394,0.83569,0.84302,0.7908,0.85011,0.6075,0.84854,0.49456,0.82446,0.0003052112,0.0003052112,0.0003052112,,
yolo_yolov5n_20260715_033613,yolo,yolo_yolov5n_20260715_033613,yolov5n.pt,/root/autodl-fs/datasets/DAIR-V2X_YOLO/dairv2x.yaml,train,66,3095.8983166217804,0.89334,0.52472,0.83568,0.84697,0.78582,0.84975,0.60789,0.84754,0.49346,0.82434,0.0002969645,0.0002969645,0.0002969645,,
yolo_yolov5n_20260715_033613,yolo,yolo_yolov5n_20260715_033613,yolov5n.pt,/root/autodl-fs/datasets/DAIR-V2X_YOLO/dairv2x.yaml,train,67,3142.462738275528,0.89435,0.52318,0.83477,0.85467,0.77987,0.85049,0.60667,0.84706,0.49295,0.82441,0.00028871779999999997,0.00028871779999999997,0.00028871779999999997,,
yolo_yolov5n_20260715_033613,yolo,yolo_yolov5n_20260715_033613,yolov5n.pt,/root/autodl-fs/datasets/DAIR-V2X_YOLO/dairv2x.yaml,train,68,3188.642647743225,0.89186,0.52228,0.83481,0.85146,0.78525,0.85081,0.60678,0.84685,0.49295,0.82426,0.00028047109999999994,0.00028047109999999994,0.00028047109999999994,,
yolo_yolov5n_20260715_033613,yolo,yolo_yolov5n_20260715_033613,yolov5n.pt,/root/autodl-fs/datasets/DAIR-V2X_YOLO/dairv2x.yaml,train,69,3235.022077322006,0.88803,0.5205,0.83499,0.85365,0.78257,0.85095,0.60931,0.84443,0.49147,0.82415,0.0002722244,0.0002722244,0.0002722244,,
yolo_yolov5n_20260715_033613,yolo,yolo_yolov5n_20260715_033613,yolov5n.pt,/root/autodl-fs/datasets/DAIR-V2X_YOLO/dairv2x.yaml,train,70,3281.374917984009,0.88767,0.51854,0.83394,0.84567,0.78955,0.85124,0.60643,0.84701,0.49171,0.82444,0.00026397770000000006,0.00026397770000000006,0.00026397770000000006,,
yolo_yolov5n_20260715_033613,yolo,yolo_yolov5n_20260715_033613,yolov5n.pt,/root/autodl-fs/datasets/DAIR-V2X_YOLO/dairv2x.yaml,train,71,3328.102400302887,0.89154,0.52223,0.83501,0.84564,0.78811,0.85156,0.60728,0.84366,0.4904,0.82405,0.00025573100000000004,0.00025573100000000004,0.00025573100000000004,,
yolo_yolov5n_20260715_033613,yolo,yolo_yolov5n_20260715_033613,yolov5n.pt,/root/autodl-fs/datasets/DAIR-V2X_YOLO/dairv2x.yaml,train,72,3374.789592027664,0.88749,0.51765,0.83361,0.84725,0.78999,0.85072,0.60728,0.84161,0.48797,0.82374,0.0002474843,0.0002474843,0.0002474843,,
yolo_yolov5n_20260715_033613,yolo,yolo_yolov5n_20260715_033613,yolov5n.pt,/root/autodl-fs/datasets/DAIR-V2X_YOLO/dairv2x.yaml,train,73,3422.2206625938416,0.88554,0.51714,0.83393,0.85569,0.78692,0.85544,0.61131,0.84203,0.48768,0.82362,0.0002392376,0.0002392376,0.0002392376,,
yolo_yolov5n_20260715_033613,yolo,yolo_yolov5n_20260715_033613,yolov5n.pt,/root/autodl-fs/datasets/DAIR-V2X_YOLO/dairv2x.yaml,train,74,3469.50501036644,0.88381,0.51721,0.83351,0.84473,0.78928,0.85032,0.60915,0.84108,0.48766,0.82349,0.00023099090000000002,0.00023099090000000002,0.00023099090000000002,,
yolo_yolov5n_20260715_033613,yolo,yolo_yolov5n_20260715_033613,yolov5n.pt,/root/autodl-fs/datasets/DAIR-V2X_YOLO/dairv2x.yaml,train,75,3516.2066464424133,0.88316,0.51522,0.83297,0.84808,0.78868,0.85467,0.61097,0.84156,0.48783,0.82357,0.00022274420000000002,0.00022274420000000002,0.00022274420000000002,,
yolo_yolov5n_20260715_033613,yolo,yolo_yolov5n_20260715_033613,yolov5n.pt,/root/autodl-fs/datasets/DAIR-V2X_YOLO/dairv2x.yaml,train,76,3562.399269580841,0.88177,0.51387,0.83389,0.85659,0.78729,0.854,0.61256,0.83826,0.48646,0.82328,0.0002144975,0.0002144975,0.0002144975,,
yolo_yolov5n_20260715_033613,yolo,yolo_yolov5n_20260715_033613,yolov5n.pt,/root/autodl-fs/datasets/DAIR-V2X_YOLO/dairv2x.yaml,train,77,3608.9854769706726,0.88058,0.51429,0.83407,0.85386,0.78665,0.85031,0.60888,0.83934,0.48778,0.82347,0.00020625079999999997,0.00020625079999999997,0.00020625079999999997,,
yolo_yolov5n_20260715_033613,yolo,yolo_yolov5n_20260715_033613,yolov5n.pt,/root/autodl-fs/datasets/DAIR-V2X_YOLO/dairv2x.yaml,train,78,3655.5939683914185,0.87951,0.51363,0.83367,0.85256,0.78924,0.85388,0.61212,0.84016,0.48755,0.82338,0.00019800409999999998,0.00019800409999999998,0.00019800409999999998,,
yolo_yolov5n_20260715_033613,yolo,yolo_yolov5n_20260715_033613,yolov5n.pt,/root/autodl-fs/datasets/DAIR-V2X_YOLO/dairv2x.yaml,train,79,3702.4198129177094,0.8755,0.51077,0.8316,0.85581,0.78198,0.85292,0.61052,0.8388,0.48733,0.8234,0.00018975739999999998,0.00018975739999999998,0.00018975739999999998,,
yolo_yolov5n_20260715_033613,yolo,yolo_yolov5n_20260715_033613,yolov5n.pt,/root/autodl-fs/datasets/DAIR-V2X_YOLO/dairv2x.yaml,train,80,3749.1124296188354,0.87759,0.51153,0.83203,0.85327,0.78706,0.85324,0.61112,0.83864,0.48522,0.82337,0.00018151069999999998,0.00018151069999999998,0.00018151069999999998,,
yolo_yolov5n_20260715_033613,yolo,yolo_yolov5n_20260715_033613,yolov5n.pt,/root/autodl-fs/datasets/DAIR-V2X_YOLO/dairv2x.yaml,train,81,3795.3423981666565,0.87167,0.50823,0.83225,0.85964,0.78183,0.85437,0.61171,0.83782,0.48572,0.82322,0.00017326399999999996,0.00017326399999999996,0.00017326399999999996,,
yolo_yolov5n_20260715_033613,yolo,yolo_yolov5n_20260715_033613,yolov5n.pt,/root/autodl-fs/datasets/DAIR-V2X_YOLO/dairv2x.yaml,train,82,3842.0251648426056,0.87394,0.50837,0.83227,0.85511,0.78773,0.85454,0.61336,0.8379,0.48517,0.82298,0.00016501729999999994,0.00016501729999999994,0.00016501729999999994,,
yolo_yolov5n_20260715_033613,yolo,yolo_yolov5n_20260715_033613,yolov5n.pt,/root/autodl-fs/datasets/DAIR-V2X_YOLO/dairv2x.yaml,train,83,3888.117931365967,0.87161,0.50783,0.8321,0.84968,0.79251,0.85499,0.61372,0.83631,0.48314,0.82262,0.00015677060000000005,0.00015677060000000005,0.00015677060000000005,,
yolo_yolov5n_20260715_033613,yolo,yolo_yolov5n_20260715_033613,yolov5n.pt,/root/autodl-fs/datasets/DAIR-V2X_YOLO/dairv2x.yaml,train,84,3934.624343395233,0.87222,0.50847,0.8318,0.85629,0.78615,0.8551,0.6136,0.83648,0.48419,0.82273,0.00014852390000000002,0.00014852390000000002,0.00014852390000000002,,
yolo_yolov5n_20260715_033613,yolo,yolo_yolov5n_20260715_033613,yolov5n.pt,/root/autodl-fs/datasets/DAIR-V2X_YOLO/dairv2x.yaml,train,85,3981.5688421726227,0.87042,0.50593,0.83183,0.85364,0.7894,0.85597,0.61365,0.83599,0.4834,0.823,0.00014027720000000003,0.00014027720000000003,0.00014027720000000003,,
yolo_yolov5n_20260715_033613,yolo,yolo_yolov5n_20260715_033613,yolov5n.pt,/root/autodl-fs/datasets/DAIR-V2X_YOLO/dairv2x.yaml,train,86,4029.470383167267,0.87024,0.5056,0.83096,0.85104,0.79079,0.85496,0.6123,0.83568,0.48316,0.82284,0.00013203050000000003,0.00013203050000000003,0.00013203050000000003,,
yolo_yolov5n_20260715_033613,yolo,yolo_yolov5n_20260715_033613,yolov5n.pt,/root/autodl-fs/datasets/DAIR-V2X_YOLO/dairv2x.yaml,train,87,4075.778186559677,0.86728,0.5042,0.83126,0.84766,0.79218,0.85601,0.61347,0.83671,0.48251,0.82299,0.0001237838,0.0001237838,0.0001237838,,
yolo_yolov5n_20260715_033613,yolo,yolo_yolov5n_20260715_033613,yolov5n.pt,/root/autodl-fs/datasets/DAIR-V2X_YOLO/dairv2x.yaml,train,88,4122.012217998505,0.86559,0.50263,0.83131,0.85563,0.7877,0.85555,0.61413,0.83523,0.48228,0.82287,0.00011553710000000001,0.00011553710000000001,0.00011553710000000001,,
yolo_yolov5n_20260715_033613,yolo,yolo_yolov5n_20260715_033613,yolov5n.pt,/root/autodl-fs/datasets/DAIR-V2X_YOLO/dairv2x.yaml,train,89,4168.444282054901,0.86332,0.50158,0.83134,0.85234,0.78835,0.85501,0.61218,0.83594,0.48298,0.82278,0.0001072904,0.0001072904,0.0001072904,,
yolo_yolov5n_20260715_033613,yolo,yolo_yolov5n_20260715_033613,yolov5n.pt,/root/autodl-fs/datasets/DAIR-V2X_YOLO/dairv2x.yaml,train,90,4215.0618941783905,0.86451,0.50309,0.83161,0.85421,0.78903,0.85438,0.61348,0.83426,0.48144,0.82247,9.904369999999997e-05,9.904369999999997e-05,9.904369999999997e-05,,
yolo_yolov5n_20260715_033613,yolo,yolo_yolov5n_20260715_033613,yolov5n.pt,/root/autodl-fs/datasets/DAIR-V2X_YOLO/dairv2x.yaml,train,91,4257.06812953949,0.83634,0.48892,0.82637,0.84913,0.78734,0.85202,0.60691,0.84781,0.48974,0.82414,9.079699999999998e-05,9.079699999999998e-05,9.079699999999998e-05,,
yolo_yolov5n_20260715_033613,yolo,yolo_yolov5n_20260715_033613,yolov5n.pt,/root/autodl-fs/datasets/DAIR-V2X_YOLO/dairv2x.yaml,train,92,4298.15166592598,0.83051,0.48355,0.82439,0.85373,0.78693,0.85253,0.60863,0.84577,0.48879,0.82385,8.255029999999997e-05,8.255029999999997e-05,8.255029999999997e-05,,
yolo_yolov5n_20260715_033613,yolo,yolo_yolov5n_20260715_033613,yolov5n.pt,/root/autodl-fs/datasets/DAIR-V2X_YOLO/dairv2x.yaml,train,93,4339.727928638458,0.82408,0.48012,0.8243,0.84806,0.7891,0.85237,0.60781,0.8446,0.48738,0.82382,7.430359999999997e-05,7.430359999999997e-05,7.430359999999997e-05,,
yolo_yolov5n_20260715_033613,yolo,yolo_yolov5n_20260715_033613,yolov5n.pt,/root/autodl-fs/datasets/DAIR-V2X_YOLO/dairv2x.yaml,train,94,4380.82519030571,0.8207,0.47847,0.82462,0.84987,0.78951,0.85237,0.6082,0.84295,0.48705,0.82358,6.605689999999995e-05,6.605689999999995e-05,6.605689999999995e-05,,
yolo_yolov5n_20260715_033613,yolo,yolo_yolov5n_20260715_033613,yolov5n.pt,/root/autodl-fs/datasets/DAIR-V2X_YOLO/dairv2x.yaml,train,95,4422.118097066879,0.81987,0.47672,0.82369,0.85084,0.78745,0.85338,0.60904,0.84185,0.48726,0.82341,5.781020000000004e-05,5.781020000000004e-05,5.781020000000004e-05,,
yolo_yolov5n_20260715_033613,yolo,yolo_yolov5n_20260715_033613,yolov5n.pt,/root/autodl-fs/datasets/DAIR-V2X_YOLO/dairv2x.yaml,train,96,4463.137777090073,0.81768,0.47454,0.82352,0.85021,0.78547,0.85289,0.60851,0.84092,0.48584,0.82327,4.9563500000000035e-05,4.9563500000000035e-05,4.9563500000000035e-05,,
yolo_yolov5n_20260715_033613,yolo,yolo_yolov5n_20260715_033613,yolov5n.pt,/root/autodl-fs/datasets/DAIR-V2X_YOLO/dairv2x.yaml,train,97,4503.879254102707,0.81766,0.47425,0.82323,0.85158,0.78833,0.85316,0.60986,0.84093,0.48585,0.82327,4.131680000000003e-05,4.131680000000003e-05,4.131680000000003e-05,,
yolo_yolov5n_20260715_033613,yolo,yolo_yolov5n_20260715_033613,yolov5n.pt,/root/autodl-fs/datasets/DAIR-V2X_YOLO/dairv2x.yaml,train,98,4544.752386331558,0.81679,0.47489,0.82298,0.85225,0.78881,0.85319,0.6101,0.8401,0.48501,0.82322,3.307010000000002e-05,3.307010000000002e-05,3.307010000000002e-05,,
yolo_yolov5n_20260715_033613,yolo,yolo_yolov5n_20260715_033613,yolov5n.pt,/root/autodl-fs/datasets/DAIR-V2X_YOLO/dairv2x.yaml,train,99,4585.8501007556915,0.81298,0.47234,0.82268,0.85208,0.7871,0.85235,0.60954,0.83962,0.48494,0.82308,2.4823400000000017e-05,2.4823400000000017e-05,2.4823400000000017e-05,,
yolo_yolov5n_20260715_033613,yolo,yolo_yolov5n_20260715_033613,yolov5n.pt,/root/autodl-fs/datasets/DAIR-V2X_YOLO/dairv2x.yaml,train,100,4627.939749956131,0.81303,0.4718,0.82288,0.85228,0.78687,0.85428,0.61048,0.83956,0.48449,0.82307,1.6576700000000007e-05,1.6576700000000007e-05,1.6576700000000007e-05,,
yolo_yolov5n_20260715_050204,yolo,yolo_yolov5n_20260715_050204,yolov5n.pt,/root/autodl-fs/datasets/UA-DETRAC_YOLO/data.yaml,train,1,48.21144914627075,1.09626,1.43758,0.97929,0.668,0.54766,0.57895,0.37054,1.13809,0.97241,0.97329,0.00041533546325878595,0.00041533546325878595,0.00041533546325878595,,
yolo_yolov5n_20260715_050204,yolo,yolo_yolov5n_20260715_050204,yolov5n.pt,/root/autodl-fs/datasets/UA-DETRAC_YOLO/data.yaml,train,2,89.50167489051819,0.99955,0.86555,0.94765,0.72019,0.65824,0.69296,0.47517,1.09764,0.84236,0.98169,0.0008237653088391906,0.0008237653088391906,0.0008237653088391906,,
yolo_yolov5n_20260715_050204,yolo,yolo_yolov5n_20260715_050204,yolov5n.pt,/root/autodl-fs/datasets/UA-DETRAC_YOLO/data.yaml,train,3,129.23336386680603,0.972,0.76978,0.94002,0.62534,0.63832,0.66789,0.46139,1.1066,0.76756,0.98171,0.0012239451544195953,0.0012239451544195953,0.0012239451544195953,,
yolo_yolov5n_20260715_050204,yolo,yolo_yolov5n_20260715_050204,yolov5n.pt,/root/autodl-fs/datasets/UA-DETRAC_YOLO/data.yaml,train,4,168.4730932712555,0.95247,0.71448,0.93512,0.66626,0.57325,0.66153,0.46333,1.07511,0.77486,0.97264,0.001212875,0.001212875,0.001212875,,
yolo_yolov5n_20260715_050204,yolo,yolo_yolov5n_20260715_050204,yolov5n.pt,/root/autodl-fs/datasets/UA-DETRAC_YOLO/data.yaml,train,5,207.64152193069458,0.92413,0.67021,0.93022,0.78948,0.59318,0.70186,0.50022,1.07,0.72257,0.97202,0.0012005,0.0012005,0.0012005,,
yolo_yolov5n_20260715_050204,yolo,yolo_yolov5n_20260715_050204,yolov5n.pt,/root/autodl-fs/datasets/UA-DETRAC_YOLO/data.yaml,train,6,247.34806728363037,0.90564,0.63924,0.92379,0.77404,0.65277,0.7116,0.48942,1.0753,0.78151,0.98035,0.001188125,0.001188125,0.001188125,,
yolo_yolov5n_20260715_050204,yolo,yolo_yolov5n_20260715_050204,yolov5n.pt,/root/autodl-fs/datasets/UA-DETRAC_YOLO/data.yaml,train,7,286.6760642528534,0.88685,0.62145,0.91997,0.81618,0.67189,0.74901,0.523,1.06848,0.71462,0.97565,0.00117575,0.00117575,0.00117575,,
yolo_yolov5n_20260715_050204,yolo,yolo_yolov5n_20260715_050204,yolov5n.pt,/root/autodl-fs/datasets/UA-DETRAC_YOLO/data.yaml,train,8,325.9548439979553,0.87872,0.60238,0.91732,0.81255,0.62563,0.71607,0.49899,1.06624,0.74987,0.9763,0.001163375,0.001163375,0.001163375,,
yolo_yolov5n_20260715_050204,yolo,yolo_yolov5n_20260715_050204,yolov5n.pt,/root/autodl-fs/datasets/UA-DETRAC_YOLO/data.yaml,train,9,365.58603382110596,0.86454,0.58766,0.91359,0.83416,0.68694,0.76561,0.5238,1.08888,0.71556,0.99032,0.0011510000000000001,0.0011510000000000001,0.0011510000000000001,,
yolo_yolov5n_20260715_050204,yolo,yolo_yolov5n_20260715_050204,yolov5n.pt,/root/autodl-fs/datasets/UA-DETRAC_YOLO/data.yaml,train,10,404.97025513648987,0.8542,0.5765,0.91055,0.83456,0.64524,0.73184,0.53516,1.03191,0.70839,0.96602,0.001138625,0.001138625,0.001138625,,
yolo_yolov5n_20260715_050204,yolo,yolo_yolov5n_20260715_050204,yolov5n.pt,/root/autodl-fs/datasets/UA-DETRAC_YOLO/data.yaml,train,11,444.23042392730713,0.84456,0.56747,0.9095,0.8577,0.6028,0.73843,0.52201,1.06172,0.7042,0.98067,0.00112625,0.00112625,0.00112625,,
yolo_yolov5n_20260715_050204,yolo,yolo_yolov5n_20260715_050204,yolov5n.pt,/root/autodl-fs/datasets/UA-DETRAC_YOLO/data.yaml,train,12,483.790207862854,0.83598,0.55651,0.90577,0.84054,0.68821,0.78441,0.55023,1.09472,0.68154,0.99054,0.001113875,0.001113875,0.001113875,,
yolo_yolov5n_20260715_050204,yolo,yolo_yolov5n_20260715_050204,yolov5n.pt,/root/autodl-fs/datasets/UA-DETRAC_YOLO/data.yaml,train,13,523.1412444114685,0.8336,0.5509,0.90462,0.82045,0.68854,0.76855,0.55545,1.02924,0.7019,0.96777,0.0011015,0.0011015,0.0011015,,
yolo_yolov5n_20260715_050204,yolo,yolo_yolov5n_20260715_050204,yolov5n.pt,/root/autodl-fs/datasets/UA-DETRAC_YOLO/data.yaml,train,14,562.3376574516296,0.82442,0.53987,0.90209,0.79103,0.66959,0.75917,0.55417,1.04738,0.69114,0.97094,0.001089125,0.001089125,0.001089125,,
yolo_yolov5n_20260715_050204,yolo,yolo_yolov5n_20260715_050204,yolov5n.pt,/root/autodl-fs/datasets/UA-DETRAC_YOLO/data.yaml,train,15,601.5538094043732,0.81613,0.53312,0.89797,0.83431,0.68067,0.76674,0.53624,1.05327,0.67163,0.97436,0.00107675,0.00107675,0.00107675,,
yolo_yolov5n_20260715_050204,yolo,yolo_yolov5n_20260715_050204,yolov5n.pt,/root/autodl-fs/datasets/UA-DETRAC_YOLO/data.yaml,train,16,640.9105336666107,0.81341,0.52646,0.89895,0.85499,0.63662,0.76272,0.54772,1.06142,0.69311,0.97614,0.001064375,0.001064375,0.001064375,,
yolo_yolov5n_20260715_050204,yolo,yolo_yolov5n_20260715_050204,yolov5n.pt,/root/autodl-fs/datasets/UA-DETRAC_YOLO/data.yaml,train,17,680.8205235004425,0.80611,0.52039,0.89623,0.86289,0.67463,0.77566,0.55686,1.01923,0.68317,0.96938,0.001052,0.001052,0.001052,,
yolo_yolov5n_20260715_050204,yolo,yolo_yolov5n_20260715_050204,yolov5n.pt,/root/autodl-fs/datasets/UA-DETRAC_YOLO/data.yaml,train,18,720.3036699295044,0.80421,0.51686,0.89577,0.83347,0.69363,0.76381,0.54938,1.04983,0.67604,0.97536,0.001039625,0.001039625,0.001039625,,
yolo_yolov5n_20260715_050204,yolo,yolo_yolov5n_20260715_050204,yolov5n.pt,/root/autodl-fs/datasets/UA-DETRAC_YOLO/data.yaml,train,19,759.8932754993439,0.79737,0.51114,0.89329,0.84147,0.68404,0.7769,0.55611,1.06526,0.67943,0.97912,0.0010272500000000002,0.0010272500000000002,0.0010272500000000002,,
yolo_yolov5n_20260715_050204,yolo,yolo_yolov5n_20260715_050204,yolov5n.pt,/root/autodl-fs/datasets/UA-DETRAC_YOLO/data.yaml,train,20,799.7510561943054,0.79341,0.50139,0.89382,0.815,0.65749,0.75525,0.53423,1.05989,0.65959,0.98037,0.0010148750000000002,0.0010148750000000002,0.0010148750000000002,,
yolo_yolov5n_20260715_050204,yolo,yolo_yolov5n_20260715_050204,yolov5n.pt,/root/autodl-fs/datasets/UA-DETRAC_YOLO/data.yaml,train,21,839.6597912311554,0.79109,0.50365,0.89283,0.79556,0.6635,0.77257,0.56616,1.03119,0.66291,0.97059,0.0010025000000000001,0.0010025000000000001,0.0010025000000000001,,
yolo_yolov5n_20260715_050204,yolo,yolo_yolov5n_20260715_050204,yolov5n.pt,/root/autodl-fs/datasets/UA-DETRAC_YOLO/data.yaml,train,22,878.5858447551727,0.78564,0.49538,0.89098,0.78522,0.68062,0.77248,0.55817,1.02059,0.70426,0.964,0.0009901250000000001,0.0009901250000000001,0.0009901250000000001,,
yolo_yolov5n_20260715_050204,yolo,yolo_yolov5n_20260715_050204,yolov5n.pt,/root/autodl-fs/datasets/UA-DETRAC_YOLO/data.yaml,train,23,917.7739191055298,0.7841,0.49678,0.89026,0.77718,0.64746,0.75162,0.54019,1.04854,0.69513,0.97762,0.00097775,0.00097775,0.00097775,,
yolo_yolov5n_20260715_050204,yolo,yolo_yolov5n_20260715_050204,yolov5n.pt,/root/autodl-fs/datasets/UA-DETRAC_YOLO/data.yaml,train,24,956.9515731334686,0.77993,0.4919,0.89059,0.81205,0.70181,0.77328,0.56501,1.02035,0.69481,0.96793,0.000965375,0.000965375,0.000965375,,
yolo_yolov5n_20260715_050204,yolo,yolo_yolov5n_20260715_050204,yolov5n.pt,/root/autodl-fs/datasets/UA-DETRAC_YOLO/data.yaml,train,25,996.0695605278015,0.77622,0.4889,0.88919,0.75243,0.70621,0.77658,0.56283,1.03961,0.68307,0.97597,0.000953,0.000953,0.000953,,
yolo_yolov5n_20260715_050204,yolo,yolo_yolov5n_20260715_050204,yolov5n.pt,/root/autodl-fs/datasets/UA-DETRAC_YOLO/data.yaml,train,26,1035.6877722740173,0.77637,0.4851,0.88698,0.85959,0.6743,0.79898,0.57138,1.04381,0.65826,0.98242,0.000940625,0.000940625,0.000940625,,
yolo_yolov5n_20260715_050204,yolo,yolo_yolov5n_20260715_050204,yolov5n.pt,/root/autodl-fs/datasets/UA-DETRAC_YOLO/data.yaml,train,27,1075.341811656952,0.77136,0.48151,0.88772,0.79825,0.67805,0.76508,0.5557,1.0337,0.66383,0.97189,0.00092825,0.00092825,0.00092825,,
yolo_yolov5n_20260715_050204,yolo,yolo_yolov5n_20260715_050204,yolov5n.pt,/root/autodl-fs/datasets/UA-DETRAC_YOLO/data.yaml,train,28,1116.0025525093079,0.7676,0.47791,0.88428,0.82253,0.67833,0.78297,0.5562,1.03476,0.63521,0.96981,0.000915875,0.000915875,0.000915875,,
yolo_yolov5n_20260715_050204,yolo,yolo_yolov5n_20260715_050204,yolov5n.pt,/root/autodl-fs/datasets/UA-DETRAC_YOLO/data.yaml,train,29,1155.494874715805,0.76207,0.46937,0.88406,0.85143,0.66427,0.77133,0.55793,1.02497,0.63501,0.97003,0.0009035,0.0009035,0.0009035,,
yolo_yolov5n_20260715_050204,yolo,yolo_yolov5n_20260715_050204,yolov5n.pt,/root/autodl-fs/datasets/UA-DETRAC_YOLO/data.yaml,train,30,1194.9601156711578,0.75949,0.46692,0.88455,0.80179,0.72233,0.78307,0.56572,1.02558,0.64384,0.97276,0.000891125,0.000891125,0.000891125,,
yolo_yolov5n_20260715_050204,yolo,yolo_yolov5n_20260715_050204,yolov5n.pt,/root/autodl-fs/datasets/UA-DETRAC_YOLO/data.yaml,train,31,1234.851523399353,0.75936,0.46682,0.88244,0.88363,0.64099,0.77451,0.57106,1.03941,0.65206,0.9787,0.00087875,0.00087875,0.00087875,,
yolo_yolov5n_20260715_050204,yolo,yolo_yolov5n_20260715_050204,yolov5n.pt,/root/autodl-fs/datasets/UA-DETRAC_YOLO/data.yaml,train,32,1275.0020673274994,0.76113,0.46661,0.8839,0.86634,0.66699,0.78555,0.56172,1.02635,0.61342,0.96989,0.000866375,0.000866375,0.000866375,,
yolo_yolov5n_20260715_050204,yolo,yolo_yolov5n_20260715_050204,yolov5n.pt,/root/autodl-fs/datasets/UA-DETRAC_YOLO/data.yaml,train,33,1315.2783365249634,0.75519,0.46378,0.88232,0.86918,0.6539,0.78728,0.57363,1.02279,0.65616,0.96548,0.0008539999999999999,0.0008539999999999999,0.0008539999999999999,,
yolo_yolov5n_20260715_050204,yolo,yolo_yolov5n_20260715_050204,yolov5n.pt,/root/autodl-fs/datasets/UA-DETRAC_YOLO/data.yaml,train,34,1355.0226871967316,0.7484,0.45689,0.88173,0.82366,0.6739,0.78194,0.56403,1.03099,0.64174,0.97018,0.0008416249999999999,0.0008416249999999999,0.0008416249999999999,,
yolo_yolov5n_20260715_050204,yolo,yolo_yolov5n_20260715_050204,yolov5n.pt,/root/autodl-fs/datasets/UA-DETRAC_YOLO/data.yaml,train,35,1394.4960474967957,0.75057,0.45867,0.88274,0.79895,0.66453,0.76278,0.55531,1.02934,0.6668,0.9717,0.0008292499999999999,0.0008292499999999999,0.0008292499999999999,,
yolo_yolov5n_20260715_050204,yolo,yolo_yolov5n_20260715_050204,yolov5n.pt,/root/autodl-fs/datasets/UA-DETRAC_YOLO/data.yaml,train,36,1433.5414958000183,0.74561,0.45583,0.87968,0.87576,0.66458,0.78781,0.56819,1.02644,0.62512,0.96982,0.000816875,0.000816875,0.000816875,,
yolo_yolov5n_20260715_050204,yolo,yolo_yolov5n_20260715_050204,yolov5n.pt,/root/autodl-fs/datasets/UA-DETRAC_YOLO/data.yaml,train,37,1473.021682024002,0.74724,0.45309,0.87915,0.88984,0.65572,0.77638,0.55585,1.04103,0.63605,0.97409,0.0008045000000000001,0.0008045000000000001,0.0008045000000000001,,
yolo_yolov5n_20260715_050204,yolo,yolo_yolov5n_20260715_050204,yolov5n.pt,/root/autodl-fs/datasets/UA-DETRAC_YOLO/data.yaml,train,38,1512.3781025409698,0.74499,0.45055,0.87843,0.78716,0.70523,0.7917,0.5741,1.02694,0.65984,0.96883,0.0007921250000000001,0.0007921250000000001,0.0007921250000000001,,
yolo_yolov5n_20260715_050204,yolo,yolo_yolov5n_20260715_050204,yolov5n.pt,/root/autodl-fs/datasets/UA-DETRAC_YOLO/data.yaml,train,39,1551.8639838695526,0.73906,0.44701,0.87833,0.85552,0.68469,0.79352,0.58197,1.00374,0.60929,0.96358,0.0007797500000000001,0.0007797500000000001,0.0007797500000000001,,
yolo_yolov5n_20260715_050204,yolo,yolo_yolov5n_20260715_050204,yolov5n.pt,/root/autodl-fs/datasets/UA-DETRAC_YOLO/data.yaml,train,40,1591.2168426513672,0.73931,0.44748,0.87725,0.76902,0.72801,0.79374,0.57245,1.01054,0.61297,0.96265,0.000767375,0.000767375,0.000767375,,
yolo_yolov5n_20260715_050204,yolo,yolo_yolov5n_20260715_050204,yolov5n.pt,/root/autodl-fs/datasets/UA-DETRAC_YOLO/data.yaml,train,41,1630.2209911346436,0.73919,0.44415,0.87728,0.7989,0.67928,0.7761,0.56743,1.03637,0.62606,0.97081,0.000755,0.000755,0.000755,,
yolo_yolov5n_20260715_050204,yolo,yolo_yolov5n_20260715_050204,yolov5n.pt,/root/autodl-fs/datasets/UA-DETRAC_YOLO/data.yaml,train,42,1669.3330919742584,0.73363,0.43996,0.87636,0.79484,0.6971,0.77769,0.56541,1.02605,0.65544,0.97276,0.0007426250000000001,0.0007426250000000001,0.0007426250000000001,,
yolo_yolov5n_20260715_050204,yolo,yolo_yolov5n_20260715_050204,yolov5n.pt,/root/autodl-fs/datasets/UA-DETRAC_YOLO/data.yaml,train,43,1708.7489922046661,0.73423,0.43929,0.87542,0.76774,0.69188,0.76337,0.55964,1.02412,0.63163,0.96637,0.0007302500000000001,0.0007302500000000001,0.0007302500000000001,,
yolo_yolov5n_20260715_050204,yolo,yolo_yolov5n_20260715_050204,yolov5n.pt,/root/autodl-fs/datasets/UA-DETRAC_YOLO/data.yaml,train,44,1748.1452889442444,0.73001,0.43897,0.87497,0.79558,0.69249,0.7753,0.56803,1.0217,0.69202,0.97112,0.0007178750000000001,0.0007178750000000001,0.0007178750000000001,,
yolo_yolov5n_20260715_050204,yolo,yolo_yolov5n_20260715_050204,yolov5n.pt,/root/autodl-fs/datasets/UA-DETRAC_YOLO/data.yaml,train,45,1787.3890199661255,0.73398,0.43814,0.8748,0.80608,0.71823,0.7933,0.57985,1.01923,0.62188,0.9658,0.0007055000000000001,0.0007055000000000001,0.0007055000000000001,,
yolo_yolov5n_20260715_050204,yolo,yolo_yolov5n_20260715_050204,yolov5n.pt,/root/autodl-fs/datasets/UA-DETRAC_YOLO/data.yaml,train,46,1826.6488153934479,0.72667,0.43313,0.87404,0.77966,0.71546,0.77815,0.56294,1.03028,0.68146,0.97736,0.0006931250000000001,0.0006931250000000001,0.0006931250000000001,,
yolo_yolov5n_20260715_050204,yolo,yolo_yolov5n_20260715_050204,yolov5n.pt,/root/autodl-fs/datasets/UA-DETRAC_YOLO/data.yaml,train,47,1865.9237976074219,0.72505,0.43056,0.87449,0.83076,0.68799,0.79309,0.58415,1.00959,0.62384,0.96774,0.0006807500000000001,0.0006807500000000001,0.0006807500000000001,,
yolo_yolov5n_20260715_050204,yolo,yolo_yolov5n_20260715_050204,yolov5n.pt,/root/autodl-fs/datasets/UA-DETRAC_YOLO/data.yaml,train,48,1906.1100659370422,0.72243,0.43271,0.87372,0.76205,0.70388,0.78626,0.57485,1.01697,0.66032,0.96689,0.0006683750000000001,0.0006683750000000001,0.0006683750000000001,,
yolo_yolov5n_20260715_050204,yolo,yolo_yolov5n_20260715_050204,yolov5n.pt,/root/autodl-fs/datasets/UA-DETRAC_YOLO/data.yaml,train,49,1945.504561662674,0.72445,0.42814,0.87287,0.78298,0.70341,0.77986,0.57099,1.00689,0.62651,0.96445,0.0006560000000000001,0.0006560000000000001,0.0006560000000000001,,
yolo_yolov5n_20260715_050204,yolo,yolo_yolov5n_20260715_050204,yolov5n.pt,/root/autodl-fs/datasets/UA-DETRAC_YOLO/data.yaml,train,50,1984.7779607772827,0.72183,0.42468,0.87208,0.80145,0.71704,0.80144,0.58267,1.01462,0.63887,0.96753,0.000643625,0.000643625,0.000643625,,
yolo_yolov5n_20260715_050204,yolo,yolo_yolov5n_20260715_050204,yolov5n.pt,/root/autodl-fs/datasets/UA-DETRAC_YOLO/data.yaml,train,51,2024.1156010627747,0.72196,0.42611,0.87234,0.78553,0.70866,0.78892,0.58009,1.01981,0.6278,0.97114,0.00063125,0.00063125,0.00063125,,
yolo_yolov5n_20260715_050204,yolo,yolo_yolov5n_20260715_050204,yolov5n.pt,/root/autodl-fs/datasets/UA-DETRAC_YOLO/data.yaml,train,52,2063.3314554691315,0.71569,0.42189,0.87198,0.82414,0.69327,0.78121,0.56557,1.02353,0.59622,0.96965,0.000618875,0.000618875,0.000618875,,
yolo_yolov5n_20260715_050204,yolo,yolo_yolov5n_20260715_050204,yolov5n.pt,/root/autodl-fs/datasets/UA-DETRAC_YOLO/data.yaml,train,53,2102.670652627945,0.71721,0.42033,0.87069,0.81561,0.67324,0.78083,0.5725,1.01789,0.63423,0.97034,0.0006064999999999999,0.0006064999999999999,0.0006064999999999999,,
yolo_yolov5n_20260715_050204,yolo,yolo_yolov5n_20260715_050204,yolov5n.pt,/root/autodl-fs/datasets/UA-DETRAC_YOLO/data.yaml,train,54,2142.085592031479,0.71302,0.41778,0.87015,0.79772,0.71083,0.80381,0.59271,1.00969,0.62209,0.96482,0.000594125,0.000594125,0.000594125,,
yolo_yolov5n_20260715_050204,yolo,yolo_yolov5n_20260715_050204,yolov5n.pt,/root/autodl-fs/datasets/UA-DETRAC_YOLO/data.yaml,train,55,2181.419367313385,0.71208,0.4154,0.86989,0.79767,0.69688,0.79878,0.58765,1.0134,0.61446,0.9671,0.00058175,0.00058175,0.00058175,,
yolo_yolov5n_20260715_050204,yolo,yolo_yolov5n_20260715_050204,yolov5n.pt,/root/autodl-fs/datasets/UA-DETRAC_YOLO/data.yaml,train,56,2221.363246679306,0.71007,0.4139,0.86782,0.78787,0.72447,0.78024,0.56593,1.02525,0.59641,0.97152,0.000569375,0.000569375,0.000569375,,
yolo_yolov5n_20260715_050204,yolo,yolo_yolov5n_20260715_050204,yolov5n.pt,/root/autodl-fs/datasets/UA-DETRAC_YOLO/data.yaml,train,57,2260.7490961551666,0.70997,0.41549,0.86995,0.82141,0.72302,0.81536,0.59856,1.00857,0.59865,0.96555,0.000557,0.000557,0.000557,,
yolo_yolov5n_20260715_050204,yolo,yolo_yolov5n_20260715_050204,yolov5n.pt,/root/autodl-fs/datasets/UA-DETRAC_YOLO/data.yaml,train,58,2300.417951107025,0.70558,0.41094,0.86807,0.82271,0.6981,0.79861,0.58238,1.02133,0.60817,0.96856,0.0005446250000000001,0.0005446250000000001,0.0005446250000000001,,
yolo_yolov5n_20260715_050204,yolo,yolo_yolov5n_20260715_050204,yolov5n.pt,/root/autodl-fs/datasets/UA-DETRAC_YOLO/data.yaml,train,59,2339.8223049640656,0.70646,0.40937,0.86844,0.80484,0.71048,0.79571,0.58386,1.01822,0.61978,0.97006,0.0005322500000000001,0.0005322500000000001,0.0005322500000000001,,
yolo_yolov5n_20260715_050204,yolo,yolo_yolov5n_20260715_050204,yolov5n.pt,/root/autodl-fs/datasets/UA-DETRAC_YOLO/data.yaml,train,60,2379.019310951233,0.70353,0.40965,0.86789,0.82086,0.70786,0.7854,0.57706,1.02281,0.6197,0.97246,0.000519875,0.000519875,0.000519875,,
yolo_yolov5n_20260715_050204,yolo,yolo_yolov5n_20260715_050204,yolov5n.pt,/root/autodl-fs/datasets/UA-DETRAC_YOLO/data.yaml,train,61,2418.5456306934357,0.70061,0.40445,0.86656,0.82369,0.6928,0.79054,0.58006,1.0319,0.61783,0.97224,0.0005075,0.0005075,0.0005075,,
yolo_yolov5n_20260715_050204,yolo,yolo_yolov5n_20260715_050204,yolov5n.pt,/root/autodl-fs/datasets/UA-DETRAC_YOLO/data.yaml,train,62,2457.9164357185364,0.70399,0.40659,0.86776,0.82645,0.70613,0.7991,0.58746,1.00345,0.62207,0.9674,0.000495125,0.000495125,0.000495125,,
yolo_yolov5n_20260715_050204,yolo,yolo_yolov5n_20260715_050204,yolov5n.pt,/root/autodl-fs/datasets/UA-DETRAC_YOLO/data.yaml,train,63,2497.8573701381683,0.70046,0.40318,0.86661,0.82665,0.68626,0.79807,0.58108,1.02181,0.63492,0.96952,0.00048275,0.00048275,0.00048275,,
yolo_yolov5n_20260715_050204,yolo,yolo_yolov5n_20260715_050204,yolov5n.pt,/root/autodl-fs/datasets/UA-DETRAC_YOLO/data.yaml,train,64,2537.5476377010345,0.69632,0.40348,0.86425,0.80945,0.71039,0.79792,0.58772,1.00947,0.61696,0.96635,0.00047037500000000004,0.00047037500000000004,0.00047037500000000004,,
yolo_yolov5n_20260715_050204,yolo,yolo_yolov5n_20260715_050204,yolov5n.pt,/root/autodl-fs/datasets/UA-DETRAC_YOLO/data.yaml,train,65,2576.805209875107,0.69609,0.40009,0.86557,0.78404,0.71509,0.77635,0.5736,1.018,0.65198,0.9704,0.000458,0.000458,0.000458,,
yolo_yolov5n_20260715_050204,yolo,yolo_yolov5n_20260715_050204,yolov5n.pt,/root/autodl-fs/datasets/UA-DETRAC_YOLO/data.yaml,train,66,2616.1183433532715,0.69343,0.40073,0.86588,0.81687,0.70667,0.7922,0.581,1.01024,0.63255,0.96631,0.000445625,0.000445625,0.000445625,,
yolo_yolov5n_20260715_050204,yolo,yolo_yolov5n_20260715_050204,yolov5n.pt,/root/autodl-fs/datasets/UA-DETRAC_YOLO/data.yaml,train,67,2655.7590522766113,0.68932,0.39678,0.86302,0.79993,0.69472,0.78603,0.57927,1.01115,0.62975,0.97006,0.00043325,0.00043325,0.00043325,,
yolo_yolov5n_20260715_050204,yolo,yolo_yolov5n_20260715_050204,yolov5n.pt,/root/autodl-fs/datasets/UA-DETRAC_YOLO/data.yaml,train,68,2694.7742853164673,0.69337,0.39685,0.86489,0.82408,0.69922,0.79476,0.58479,1.01052,0.62423,0.96714,0.0004208749999999999,0.0004208749999999999,0.0004208749999999999,,
yolo_yolov5n_20260715_050204,yolo,yolo_yolov5n_20260715_050204,yolov5n.pt,/root/autodl-fs/datasets/UA-DETRAC_YOLO/data.yaml,train,69,2734.3241691589355,0.69197,0.39747,0.86425,0.79718,0.70232,0.78436,0.57648,1.02668,0.63602,0.97016,0.0004085,0.0004085,0.0004085,,
yolo_yolov5n_20260715_050204,yolo,yolo_yolov5n_20260715_050204,yolov5n.pt,/root/autodl-fs/datasets/UA-DETRAC_YOLO/data.yaml,train,70,2773.6252229213715,0.68671,0.39194,0.86323,0.78335,0.71802,0.8026,0.58775,1.0122,0.62379,0.96561,0.0003961250000000001,0.0003961250000000001,0.0003961250000000001,,
yolo_yolov5n_20260715_050204,yolo,yolo_yolov5n_20260715_050204,yolov5n.pt,/root/autodl-fs/datasets/UA-DETRAC_YOLO/data.yaml,train,71,2812.903114080429,0.68471,0.39074,0.86272,0.84782,0.68165,0.79118,0.58029,1.01687,0.62945,0.97238,0.0003837500000000001,0.0003837500000000001,0.0003837500000000001,,
yolo_yolov5n_20260715_050204,yolo,yolo_yolov5n_20260715_050204,yolov5n.pt,/root/autodl-fs/datasets/UA-DETRAC_YOLO/data.yaml,train,72,2852.629275560379,0.68635,0.38834,0.86105,0.84222,0.68197,0.78902,0.58485,1.02706,0.64499,0.97499,0.00037137500000000007,0.00037137500000000007,0.00037137500000000007,,
yolo_yolov5n_20260715_050204,yolo,yolo_yolov5n_20260715_050204,yolov5n.pt,/root/autodl-fs/datasets/UA-DETRAC_YOLO/data.yaml,train,73,2891.8167655467987,0.68729,0.38881,0.86311,0.83337,0.68109,0.78281,0.57904,1.02286,0.62483,0.97452,0.000359,0.000359,0.000359,,
yolo_yolov5n_20260715_050204,yolo,yolo_yolov5n_20260715_050204,yolov5n.pt,/root/autodl-fs/datasets/UA-DETRAC_YOLO/data.yaml,train,74,2931.0810911655426,0.68192,0.38663,0.86022,0.80651,0.69656,0.77165,0.56571,1.01075,0.62203,0.97011,0.0003466250000000001,0.0003466250000000001,0.0003466250000000001,,
yolo_yolov5n_20260715_050204,yolo,yolo_yolov5n_20260715_050204,yolov5n.pt,/root/autodl-fs/datasets/UA-DETRAC_YOLO/data.yaml,train,75,2970.3481454849243,0.68496,0.38775,0.86191,0.82108,0.69939,0.79273,0.58426,1.01598,0.62621,0.97212,0.00033425,0.00033425,0.00033425,,
yolo_yolov5n_20260715_050204,yolo,yolo_yolov5n_20260715_050204,yolov5n.pt,/root/autodl-fs/datasets/UA-DETRAC_YOLO/data.yaml,train,76,3009.823945760727,0.67938,0.38417,0.86069,0.81412,0.71169,0.79354,0.58063,1.02248,0.62576,0.97503,0.000321875,0.000321875,0.000321875,,
yolo_yolov5n_20260715_050204,yolo,yolo_yolov5n_20260715_050204,yolov5n.pt,/root/autodl-fs/datasets/UA-DETRAC_YOLO/data.yaml,train,77,3049.0234134197235,0.67723,0.38543,0.85997,0.81449,0.71008,0.78172,0.56903,1.01906,0.6212,0.97239,0.0003095,0.0003095,0.0003095,,
yolo_yolov5n_20260715_050204,yolo,yolo_yolov5n_20260715_050204,yolov5n.pt,/root/autodl-fs/datasets/UA-DETRAC_YOLO/data.yaml,train,78,3089.1971809864044,0.67713,0.38278,0.86087,0.81162,0.70217,0.79041,0.5817,1.02437,0.61967,0.97407,0.000297125,0.000297125,0.000297125,,
yolo_yolov5n_20260715_050204,yolo,yolo_yolov5n_20260715_050204,yolov5n.pt,/root/autodl-fs/datasets/UA-DETRAC_YOLO/data.yaml,train,79,3128.615105867386,0.67712,0.38226,0.86128,0.81961,0.7088,0.79152,0.57962,1.01774,0.62387,0.97033,0.00028474999999999996,0.00028474999999999996,0.00028474999999999996,,
yolo_yolov5n_20260715_050204,yolo,yolo_yolov5n_20260715_050204,yolov5n.pt,/root/autodl-fs/datasets/UA-DETRAC_YOLO/data.yaml,train,80,3167.7315731048584,0.67306,0.37932,0.85903,0.82291,0.70931,0.78719,0.58007,1.01115,0.62348,0.96526,0.000272375,0.000272375,0.000272375,,
yolo_yolov5n_20260715_050204,yolo,yolo_yolov5n_20260715_050204,yolov5n.pt,/root/autodl-fs/datasets/UA-DETRAC_YOLO/data.yaml,train,81,3206.9902880191803,0.66943,0.37729,0.85889,0.80929,0.70642,0.79454,0.58451,1.01663,0.62251,0.9701,0.00026,0.00026,0.00026,,
yolo_yolov5n_20260715_050204,yolo,yolo_yolov5n_20260715_050204,yolov5n.pt,/root/autodl-fs/datasets/UA-DETRAC_YOLO/data.yaml,train,82,3246.0144851207733,0.67077,0.37534,0.85785,0.8336,0.70482,0.79786,0.5884,1.01179,0.62734,0.96922,0.0002476249999999999,0.0002476249999999999,0.0002476249999999999,,
yolo_yolov5n_20260715_050204,yolo,yolo_yolov5n_20260715_050204,yolov5n.pt,/root/autodl-fs/datasets/UA-DETRAC_YOLO/data.yaml,train,83,3285.253282546997,0.6711,0.37653,0.85814,0.82436,0.70736,0.79253,0.58242,1.01533,0.62408,0.9697,0.00023525000000000008,0.00023525000000000008,0.00023525000000000008,,
yolo_yolov5n_20260715_050204,yolo,yolo_yolov5n_20260715_050204,yolov5n.pt,/root/autodl-fs/datasets/UA-DETRAC_YOLO/data.yaml,train,84,3324.9490427970886,0.66658,0.37257,0.85903,0.8202,0.70007,0.77819,0.57425,1.01479,0.63042,0.97088,0.00022287500000000006,0.00022287500000000006,0.00022287500000000006,,
yolo_yolov5n_20260715_050204,yolo,yolo_yolov5n_20260715_050204,yolov5n.pt,/root/autodl-fs/datasets/UA-DETRAC_YOLO/data.yaml,train,85,3364.2552692890167,0.66685,0.37304,0.85768,0.84104,0.69351,0.79404,0.58427,1.0134,0.61531,0.97042,0.00021050000000000008,0.00021050000000000008,0.00021050000000000008,,
yolo_yolov5n_20260715_050204,yolo,yolo_yolov5n_20260715_050204,yolov5n.pt,/root/autodl-fs/datasets/UA-DETRAC_YOLO/data.yaml,train,86,3403.2992734909058,0.66356,0.37141,0.8568,0.81593,0.70832,0.7989,0.58647,1.01455,0.61764,0.97122,0.00019812500000000003,0.00019812500000000003,0.00019812500000000003,,
yolo_yolov5n_20260715_050204,yolo,yolo_yolov5n_20260715_050204,yolov5n.pt,/root/autodl-fs/datasets/UA-DETRAC_YOLO/data.yaml,train,87,3442.3957521915436,0.66264,0.36951,0.85772,0.81633,0.7006,0.79156,0.58337,1.01294,0.62484,0.97009,0.00018575000000000002,0.00018575000000000002,0.00018575000000000002,,
yolo_yolov5n_20260715_050204,yolo,yolo_yolov5n_20260715_050204,yolov5n.pt,/root/autodl-fs/datasets/UA-DETRAC_YOLO/data.yaml,train,88,3481.67652964592,0.66373,0.36937,0.85763,0.83114,0.6936,0.78974,0.58064,1.01464,0.61572,0.9715,0.00017337500000000003,0.00017337500000000003,0.00017337500000000003,,
yolo_yolov5n_20260715_050204,yolo,yolo_yolov5n_20260715_050204,yolov5n.pt,/root/autodl-fs/datasets/UA-DETRAC_YOLO/data.yaml,train,89,3520.847207546234,0.66409,0.36941,0.85674,0.83583,0.69891,0.79355,0.58427,1.01412,0.62265,0.96894,0.000161,0.000161,0.000161,,
yolo_yolov5n_20260715_050204,yolo,yolo_yolov5n_20260715_050204,yolov5n.pt,/root/autodl-fs/datasets/UA-DETRAC_YOLO/data.yaml,train,90,3559.926621198654,0.65858,0.36644,0.85737,0.82667,0.69659,0.78732,0.58103,1.01876,0.63262,0.97247,0.00014862499999999997,0.00014862499999999997,0.00014862499999999997,,
yolo_yolov5n_20260715_050204,yolo,yolo_yolov5n_20260715_050204,yolov5n.pt,/root/autodl-fs/datasets/UA-DETRAC_YOLO/data.yaml,train,91,3598.769503593445,0.65373,0.34726,0.84903,0.8201,0.69826,0.78699,0.57942,1.0211,0.63335,0.97338,0.00013624999999999998,0.00013624999999999998,0.00013624999999999998,,
yolo_yolov5n_20260715_050204,yolo,yolo_yolov5n_20260715_050204,yolov5n.pt,/root/autodl-fs/datasets/UA-DETRAC_YOLO/data.yaml,train,92,3636.128747701645,0.64355,0.33793,0.84655,0.83832,0.68311,0.78551,0.57846,1.01822,0.64248,0.97248,0.00012387499999999996,0.00012387499999999996,0.00012387499999999996,,
yolo_yolov5n_20260715_050204,yolo,yolo_yolov5n_20260715_050204,yolov5n.pt,/root/autodl-fs/datasets/UA-DETRAC_YOLO/data.yaml,train,93,3674.732465028763,0.64058,0.33675,0.8453,0.81504,0.69274,0.78446,0.5781,1.01726,0.64821,0.97186,0.00011149999999999995,0.00011149999999999995,0.00011149999999999995,,
yolo_yolov5n_20260715_050204,yolo,yolo_yolov5n_20260715_050204,yolov5n.pt,/root/autodl-fs/datasets/UA-DETRAC_YOLO/data.yaml,train,94,3713.003998041153,0.63614,0.33217,0.84451,0.81047,0.70168,0.78525,0.5761,1.01688,0.64329,0.97134,9.912499999999993e-05,9.912499999999993e-05,9.912499999999993e-05,,
yolo_yolov5n_20260715_050204,yolo,yolo_yolov5n_20260715_050204,yolov5n.pt,/root/autodl-fs/datasets/UA-DETRAC_YOLO/data.yaml,train,95,3750.699876308441,0.63279,0.33124,0.8438,0.82224,0.69614,0.78321,0.57567,1.01612,0.64421,0.97139,8.675000000000006e-05,8.675000000000006e-05,8.675000000000006e-05,,
yolo_yolov5n_20260715_050204,yolo,yolo_yolov5n_20260715_050204,yolov5n.pt,/root/autodl-fs/datasets/UA-DETRAC_YOLO/data.yaml,train,96,3787.9264845848083,0.63225,0.32927,0.8437,0.81792,0.70167,0.78158,0.57511,1.01846,0.64227,0.97232,7.437500000000006e-05,7.437500000000006e-05,7.437500000000006e-05,,
yolo_yolov5n_20260715_050204,yolo,yolo_yolov5n_20260715_050204,yolov5n.pt,/root/autodl-fs/datasets/UA-DETRAC_YOLO/data.yaml,train,97,3825.2770187854767,0.63008,0.32793,0.84304,0.81135,0.70081,0.77971,0.57352,1.01649,0.65423,0.97162,6.200000000000006e-05,6.200000000000006e-05,6.200000000000006e-05,,
yolo_yolov5n_20260715_050204,yolo,yolo_yolov5n_20260715_050204,yolov5n.pt,/root/autodl-fs/datasets/UA-DETRAC_YOLO/data.yaml,train,98,3862.7171902656555,0.6306,0.32747,0.84248,0.8208,0.70079,0.78458,0.57622,1.01848,0.6554,0.97143,4.9625000000000034e-05,4.9625000000000034e-05,4.9625000000000034e-05,,
yolo_yolov5n_20260715_050204,yolo,yolo_yolov5n_20260715_050204,yolov5n.pt,/root/autodl-fs/datasets/UA-DETRAC_YOLO/data.yaml,train,99,3900.260466337204,0.62878,0.32505,0.84147,0.81718,0.70921,0.78791,0.57885,1.01879,0.65305,0.97112,3.7250000000000025e-05,3.7250000000000025e-05,3.7250000000000025e-05,,
yolo_yolov5n_20260715_050204,yolo,yolo_yolov5n_20260715_050204,yolov5n.pt,/root/autodl-fs/datasets/UA-DETRAC_YOLO/data.yaml,train,100,3937.9516937732697,0.62429,0.32176,0.8421,0.81996,0.70266,0.78559,0.57839,1.01872,0.65224,0.97134,2.4875000000000012e-05,2.4875000000000012e-05,2.4875000000000012e-05,,
yolo_yolov5s_20260715_061610,yolo,yolo_yolov5s_20260715_061610,yolov5s.pt,/root/autodl-fs/datasets/DAIR-V2X_YOLO/dairv2x.yaml,train,1,80.08362078666687,1.23251,1.10056,0.92564,0.77137,0.68535,0.74634,0.48074,1.02865,0.6559,0.86261,0.0002767879746835443,0.0002767879746835443,0.0002767879746835443,,
yolo_yolov5s_20260715_061610,yolo,yolo_yolov5s_20260715_061610,yolov5s.pt,/root/autodl-fs/datasets/DAIR-V2X_YOLO/dairv2x.yaml,train,2,153.0174868106842,1.07024,0.68561,0.87297,0.80295,0.72203,0.79137,0.52506,0.97729,0.60046,0.84875,0.0005489655404008439,0.0005489655404008439,0.0005489655404008439,,
yolo_yolov5s_20260715_061610,yolo,yolo_yolov5s_20260715_061610,yolov5s.pt,/root/autodl-fs/datasets/DAIR-V2X_YOLO/dairv2x.yaml,train,3,225.08007836341858,1.03152,0.64024,0.86367,0.81385,0.73766,0.80312,0.5433,0.95497,0.58032,0.84601,0.0008156453061181434,0.0008156453061181434,0.0008156453061181434,,
yolo_yolov5s_20260715_061610,yolo,yolo_yolov5s_20260715_061610,yolov5s.pt,/root/autodl-fs/datasets/DAIR-V2X_YOLO/dairv2x.yaml,train,4,296.5686550140381,1.0044,0.61442,0.85822,0.82468,0.74112,0.80744,0.55109,0.93989,0.56377,0.84332,0.0008082599,0.0008082599,0.0008082599,,
yolo_yolov5s_20260715_061610,yolo,yolo_yolov5s_20260715_061610,yolov5s.pt,/root/autodl-fs/datasets/DAIR-V2X_YOLO/dairv2x.yaml,train,5,367.727543592453,0.98503,0.59821,0.85544,0.8149,0.7497,0.80757,0.55172,0.93559,0.56197,0.84194,0.0008000131999999999,0.0008000131999999999,0.0008000131999999999,,
yolo_yolov5s_20260715_061610,yolo,yolo_yolov5s_20260715_061610,yolov5s.pt,/root/autodl-fs/datasets/DAIR-V2X_YOLO/dairv2x.yaml,train,6,439.0474967956543,0.96444,0.57857,0.85084,0.80627,0.77763,0.82757,0.57102,0.90194,0.53675,0.83737,0.0007917665,0.0007917665,0.0007917665,,
yolo_yolov5s_20260715_061610,yolo,yolo_yolov5s_20260715_061610,yolov5s.pt,/root/autodl-fs/datasets/DAIR-V2X_YOLO/dairv2x.yaml,train,7,510.50734519958496,0.9565,0.57368,0.84978,0.82102,0.77426,0.82329,0.57336,0.89185,0.5297,0.83703,0.0007835197999999999,0.0007835197999999999,0.0007835197999999999,,
yolo_yolov5s_20260715_061610,yolo,yolo_yolov5s_20260715_061610,yolov5s.pt,/root/autodl-fs/datasets/DAIR-V2X_YOLO/dairv2x.yaml,train,8,582.009015083313,0.94269,0.562,0.84767,0.84467,0.76523,0.83792,0.59102,0.8788,0.51458,0.83296,0.0007752731,0.0007752731,0.0007752731,,
yolo_yolov5s_20260715_061610,yolo,yolo_yolov5s_20260715_061610,yolov5s.pt,/root/autodl-fs/datasets/DAIR-V2X_YOLO/dairv2x.yaml,train,9,653.2237613201141,0.93307,0.5571,0.84531,0.83204,0.78065,0.83805,0.59076,0.87797,0.51923,0.83309,0.0007670264,0.0007670264,0.0007670264,,
yolo_yolov5s_20260715_061610,yolo,yolo_yolov5s_20260715_061610,yolov5s.pt,/root/autodl-fs/datasets/DAIR-V2X_YOLO/dairv2x.yaml,train,10,724.5080053806305,0.92853,0.55326,0.84511,0.83086,0.78484,0.84199,0.59209,0.87395,0.51189,0.83155,0.0007587797,0.0007587797,0.0007587797,,
yolo_yolov5s_20260715_061610,yolo,yolo_yolov5s_20260715_061610,yolov5s.pt,/root/autodl-fs/datasets/DAIR-V2X_YOLO/dairv2x.yaml,train,11,795.9959645271301,0.91997,0.54701,0.84361,0.84034,0.77421,0.8366,0.59094,0.87693,0.51077,0.83318,0.000750533,0.000750533,0.000750533,,
yolo_yolov5s_20260715_061610,yolo,yolo_yolov5s_20260715_061610,yolov5s.pt,/root/autodl-fs/datasets/DAIR-V2X_YOLO/dairv2x.yaml,train,12,868.6504509449005,0.90928,0.53728,0.84159,0.84416,0.78553,0.84921,0.60208,0.85843,0.49957,0.82812,0.0007422863,0.0007422863,0.0007422863,,
yolo_yolov5s_20260715_061610,yolo,yolo_yolov5s_20260715_061610,yolov5s.pt,/root/autodl-fs/datasets/DAIR-V2X_YOLO/dairv2x.yaml,train,13,941.0087819099426,0.90553,0.53863,0.84152,0.8339,0.79461,0.84859,0.59455,0.86941,0.50908,0.83243,0.0007340396,0.0007340396,0.0007340396,,
yolo_yolov5s_20260715_061610,yolo,yolo_yolov5s_20260715_061610,yolov5s.pt,/root/autodl-fs/datasets/DAIR-V2X_YOLO/dairv2x.yaml,train,14,1012.4018914699554,0.90184,0.53153,0.84015,0.82421,0.7916,0.84471,0.60432,0.85748,0.50322,0.82948,0.0007257928999999999,0.0007257928999999999,0.0007257928999999999,,
yolo_yolov5s_20260715_061610,yolo,yolo_yolov5s_20260715_061610,yolov5s.pt,/root/autodl-fs/datasets/DAIR-V2X_YOLO/dairv2x.yaml,train,15,1083.698067188263,0.89528,0.52752,0.83734,0.85043,0.78816,0.85328,0.61067,0.85002,0.49449,0.82918,0.0007175462,0.0007175462,0.0007175462,,
yolo_yolov5s_20260715_061610,yolo,yolo_yolov5s_20260715_061610,yolov5s.pt,/root/autodl-fs/datasets/DAIR-V2X_YOLO/dairv2x.yaml,train,16,1154.8683688640594,0.88942,0.52017,0.83824,0.847,0.79861,0.85894,0.61832,0.83478,0.4828,0.82595,0.0007092995,0.0007092995,0.0007092995,,
yolo_yolov5s_20260715_061610,yolo,yolo_yolov5s_20260715_061610,yolov5s.pt,/root/autodl-fs/datasets/DAIR-V2X_YOLO/dairv2x.yaml,train,17,1226.2848570346832,0.87853,0.51321,0.83627,0.85193,0.7952,0.85908,0.61841,0.83524,0.48166,0.82536,0.0007010528,0.0007010528,0.0007010528,,
yolo_yolov5s_20260715_061610,yolo,yolo_yolov5s_20260715_061610,yolov5s.pt,/root/autodl-fs/datasets/DAIR-V2X_YOLO/dairv2x.yaml,train,18,1297.7019231319427,0.88416,0.51769,0.8366,0.848,0.80278,0.86022,0.61799,0.84222,0.48883,0.82628,0.0006928061,0.0006928061,0.0006928061,,
yolo_yolov5s_20260715_061610,yolo,yolo_yolov5s_20260715_061610,yolov5s.pt,/root/autodl-fs/datasets/DAIR-V2X_YOLO/dairv2x.yaml,train,19,1369.167500257492,0.87437,0.51372,0.83569,0.85216,0.79686,0.85997,0.62083,0.8272,0.47908,0.82477,0.0006845594000000001,0.0006845594000000001,0.0006845594000000001,,
yolo_yolov5s_20260715_061610,yolo,yolo_yolov5s_20260715_061610,yolov5s.pt,/root/autodl-fs/datasets/DAIR-V2X_YOLO/dairv2x.yaml,train,20,1440.5135142803192,0.87197,0.51188,0.8349,0.84691,0.80743,0.85938,0.61352,0.83308,0.48587,0.82451,0.0006763127,0.0006763127,0.0006763127,,
yolo_yolov5s_20260715_061610,yolo,yolo_yolov5s_20260715_061610,yolov5s.pt,/root/autodl-fs/datasets/DAIR-V2X_YOLO/dairv2x.yaml,train,21,1511.643313407898,0.87112,0.51165,0.83415,0.85056,0.79783,0.86079,0.62468,0.82616,0.48113,0.82345,0.000668066,0.000668066,0.000668066,,
yolo_yolov5s_20260715_061610,yolo,yolo_yolov5s_20260715_061610,yolov5s.pt,/root/autodl-fs/datasets/DAIR-V2X_YOLO/dairv2x.yaml,train,22,1582.699455022812,0.86209,0.50304,0.83313,0.85191,0.80679,0.86125,0.62129,0.82426,0.4773,0.8238,0.0006598193,0.0006598193,0.0006598193,,
yolo_yolov5s_20260715_061610,yolo,yolo_yolov5s_20260715_061610,yolov5s.pt,/root/autodl-fs/datasets/DAIR-V2X_YOLO/dairv2x.yaml,train,23,1654.5807781219482,0.86094,0.50067,0.83245,0.85833,0.80431,0.86501,0.62207,0.82974,0.47869,0.82424,0.0006515726,0.0006515726,0.0006515726,,
yolo_yolov5s_20260715_061610,yolo,yolo_yolov5s_20260715_061610,yolov5s.pt,/root/autodl-fs/datasets/DAIR-V2X_YOLO/dairv2x.yaml,train,24,1725.992324590683,0.8572,0.50083,0.83295,0.83551,0.81387,0.86278,0.62633,0.8136,0.47462,0.82139,0.0006433259,0.0006433259,0.0006433259,,
yolo_yolov5s_20260715_061610,yolo,yolo_yolov5s_20260715_061610,yolov5s.pt,/root/autodl-fs/datasets/DAIR-V2X_YOLO/dairv2x.yaml,train,25,1797.452850818634,0.85992,0.50244,0.83259,0.84311,0.81033,0.8628,0.62243,0.82347,0.47843,0.82324,0.0006350791999999999,0.0006350791999999999,0.0006350791999999999,,
yolo_yolov5s_20260715_061610,yolo,yolo_yolov5s_20260715_061610,yolov5s.pt,/root/autodl-fs/datasets/DAIR-V2X_YOLO/dairv2x.yaml,train,26,1868.7965972423553,0.85344,0.49632,0.83176,0.85761,0.80703,0.86423,0.62828,0.81349,0.4698,0.821,0.0006268325,0.0006268325,0.0006268325,,
yolo_yolov5s_20260715_061610,yolo,yolo_yolov5s_20260715_061610,yolov5s.pt,/root/autodl-fs/datasets/DAIR-V2X_YOLO/dairv2x.yaml,train,27,1940.093859910965,0.85056,0.49534,0.8303,0.86434,0.80234,0.86601,0.62591,0.81693,0.46976,0.82199,0.0006185858,0.0006185858,0.0006185858,,
yolo_yolov5s_20260715_061610,yolo,yolo_yolov5s_20260715_061610,yolov5s.pt,/root/autodl-fs/datasets/DAIR-V2X_YOLO/dairv2x.yaml,train,28,2011.7528309822083,0.85381,0.49819,0.83197,0.86238,0.8162,0.86938,0.63467,0.80546,0.4645,0.82086,0.0006103391,0.0006103391,0.0006103391,,
yolo_yolov5s_20260715_061610,yolo,yolo_yolov5s_20260715_061610,yolov5s.pt,/root/autodl-fs/datasets/DAIR-V2X_YOLO/dairv2x.yaml,train,29,2082.872004508972,0.84656,0.49266,0.83038,0.86738,0.80576,0.86916,0.63523,0.80874,0.46194,0.82063,0.0006020924,0.0006020924,0.0006020924,,
yolo_yolov5s_20260715_061610,yolo,yolo_yolov5s_20260715_061610,yolov5s.pt,/root/autodl-fs/datasets/DAIR-V2X_YOLO/dairv2x.yaml,train,30,2154.246671438217,0.84073,0.48766,0.82924,0.86273,0.80158,0.86832,0.63724,0.80073,0.46368,0.82046,0.0005938457,0.0005938457,0.0005938457,,
yolo_yolov5s_20260715_061610,yolo,yolo_yolov5s_20260715_061610,yolov5s.pt,/root/autodl-fs/datasets/DAIR-V2X_YOLO/dairv2x.yaml,train,31,2225.5097303390503,0.84256,0.48894,0.82944,0.85146,0.81539,0.86942,0.63747,0.80385,0.46235,0.82005,0.0005855989999999999,0.0005855989999999999,0.0005855989999999999,,
yolo_yolov5s_20260715_061610,yolo,yolo_yolov5s_20260715_061610,yolov5s.pt,/root/autodl-fs/datasets/DAIR-V2X_YOLO/dairv2x.yaml,train,32,2296.919716358185,0.83614,0.48567,0.8286,0.85664,0.80963,0.87077,0.63747,0.80909,0.4649,0.8201,0.0005773522999999999,0.0005773522999999999,0.0005773522999999999,,
yolo_yolov5s_20260715_061610,yolo,yolo_yolov5s_20260715_061610,yolov5s.pt,/root/autodl-fs/datasets/DAIR-V2X_YOLO/dairv2x.yaml,train,33,2368.169502735138,0.83557,0.48402,0.82853,0.86833,0.80114,0.87023,0.63653,0.80924,0.46272,0.82063,0.0005691056,0.0005691056,0.0005691056,,
yolo_yolov5s_20260715_061610,yolo,yolo_yolov5s_20260715_061610,yolov5s.pt,/root/autodl-fs/datasets/DAIR-V2X_YOLO/dairv2x.yaml,train,34,2439.397194623947,0.83271,0.48492,0.82834,0.86368,0.81257,0.87374,0.63982,0.80173,0.46021,0.81833,0.0005608588999999999,0.0005608588999999999,0.0005608588999999999,,
yolo_yolov5s_20260715_061610,yolo,yolo_yolov5s_20260715_061610,yolov5s.pt,/root/autodl-fs/datasets/DAIR-V2X_YOLO/dairv2x.yaml,train,35,2510.6679005622864,0.82973,0.47956,0.82798,0.85866,0.81255,0.87126,0.64405,0.79531,0.4556,0.81867,0.0005526121999999999,0.0005526121999999999,0.0005526121999999999,,
yolo_yolov5s_20260715_061610,yolo,yolo_yolov5s_20260715_061610,yolov5s.pt,/root/autodl-fs/datasets/DAIR-V2X_YOLO/dairv2x.yaml,train,36,2581.942613363266,0.82866,0.48048,0.82736,0.85591,0.81335,0.87182,0.64019,0.79646,0.45512,0.819,0.0005443655,0.0005443655,0.0005443655,,
yolo_yolov5s_20260715_061610,yolo,yolo_yolov5s_20260715_061610,yolov5s.pt,/root/autodl-fs/datasets/DAIR-V2X_YOLO/dairv2x.yaml,train,37,2652.9785871505737,0.82901,0.48033,0.82675,0.85123,0.81768,0.86774,0.63736,0.79521,0.45668,0.81893,0.0005361188,0.0005361188,0.0005361188,,
yolo_yolov5s_20260715_061610,yolo,yolo_yolov5s_20260715_061610,yolov5s.pt,/root/autodl-fs/datasets/DAIR-V2X_YOLO/dairv2x.yaml,train,38,2724.4686119556427,0.82883,0.47849,0.82706,0.86642,0.80877,0.87067,0.64034,0.7959,0.45504,0.81861,0.0005278721,0.0005278721,0.0005278721,,
yolo_yolov5s_20260715_061610,yolo,yolo_yolov5s_20260715_061610,yolov5s.pt,/root/autodl-fs/datasets/DAIR-V2X_YOLO/dairv2x.yaml,train,39,2795.7194316387177,0.82311,0.47723,0.82663,0.85955,0.81807,0.87439,0.64265,0.79137,0.45305,0.81781,0.0005196254,0.0005196254,0.0005196254,,
yolo_yolov5s_20260715_061610,yolo,yolo_yolov5s_20260715_061610,yolov5s.pt,/root/autodl-fs/datasets/DAIR-V2X_YOLO/dairv2x.yaml,train,40,2867.4982359409332,0.82379,0.47639,0.82558,0.8575,0.81509,0.87201,0.63848,0.79363,0.45399,0.81819,0.0005113787,0.0005113787,0.0005113787,,
yolo_yolov5s_20260715_061610,yolo,yolo_yolov5s_20260715_061610,yolov5s.pt,/root/autodl-fs/datasets/DAIR-V2X_YOLO/dairv2x.yaml,train,41,2938.88586974144,0.81984,0.47178,0.82675,0.86451,0.81573,0.87359,0.64251,0.79065,0.45097,0.81751,0.000503132,0.000503132,0.000503132,,
yolo_yolov5s_20260715_061610,yolo,yolo_yolov5s_20260715_061610,yolov5s.pt,/root/autodl-fs/datasets/DAIR-V2X_YOLO/dairv2x.yaml,train,42,3009.9473209381104,0.81794,0.47037,0.82512,0.86184,0.81865,0.87233,0.64427,0.78845,0.44892,0.81764,0.0004948853,0.0004948853,0.0004948853,,
yolo_yolov5s_20260715_061610,yolo,yolo_yolov5s_20260715_061610,yolov5s.pt,/root/autodl-fs/datasets/DAIR-V2X_YOLO/dairv2x.yaml,train,43,3081.4597527980804,0.81434,0.46739,0.82506,0.86516,0.8159,0.87016,0.64405,0.78673,0.44861,0.81695,0.00048663860000000005,0.00048663860000000005,0.00048663860000000005,,
yolo_yolov5s_20260715_061610,yolo,yolo_yolov5s_20260715_061610,yolov5s.pt,/root/autodl-fs/datasets/DAIR-V2X_YOLO/dairv2x.yaml,train,44,3152.868714570999,0.81447,0.46794,0.82425,0.86866,0.81786,0.87591,0.64612,0.78317,0.44478,0.81667,0.00047839190000000003,0.00047839190000000003,0.00047839190000000003,,
yolo_yolov5s_20260715_061610,yolo,yolo_yolov5s_20260715_061610,yolov5s.pt,/root/autodl-fs/datasets/DAIR-V2X_YOLO/dairv2x.yaml,train,45,3224.4702486991882,0.811,0.46634,0.82366,0.8624,0.8208,0.87684,0.64613,0.7866,0.44563,0.81676,0.0004701452,0.0004701452,0.0004701452,,
yolo_yolov5s_20260715_061610,yolo,yolo_yolov5s_20260715_061610,yolov5s.pt,/root/autodl-fs/datasets/DAIR-V2X_YOLO/dairv2x.yaml,train,46,3295.8787848949432,0.80873,0.46373,0.82443,0.8645,0.82302,0.88009,0.64944,0.78487,0.44478,0.81602,0.0004618985,0.0004618985,0.0004618985,,
yolo_yolov5s_20260715_061610,yolo,yolo_yolov5s_20260715_061610,yolov5s.pt,/root/autodl-fs/datasets/DAIR-V2X_YOLO/dairv2x.yaml,train,47,3367.047386407852,0.80946,0.46417,0.8231,0.85709,0.82184,0.87527,0.64626,0.78117,0.4448,0.81621,0.00045365180000000007,0.00045365180000000007,0.00045365180000000007,,
yolo_yolov5s_20260715_061610,yolo,yolo_yolov5s_20260715_061610,yolov5s.pt,/root/autodl-fs/datasets/DAIR-V2X_YOLO/dairv2x.yaml,train,48,3439.020382642746,0.80863,0.46504,0.82432,0.87165,0.81743,0.87597,0.6493,0.7798,0.445,0.81577,0.00044540510000000004,0.00044540510000000004,0.00044540510000000004,,
yolo_yolov5s_20260715_061610,yolo,yolo_yolov5s_20260715_061610,yolov5s.pt,/root/autodl-fs/datasets/DAIR-V2X_YOLO/dairv2x.yaml,train,49,3510.7754530906677,0.80749,0.46181,0.82393,0.8646,0.82604,0.87792,0.65315,0.77388,0.43878,0.8153,0.0004371584,0.0004371584,0.0004371584,,
yolo_yolov5s_20260715_061610,yolo,yolo_yolov5s_20260715_061610,yolov5s.pt,/root/autodl-fs/datasets/DAIR-V2X_YOLO/dairv2x.yaml,train,50,3582.294289112091,0.80274,0.45973,0.82318,0.86076,0.82168,0.87892,0.65252,0.77596,0.44088,0.8155,0.0004289117,0.0004289117,0.0004289117,,
yolo_yolov5s_20260715_061610,yolo,yolo_yolov5s_20260715_061610,yolov5s.pt,/root/autodl-fs/datasets/DAIR-V2X_YOLO/dairv2x.yaml,train,51,3653.5116493701935,0.80286,0.45919,0.82283,0.86335,0.8158,0.88004,0.65101,0.77541,0.43893,0.81559,0.00042066499999999997,0.00042066499999999997,0.00042066499999999997,,
yolo_yolov5s_20260715_061610,yolo,yolo_yolov5s_20260715_061610,yolov5s.pt,/root/autodl-fs/datasets/DAIR-V2X_YOLO/dairv2x.yaml,train,52,3724.633456468582,0.79906,0.45652,0.82256,0.85974,0.82516,0.87852,0.65276,0.77457,0.43853,0.81552,0.00041241829999999995,0.00041241829999999995,0.00041241829999999995,,
yolo_yolov5s_20260715_061610,yolo,yolo_yolov5s_20260715_061610,yolov5s.pt,/root/autodl-fs/datasets/DAIR-V2X_YOLO/dairv2x.yaml,train,53,3796.4673478603363,0.79963,0.45889,0.82215,0.86439,0.82056,0.87639,0.65093,0.77668,0.44034,0.81515,0.0004041716,0.0004041716,0.0004041716,,
yolo_yolov5s_20260715_061610,yolo,yolo_yolov5s_20260715_061610,yolov5s.pt,/root/autodl-fs/datasets/DAIR-V2X_YOLO/dairv2x.yaml,train,54,3868.0069830417633,0.79943,0.45548,0.82299,0.86855,0.81875,0.87977,0.65307,0.77179,0.44061,0.81511,0.0003959249,0.0003959249,0.0003959249,,
yolo_yolov5s_20260715_061610,yolo,yolo_yolov5s_20260715_061610,yolov5s.pt,/root/autodl-fs/datasets/DAIR-V2X_YOLO/dairv2x.yaml,train,55,3939.433478116989,0.7966,0.45503,0.82154,0.86001,0.82535,0.87904,0.65222,0.77239,0.43813,0.81545,0.0003876782,0.0003876782,0.0003876782,,
yolo_yolov5s_20260715_061610,yolo,yolo_yolov5s_20260715_061610,yolov5s.pt,/root/autodl-fs/datasets/DAIR-V2X_YOLO/dairv2x.yaml,train,56,4010.7382459640503,0.79607,0.45475,0.82208,0.87223,0.81725,0.87853,0.65373,0.77048,0.43762,0.81501,0.00037943149999999996,0.00037943149999999996,0.00037943149999999996,,
yolo_yolov5s_20260715_061610,yolo,yolo_yolov5s_20260715_061610,yolov5s.pt,/root/autodl-fs/datasets/DAIR-V2X_YOLO/dairv2x.yaml,train,57,4082.0303587913513,0.79579,0.45141,0.8217,0.86591,0.82158,0.88148,0.6556,0.76922,0.43653,0.81508,0.00037118479999999994,0.00037118479999999994,0.00037118479999999994,,
yolo_yolov5s_20260715_061610,yolo,yolo_yolov5s_20260715_061610,yolov5s.pt,/root/autodl-fs/datasets/DAIR-V2X_YOLO/dairv2x.yaml,train,58,4153.375505447388,0.789,0.44882,0.82098,0.86609,0.82299,0.88351,0.65976,0.7696,0.43447,0.8143,0.0003629381,0.0003629381,0.0003629381,,
yolo_yolov5s_20260715_061610,yolo,yolo_yolov5s_20260715_061610,yolov5s.pt,/root/autodl-fs/datasets/DAIR-V2X_YOLO/dairv2x.yaml,train,59,4224.647940635681,0.78996,0.44977,0.82081,0.8599,0.82517,0.8815,0.65788,0.76774,0.43309,0.81451,0.00035469140000000005,0.00035469140000000005,0.00035469140000000005,,
yolo_yolov5s_20260715_061610,yolo,yolo_yolov5s_20260715_061610,yolov5s.pt,/root/autodl-fs/datasets/DAIR-V2X_YOLO/dairv2x.yaml,train,60,4295.900117397308,0.79015,0.44868,0.82098,0.865,0.82382,0.88098,0.65654,0.7695,0.4343,0.8149,0.00034644470000000003,0.00034644470000000003,0.00034644470000000003,,
yolo_yolov5s_20260715_061610,yolo,yolo_yolov5s_20260715_061610,yolov5s.pt,/root/autodl-fs/datasets/DAIR-V2X_YOLO/dairv2x.yaml,train,61,4367.192984580994,0.78717,0.44722,0.82006,0.86262,0.82913,0.88081,0.65755,0.76515,0.43033,0.81414,0.000338198,0.000338198,0.000338198,,
yolo_yolov5s_20260715_061610,yolo,yolo_yolov5s_20260715_061610,yolov5s.pt,/root/autodl-fs/datasets/DAIR-V2X_YOLO/dairv2x.yaml,train,62,4438.3114767074585,0.78501,0.44547,0.82101,0.8688,0.8258,0.88015,0.65785,0.7634,0.4314,0.81379,0.0003299513,0.0003299513,0.0003299513,,
yolo_yolov5s_20260715_061610,yolo,yolo_yolov5s_20260715_061610,yolov5s.pt,/root/autodl-fs/datasets/DAIR-V2X_YOLO/dairv2x.yaml,train,63,4509.542640209198,0.78475,0.44589,0.81967,0.86757,0.82766,0.8822,0.65835,0.76419,0.43196,0.81394,0.00032170459999999996,0.00032170459999999996,0.00032170459999999996,,
yolo_yolov5s_20260715_061610,yolo,yolo_yolov5s_20260715_061610,yolov5s.pt,/root/autodl-fs/datasets/DAIR-V2X_YOLO/dairv2x.yaml,train,64,4580.883264064789,0.78443,0.44484,0.81933,0.86265,0.82893,0.88021,0.65637,0.76425,0.43172,0.81386,0.0003134579,0.0003134579,0.0003134579,,
yolo_yolov5s_20260715_061610,yolo,yolo_yolov5s_20260715_061610,yolov5s.pt,/root/autodl-fs/datasets/DAIR-V2X_YOLO/dairv2x.yaml,train,65,4652.312664031982,0.78061,0.44234,0.8201,0.86357,0.82465,0.87753,0.65585,0.76381,0.43095,0.81408,0.0003052112,0.0003052112,0.0003052112,,
yolo_yolov5s_20260715_061610,yolo,yolo_yolov5s_20260715_061610,yolov5s.pt,/root/autodl-fs/datasets/DAIR-V2X_YOLO/dairv2x.yaml,train,66,4723.2649829387665,0.77997,0.44217,0.81953,0.8636,0.82747,0.88087,0.6586,0.76272,0.42957,0.81395,0.0002969645,0.0002969645,0.0002969645,,
yolo_yolov5s_20260715_061610,yolo,yolo_yolov5s_20260715_061610,yolov5s.pt,/root/autodl-fs/datasets/DAIR-V2X_YOLO/dairv2x.yaml,train,67,4794.5331745147705,0.77933,0.43896,0.81877,0.86367,0.82666,0.88071,0.6609,0.76054,0.42881,0.81345,0.00028871779999999997,0.00028871779999999997,0.00028871779999999997,,
yolo_yolov5s_20260715_061610,yolo,yolo_yolov5s_20260715_061610,yolov5s.pt,/root/autodl-fs/datasets/DAIR-V2X_YOLO/dairv2x.yaml,train,68,4866.02378153801,0.77807,0.43935,0.81879,0.87029,0.82744,0.88327,0.66037,0.76124,0.42848,0.81358,0.00028047109999999994,0.00028047109999999994,0.00028047109999999994,,
yolo_yolov5s_20260715_061610,yolo,yolo_yolov5s_20260715_061610,yolov5s.pt,/root/autodl-fs/datasets/DAIR-V2X_YOLO/dairv2x.yaml,train,69,4937.357362270355,0.77576,0.43751,0.81908,0.86953,0.82813,0.88221,0.6593,0.76142,0.42833,0.81364,0.0002722244,0.0002722244,0.0002722244,,
yolo_yolov5s_20260715_061610,yolo,yolo_yolov5s_20260715_061610,yolov5s.pt,/root/autodl-fs/datasets/DAIR-V2X_YOLO/dairv2x.yaml,train,70,5008.618860006332,0.7756,0.43696,0.81849,0.87594,0.82092,0.88129,0.66101,0.76122,0.42774,0.81315,0.00026397770000000006,0.00026397770000000006,0.00026397770000000006,,
yolo_yolov5s_20260715_061610,yolo,yolo_yolov5s_20260715_061610,yolov5s.pt,/root/autodl-fs/datasets/DAIR-V2X_YOLO/dairv2x.yaml,train,71,5079.858724594116,0.77681,0.43846,0.81866,0.86767,0.82484,0.88291,0.66133,0.76134,0.42764,0.81321,0.00025573100000000004,0.00025573100000000004,0.00025573100000000004,,
yolo_yolov5s_20260715_061610,yolo,yolo_yolov5s_20260715_061610,yolov5s.pt,/root/autodl-fs/datasets/DAIR-V2X_YOLO/dairv2x.yaml,train,72,5151.168824672699,0.77276,0.43406,0.81744,0.87055,0.82719,0.88375,0.66257,0.75978,0.42697,0.81331,0.0002474843,0.0002474843,0.0002474843,,
yolo_yolov5s_20260715_061610,yolo,yolo_yolov5s_20260715_061610,yolov5s.pt,/root/autodl-fs/datasets/DAIR-V2X_YOLO/dairv2x.yaml,train,73,5222.5497126579285,0.76945,0.43284,0.81762,0.87428,0.82291,0.88497,0.66495,0.75671,0.4246,0.81269,0.0002392376,0.0002392376,0.0002392376,,
yolo_yolov5s_20260715_061610,yolo,yolo_yolov5s_20260715_061610,yolov5s.pt,/root/autodl-fs/datasets/DAIR-V2X_YOLO/dairv2x.yaml,train,74,5294.164167404175,0.77065,0.43459,0.81788,0.86607,0.83229,0.88358,0.66323,0.75561,0.42376,0.81253,0.00023099090000000002,0.00023099090000000002,0.00023099090000000002,,
yolo_yolov5s_20260715_061610,yolo,yolo_yolov5s_20260715_061610,yolov5s.pt,/root/autodl-fs/datasets/DAIR-V2X_YOLO/dairv2x.yaml,train,75,5365.633740663528,0.7694,0.43184,0.81711,0.86728,0.82748,0.88645,0.6659,0.75677,0.42365,0.81252,0.00022274420000000002,0.00022274420000000002,0.00022274420000000002,,
yolo_yolov5s_20260715_061610,yolo,yolo_yolov5s_20260715_061610,yolov5s.pt,/root/autodl-fs/datasets/DAIR-V2X_YOLO/dairv2x.yaml,train,76,5437.046596050262,0.76895,0.43128,0.81809,0.87466,0.82165,0.88366,0.66539,0.75656,0.42361,0.81307,0.0002144975,0.0002144975,0.0002144975,,
yolo_yolov5s_20260715_061610,yolo,yolo_yolov5s_20260715_061610,yolov5s.pt,/root/autodl-fs/datasets/DAIR-V2X_YOLO/dairv2x.yaml,train,77,5508.526726722717,0.76469,0.42997,0.8178,0.8682,0.82581,0.88425,0.66312,0.75703,0.42352,0.81322,0.00020625079999999997,0.00020625079999999997,0.00020625079999999997,,
yolo_yolov5s_20260715_061610,yolo,yolo_yolov5s_20260715_061610,yolov5s.pt,/root/autodl-fs/datasets/DAIR-V2X_YOLO/dairv2x.yaml,train,78,5580.15686917305,0.76457,0.42964,0.81765,0.86132,0.83627,0.88434,0.66393,0.75652,0.42372,0.81307,0.00019800409999999998,0.00019800409999999998,0.00019800409999999998,,
yolo_yolov5s_20260715_061610,yolo,yolo_yolov5s_20260715_061610,yolov5s.pt,/root/autodl-fs/datasets/DAIR-V2X_YOLO/dairv2x.yaml,train,79,5651.562195777893,0.76221,0.42718,0.81586,0.87222,0.82574,0.88539,0.66529,0.75386,0.42377,0.81254,0.00018975739999999998,0.00018975739999999998,0.00018975739999999998,,
yolo_yolov5s_20260715_061610,yolo,yolo_yolov5s_20260715_061610,yolov5s.pt,/root/autodl-fs/datasets/DAIR-V2X_YOLO/dairv2x.yaml,train,80,5722.801605463028,0.76277,0.42754,0.81626,0.87022,0.82903,0.88463,0.6647,0.75452,0.42288,0.81235,0.00018151069999999998,0.00018151069999999998,0.00018151069999999998,,
yolo_yolov5s_20260715_061610,yolo,yolo_yolov5s_20260715_061610,yolov5s.pt,/root/autodl-fs/datasets/DAIR-V2X_YOLO/dairv2x.yaml,train,81,5794.262553930283,0.75848,0.42463,0.81647,0.85833,0.83609,0.8824,0.66328,0.75506,0.42387,0.8127,0.00017326399999999996,0.00017326399999999996,0.00017326399999999996,,
yolo_yolov5s_20260715_061610,yolo,yolo_yolov5s_20260715_061610,yolov5s.pt,/root/autodl-fs/datasets/DAIR-V2X_YOLO/dairv2x.yaml,train,82,5865.763981819153,0.75786,0.42378,0.81624,0.86616,0.8318,0.88354,0.6657,0.75236,0.42119,0.81223,0.00016501729999999994,0.00016501729999999994,0.00016501729999999994,,
yolo_yolov5s_20260715_061610,yolo,yolo_yolov5s_20260715_061610,yolov5s.pt,/root/autodl-fs/datasets/DAIR-V2X_YOLO/dairv2x.yaml,train,83,5937.241910934448,0.75752,0.42419,0.81634,0.85948,0.83481,0.88439,0.66619,0.75147,0.42112,0.81213,0.00015677060000000005,0.00015677060000000005,0.00015677060000000005,,
yolo_yolov5s_20260715_061610,yolo,yolo_yolov5s_20260715_061610,yolov5s.pt,/root/autodl-fs/datasets/DAIR-V2X_YOLO/dairv2x.yaml,train,84,6008.457069158554,0.75661,0.42302,0.81578,0.871,0.82812,0.8852,0.66677,0.7512,0.42026,0.81227,0.00014852390000000002,0.00014852390000000002,0.00014852390000000002,,
yolo_yolov5s_20260715_061610,yolo,yolo_yolov5s_20260715_061610,yolov5s.pt,/root/autodl-fs/datasets/DAIR-V2X_YOLO/dairv2x.yaml,train,85,6079.745080471039,0.75514,0.42165,0.81611,0.87851,0.82296,0.88615,0.66599,0.74978,0.42003,0.81216,0.00014027720000000003,0.00014027720000000003,0.00014027720000000003,,
yolo_yolov5s_20260715_061610,yolo,yolo_yolov5s_20260715_061610,yolov5s.pt,/root/autodl-fs/datasets/DAIR-V2X_YOLO/dairv2x.yaml,train,86,6150.993406534195,0.75455,0.4201,0.81483,0.86687,0.83154,0.88688,0.66766,0.74957,0.42017,0.81239,0.00013203050000000003,0.00013203050000000003,0.00013203050000000003,,
yolo_yolov5s_20260715_061610,yolo,yolo_yolov5s_20260715_061610,yolov5s.pt,/root/autodl-fs/datasets/DAIR-V2X_YOLO/dairv2x.yaml,train,87,6222.059594869614,0.75419,0.41982,0.8157,0.86982,0.82989,0.88548,0.66626,0.75077,0.42105,0.81218,0.0001237838,0.0001237838,0.0001237838,,
yolo_yolov5s_20260715_061610,yolo,yolo_yolov5s_20260715_061610,yolov5s.pt,/root/autodl-fs/datasets/DAIR-V2X_YOLO/dairv2x.yaml,train,88,6293.278497934341,0.74943,0.4181,0.8151,0.86575,0.82965,0.8858,0.66681,0.75068,0.41931,0.81212,0.00011553710000000001,0.00011553710000000001,0.00011553710000000001,,
yolo_yolov5s_20260715_061610,yolo,yolo_yolov5s_20260715_061610,yolov5s.pt,/root/autodl-fs/datasets/DAIR-V2X_YOLO/dairv2x.yaml,train,89,6364.784544229507,0.74853,0.4171,0.81544,0.86781,0.82898,0.88546,0.66797,0.75008,0.41907,0.81201,0.0001072904,0.0001072904,0.0001072904,,
yolo_yolov5s_20260715_061610,yolo,yolo_yolov5s_20260715_061610,yolov5s.pt,/root/autodl-fs/datasets/DAIR-V2X_YOLO/dairv2x.yaml,train,90,6436.832931995392,0.74984,0.41715,0.81557,0.87034,0.82674,0.88496,0.66742,0.7493,0.41877,0.81201,9.904369999999997e-05,9.904369999999997e-05,9.904369999999997e-05,,
yolo_yolov5s_20260715_061610,yolo,yolo_yolov5s_20260715_061610,yolov5s.pt,/root/autodl-fs/datasets/DAIR-V2X_YOLO/dairv2x.yaml,train,91,6504.112414121628,0.72586,0.40567,0.81078,0.86361,0.82621,0.88289,0.66404,0.75528,0.42276,0.81264,9.079699999999998e-05,9.079699999999998e-05,9.079699999999998e-05,,
yolo_yolov5s_20260715_061610,yolo,yolo_yolov5s_20260715_061610,yolov5s.pt,/root/autodl-fs/datasets/DAIR-V2X_YOLO/dairv2x.yaml,train,92,6569.829831123352,0.72293,0.40217,0.80933,0.86499,0.82868,0.88296,0.66407,0.75587,0.4222,0.8128,8.255029999999997e-05,8.255029999999997e-05,8.255029999999997e-05,,
yolo_yolov5s_20260715_061610,yolo,yolo_yolov5s_20260715_061610,yolov5s.pt,/root/autodl-fs/datasets/DAIR-V2X_YOLO/dairv2x.yaml,train,93,6635.670273780823,0.71822,0.39999,0.80924,0.86732,0.82786,0.88172,0.66385,0.7558,0.42192,0.81283,7.430359999999997e-05,7.430359999999997e-05,7.430359999999997e-05,,
yolo_yolov5s_20260715_061610,yolo,yolo_yolov5s_20260715_061610,yolov5s.pt,/root/autodl-fs/datasets/DAIR-V2X_YOLO/dairv2x.yaml,train,94,6701.629291534424,0.71603,0.39886,0.80977,0.86521,0.83022,0.88167,0.66292,0.75479,0.42083,0.81269,6.605689999999995e-05,6.605689999999995e-05,6.605689999999995e-05,,
yolo_yolov5s_20260715_061610,yolo,yolo_yolov5s_20260715_061610,yolov5s.pt,/root/autodl-fs/datasets/DAIR-V2X_YOLO/dairv2x.yaml,train,95,6768.0166091918945,0.71465,0.39702,0.80863,0.86971,0.82612,0.88112,0.66307,0.75335,0.42097,0.81257,5.781020000000004e-05,5.781020000000004e-05,5.781020000000004e-05,,
yolo_yolov5s_20260715_061610,yolo,yolo_yolov5s_20260715_061610,yolov5s.pt,/root/autodl-fs/datasets/DAIR-V2X_YOLO/dairv2x.yaml,train,96,6834.1975877285,0.71241,0.39512,0.80873,0.8706,0.82333,0.88198,0.66299,0.75245,0.421,0.81255,4.9563500000000035e-05,4.9563500000000035e-05,4.9563500000000035e-05,,
yolo_yolov5s_20260715_061610,yolo,yolo_yolov5s_20260715_061610,yolov5s.pt,/root/autodl-fs/datasets/DAIR-V2X_YOLO/dairv2x.yaml,train,97,6900.00398516655,0.71075,0.39418,0.8082,0.86673,0.82834,0.88263,0.66396,0.7523,0.42137,0.81247,4.131680000000003e-05,4.131680000000003e-05,4.131680000000003e-05,,
yolo_yolov5s_20260715_061610,yolo,yolo_yolov5s_20260715_061610,yolov5s.pt,/root/autodl-fs/datasets/DAIR-V2X_YOLO/dairv2x.yaml,train,98,6965.747761011124,0.71045,0.39334,0.80802,0.8661,0.82786,0.88257,0.66442,0.75201,0.42075,0.81239,3.307010000000002e-05,3.307010000000002e-05,3.307010000000002e-05,,
yolo_yolov5s_20260715_061610,yolo,yolo_yolov5s_20260715_061610,yolov5s.pt,/root/autodl-fs/datasets/DAIR-V2X_YOLO/dairv2x.yaml,train,99,7031.4570569992065,0.70703,0.39113,0.80777,0.86765,0.82739,0.88268,0.66478,0.75181,0.42023,0.81227,2.4823400000000017e-05,2.4823400000000017e-05,2.4823400000000017e-05,,
yolo_yolov5s_20260715_061610,yolo,yolo_yolov5s_20260715_061610,yolov5s.pt,/root/autodl-fs/datasets/DAIR-V2X_YOLO/dairv2x.yaml,train,100,7097.494778394699,0.70834,0.39157,0.80796,0.86506,0.82714,0.88307,0.66533,0.75141,0.4196,0.81223,1.6576700000000007e-05,1.6576700000000007e-05,1.6576700000000007e-05,,
yolo_yolov5s_20260715_082400,yolo,yolo_yolov5s_20260715_082400,yolov5s.pt,/root/autodl-fs/datasets/UA-DETRAC_YOLO/data.yaml,train,1,73.05549740791321,0.98251,0.9255,0.96023,0.69238,0.63068,0.67146,0.46804,1.08813,0.94287,0.99137,0.00041533546325878595,0.00041533546325878595,0.00041533546325878595,,
yolo_yolov5s_20260715_082400,yolo,yolo_yolov5s_20260715_082400,yolov5s.pt,/root/autodl-fs/datasets/UA-DETRAC_YOLO/data.yaml,train,2,137.70573687553406,0.9359,0.68548,0.94452,0.69858,0.70813,0.74603,0.50943,1.11406,0.77372,1.01633,0.0008237653088391906,0.0008237653088391906,0.0008237653088391906,,
yolo_yolov5s_20260715_082400,yolo,yolo_yolov5s_20260715_082400,yolov5s.pt,/root/autodl-fs/datasets/UA-DETRAC_YOLO/data.yaml,train,3,201.2913601398468,0.92029,0.65117,0.93929,0.80897,0.64101,0.73041,0.51326,1.06178,0.75036,0.99629,0.0012239451544195953,0.0012239451544195953,0.0012239451544195953,,
yolo_yolov5s_20260715_082400,yolo,yolo_yolov5s_20260715_082400,yolov5s.pt,/root/autodl-fs/datasets/UA-DETRAC_YOLO/data.yaml,train,4,264.5984513759613,0.89116,0.61462,0.92976,0.72902,0.6549,0.7447,0.51952,1.10214,0.76528,1.01147,0.001212875,0.001212875,0.001212875,,
yolo_yolov5s_20260715_082400,yolo,yolo_yolov5s_20260715_082400,yolov5s.pt,/root/autodl-fs/datasets/UA-DETRAC_YOLO/data.yaml,train,5,328.01615262031555,0.8619,0.58453,0.92282,0.79217,0.66002,0.73769,0.51296,1.07161,0.71582,1.00367,0.0012005,0.0012005,0.0012005,,
yolo_yolov5s_20260715_082400,yolo,yolo_yolov5s_20260715_082400,yolov5s.pt,/root/autodl-fs/datasets/UA-DETRAC_YOLO/data.yaml,train,6,391.3266384601593,0.8433,0.56033,0.91565,0.82504,0.69465,0.77697,0.54445,1.0495,0.69091,0.99009,0.001188125,0.001188125,0.001188125,,
yolo_yolov5s_20260715_082400,yolo,yolo_yolov5s_20260715_082400,yolov5s.pt,/root/autodl-fs/datasets/UA-DETRAC_YOLO/data.yaml,train,7,454.5345332622528,0.82259,0.54707,0.90916,0.81682,0.71875,0.79184,0.55701,1.03268,0.66302,0.98782,0.00117575,0.00117575,0.00117575,,
yolo_yolov5s_20260715_082400,yolo,yolo_yolov5s_20260715_082400,yolov5s.pt,/root/autodl-fs/datasets/UA-DETRAC_YOLO/data.yaml,train,8,517.6535353660583,0.81206,0.52632,0.90593,0.85452,0.65669,0.76587,0.54982,1.04005,0.64771,0.9794,0.001163375,0.001163375,0.001163375,,
yolo_yolov5s_20260715_082400,yolo,yolo_yolov5s_20260715_082400,yolov5s.pt,/root/autodl-fs/datasets/UA-DETRAC_YOLO/data.yaml,train,9,580.8099308013916,0.80095,0.51933,0.90231,0.847,0.65351,0.76688,0.55426,1.0232,0.65987,0.97896,0.0011510000000000001,0.0011510000000000001,0.0011510000000000001,,
yolo_yolov5s_20260715_082400,yolo,yolo_yolov5s_20260715_082400,yolov5s.pt,/root/autodl-fs/datasets/UA-DETRAC_YOLO/data.yaml,train,10,644.1174812316895,0.78952,0.50725,0.89907,0.85239,0.66778,0.7473,0.55055,1.01008,0.69832,0.97667,0.001138625,0.001138625,0.001138625,,
yolo_yolov5s_20260715_082400,yolo,yolo_yolov5s_20260715_082400,yolov5s.pt,/root/autodl-fs/datasets/UA-DETRAC_YOLO/data.yaml,train,11,707.284863948822,0.78361,0.49975,0.89698,0.8271,0.68327,0.77673,0.56794,1.03025,0.64583,0.98009,0.00112625,0.00112625,0.00112625,,
yolo_yolov5s_20260715_082400,yolo,yolo_yolov5s_20260715_082400,yolov5s.pt,/root/autodl-fs/datasets/UA-DETRAC_YOLO/data.yaml,train,12,770.6133868694305,0.77543,0.49052,0.89389,0.78762,0.72058,0.7864,0.55472,1.04967,0.63654,0.98397,0.001113875,0.001113875,0.001113875,,
yolo_yolov5s_20260715_082400,yolo,yolo_yolov5s_20260715_082400,yolov5s.pt,/root/autodl-fs/datasets/UA-DETRAC_YOLO/data.yaml,train,13,833.9017837047577,0.77178,0.48288,0.89236,0.87007,0.70812,0.81913,0.59167,1.0249,0.63787,0.98412,0.0011015,0.0011015,0.0011015,,
yolo_yolov5s_20260715_082400,yolo,yolo_yolov5s_20260715_082400,yolov5s.pt,/root/autodl-fs/datasets/UA-DETRAC_YOLO/data.yaml,train,14,897.2987818717957,0.76066,0.47586,0.88922,0.84569,0.68129,0.78826,0.57264,1.02751,0.66101,0.97588,0.001089125,0.001089125,0.001089125,,
yolo_yolov5s_20260715_082400,yolo,yolo_yolov5s_20260715_082400,yolov5s.pt,/root/autodl-fs/datasets/UA-DETRAC_YOLO/data.yaml,train,15,960.8307332992554,0.75528,0.46949,0.88617,0.85729,0.69349,0.77912,0.57174,1.0281,0.62348,0.97662,0.00107675,0.00107675,0.00107675,,
yolo_yolov5s_20260715_082400,yolo,yolo_yolov5s_20260715_082400,yolov5s.pt,/root/autodl-fs/datasets/UA-DETRAC_YOLO/data.yaml,train,16,1024.0068712234497,0.75307,0.46344,0.88657,0.86596,0.73488,0.81579,0.59823,1.0227,0.62074,0.97837,0.001064375,0.001064375,0.001064375,,
yolo_yolov5s_20260715_082400,yolo,yolo_yolov5s_20260715_082400,yolov5s.pt,/root/autodl-fs/datasets/UA-DETRAC_YOLO/data.yaml,train,17,1087.2786371707916,0.74391,0.45681,0.88391,0.82831,0.75505,0.81957,0.59933,1.00119,0.62839,0.96854,0.001052,0.001052,0.001052,,
yolo_yolov5s_20260715_082400,yolo,yolo_yolov5s_20260715_082400,yolov5s.pt,/root/autodl-fs/datasets/UA-DETRAC_YOLO/data.yaml,train,18,1150.6710653305054,0.74524,0.45346,0.88488,0.83056,0.72353,0.80058,0.58855,1.02676,0.60163,0.98089,0.001039625,0.001039625,0.001039625,,
yolo_yolov5s_20260715_082400,yolo,yolo_yolov5s_20260715_082400,yolov5s.pt,/root/autodl-fs/datasets/UA-DETRAC_YOLO/data.yaml,train,19,1214.2193813323975,0.73857,0.44991,0.88207,0.80056,0.73501,0.80916,0.58651,1.01006,0.65163,0.97622,0.0010272500000000002,0.0010272500000000002,0.0010272500000000002,,
yolo_yolov5s_20260715_082400,yolo,yolo_yolov5s_20260715_082400,yolov5s.pt,/root/autodl-fs/datasets/UA-DETRAC_YOLO/data.yaml,train,20,1277.3153467178345,0.73558,0.44271,0.88183,0.83888,0.7069,0.80831,0.58553,1.01082,0.62319,0.97556,0.0010148750000000002,0.0010148750000000002,0.0010148750000000002,,
yolo_yolov5s_20260715_082400,yolo,yolo_yolov5s_20260715_082400,yolov5s.pt,/root/autodl-fs/datasets/UA-DETRAC_YOLO/data.yaml,train,21,1340.6487624645233,0.73098,0.44365,0.88009,0.85603,0.78092,0.86081,0.63062,1.0133,0.58803,0.97275,0.0010025000000000001,0.0010025000000000001,0.0010025000000000001,,
yolo_yolov5s_20260715_082400,yolo,yolo_yolov5s_20260715_082400,yolov5s.pt,/root/autodl-fs/datasets/UA-DETRAC_YOLO/data.yaml,train,22,1403.470501422882,0.72795,0.43815,0.87917,0.86878,0.70164,0.80583,0.5962,1.00041,0.63463,0.96827,0.0009901250000000001,0.0009901250000000001,0.0009901250000000001,,
yolo_yolov5s_20260715_082400,yolo,yolo_yolov5s_20260715_082400,yolov5s.pt,/root/autodl-fs/datasets/UA-DETRAC_YOLO/data.yaml,train,23,1466.520560503006,0.72366,0.43715,0.87786,0.84183,0.7354,0.8267,0.60541,1.0212,0.59942,0.96927,0.00097775,0.00097775,0.00097775,,
yolo_yolov5s_20260715_082400,yolo,yolo_yolov5s_20260715_082400,yolov5s.pt,/root/autodl-fs/datasets/UA-DETRAC_YOLO/data.yaml,train,24,1530.0425531864166,0.71951,0.43152,0.87812,0.82253,0.74809,0.823,0.60691,1.00157,0.624,0.97337,0.000965375,0.000965375,0.000965375,,
yolo_yolov5s_20260715_082400,yolo,yolo_yolov5s_20260715_082400,yolov5s.pt,/root/autodl-fs/datasets/UA-DETRAC_YOLO/data.yaml,train,25,1593.369924545288,0.71483,0.42776,0.8761,0.8009,0.72008,0.80112,0.58145,0.99814,0.62547,0.97508,0.000953,0.000953,0.000953,,
yolo_yolov5s_20260715_082400,yolo,yolo_yolov5s_20260715_082400,yolov5s.pt,/root/autodl-fs/datasets/UA-DETRAC_YOLO/data.yaml,train,26,1656.5826542377472,0.71366,0.42364,0.87352,0.82242,0.72994,0.82373,0.59237,1.02484,0.60363,0.97852,0.000940625,0.000940625,0.000940625,,
yolo_yolov5s_20260715_082400,yolo,yolo_yolov5s_20260715_082400,yolov5s.pt,/root/autodl-fs/datasets/UA-DETRAC_YOLO/data.yaml,train,27,1719.5031459331512,0.71033,0.42123,0.87491,0.88232,0.72135,0.8335,0.60725,1.02747,0.59473,0.97922,0.00092825,0.00092825,0.00092825,,
yolo_yolov5s_20260715_082400,yolo,yolo_yolov5s_20260715_082400,yolov5s.pt,/root/autodl-fs/datasets/UA-DETRAC_YOLO/data.yaml,train,28,1782.8402376174927,0.70586,0.41375,0.87144,0.87333,0.7124,0.83814,0.61448,1.00439,0.5832,0.97074,0.000915875,0.000915875,0.000915875,,
yolo_yolov5s_20260715_082400,yolo,yolo_yolov5s_20260715_082400,yolov5s.pt,/root/autodl-fs/datasets/UA-DETRAC_YOLO/data.yaml,train,29,1845.9292225837708,0.70159,0.4111,0.87197,0.87628,0.73741,0.84849,0.61843,1.0131,0.59573,0.97296,0.0009035,0.0009035,0.0009035,,
yolo_yolov5s_20260715_082400,yolo,yolo_yolov5s_20260715_082400,yolov5s.pt,/root/autodl-fs/datasets/UA-DETRAC_YOLO/data.yaml,train,30,1909.304928302765,0.7005,0.40771,0.87334,0.85584,0.70025,0.81554,0.59681,1.00029,0.61435,0.97606,0.000891125,0.000891125,0.000891125,,
yolo_yolov5s_20260715_082400,yolo,yolo_yolov5s_20260715_082400,yolov5s.pt,/root/autodl-fs/datasets/UA-DETRAC_YOLO/data.yaml,train,31,1972.820430278778,0.69758,0.40558,0.86989,0.84087,0.74961,0.83049,0.60829,1.01595,0.56808,0.97762,0.00087875,0.00087875,0.00087875,,
yolo_yolov5s_20260715_082400,yolo,yolo_yolov5s_20260715_082400,yolov5s.pt,/root/autodl-fs/datasets/UA-DETRAC_YOLO/data.yaml,train,32,2035.8302464485168,0.69733,0.40539,0.87071,0.81887,0.75489,0.83474,0.61816,0.99332,0.58465,0.96828,0.000866375,0.000866375,0.000866375,,
yolo_yolov5s_20260715_082400,yolo,yolo_yolov5s_20260715_082400,yolov5s.pt,/root/autodl-fs/datasets/UA-DETRAC_YOLO/data.yaml,train,33,2098.91228890419,0.69485,0.40387,0.86971,0.85263,0.70821,0.82534,0.61231,0.99767,0.60457,0.96766,0.0008539999999999999,0.0008539999999999999,0.0008539999999999999,,
yolo_yolov5s_20260715_082400,yolo,yolo_yolov5s_20260715_082400,yolov5s.pt,/root/autodl-fs/datasets/UA-DETRAC_YOLO/data.yaml,train,34,2161.779727935791,0.68864,0.39985,0.86964,0.79862,0.71451,0.80428,0.59457,1.00838,0.59168,0.97669,0.0008416249999999999,0.0008416249999999999,0.0008416249999999999,,
yolo_yolov5s_20260715_082400,yolo,yolo_yolov5s_20260715_082400,yolov5s.pt,/root/autodl-fs/datasets/UA-DETRAC_YOLO/data.yaml,train,35,2224.765326976776,0.68798,0.39806,0.87024,0.88998,0.70026,0.83452,0.6102,1.00163,0.58997,0.97617,0.0008292499999999999,0.0008292499999999999,0.0008292499999999999,,
yolo_yolov5s_20260715_082400,yolo,yolo_yolov5s_20260715_082400,yolov5s.pt,/root/autodl-fs/datasets/UA-DETRAC_YOLO/data.yaml,train,36,2288.3516085147858,0.68511,0.39515,0.86775,0.83192,0.71485,0.81802,0.60466,1.02051,0.59445,0.9843,0.000816875,0.000816875,0.000816875,,
yolo_yolov5s_20260715_082400,yolo,yolo_yolov5s_20260715_082400,yolov5s.pt,/root/autodl-fs/datasets/UA-DETRAC_YOLO/data.yaml,train,37,2351.995105743408,0.68424,0.39108,0.86569,0.77978,0.71538,0.79858,0.59215,1.01409,0.58571,0.97665,0.0008045000000000001,0.0008045000000000001,0.0008045000000000001,,
yolo_yolov5s_20260715_082400,yolo,yolo_yolov5s_20260715_082400,yolov5s.pt,/root/autodl-fs/datasets/UA-DETRAC_YOLO/data.yaml,train,38,2415.1814880371094,0.68041,0.38892,0.86474,0.84848,0.70765,0.83123,0.61385,1.01235,0.58011,0.97328,0.0007921250000000001,0.0007921250000000001,0.0007921250000000001,,
yolo_yolov5s_20260715_082400,yolo,yolo_yolov5s_20260715_082400,yolov5s.pt,/root/autodl-fs/datasets/UA-DETRAC_YOLO/data.yaml,train,39,2478.145567417145,0.67429,0.38466,0.86445,0.81942,0.67471,0.80487,0.60115,0.97675,0.56551,0.97085,0.0007797500000000001,0.0007797500000000001,0.0007797500000000001,,
yolo_yolov5s_20260715_082400,yolo,yolo_yolov5s_20260715_082400,yolov5s.pt,/root/autodl-fs/datasets/UA-DETRAC_YOLO/data.yaml,train,40,2541.1568388938904,0.67421,0.38343,0.86365,0.83974,0.70781,0.82443,0.611,1.00813,0.58059,0.97676,0.000767375,0.000767375,0.000767375,,
yolo_yolov5s_20260715_082400,yolo,yolo_yolov5s_20260715_082400,yolov5s.pt,/root/autodl-fs/datasets/UA-DETRAC_YOLO/data.yaml,train,41,2604.502774953842,0.67414,0.38251,0.86404,0.8483,0.71956,0.81868,0.60957,1.01406,0.5994,0.9814,0.000755,0.000755,0.000755,,
yolo_yolov5s_20260715_082400,yolo,yolo_yolov5s_20260715_082400,yolov5s.pt,/root/autodl-fs/datasets/UA-DETRAC_YOLO/data.yaml,train,42,2667.999970436096,0.66936,0.37802,0.86288,0.85826,0.72779,0.8197,0.6123,1.01522,0.577,0.98042,0.0007426250000000001,0.0007426250000000001,0.0007426250000000001,,
yolo_yolov5s_20260715_082400,yolo,yolo_yolov5s_20260715_082400,yolov5s.pt,/root/autodl-fs/datasets/UA-DETRAC_YOLO/data.yaml,train,43,2731.057451725006,0.67036,0.37892,0.8616,0.84385,0.67625,0.80857,0.60803,0.98741,0.61906,0.96357,0.0007302500000000001,0.0007302500000000001,0.0007302500000000001,,
yolo_yolov5s_20260715_082400,yolo,yolo_yolov5s_20260715_082400,yolov5s.pt,/root/autodl-fs/datasets/UA-DETRAC_YOLO/data.yaml,train,44,2794.442262649536,0.66618,0.37644,0.8613,0.84885,0.69703,0.80351,0.60235,0.99843,0.6293,0.97511,0.0007178750000000001,0.0007178750000000001,0.0007178750000000001,,
yolo_yolov5s_20260715_082400,yolo,yolo_yolov5s_20260715_082400,yolov5s.pt,/root/autodl-fs/datasets/UA-DETRAC_YOLO/data.yaml,train,45,2857.490038871765,0.66795,0.37563,0.86069,0.83914,0.67208,0.79483,0.59549,1.00418,0.58544,0.97686,0.0007055000000000001,0.0007055000000000001,0.0007055000000000001,,
yolo_yolov5s_20260715_082400,yolo,yolo_yolov5s_20260715_082400,yolov5s.pt,/root/autodl-fs/datasets/UA-DETRAC_YOLO/data.yaml,train,46,2920.622550010681,0.66243,0.37131,0.86012,0.84543,0.68803,0.81243,0.60458,0.99677,0.60083,0.97288,0.0006931250000000001,0.0006931250000000001,0.0006931250000000001,,
yolo_yolov5s_20260715_082400,yolo,yolo_yolov5s_20260715_082400,yolov5s.pt,/root/autodl-fs/datasets/UA-DETRAC_YOLO/data.yaml,train,47,2984.3369970321655,0.65897,0.3686,0.85981,0.85551,0.71842,0.82432,0.61765,0.98881,0.576,0.9678,0.0006807500000000001,0.0006807500000000001,0.0006807500000000001,,
yolo_yolov5s_20260715_082400,yolo,yolo_yolov5s_20260715_082400,yolov5s.pt,/root/autodl-fs/datasets/UA-DETRAC_YOLO/data.yaml,train,48,3047.8118398189545,0.65782,0.37104,0.86014,0.84333,0.70609,0.80655,0.60863,1.00053,0.58427,0.97206,0.0006683750000000001,0.0006683750000000001,0.0006683750000000001,,
yolo_yolov5s_20260715_082400,yolo,yolo_yolov5s_20260715_082400,yolov5s.pt,/root/autodl-fs/datasets/UA-DETRAC_YOLO/data.yaml,train,49,3111.4772453308105,0.65623,0.36592,0.85897,0.8781,0.71528,0.81509,0.60426,1.01089,0.58271,0.97963,0.0006560000000000001,0.0006560000000000001,0.0006560000000000001,,
yolo_yolov5s_20260715_082400,yolo,yolo_yolov5s_20260715_082400,yolov5s.pt,/root/autodl-fs/datasets/UA-DETRAC_YOLO/data.yaml,train,50,3175.269561767578,0.65654,0.36387,0.85888,0.84263,0.72315,0.82457,0.61827,1.00246,0.58223,0.97294,0.000643625,0.000643625,0.000643625,,
yolo_yolov5s_20260715_082400,yolo,yolo_yolov5s_20260715_082400,yolov5s.pt,/root/autodl-fs/datasets/UA-DETRAC_YOLO/data.yaml,train,51,3238.4541516304016,0.65669,0.36392,0.85825,0.81444,0.71907,0.80975,0.6093,1.00099,0.59569,0.97555,0.00063125,0.00063125,0.00063125,,
yolo_yolov5s_20260715_082400,yolo,yolo_yolov5s_20260715_082400,yolov5s.pt,/root/autodl-fs/datasets/UA-DETRAC_YOLO/data.yaml,train,52,3301.6767604351044,0.64994,0.36094,0.858,0.84996,0.7236,0.83691,0.62279,0.99839,0.56878,0.97081,0.000618875,0.000618875,0.000618875,,
yolo_yolov5s_20260715_082400,yolo,yolo_yolov5s_20260715_082400,yolov5s.pt,/root/autodl-fs/datasets/UA-DETRAC_YOLO/data.yaml,train,53,3365.082279443741,0.65017,0.35861,0.85737,0.86018,0.71541,0.82111,0.60296,1.00569,0.57441,0.97581,0.0006064999999999999,0.0006064999999999999,0.0006064999999999999,,
yolo_yolov5s_20260715_082400,yolo,yolo_yolov5s_20260715_082400,yolov5s.pt,/root/autodl-fs/datasets/UA-DETRAC_YOLO/data.yaml,train,54,3428.506279230118,0.64412,0.35527,0.85677,0.84202,0.71001,0.81342,0.61311,0.99865,0.57496,0.97614,0.000594125,0.000594125,0.000594125,,
yolo_yolov5s_20260715_082400,yolo,yolo_yolov5s_20260715_082400,yolov5s.pt,/root/autodl-fs/datasets/UA-DETRAC_YOLO/data.yaml,train,55,3491.4795813560486,0.64277,0.35358,0.85528,0.86251,0.71719,0.8205,0.6144,0.99848,0.56772,0.97445,0.00058175,0.00058175,0.00058175,,
yolo_yolov5s_20260715_082400,yolo,yolo_yolov5s_20260715_082400,yolov5s.pt,/root/autodl-fs/datasets/UA-DETRAC_YOLO/data.yaml,train,56,3554.592071056366,0.64349,0.35444,0.85429,0.85484,0.69546,0.81656,0.61552,0.99527,0.57147,0.96864,0.000569375,0.000569375,0.000569375,,
yolo_yolov5s_20260715_082400,yolo,yolo_yolov5s_20260715_082400,yolov5s.pt,/root/autodl-fs/datasets/UA-DETRAC_YOLO/data.yaml,train,57,3617.8015320301056,0.64146,0.35317,0.85544,0.89003,0.70047,0.82815,0.62299,0.99388,0.5505,0.97157,0.000557,0.000557,0.000557,,
yolo_yolov5s_20260715_082400,yolo,yolo_yolov5s_20260715_082400,yolov5s.pt,/root/autodl-fs/datasets/UA-DETRAC_YOLO/data.yaml,train,58,3681.110421895981,0.63687,0.34679,0.85331,0.85469,0.69601,0.80622,0.60548,1.00374,0.58559,0.97238,0.0005446250000000001,0.0005446250000000001,0.0005446250000000001,,
yolo_yolov5s_20260715_082400,yolo,yolo_yolov5s_20260715_082400,yolov5s.pt,/root/autodl-fs/datasets/UA-DETRAC_YOLO/data.yaml,train,59,3744.489133119583,0.63778,0.34715,0.85395,0.87371,0.69756,0.80739,0.60416,1.01178,0.58815,0.98114,0.0005322500000000001,0.0005322500000000001,0.0005322500000000001,,
yolo_yolov5s_20260715_082400,yolo,yolo_yolov5s_20260715_082400,yolov5s.pt,/root/autodl-fs/datasets/UA-DETRAC_YOLO/data.yaml,train,60,3807.578202486038,0.63633,0.34775,0.8541,0.87464,0.68849,0.81135,0.6115,0.9877,0.57875,0.96839,0.000519875,0.000519875,0.000519875,,
yolo_yolov5s_20260715_082400,yolo,yolo_yolov5s_20260715_082400,yolov5s.pt,/root/autodl-fs/datasets/UA-DETRAC_YOLO/data.yaml,train,61,3870.7263884544373,0.6306,0.34136,0.85288,0.88139,0.69383,0.81404,0.61385,1.00145,0.56984,0.97511,0.0005075,0.0005075,0.0005075,,
yolo_yolov5s_20260715_082400,yolo,yolo_yolov5s_20260715_082400,yolov5s.pt,/root/autodl-fs/datasets/UA-DETRAC_YOLO/data.yaml,train,62,3933.754356622696,0.6318,0.3434,0.85307,0.86801,0.6959,0.80538,0.60828,0.98608,0.58847,0.97128,0.000495125,0.000495125,0.000495125,,
yolo_yolov5s_20260715_082400,yolo,yolo_yolov5s_20260715_082400,yolov5s.pt,/root/autodl-fs/datasets/UA-DETRAC_YOLO/data.yaml,train,63,3996.7853758335114,0.63085,0.34122,0.85281,0.85276,0.70966,0.81785,0.61429,0.99563,0.5872,0.97277,0.00048275,0.00048275,0.00048275,,
yolo_yolov5s_20260715_082400,yolo,yolo_yolov5s_20260715_082400,yolov5s.pt,/root/autodl-fs/datasets/UA-DETRAC_YOLO/data.yaml,train,64,4060.0050880908966,0.62618,0.34019,0.84988,0.85359,0.7221,0.82235,0.61917,0.99617,0.57892,0.97322,0.00047037500000000004,0.00047037500000000004,0.00047037500000000004,,
yolo_yolov5s_20260715_082400,yolo,yolo_yolov5s_20260715_082400,yolov5s.pt,/root/autodl-fs/datasets/UA-DETRAC_YOLO/data.yaml,train,65,4123.485824108124,0.62171,0.33493,0.84993,0.88155,0.70251,0.80925,0.60577,1.0009,0.59718,0.9749,0.000458,0.000458,0.000458,,
yolo_yolov5s_20260715_082400,yolo,yolo_yolov5s_20260715_082400,yolov5s.pt,/root/autodl-fs/datasets/UA-DETRAC_YOLO/data.yaml,train,66,4187.10035276413,0.62218,0.33646,0.8517,0.85198,0.72376,0.82473,0.61649,1.00148,0.61077,0.97514,0.000445625,0.000445625,0.000445625,,
yolo_yolov5s_20260715_082400,yolo,yolo_yolov5s_20260715_082400,yolov5s.pt,/root/autodl-fs/datasets/UA-DETRAC_YOLO/data.yaml,train,67,4250.291245222092,0.61865,0.33361,0.84815,0.89404,0.67318,0.81806,0.61636,0.98764,0.58784,0.96907,0.00043325,0.00043325,0.00043325,,
yolo_yolov5s_20260715_082400,yolo,yolo_yolov5s_20260715_082400,yolov5s.pt,/root/autodl-fs/datasets/UA-DETRAC_YOLO/data.yaml,train,68,4313.403180599213,0.62051,0.33191,0.85071,0.83006,0.70003,0.80818,0.60624,0.99328,0.58284,0.97239,0.0004208749999999999,0.0004208749999999999,0.0004208749999999999,,
yolo_yolov5s_20260715_082400,yolo,yolo_yolov5s_20260715_082400,yolov5s.pt,/root/autodl-fs/datasets/UA-DETRAC_YOLO/data.yaml,train,69,4376.562844514847,0.62013,0.33332,0.8497,0.85536,0.6993,0.81066,0.61052,1.00081,0.57683,0.97321,0.0004085,0.0004085,0.0004085,,
yolo_yolov5s_20260715_082400,yolo,yolo_yolov5s_20260715_082400,yolov5s.pt,/root/autodl-fs/datasets/UA-DETRAC_YOLO/data.yaml,train,70,4440.299836397171,0.61271,0.32939,0.84901,0.87647,0.6854,0.80886,0.60889,0.99217,0.58717,0.97389,0.0003961250000000001,0.0003961250000000001,0.0003961250000000001,,
yolo_yolov5s_20260715_082400,yolo,yolo_yolov5s_20260715_082400,yolov5s.pt,/root/autodl-fs/datasets/UA-DETRAC_YOLO/data.yaml,train,71,4503.336474657059,0.60959,0.32529,0.84793,0.89151,0.6846,0.81395,0.61455,0.99403,0.58453,0.97501,0.0003837500000000001,0.0003837500000000001,0.0003837500000000001,,
yolo_yolov5s_20260715_082400,yolo,yolo_yolov5s_20260715_082400,yolov5s.pt,/root/autodl-fs/datasets/UA-DETRAC_YOLO/data.yaml,train,72,4566.700849533081,0.61403,0.32468,0.84729,0.89601,0.67784,0.81798,0.61457,0.9962,0.58014,0.97718,0.00037137500000000007,0.00037137500000000007,0.00037137500000000007,,
yolo_yolov5s_20260715_082400,yolo,yolo_yolov5s_20260715_082400,yolov5s.pt,/root/autodl-fs/datasets/UA-DETRAC_YOLO/data.yaml,train,73,4629.5665736198425,0.61063,0.3231,0.84868,0.88877,0.70005,0.81724,0.61471,0.99613,0.57055,0.97516,0.000359,0.000359,0.000359,,
yolo_yolov5s_20260715_082400,yolo,yolo_yolov5s_20260715_082400,yolov5s.pt,/root/autodl-fs/datasets/UA-DETRAC_YOLO/data.yaml,train,74,4692.685195207596,0.60719,0.32225,0.84655,0.89314,0.70655,0.83246,0.62673,0.98976,0.56956,0.97157,0.0003466250000000001,0.0003466250000000001,0.0003466250000000001,,
yolo_yolov5s_20260715_082400,yolo,yolo_yolov5s_20260715_082400,yolov5s.pt,/root/autodl-fs/datasets/UA-DETRAC_YOLO/data.yaml,train,75,4755.78955745697,0.60942,0.32238,0.84657,0.8546,0.71871,0.82353,0.62275,0.99096,0.57256,0.9711,0.00033425,0.00033425,0.00033425,,
yolo_yolov5s_20260715_082400,yolo,yolo_yolov5s_20260715_082400,yolov5s.pt,/root/autodl-fs/datasets/UA-DETRAC_YOLO/data.yaml,train,76,4819.217334985733,0.60257,0.31823,0.84579,0.83458,0.72299,0.81985,0.61513,1.00151,0.57748,0.97661,0.000321875,0.000321875,0.000321875,,
yolo_yolov5s_20260715_082400,yolo,yolo_yolov5s_20260715_082400,yolov5s.pt,/root/autodl-fs/datasets/UA-DETRAC_YOLO/data.yaml,train,77,4882.600708246231,0.60101,0.32018,0.84556,0.86978,0.7121,0.81255,0.61556,0.99199,0.57817,0.97417,0.0003095,0.0003095,0.0003095,,
yolo_yolov5s_20260715_082400,yolo,yolo_yolov5s_20260715_082400,yolov5s.pt,/root/autodl-fs/datasets/UA-DETRAC_YOLO/data.yaml,train,78,4945.917857408524,0.59888,0.31617,0.845,0.89422,0.68582,0.80518,0.60696,0.99192,0.57719,0.97318,0.000297125,0.000297125,0.000297125,,
yolo_yolov5s_20260715_082400,yolo,yolo_yolov5s_20260715_082400,yolov5s.pt,/root/autodl-fs/datasets/UA-DETRAC_YOLO/data.yaml,train,79,5008.933817386627,0.59874,0.31697,0.84555,0.88899,0.68909,0.81118,0.61216,0.99512,0.57474,0.97376,0.00028474999999999996,0.00028474999999999996,0.00028474999999999996,,
yolo_yolov5s_20260715_082400,yolo,yolo_yolov5s_20260715_082400,yolov5s.pt,/root/autodl-fs/datasets/UA-DETRAC_YOLO/data.yaml,train,80,5072.0815007686615,0.59609,0.31526,0.84377,0.86682,0.70842,0.81539,0.61413,0.99486,0.58254,0.97424,0.000272375,0.000272375,0.000272375,,
yolo_yolov5s_20260715_082400,yolo,yolo_yolov5s_20260715_082400,yolov5s.pt,/root/autodl-fs/datasets/UA-DETRAC_YOLO/data.yaml,train,81,5135.786242485046,0.59199,0.31254,0.84353,0.87762,0.69719,0.81308,0.61318,0.99799,0.56609,0.97484,0.00026,0.00026,0.00026,,
yolo_yolov5s_20260715_082400,yolo,yolo_yolov5s_20260715_082400,yolov5s.pt,/root/autodl-fs/datasets/UA-DETRAC_YOLO/data.yaml,train,82,5199.582198143005,0.59237,0.31036,0.84303,0.86348,0.69567,0.81331,0.61278,0.99461,0.5688,0.9743,0.0002476249999999999,0.0002476249999999999,0.0002476249999999999,,
yolo_yolov5s_20260715_082400,yolo,yolo_yolov5s_20260715_082400,yolov5s.pt,/root/autodl-fs/datasets/UA-DETRAC_YOLO/data.yaml,train,83,5262.795301198959,0.58966,0.3085,0.842,0.87374,0.67544,0.80927,0.61235,0.99503,0.57539,0.97316,0.00023525000000000008,0.00023525000000000008,0.00023525000000000008,,
yolo_yolov5s_20260715_082400,yolo,yolo_yolov5s_20260715_082400,yolov5s.pt,/root/autodl-fs/datasets/UA-DETRAC_YOLO/data.yaml,train,84,5325.796815156937,0.58748,0.30738,0.84279,0.86969,0.68892,0.81458,0.61393,0.99643,0.56494,0.97416,0.00022287500000000006,0.00022287500000000006,0.00022287500000000006,,
yolo_yolov5s_20260715_082400,yolo,yolo_yolov5s_20260715_082400,yolov5s.pt,/root/autodl-fs/datasets/UA-DETRAC_YOLO/data.yaml,train,85,5388.854268789291,0.58651,0.30749,0.842,0.85475,0.68985,0.81255,0.61393,0.99469,0.57979,0.97537,0.00021050000000000008,0.00021050000000000008,0.00021050000000000008,,
yolo_yolov5s_20260715_082400,yolo,yolo_yolov5s_20260715_082400,yolov5s.pt,/root/autodl-fs/datasets/UA-DETRAC_YOLO/data.yaml,train,86,5452.107979059219,0.58236,0.30479,0.84104,0.84464,0.70886,0.80932,0.60952,0.99481,0.57374,0.97507,0.00019812500000000003,0.00019812500000000003,0.00019812500000000003,,
yolo_yolov5s_20260715_082400,yolo,yolo_yolov5s_20260715_082400,yolov5s.pt,/root/autodl-fs/datasets/UA-DETRAC_YOLO/data.yaml,train,87,5515.694743156433,0.58229,0.30385,0.84199,0.83815,0.69753,0.80468,0.60771,0.99789,0.5775,0.97742,0.00018575000000000002,0.00018575000000000002,0.00018575000000000002,,
yolo_yolov5s_20260715_082400,yolo,yolo_yolov5s_20260715_082400,yolov5s.pt,/root/autodl-fs/datasets/UA-DETRAC_YOLO/data.yaml,train,88,5579.130542516708,0.58251,0.30167,0.84235,0.85953,0.69219,0.80556,0.60932,0.99769,0.57664,0.97708,0.00017337500000000003,0.00017337500000000003,0.00017337500000000003,,
yolo_yolov5s_20260715_082400,yolo,yolo_yolov5s_20260715_082400,yolov5s.pt,/root/autodl-fs/datasets/UA-DETRAC_YOLO/data.yaml,train,89,5642.522094011307,0.58216,0.30234,0.84064,0.84009,0.6937,0.80082,0.60692,0.99446,0.58574,0.97581,0.000161,0.000161,0.000161,,
yolo_yolov5s_20260715_082400,yolo,yolo_yolov5s_20260715_082400,yolov5s.pt,/root/autodl-fs/datasets/UA-DETRAC_YOLO/data.yaml,train,90,5705.642540216446,0.57693,0.30008,0.84095,0.84201,0.70042,0.80106,0.60705,0.99657,0.58556,0.97605,0.00014862499999999997,0.00014862499999999997,0.00014862499999999997,,
yolo_yolov5s_20260715_082400,yolo,yolo_yolov5s_20260715_082400,yolov5s.pt,/root/autodl-fs/datasets/UA-DETRAC_YOLO/data.yaml,train,91,5767.81752204895,0.5735,0.28429,0.8327,0.8595,0.70426,0.80802,0.61085,0.99545,0.57949,0.97653,0.00013624999999999998,0.00013624999999999998,0.00013624999999999998,,
yolo_yolov5s_20260715_082400,yolo,yolo_yolov5s_20260715_082400,yolov5s.pt,/root/autodl-fs/datasets/UA-DETRAC_YOLO/data.yaml,train,92,5829.610484600067,0.56646,0.27769,0.83131,0.8382,0.70993,0.80362,0.60781,0.99707,0.58259,0.97865,0.00012387499999999996,0.00012387499999999996,0.00012387499999999996,,
yolo_yolov5s_20260715_082400,yolo,yolo_yolov5s_20260715_082400,yolov5s.pt,/root/autodl-fs/datasets/UA-DETRAC_YOLO/data.yaml,train,93,5891.681983470917,0.56203,0.27524,0.83019,0.84617,0.72103,0.81192,0.61424,0.99532,0.57875,0.9767,0.00011149999999999995,0.00011149999999999995,0.00011149999999999995,,
yolo_yolov5s_20260715_082400,yolo,yolo_yolov5s_20260715_082400,yolov5s.pt,/root/autodl-fs/datasets/UA-DETRAC_YOLO/data.yaml,train,94,5953.469878911972,0.55694,0.27213,0.82873,0.86733,0.70002,0.81078,0.61531,0.99342,0.57948,0.97421,9.912499999999993e-05,9.912499999999993e-05,9.912499999999993e-05,,
yolo_yolov5s_20260715_082400,yolo,yolo_yolov5s_20260715_082400,yolov5s.pt,/root/autodl-fs/datasets/UA-DETRAC_YOLO/data.yaml,train,95,6015.23695397377,0.55588,0.2716,0.829,0.85282,0.71022,0.81394,0.61674,0.99155,0.57759,0.97256,8.675000000000006e-05,8.675000000000006e-05,8.675000000000006e-05,,
yolo_yolov5s_20260715_082400,yolo,yolo_yolov5s_20260715_082400,yolov5s.pt,/root/autodl-fs/datasets/UA-DETRAC_YOLO/data.yaml,train,96,6077.0540335178375,0.55285,0.26941,0.82767,0.85402,0.7061,0.81418,0.6178,0.99096,0.57687,0.97297,7.437500000000006e-05,7.437500000000006e-05,7.437500000000006e-05,,
yolo_yolov5s_20260715_082400,yolo,yolo_yolov5s_20260715_082400,yolov5s.pt,/root/autodl-fs/datasets/UA-DETRAC_YOLO/data.yaml,train,97,6138.8335835933685,0.5519,0.26849,0.82733,0.8326,0.71404,0.80865,0.61529,0.99067,0.58291,0.97235,6.200000000000006e-05,6.200000000000006e-05,6.200000000000006e-05,,
yolo_yolov5s_20260715_082400,yolo,yolo_yolov5s_20260715_082400,yolov5s.pt,/root/autodl-fs/datasets/UA-DETRAC_YOLO/data.yaml,train,98,6200.832525730133,0.55008,0.26734,0.82702,0.85241,0.70207,0.80801,0.61434,0.9894,0.58326,0.97206,4.9625000000000034e-05,4.9625000000000034e-05,4.9625000000000034e-05,,
yolo_yolov5s_20260715_082400,yolo,yolo_yolov5s_20260715_082400,yolov5s.pt,/root/autodl-fs/datasets/UA-DETRAC_YOLO/data.yaml,train,99,6262.953382730484,0.54876,0.2656,0.82589,0.86006,0.6919,0.80849,0.61459,0.99144,0.58748,0.97325,3.7250000000000025e-05,3.7250000000000025e-05,3.7250000000000025e-05,,
yolo_yolov5s_20260715_082400,yolo,yolo_yolov5s_20260715_082400,yolov5s.pt,/root/autodl-fs/datasets/UA-DETRAC_YOLO/data.yaml,train,100,6324.834474802017,0.54378,0.26331,0.8269,0.83843,0.7099,0.80767,0.6141,0.99264,0.58899,0.97363,2.4875000000000012e-05,2.4875000000000012e-05,2.4875000000000012e-05,,
yolo_yolov8m_20260715_101751,yolo,yolo_yolov8m_20260715_101751,yolov8m.pt,/root/autodl-fs/datasets/DAIR-V2X_YOLO/dairv2x.yaml,train,1,144.43816423416138,1.05708,0.89231,0.89231,0.8126,0.74717,0.80581,0.55125,0.91572,0.55591,0.84613,0.0002767879746835443,0.0002767879746835443,0.0002767879746835443,,
yolo_yolov8m_20260715_101751,yolo,yolo_yolov8m_20260715_101751,yolov8m.pt,/root/autodl-fs/datasets/DAIR-V2X_YOLO/dairv2x.yaml,train,2,282.0878174304962,0.95355,0.58536,0.86211,0.82846,0.77126,0.83486,0.58738,0.88055,0.52753,0.84042,0.0005489655404008439,0.0005489655404008439,0.0005489655404008439,,
yolo_yolov8m_20260715_101751,yolo,yolo_yolov8m_20260715_101751,yolov8m.pt,/root/autodl-fs/datasets/DAIR-V2X_YOLO/dairv2x.yaml,train,3,845.5325775146484,0.93207,0.56182,0.8572,0.82958,0.79135,0.84858,0.59646,0.86325,0.51542,0.83865,0.0008156453061181434,0.0008156453061181434,0.0008156453061181434,,
yolo_yolov8m_20260715_101751,yolo,yolo_yolov8m_20260715_101751,yolov8m.pt,/root/autodl-fs/datasets/DAIR-V2X_YOLO/dairv2x.yaml,train,4,1063.6457648277283,0.90871,0.53724,0.85069,0.86083,0.76496,0.84657,0.59824,0.87092,0.50375,0.83705,0.0008082599,0.0008082599,0.0008082599,,
yolo_yolov8m_20260715_101751,yolo,yolo_yolov8m_20260715_101751,yolov8m.pt,/root/autodl-fs/datasets/DAIR-V2X_YOLO/dairv2x.yaml,train,5,1204.6390657424927,0.89552,0.53145,0.85067,0.84784,0.78806,0.84853,0.60379,0.8484,0.49432,0.83239,0.0008000131999999999,0.0008000131999999999,0.0008000131999999999,,
yolo_yolov8m_20260715_101751,yolo,yolo_yolov8m_20260715_101751,yolov8m.pt,/root/autodl-fs/datasets/DAIR-V2X_YOLO/dairv2x.yaml,train,6,1532.2444398403168,0.87962,0.51544,0.84625,0.84313,0.80125,0.86395,0.62634,0.83486,0.47899,0.8306,0.0007917665,0.0007917665,0.0007917665,,
yolo_yolov8m_20260715_101751,yolo,yolo_yolov8m_20260715_101751,yolov8m.pt,/root/autodl-fs/datasets/DAIR-V2X_YOLO/dairv2x.yaml,train,7,1999.979911327362,0.86691,0.50503,0.84413,0.85067,0.80392,0.86488,0.63257,0.8174,0.4684,0.82957,0.0007835197999999999,0.0007835197999999999,0.0007835197999999999,,
yolo_yolov8m_20260715_101751,yolo,yolo_yolov8m_20260715_101751,yolov8m.pt,/root/autodl-fs/datasets/DAIR-V2X_YOLO/dairv2x.yaml,train,8,2141.0372173786163,0.85693,0.4971,0.84243,0.83646,0.80997,0.86714,0.62687,0.82995,0.47446,0.82936,0.0007752731,0.0007752731,0.0007752731,,
yolo_yolov8m_20260715_101751,yolo,yolo_yolov8m_20260715_101751,yolov8m.pt,/root/autodl-fs/datasets/DAIR-V2X_YOLO/dairv2x.yaml,train,9,2455.230790376663,0.84434,0.48812,0.84021,0.85717,0.80599,0.86708,0.63247,0.80917,0.46389,0.82745,0.0007670264,0.0007670264,0.0007670264,,
yolo_yolov8m_20260715_101751,yolo,yolo_yolov8m_20260715_101751,yolov8m.pt,/root/autodl-fs/datasets/DAIR-V2X_YOLO/dairv2x.yaml,train,10,2677.159811973572,0.84287,0.49007,0.84072,0.83917,0.80397,0.85852,0.62689,0.81512,0.47206,0.82764,0.0007587797,0.0007587797,0.0007587797,,
yolo_yolov8m_20260715_101751,yolo,yolo_yolov8m_20260715_101751,yolov8m.pt,/root/autodl-fs/datasets/DAIR-V2X_YOLO/dairv2x.yaml,train,11,3766.2020978927612,0.83637,0.48332,0.8394,0.85506,0.80804,0.8666,0.63025,0.81526,0.46135,0.8284,0.000750533,0.000750533,0.000750533,,
yolo_yolov8m_20260715_101751,yolo,yolo_yolov8m_20260715_101751,yolov8m.pt,/root/autodl-fs/datasets/DAIR-V2X_YOLO/dairv2x.yaml,train,12,4345.991162776947,0.82996,0.47888,0.83823,0.85633,0.81262,0.87158,0.63548,0.80975,0.46272,0.82617,0.0007422863,0.0007422863,0.0007422863,,
yolo_yolov8m_20260715_101751,yolo,yolo_yolov8m_20260715_101751,yolov8m.pt,/root/autodl-fs/datasets/DAIR-V2X_YOLO/dairv2x.yaml,train,13,4598.67671084404,0.82462,0.47541,0.83697,0.85546,0.80909,0.87146,0.63739,0.79474,0.45859,0.82514,0.0007340396,0.0007340396,0.0007340396,,
yolo_yolov8m_20260715_101751,yolo,yolo_yolov8m_20260715_101751,yolov8m.pt,/root/autodl-fs/datasets/DAIR-V2X_YOLO/dairv2x.yaml,train,14,4742.446430206299,0.82195,0.47141,0.83686,0.85279,0.82105,0.87027,0.64298,0.79695,0.45133,0.82509,0.0007257928999999999,0.0007257928999999999,0.0007257928999999999,,
yolo_yolov8m_20260715_101751,yolo,yolo_yolov8m_20260715_101751,yolov8m.pt,/root/autodl-fs/datasets/DAIR-V2X_YOLO/dairv2x.yaml,train,15,5590.772696256638,0.81514,0.47028,0.83348,0.85741,0.81059,0.87462,0.6429,0.79517,0.45435,0.82583,0.0007175462,0.0007175462,0.0007175462,,
yolo_yolov8m_20260715_101751,yolo,yolo_yolov8m_20260715_101751,yolov8m.pt,/root/autodl-fs/datasets/DAIR-V2X_YOLO/dairv2x.yaml,train,16,5902.669974803925,0.80413,0.45982,0.83357,0.85771,0.82341,0.8772,0.65176,0.77869,0.43514,0.8222,0.0007092995,0.0007092995,0.0007092995,,
yolo_yolov8m_20260715_101751,yolo,yolo_yolov8m_20260715_101751,yolov8m.pt,/root/autodl-fs/datasets/DAIR-V2X_YOLO/dairv2x.yaml,train,17,6235.755895853043,0.80195,0.45707,0.8324,0.85794,0.82348,0.88242,0.6576,0.7708,0.43771,0.81991,0.0007010528,0.0007010528,0.0007010528,,
yolo_yolov8m_20260715_101751,yolo,yolo_yolov8m_20260715_101751,yolov8m.pt,/root/autodl-fs/datasets/DAIR-V2X_YOLO/dairv2x.yaml,train,18,6430.806515455246,0.80388,0.45823,0.83266,0.84214,0.83084,0.87485,0.65123,0.77641,0.44389,0.82189,0.0006928061,0.0006928061,0.0006928061,,
yolo_yolov8m_20260715_101751,yolo,yolo_yolov8m_20260715_101751,yolov8m.pt,/root/autodl-fs/datasets/DAIR-V2X_YOLO/dairv2x.yaml,train,19,6575.229090213776,0.79182,0.45183,0.8304,0.85773,0.82741,0.88182,0.65968,0.77465,0.43625,0.82108,0.0006845594000000001,0.0006845594000000001,0.0006845594000000001,,
yolo_yolov8m_20260715_101751,yolo,yolo_yolov8m_20260715_101751,yolov8m.pt,/root/autodl-fs/datasets/DAIR-V2X_YOLO/dairv2x.yaml,train,20,7109.0140125751495,0.79298,0.45252,0.83027,0.85518,0.82889,0.8779,0.65151,0.77892,0.44077,0.82079,0.0006763127,0.0006763127,0.0006763127,,
yolo_yolov8m_20260715_101751,yolo,yolo_yolov8m_20260715_101751,yolov8m.pt,/root/autodl-fs/datasets/DAIR-V2X_YOLO/dairv2x.yaml,train,21,7246.51748251915,0.79031,0.45099,0.82865,0.85825,0.82216,0.88213,0.65735,0.76985,0.43379,0.81989,0.000668066,0.000668066,0.000668066,,
yolo_yolov8m_20260715_101751,yolo,yolo_yolov8m_20260715_101751,yolov8m.pt,/root/autodl-fs/datasets/DAIR-V2X_YOLO/dairv2x.yaml,train,22,7403.263374090195,0.78566,0.44689,0.82838,0.8538,0.83516,0.88487,0.66226,0.76246,0.42517,0.81863,0.0006598193,0.0006598193,0.0006598193,,
yolo_yolov8m_20260715_101751,yolo,yolo_yolov8m_20260715_101751,yolov8m.pt,/root/autodl-fs/datasets/DAIR-V2X_YOLO/dairv2x.yaml,train,23,7546.922566652298,0.78203,0.44439,0.82719,0.87163,0.81131,0.8809,0.65958,0.77367,0.43462,0.82032,0.0006515726,0.0006515726,0.0006515726,,
yolo_yolov8m_20260715_101751,yolo,yolo_yolov8m_20260715_101751,yolov8m.pt,/root/autodl-fs/datasets/DAIR-V2X_YOLO/dairv2x.yaml,train,24,7683.438036680222,0.78061,0.44516,0.82791,0.86422,0.82084,0.88005,0.65947,0.76194,0.42996,0.81871,0.0006433259,0.0006433259,0.0006433259,,
yolo_yolov8m_20260715_101751,yolo,yolo_yolov8m_20260715_101751,yolov8m.pt,/root/autodl-fs/datasets/DAIR-V2X_YOLO/dairv2x.yaml,train,25,8079.190135955811,0.77903,0.44079,0.82744,0.86155,0.8262,0.88372,0.66265,0.76026,0.42553,0.81826,0.0006350791999999999,0.0006350791999999999,0.0006350791999999999,,
yolo_yolov8m_20260715_101751,yolo,yolo_yolov8m_20260715_101751,yolov8m.pt,/root/autodl-fs/datasets/DAIR-V2X_YOLO/dairv2x.yaml,train,26,8227.18979549408,0.77243,0.43734,0.82647,0.85747,0.83924,0.87967,0.66184,0.75553,0.42625,0.81715,0.0006268325,0.0006268325,0.0006268325,,
yolo_yolov8m_20260715_101751,yolo,yolo_yolov8m_20260715_101751,yolov8m.pt,/root/autodl-fs/datasets/DAIR-V2X_YOLO/dairv2x.yaml,train,27,8474.393939733505,0.77214,0.43478,0.82552,0.85995,0.83258,0.88613,0.66606,0.75945,0.42386,0.81661,0.0006185858,0.0006185858,0.0006185858,,
yolo_yolov8m_20260715_101751,yolo,yolo_yolov8m_20260715_101751,yolov8m.pt,/root/autodl-fs/datasets/DAIR-V2X_YOLO/dairv2x.yaml,train,28,8688.080940961838,0.77637,0.43949,0.82763,0.8553,0.83926,0.88631,0.66701,0.75271,0.4226,0.81658,0.0006103391,0.0006103391,0.0006103391,,
yolo_yolov8m_20260715_101751,yolo,yolo_yolov8m_20260715_101751,yolov8m.pt,/root/autodl-fs/datasets/DAIR-V2X_YOLO/dairv2x.yaml,train,29,8837.777220010757,0.76745,0.43257,0.82525,0.86865,0.82912,0.88419,0.66718,0.75067,0.41856,0.81693,0.0006020924,0.0006020924,0.0006020924,,
yolo_yolov8m_20260715_101751,yolo,yolo_yolov8m_20260715_101751,yolov8m.pt,/root/autodl-fs/datasets/DAIR-V2X_YOLO/dairv2x.yaml,train,30,8977.961301088333,0.76057,0.42668,0.82383,0.87067,0.81993,0.88454,0.6685,0.74984,0.42065,0.81582,0.0005938457,0.0005938457,0.0005938457,,
yolo_yolov8m_20260715_101751,yolo,yolo_yolov8m_20260715_101751,yolov8m.pt,/root/autodl-fs/datasets/DAIR-V2X_YOLO/dairv2x.yaml,train,31,9305.447557926178,0.76375,0.42967,0.82491,0.86518,0.83461,0.8906,0.67259,0.75108,0.4154,0.81693,0.0005855989999999999,0.0005855989999999999,0.0005855989999999999,,
yolo_yolov8m_20260715_101751,yolo,yolo_yolov8m_20260715_101751,yolov8m.pt,/root/autodl-fs/datasets/DAIR-V2X_YOLO/dairv2x.yaml,train,32,9600.888427257538,0.75938,0.42865,0.82365,0.85488,0.83806,0.88851,0.67335,0.74664,0.41669,0.81576,0.0005773522999999999,0.0005773522999999999,0.0005773522999999999,,
yolo_yolov8m_20260715_101751,yolo,yolo_yolov8m_20260715_101751,yolov8m.pt,/root/autodl-fs/datasets/DAIR-V2X_YOLO/dairv2x.yaml,train,33,9745.65723824501,0.75899,0.42667,0.82305,0.86214,0.83791,0.88499,0.66926,0.74502,0.41532,0.81616,0.0005691056,0.0005691056,0.0005691056,,
yolo_yolov8m_20260715_101751,yolo,yolo_yolov8m_20260715_101751,yolov8m.pt,/root/autodl-fs/datasets/DAIR-V2X_YOLO/dairv2x.yaml,train,34,9906.762773752213,0.7535,0.42313,0.82304,0.86871,0.82259,0.88567,0.66741,0.74749,0.41873,0.81529,0.0005608588999999999,0.0005608588999999999,0.0005608588999999999,,
yolo_yolov8m_20260715_101751,yolo,yolo_yolov8m_20260715_101751,yolov8m.pt,/root/autodl-fs/datasets/DAIR-V2X_YOLO/dairv2x.yaml,train,35,10112.215299129486,0.75498,0.4242,0.82176,0.87101,0.83495,0.88926,0.67432,0.74404,0.41349,0.81445,0.0005526121999999999,0.0005526121999999999,0.0005526121999999999,,
yolo_yolov8m_20260715_101751,yolo,yolo_yolov8m_20260715_101751,yolov8m.pt,/root/autodl-fs/datasets/DAIR-V2X_YOLO/dairv2x.yaml,train,36,10252.68427848816,0.75132,0.42001,0.82156,0.86742,0.83793,0.89211,0.67962,0.73898,0.40876,0.81445,0.0005443655,0.0005443655,0.0005443655,,
yolo_yolov8m_20260715_101751,yolo,yolo_yolov8m_20260715_101751,yolov8m.pt,/root/autodl-fs/datasets/DAIR-V2X_YOLO/dairv2x.yaml,train,37,10472.333349943161,0.75047,0.42103,0.82134,0.86914,0.833,0.88624,0.66919,0.74182,0.41271,0.81513,0.0005361188,0.0005361188,0.0005361188,,
yolo_yolov8m_20260715_101751,yolo,yolo_yolov8m_20260715_101751,yolov8m.pt,/root/autodl-fs/datasets/DAIR-V2X_YOLO/dairv2x.yaml,train,38,10627.889462471008,0.75363,0.42067,0.82231,0.8704,0.83427,0.89084,0.67468,0.73941,0.40984,0.81455,0.0005278721,0.0005278721,0.0005278721,,
yolo_yolov8m_20260715_101751,yolo,yolo_yolov8m_20260715_101751,yolov8m.pt,/root/autodl-fs/datasets/DAIR-V2X_YOLO/dairv2x.yaml,train,39,11342.100399255753,0.74735,0.41967,0.82162,0.86049,0.84198,0.89271,0.67641,0.73789,0.41142,0.81488,0.0005196254,0.0005196254,0.0005196254,,
yolo_yolov8m_20260715_101751,yolo,yolo_yolov8m_20260715_101751,yolov8m.pt,/root/autodl-fs/datasets/DAIR-V2X_YOLO/dairv2x.yaml,train,40,11606.767530441284,0.74569,0.41578,0.8209,0.86197,0.83845,0.88941,0.67293,0.73953,0.41091,0.81568,0.0005113787,0.0005113787,0.0005113787,,
yolo_yolov8m_20260715_101751,yolo,yolo_yolov8m_20260715_101751,yolov8m.pt,/root/autodl-fs/datasets/DAIR-V2X_YOLO/dairv2x.yaml,train,41,11747.586180448532,0.74672,0.41588,0.82311,0.86755,0.83194,0.88754,0.67467,0.74032,0.40809,0.8142,0.000503132,0.000503132,0.000503132,,
yolo_yolov8m_20260715_101751,yolo,yolo_yolov8m_20260715_101751,yolov8m.pt,/root/autodl-fs/datasets/DAIR-V2X_YOLO/dairv2x.yaml,train,42,11888.34163737297,0.74374,0.41363,0.82116,0.87504,0.82781,0.88839,0.67727,0.73513,0.408,0.81443,0.0004948853,0.0004948853,0.0004948853,,
yolo_yolov8m_20260715_101751,yolo,yolo_yolov8m_20260715_101751,yolov8m.pt,/root/autodl-fs/datasets/DAIR-V2X_YOLO/dairv2x.yaml,train,43,12107.41567993164,0.74032,0.41242,0.8215,0.86754,0.83887,0.89553,0.68647,0.72869,0.40323,0.81374,0.00048663860000000005,0.00048663860000000005,0.00048663860000000005,,
yolo_yolov8m_20260715_101751,yolo,yolo_yolov8m_20260715_101751,yolov8m.pt,/root/autodl-fs/datasets/DAIR-V2X_YOLO/dairv2x.yaml,train,44,12261.246229171753,0.74046,0.41183,0.82014,0.86656,0.84235,0.89198,0.6793,0.72978,0.40567,0.81319,0.00047839190000000003,0.00047839190000000003,0.00047839190000000003,,
yolo_yolov8m_20260715_101751,yolo,yolo_yolov8m_20260715_101751,yolov8m.pt,/root/autodl-fs/datasets/DAIR-V2X_YOLO/dairv2x.yaml,train,45,12401.892813920975,0.73483,0.40677,0.81916,0.87776,0.83235,0.89221,0.683,0.72526,0.39922,0.81351,0.0004701452,0.0004701452,0.0004701452,,
yolo_yolov8m_20260715_101751,yolo,yolo_yolov8m_20260715_101751,yolov8m.pt,/root/autodl-fs/datasets/DAIR-V2X_YOLO/dairv2x.yaml,train,46,12551.118980646133,0.73502,0.40608,0.81982,0.86541,0.8421,0.8928,0.68333,0.72818,0.40143,0.81282,0.0004618985,0.0004618985,0.0004618985,,
yolo_yolov8m_20260715_101751,yolo,yolo_yolov8m_20260715_101751,yolov8m.pt,/root/autodl-fs/datasets/DAIR-V2X_YOLO/dairv2x.yaml,train,47,12720.052676677704,0.73256,0.40568,0.81762,0.86401,0.84181,0.89273,0.68372,0.72696,0.40026,0.81325,0.00045365180000000007,0.00045365180000000007,0.00045365180000000007,,
yolo_yolov8m_20260715_101751,yolo,yolo_yolov8m_20260715_101751,yolov8m.pt,/root/autodl-fs/datasets/DAIR-V2X_YOLO/dairv2x.yaml,train,48,13002.30261683464,0.73051,0.40444,0.81889,0.86628,0.84219,0.89353,0.68346,0.72525,0.40015,0.81285,0.00044540510000000004,0.00044540510000000004,0.00044540510000000004,,
yolo_yolov8m_20260715_101751,yolo,yolo_yolov8m_20260715_101751,yolov8m.pt,/root/autodl-fs/datasets/DAIR-V2X_YOLO/dairv2x.yaml,train,49,13166.715049028397,0.73094,0.40377,0.81912,0.869,0.84491,0.89395,0.68513,0.72379,0.39766,0.81276,0.0004371584,0.0004371584,0.0004371584,,
yolo_yolov8m_20260715_101751,yolo,yolo_yolov8m_20260715_101751,yolov8m.pt,/root/autodl-fs/datasets/DAIR-V2X_YOLO/dairv2x.yaml,train,50,13374.189704656601,0.72725,0.40183,0.81847,0.87348,0.83367,0.89515,0.68392,0.72625,0.40133,0.81342,0.0004289117,0.0004289117,0.0004289117,,
yolo_yolov8m_20260715_101751,yolo,yolo_yolov8m_20260715_101751,yolov8m.pt,/root/autodl-fs/datasets/DAIR-V2X_YOLO/dairv2x.yaml,train,51,13560.720290660858,0.72941,0.40237,0.81844,0.86528,0.84333,0.89437,0.68193,0.72533,0.4011,0.81295,0.00042066499999999997,0.00042066499999999997,0.00042066499999999997,,
yolo_yolov8m_20260715_101751,yolo,yolo_yolov8m_20260715_101751,yolov8m.pt,/root/autodl-fs/datasets/DAIR-V2X_YOLO/dairv2x.yaml,train,52,13708.560524463654,0.72401,0.39793,0.81782,0.86875,0.84498,0.8949,0.68613,0.72128,0.39734,0.8117,0.00041241829999999995,0.00041241829999999995,0.00041241829999999995,,
yolo_yolov8m_20260715_101751,yolo,yolo_yolov8m_20260715_101751,yolov8m.pt,/root/autodl-fs/datasets/DAIR-V2X_YOLO/dairv2x.yaml,train,53,14326.773274898529,0.72235,0.39795,0.81668,0.86468,0.8484,0.89727,0.68659,0.72561,0.3968,0.8128,0.0004041716,0.0004041716,0.0004041716,,
yolo_yolov8m_20260715_101751,yolo,yolo_yolov8m_20260715_101751,yolov8m.pt,/root/autodl-fs/datasets/DAIR-V2X_YOLO/dairv2x.yaml,train,54,14780.554170846939,0.72511,0.39847,0.81852,0.86098,0.8432,0.89379,0.68225,0.72162,0.39632,0.81268,0.0003959249,0.0003959249,0.0003959249,,
yolo_yolov8m_20260715_101751,yolo,yolo_yolov8m_20260715_101751,yolov8m.pt,/root/autodl-fs/datasets/DAIR-V2X_YOLO/dairv2x.yaml,train,55,14951.225927114487,0.71952,0.39476,0.81652,0.86733,0.84342,0.8937,0.68564,0.71875,0.39386,0.8119,0.0003876782,0.0003876782,0.0003876782,,
yolo_yolov8m_20260715_101751,yolo,yolo_yolov8m_20260715_101751,yolov8m.pt,/root/autodl-fs/datasets/DAIR-V2X_YOLO/dairv2x.yaml,train,56,15092.175811290741,0.72078,0.39621,0.81753,0.86931,0.84506,0.89275,0.68193,0.72241,0.39577,0.81229,0.00037943149999999996,0.00037943149999999996,0.00037943149999999996,,
yolo_yolov8m_20260715_101751,yolo,yolo_yolov8m_20260715_101751,yolov8m.pt,/root/autodl-fs/datasets/DAIR-V2X_YOLO/dairv2x.yaml,train,57,15253.159951210022,0.71838,0.39162,0.81645,0.86825,0.85121,0.89531,0.68885,0.71684,0.3911,0.81148,0.00037118479999999994,0.00037118479999999994,0.00037118479999999994,,
yolo_yolov8m_20260715_101751,yolo,yolo_yolov8m_20260715_101751,yolov8m.pt,/root/autodl-fs/datasets/DAIR-V2X_YOLO/dairv2x.yaml,train,58,15398.856925964355,0.71226,0.38856,0.81578,0.86948,0.8475,0.89674,0.68663,0.71946,0.39467,0.81149,0.0003629381,0.0003629381,0.0003629381,,
yolo_yolov8m_20260715_101751,yolo,yolo_yolov8m_20260715_101751,yolov8m.pt,/root/autodl-fs/datasets/DAIR-V2X_YOLO/dairv2x.yaml,train,59,15660.800547122955,0.71394,0.3908,0.81585,0.86087,0.84815,0.89435,0.68533,0.71909,0.39529,0.8118,0.00035469140000000005,0.00035469140000000005,0.00035469140000000005,,
yolo_yolov8m_20260715_101751,yolo,yolo_yolov8m_20260715_101751,yolov8m.pt,/root/autodl-fs/datasets/DAIR-V2X_YOLO/dairv2x.yaml,train,60,15843.346623182297,0.7149,0.38935,0.81528,0.85985,0.85232,0.89295,0.68478,0.71549,0.39321,0.81114,0.00034644470000000003,0.00034644470000000003,0.00034644470000000003,,
yolo_yolov8m_20260715_101751,yolo,yolo_yolov8m_20260715_101751,yolov8m.pt,/root/autodl-fs/datasets/DAIR-V2X_YOLO/dairv2x.yaml,train,61,15986.959815740585,0.71076,0.38858,0.81521,0.87367,0.84289,0.89426,0.6876,0.71414,0.3915,0.81121,0.000338198,0.000338198,0.000338198,,
yolo_yolov8m_20260715_101751,yolo,yolo_yolov8m_20260715_101751,yolov8m.pt,/root/autodl-fs/datasets/DAIR-V2X_YOLO/dairv2x.yaml,train,62,16165.235888004303,0.71122,0.3883,0.81687,0.86361,0.84665,0.89126,0.68415,0.71663,0.39268,0.8114,0.0003299513,0.0003299513,0.0003299513,,
yolo_yolov8m_20260715_101751,yolo,yolo_yolov8m_20260715_101751,yolov8m.pt,/root/autodl-fs/datasets/DAIR-V2X_YOLO/dairv2x.yaml,train,63,16325.15507721901,0.70718,0.38536,0.81487,0.86741,0.8487,0.89306,0.68486,0.71791,0.39357,0.8116,0.00032170459999999996,0.00032170459999999996,0.00032170459999999996,,
yolo_yolov8m_20260715_101751,yolo,yolo_yolov8m_20260715_101751,yolov8m.pt,/root/autodl-fs/datasets/DAIR-V2X_YOLO/dairv2x.yaml,train,64,16499.49937272072,0.70868,0.38577,0.81441,0.86026,0.8494,0.89052,0.68507,0.71488,0.39405,0.81121,0.0003134579,0.0003134579,0.0003134579,,
yolo_yolov8m_20260715_101751,yolo,yolo_yolov8m_20260715_101751,yolov8m.pt,/root/autodl-fs/datasets/DAIR-V2X_YOLO/dairv2x.yaml,train,65,16689.979060411453,0.70543,0.38338,0.81542,0.86921,0.84575,0.89216,0.68455,0.71764,0.39357,0.81137,0.0003052112,0.0003052112,0.0003052112,,
yolo_yolov8m_20260715_101751,yolo,yolo_yolov8m_20260715_101751,yolov8m.pt,/root/autodl-fs/datasets/DAIR-V2X_YOLO/dairv2x.yaml,train,66,16834.768777132034,0.70495,0.38372,0.81474,0.86298,0.84743,0.89343,0.68509,0.7153,0.39378,0.8113,0.0002969645,0.0002969645,0.0002969645,,
yolo_yolov8m_20260715_101751,yolo,yolo_yolov8m_20260715_101751,yolov8m.pt,/root/autodl-fs/datasets/DAIR-V2X_YOLO/dairv2x.yaml,train,67,16976.005096912384,0.7027,0.38006,0.81367,0.86793,0.84577,0.89434,0.68832,0.71403,0.38898,0.81122,0.00028871779999999997,0.00028871779999999997,0.00028871779999999997,,
yolo_yolov8m_20260715_101751,yolo,yolo_yolov8m_20260715_101751,yolov8m.pt,/root/autodl-fs/datasets/DAIR-V2X_YOLO/dairv2x.yaml,train,68,17140.044001817703,0.70012,0.37942,0.81355,0.87031,0.8461,0.8946,0.68856,0.71342,0.38797,0.81072,0.00028047109999999994,0.00028047109999999994,0.00028047109999999994,,
yolo_yolov8m_20260715_101751,yolo,yolo_yolov8m_20260715_101751,yolov8m.pt,/root/autodl-fs/datasets/DAIR-V2X_YOLO/dairv2x.yaml,train,69,17308.968700170517,0.70133,0.3794,0.8131,0.86719,0.84847,0.89544,0.69128,0.71412,0.38883,0.8108,0.0002722244,0.0002722244,0.0002722244,,
yolo_yolov8m_20260715_101751,yolo,yolo_yolov8m_20260715_101751,yolov8m.pt,/root/autodl-fs/datasets/DAIR-V2X_YOLO/dairv2x.yaml,train,70,17501.25980567932,0.69718,0.37633,0.81228,0.87071,0.84414,0.89528,0.68979,0.71308,0.38759,0.81071,0.00026397770000000006,0.00026397770000000006,0.00026397770000000006,,
yolo_yolov8m_20260715_101751,yolo,yolo_yolov8m_20260715_101751,yolov8m.pt,/root/autodl-fs/datasets/DAIR-V2X_YOLO/dairv2x.yaml,train,71,17645.02050304413,0.69891,0.37808,0.81316,0.86474,0.85413,0.89321,0.68756,0.71235,0.38859,0.81066,0.00025573100000000004,0.00025573100000000004,0.00025573100000000004,,
yolo_yolov8m_20260715_101751,yolo,yolo_yolov8m_20260715_101751,yolov8m.pt,/root/autodl-fs/datasets/DAIR-V2X_YOLO/dairv2x.yaml,train,72,17812.14964532852,0.69581,0.37475,0.81317,0.85958,0.85583,0.89382,0.68922,0.71295,0.38708,0.81129,0.0002474843,0.0002474843,0.0002474843,,
yolo_yolov8m_20260715_101751,yolo,yolo_yolov8m_20260715_101751,yolov8m.pt,/root/autodl-fs/datasets/DAIR-V2X_YOLO/dairv2x.yaml,train,73,17964.649410247803,0.69131,0.37172,0.81218,0.87306,0.8451,0.89634,0.6921,0.70838,0.38552,0.81052,0.0002392376,0.0002392376,0.0002392376,,
yolo_yolov8m_20260715_101751,yolo,yolo_yolov8m_20260715_101751,yolov8m.pt,/root/autodl-fs/datasets/DAIR-V2X_YOLO/dairv2x.yaml,train,74,18497.5499625206,0.69262,0.37381,0.81178,0.87479,0.84406,0.89926,0.69323,0.7091,0.38654,0.80995,0.00023099090000000002,0.00023099090000000002,0.00023099090000000002,,
yolo_yolov8m_20260715_101751,yolo,yolo_yolov8m_20260715_101751,yolov8m.pt,/root/autodl-fs/datasets/DAIR-V2X_YOLO/dairv2x.yaml,train,75,18838.41571187973,0.69021,0.37036,0.81135,0.86676,0.84726,0.89523,0.69164,0.70882,0.38655,0.80992,0.00022274420000000002,0.00022274420000000002,0.00022274420000000002,,
yolo_yolov8m_20260715_101751,yolo,yolo_yolov8m_20260715_101751,yolov8m.pt,/root/autodl-fs/datasets/DAIR-V2X_YOLO/dairv2x.yaml,train,76,19490.97912979126,0.68902,0.36926,0.81181,0.86324,0.84911,0.89605,0.69205,0.7083,0.38702,0.81018,0.0002144975,0.0002144975,0.0002144975,,
yolo_yolov8m_20260715_101751,yolo,yolo_yolov8m_20260715_101751,yolov8m.pt,/root/autodl-fs/datasets/DAIR-V2X_YOLO/dairv2x.yaml,train,77,19626.139012813568,0.68635,0.37011,0.81148,0.86556,0.84841,0.89625,0.69019,0.70902,0.38669,0.81043,0.00020625079999999997,0.00020625079999999997,0.00020625079999999997,,
yolo_yolov8m_20260715_101751,yolo,yolo_yolov8m_20260715_101751,yolov8m.pt,/root/autodl-fs/datasets/DAIR-V2X_YOLO/dairv2x.yaml,train,78,19814.78777241707,0.68499,0.36819,0.8113,0.8715,0.84563,0.89247,0.69105,0.70845,0.38675,0.80994,0.00019800409999999998,0.00019800409999999998,0.00019800409999999998,,
yolo_yolov8m_20260715_101751,yolo,yolo_yolov8m_20260715_101751,yolov8m.pt,/root/autodl-fs/datasets/DAIR-V2X_YOLO/dairv2x.yaml,train,79,19950.344684123993,0.68201,0.36577,0.81014,0.87638,0.84107,0.8947,0.69092,0.70675,0.38616,0.80992,0.00018975739999999998,0.00018975739999999998,0.00018975739999999998,,
yolo_yolov8m_20260715_101751,yolo,yolo_yolov8m_20260715_101751,yolov8m.pt,/root/autodl-fs/datasets/DAIR-V2X_YOLO/dairv2x.yaml,train,80,20202.659898996353,0.68423,0.36655,0.81027,0.87209,0.84531,0.89285,0.69098,0.70669,0.38593,0.80998,0.00018151069999999998,0.00018151069999999998,0.00018151069999999998,,
yolo_yolov8m_20260715_101751,yolo,yolo_yolov8m_20260715_101751,yolov8m.pt,/root/autodl-fs/datasets/DAIR-V2X_YOLO/dairv2x.yaml,train,81,20406.24422311783,0.68129,0.36402,0.81023,0.86973,0.85079,0.89142,0.69062,0.70611,0.3858,0.81018,0.00017326399999999996,0.00017326399999999996,0.00017326399999999996,,
yolo_yolov8m_20260715_101751,yolo,yolo_yolov8m_20260715_101751,yolov8m.pt,/root/autodl-fs/datasets/DAIR-V2X_YOLO/dairv2x.yaml,train,82,20556.738599061966,0.67746,0.36256,0.81062,0.86947,0.84994,0.89362,0.69046,0.70762,0.38543,0.81057,0.00016501729999999994,0.00016501729999999994,0.00016501729999999994,,
yolo_yolov8m_20260715_101751,yolo,yolo_yolov8m_20260715_101751,yolov8m.pt,/root/autodl-fs/datasets/DAIR-V2X_YOLO/dairv2x.yaml,train,83,21216.628921747208,0.67869,0.36205,0.81087,0.86647,0.85116,0.89271,0.69121,0.70708,0.38683,0.81062,0.00015677060000000005,0.00015677060000000005,0.00015677060000000005,,
yolo_yolov8m_20260715_101751,yolo,yolo_yolov8m_20260715_101751,yolov8m.pt,/root/autodl-fs/datasets/DAIR-V2X_YOLO/dairv2x.yaml,train,84,21382.791160583496,0.67687,0.36113,0.80998,0.8662,0.85041,0.89133,0.68947,0.70659,0.38584,0.8101,0.00014852390000000002,0.00014852390000000002,0.00014852390000000002,,
yolo_yolov8m_20260715_101751,yolo,yolo_yolov8m_20260715_101751,yolov8m.pt,/root/autodl-fs/datasets/DAIR-V2X_YOLO/dairv2x.yaml,train,85,21524.839163064957,0.67517,0.35992,0.80967,0.86523,0.84994,0.89308,0.69074,0.70642,0.38653,0.81008,0.00014027720000000003,0.00014027720000000003,0.00014027720000000003,,
yolo_yolov8m_20260715_101751,yolo,yolo_yolov8m_20260715_101751,yolov8m.pt,/root/autodl-fs/datasets/DAIR-V2X_YOLO/dairv2x.yaml,train,86,21659.395663022995,0.67497,0.35795,0.80927,0.87054,0.85041,0.89339,0.69156,0.70574,0.38506,0.81053,0.00013203050000000003,0.00013203050000000003,0.00013203050000000003,,
yolo_yolov8m_20260715_101751,yolo,yolo_yolov8m_20260715_101751,yolov8m.pt,/root/autodl-fs/datasets/DAIR-V2X_YOLO/dairv2x.yaml,train,87,21817.582555770874,0.67383,0.35799,0.80989,0.86471,0.85454,0.8926,0.69059,0.70557,0.38516,0.81042,0.0001237838,0.0001237838,0.0001237838,,
yolo_yolov8m_20260715_101751,yolo,yolo_yolov8m_20260715_101751,yolov8m.pt,/root/autodl-fs/datasets/DAIR-V2X_YOLO/dairv2x.yaml,train,88,21953.246826171875,0.67046,0.35594,0.80971,0.86468,0.85298,0.89108,0.69032,0.70561,0.38574,0.81036,0.00011553710000000001,0.00011553710000000001,0.00011553710000000001,,
yolo_yolov8m_20260715_101751,yolo,yolo_yolov8m_20260715_101751,yolov8m.pt,/root/autodl-fs/datasets/DAIR-V2X_YOLO/dairv2x.yaml,train,89,22091.753230571747,0.66855,0.35556,0.81005,0.86487,0.8542,0.89242,0.68993,0.70469,0.38388,0.81008,0.0001072904,0.0001072904,0.0001072904,,
yolo_yolov8m_20260715_101751,yolo,yolo_yolov8m_20260715_101751,yolov8m.pt,/root/autodl-fs/datasets/DAIR-V2X_YOLO/dairv2x.yaml,train,90,22389.378913640976,0.66914,0.35422,0.80935,0.86336,0.85222,0.89032,0.68756,0.70446,0.38394,0.80986,9.904369999999997e-05,9.904369999999997e-05,9.904369999999997e-05,,
yolo_yolov8m_20260715_101751,yolo,yolo_yolov8m_20260715_101751,yolov8m.pt,/root/autodl-fs/datasets/DAIR-V2X_YOLO/dairv2x.yaml,train,91,22519.248607635498,0.64983,0.34444,0.8046,0.863,0.85,0.88871,0.68614,0.70996,0.38787,0.81067,9.079699999999998e-05,9.079699999999998e-05,9.079699999999998e-05,,
yolo_yolov8m_20260715_101751,yolo,yolo_yolov8m_20260715_101751,yolov8m.pt,/root/autodl-fs/datasets/DAIR-V2X_YOLO/dairv2x.yaml,train,92,22648.62760734558,0.64829,0.34301,0.80374,0.86151,0.85176,0.88782,0.6866,0.7098,0.38814,0.8106,8.255029999999997e-05,8.255029999999997e-05,8.255029999999997e-05,,
yolo_yolov8m_20260715_101751,yolo,yolo_yolov8m_20260715_101751,yolov8m.pt,/root/autodl-fs/datasets/DAIR-V2X_YOLO/dairv2x.yaml,train,93,22777.422827720642,0.64386,0.3404,0.804,0.86037,0.85297,0.8874,0.68593,0.70863,0.38791,0.81048,7.430359999999997e-05,7.430359999999997e-05,7.430359999999997e-05,,
yolo_yolov8m_20260715_101751,yolo,yolo_yolov8m_20260715_101751,yolov8m.pt,/root/autodl-fs/datasets/DAIR-V2X_YOLO/dairv2x.yaml,train,94,22906.128217458725,0.64228,0.33922,0.80444,0.86563,0.85077,0.88822,0.68675,0.70789,0.38801,0.81003,6.605689999999995e-05,6.605689999999995e-05,6.605689999999995e-05,,
yolo_yolov8m_20260715_101751,yolo,yolo_yolov8m_20260715_101751,yolov8m.pt,/root/autodl-fs/datasets/DAIR-V2X_YOLO/dairv2x.yaml,train,95,23034.91948246956,0.64022,0.3372,0.80268,0.8661,0.84692,0.88826,0.68812,0.70716,0.38847,0.8102,5.781020000000004e-05,5.781020000000004e-05,5.781020000000004e-05,,
yolo_yolov8m_20260715_101751,yolo,yolo_yolov8m_20260715_101751,yolov8m.pt,/root/autodl-fs/datasets/DAIR-V2X_YOLO/dairv2x.yaml,train,96,23165.181802511215,0.63811,0.33549,0.80354,0.86535,0.8502,0.88893,0.68896,0.70714,0.38902,0.8102,4.9563500000000035e-05,4.9563500000000035e-05,4.9563500000000035e-05,,
yolo_yolov8m_20260715_101751,yolo,yolo_yolov8m_20260715_101751,yolov8m.pt,/root/autodl-fs/datasets/DAIR-V2X_YOLO/dairv2x.yaml,train,97,23295.654884576797,0.6363,0.33396,0.8026,0.86475,0.84999,0.88816,0.68808,0.70681,0.3894,0.81005,4.131680000000003e-05,4.131680000000003e-05,4.131680000000003e-05,,
yolo_yolov8m_20260715_101751,yolo,yolo_yolov8m_20260715_101751,yolov8m.pt,/root/autodl-fs/datasets/DAIR-V2X_YOLO/dairv2x.yaml,train,98,23426.66803264618,0.63558,0.33377,0.80204,0.8636,0.8523,0.88954,0.68894,0.70699,0.38911,0.81026,3.307010000000002e-05,3.307010000000002e-05,3.307010000000002e-05,,
yolo_yolov8m_20260715_101751,yolo,yolo_yolov8m_20260715_101751,yolov8m.pt,/root/autodl-fs/datasets/DAIR-V2X_YOLO/dairv2x.yaml,train,99,23556.778324842453,0.63249,0.33173,0.80205,0.865,0.85194,0.88898,0.6894,0.7062,0.38811,0.81013,2.4823400000000017e-05,2.4823400000000017e-05,2.4823400000000017e-05,,
yolo_yolov8m_20260715_101751,yolo,yolo_yolov8m_20260715_101751,yolov8m.pt,/root/autodl-fs/datasets/DAIR-V2X_YOLO/dairv2x.yaml,train,100,23689.411156654358,0.63278,0.33119,0.8024,0.86592,0.85068,0.88897,0.68916,0.70523,0.3882,0.80996,1.6576700000000007e-05,1.6576700000000007e-05,1.6576700000000007e-05,,
yolo_yolov8m_20260715_165448,yolo,yolo_yolov8m_20260715_165448,yolov8m.pt,/root/autodl-fs/datasets/UA-DETRAC_YOLO/data.yaml,train,1,136.51031970977783,0.92342,0.83831,0.96543,0.79568,0.67394,0.77146,0.54548,1.0403,0.75829,1.03483,0.00041533546325878595,0.00041533546325878595,0.00041533546325878595,,
yolo_yolov8m_20260715_165448,yolo,yolo_yolov8m_20260715_165448,yolov8m.pt,/root/autodl-fs/datasets/UA-DETRAC_YOLO/data.yaml,train,2,265.9218111038208,0.90184,0.63043,0.9684,0.76325,0.65836,0.70406,0.49457,1.06689,0.78939,1.05943,0.0008237653088391906,0.0008237653088391906,0.0008237653088391906,,
yolo_yolov8m_20260715_165448,yolo,yolo_yolov8m_20260715_165448,yolov8m.pt,/root/autodl-fs/datasets/UA-DETRAC_YOLO/data.yaml,train,3,393.400306224823,0.88573,0.60202,0.9627,0.79487,0.68557,0.74792,0.52212,1.08411,0.74386,1.07193,0.0012239451544195953,0.0012239451544195953,0.0012239451544195953,,
yolo_yolov8m_20260715_165448,yolo,yolo_yolov8m_20260715_165448,yolov8m.pt,/root/autodl-fs/datasets/UA-DETRAC_YOLO/data.yaml,train,4,520.339595079422,0.85778,0.56736,0.95182,0.82199,0.66136,0.76442,0.52474,1.11542,0.74441,1.08422,0.001212875,0.001212875,0.001212875,,
yolo_yolov8m_20260715_165448,yolo,yolo_yolov8m_20260715_165448,yolov8m.pt,/root/autodl-fs/datasets/UA-DETRAC_YOLO/data.yaml,train,5,648.2052023410797,0.8252,0.53401,0.94368,0.83426,0.64867,0.73723,0.54236,1.00185,0.67507,1.02469,0.0012005,0.0012005,0.0012005,,
yolo_yolov8m_20260715_165448,yolo,yolo_yolov8m_20260715_165448,yolov8m.pt,/root/autodl-fs/datasets/UA-DETRAC_YOLO/data.yaml,train,6,788.1370670795441,0.80417,0.50453,0.93368,0.83879,0.70427,0.79324,0.57352,1.01578,0.63251,1.04715,0.001188125,0.001188125,0.001188125,,
yolo_yolov8m_20260715_165448,yolo,yolo_yolov8m_20260715_165448,yolov8m.pt,/root/autodl-fs/datasets/UA-DETRAC_YOLO/data.yaml,train,7,926.9888575077057,0.78264,0.49021,0.92526,0.85552,0.71545,0.79898,0.57156,1.02827,0.58919,1.04261,0.00117575,0.00117575,0.00117575,,
yolo_yolov8m_20260715_165448,yolo,yolo_yolov8m_20260715_165448,yolov8m.pt,/root/autodl-fs/datasets/UA-DETRAC_YOLO/data.yaml,train,8,1061.6866779327393,0.77285,0.47465,0.92329,0.76649,0.69054,0.79573,0.56732,1.03129,0.64187,1.05583,0.001163375,0.001163375,0.001163375,,
yolo_yolov8m_20260715_165448,yolo,yolo_yolov8m_20260715_165448,yolov8m.pt,/root/autodl-fs/datasets/UA-DETRAC_YOLO/data.yaml,train,9,1202.7893934249878,0.75903,0.46266,0.91899,0.73699,0.76296,0.80604,0.5812,1.01223,0.5967,1.03779,0.0011510000000000001,0.0011510000000000001,0.0011510000000000001,,
yolo_yolov8m_20260715_165448,yolo,yolo_yolov8m_20260715_165448,yolov8m.pt,/root/autodl-fs/datasets/UA-DETRAC_YOLO/data.yaml,train,10,1338.8742325305939,0.75057,0.45044,0.91573,0.863,0.71054,0.79609,0.57919,1.0404,0.61815,1.05961,0.001138625,0.001138625,0.001138625,,
yolo_yolov8m_20260715_165448,yolo,yolo_yolov8m_20260715_165448,yolov8m.pt,/root/autodl-fs/datasets/UA-DETRAC_YOLO/data.yaml,train,11,1473.266010761261,0.74792,0.4492,0.91499,0.83456,0.71039,0.80134,0.58178,1.04258,0.64278,1.05409,0.00112625,0.00112625,0.00112625,,
yolo_yolov8m_20260715_165448,yolo,yolo_yolov8m_20260715_165448,yolov8m.pt,/root/autodl-fs/datasets/UA-DETRAC_YOLO/data.yaml,train,12,1607.248121023178,0.73703,0.43517,0.91045,0.83048,0.76097,0.83541,0.60183,1.03612,0.60014,1.04617,0.001113875,0.001113875,0.001113875,,
yolo_yolov8m_20260715_165448,yolo,yolo_yolov8m_20260715_165448,yolov8m.pt,/root/autodl-fs/datasets/UA-DETRAC_YOLO/data.yaml,train,13,1740.1222672462463,0.73448,0.42646,0.90824,0.8516,0.7585,0.83545,0.60432,1.00614,0.56931,1.03225,0.0011015,0.0011015,0.0011015,,
yolo_yolov8m_20260715_165448,yolo,yolo_yolov8m_20260715_165448,yolov8m.pt,/root/autodl-fs/datasets/UA-DETRAC_YOLO/data.yaml,train,14,1873.3382532596588,0.72155,0.41862,0.90465,0.84383,0.73867,0.81537,0.59581,1.04584,0.59106,1.04764,0.001089125,0.001089125,0.001089125,,
yolo_yolov8m_20260715_165448,yolo,yolo_yolov8m_20260715_165448,yolov8m.pt,/root/autodl-fs/datasets/UA-DETRAC_YOLO/data.yaml,train,15,2008.7761888504028,0.71524,0.41439,0.90004,0.89118,0.72252,0.80208,0.58605,1.0006,0.59789,1.04234,0.00107675,0.00107675,0.00107675,,
yolo_yolov8m_20260715_165448,yolo,yolo_yolov8m_20260715_165448,yolov8m.pt,/root/autodl-fs/datasets/UA-DETRAC_YOLO/data.yaml,train,16,2142.0947329998016,0.71276,0.40846,0.89938,0.8652,0.75948,0.83204,0.60449,1.01606,0.61578,1.02743,0.001064375,0.001064375,0.001064375,,
yolo_yolov8m_20260715_165448,yolo,yolo_yolov8m_20260715_165448,yolov8m.pt,/root/autodl-fs/datasets/UA-DETRAC_YOLO/data.yaml,train,17,2275.8897910118103,0.70428,0.39891,0.89551,0.86309,0.74103,0.83568,0.60704,0.99346,0.58611,1.03953,0.001052,0.001052,0.001052,,
yolo_yolov8m_20260715_165448,yolo,yolo_yolov8m_20260715_165448,yolov8m.pt,/root/autodl-fs/datasets/UA-DETRAC_YOLO/data.yaml,train,18,2409.4676690101624,0.70302,0.39717,0.89682,0.74029,0.7379,0.80383,0.59484,1.00108,0.59551,1.02918,0.001039625,0.001039625,0.001039625,,
yolo_yolov8m_20260715_165448,yolo,yolo_yolov8m_20260715_165448,yolov8m.pt,/root/autodl-fs/datasets/UA-DETRAC_YOLO/data.yaml,train,19,2542.886130809784,0.69762,0.39389,0.89638,0.83061,0.71984,0.81237,0.59721,0.9883,0.60751,1.03538,0.0010272500000000002,0.0010272500000000002,0.0010272500000000002,,
yolo_yolov8m_20260715_165448,yolo,yolo_yolov8m_20260715_165448,yolov8m.pt,/root/autodl-fs/datasets/UA-DETRAC_YOLO/data.yaml,train,20,2676.0838091373444,0.69458,0.38567,0.89552,0.86588,0.71098,0.80931,0.59923,1.00344,0.59623,1.04049,0.0010148750000000002,0.0010148750000000002,0.0010148750000000002,,
yolo_yolov8m_20260715_165448,yolo,yolo_yolov8m_20260715_165448,yolov8m.pt,/root/autodl-fs/datasets/UA-DETRAC_YOLO/data.yaml,train,21,2809.0923516750336,0.6928,0.38644,0.89404,0.88195,0.75224,0.84324,0.63291,0.98071,0.58531,1.02981,0.0010025000000000001,0.0010025000000000001,0.0010025000000000001,,
yolo_yolov8m_20260715_165448,yolo,yolo_yolov8m_20260715_165448,yolov8m.pt,/root/autodl-fs/datasets/UA-DETRAC_YOLO/data.yaml,train,22,2940.2557559013367,0.68694,0.38265,0.89316,0.85961,0.75286,0.82481,0.61723,0.99925,0.58298,1.04307,0.0009901250000000001,0.0009901250000000001,0.0009901250000000001,,
yolo_yolov8m_20260715_165448,yolo,yolo_yolov8m_20260715_165448,yolov8m.pt,/root/autodl-fs/datasets/UA-DETRAC_YOLO/data.yaml,train,23,3072.1473417282104,0.68181,0.37627,0.89058,0.85707,0.74833,0.83739,0.62127,0.98408,0.56397,1.03033,0.00097775,0.00097775,0.00097775,,
yolo_yolov8m_20260715_165448,yolo,yolo_yolov8m_20260715_165448,yolov8m.pt,/root/autodl-fs/datasets/UA-DETRAC_YOLO/data.yaml,train,24,3205.855727672577,0.68038,0.37301,0.89068,0.86747,0.74745,0.82177,0.60295,0.97922,0.57111,1.02224,0.000965375,0.000965375,0.000965375,,
yolo_yolov8m_20260715_165448,yolo,yolo_yolov8m_20260715_165448,yolov8m.pt,/root/autodl-fs/datasets/UA-DETRAC_YOLO/data.yaml,train,25,3339.362646341324,0.67419,0.37086,0.88942,0.87828,0.71975,0.81975,0.6152,0.98181,0.57193,1.03091,0.000953,0.000953,0.000953,,
yolo_yolov8m_20260715_165448,yolo,yolo_yolov8m_20260715_165448,yolov8m.pt,/root/autodl-fs/datasets/UA-DETRAC_YOLO/data.yaml,train,26,3470.797963619232,0.67284,0.3703,0.88612,0.85318,0.75466,0.82726,0.6247,0.99674,0.60053,1.03211,0.000940625,0.000940625,0.000940625,,
yolo_yolov8m_20260715_165448,yolo,yolo_yolov8m_20260715_165448,yolov8m.pt,/root/autodl-fs/datasets/UA-DETRAC_YOLO/data.yaml,train,27,3605.9105100631714,0.67116,0.36597,0.88751,0.86021,0.74862,0.80857,0.6152,0.97735,0.58017,1.03233,0.00092825,0.00092825,0.00092825,,
yolo_yolov8m_20260715_165448,yolo,yolo_yolov8m_20260715_165448,yolov8m.pt,/root/autodl-fs/datasets/UA-DETRAC_YOLO/data.yaml,train,28,3739.1687421798706,0.66437,0.35991,0.88279,0.86756,0.76531,0.8426,0.62713,0.97874,0.5739,1.01518,0.000915875,0.000915875,0.000915875,,
yolo_yolov8m_20260715_165448,yolo,yolo_yolov8m_20260715_165448,yolov8m.pt,/root/autodl-fs/datasets/UA-DETRAC_YOLO/data.yaml,train,29,3872.948002576828,0.66082,0.35753,0.88156,0.86443,0.75021,0.83488,0.61674,1.00701,0.57486,1.03982,0.0009035,0.0009035,0.0009035,,
yolo_yolov8m_20260715_165448,yolo,yolo_yolov8m_20260715_165448,yolov8m.pt,/root/autodl-fs/datasets/UA-DETRAC_YOLO/data.yaml,train,30,4004.1732861995697,0.66013,0.35398,0.88394,0.80919,0.76009,0.82732,0.61752,0.97851,0.57324,1.0371,0.000891125,0.000891125,0.000891125,,
yolo_yolov8m_20260715_165448,yolo,yolo_yolov8m_20260715_165448,yolov8m.pt,/root/autodl-fs/datasets/UA-DETRAC_YOLO/data.yaml,train,31,4140.494712591171,0.65643,0.35136,0.8797,0.87815,0.73854,0.81419,0.6156,0.9889,0.60833,1.02486,0.00087875,0.00087875,0.00087875,,
yolo_yolov8m_20260715_165448,yolo,yolo_yolov8m_20260715_165448,yolov8m.pt,/root/autodl-fs/datasets/UA-DETRAC_YOLO/data.yaml,train,32,4273.377907514572,0.65671,0.35061,0.88074,0.86824,0.73642,0.82217,0.61837,0.97556,0.58074,1.02764,0.000866375,0.000866375,0.000866375,,
yolo_yolov8m_20260715_165448,yolo,yolo_yolov8m_20260715_165448,yolov8m.pt,/root/autodl-fs/datasets/UA-DETRAC_YOLO/data.yaml,train,33,4405.336985111237,0.64951,0.34744,0.88019,0.85288,0.76026,0.82804,0.6183,0.98103,0.56649,1.0382,0.0008539999999999999,0.0008539999999999999,0.0008539999999999999,,
yolo_yolov8m_20260715_165448,yolo,yolo_yolov8m_20260715_165448,yolov8m.pt,/root/autodl-fs/datasets/UA-DETRAC_YOLO/data.yaml,train,34,4539.242399930954,0.64527,0.34258,0.87922,0.8821,0.74053,0.82321,0.62467,1.00077,0.60248,1.03598,0.0008416249999999999,0.0008416249999999999,0.0008416249999999999,,
yolo_yolov8m_20260715_165448,yolo,yolo_yolov8m_20260715_165448,yolov8m.pt,/root/autodl-fs/datasets/UA-DETRAC_YOLO/data.yaml,train,35,4673.402258634567,0.64668,0.34129,0.88126,0.87749,0.75037,0.83542,0.63561,0.97038,0.56922,1.03016,0.0008292499999999999,0.0008292499999999999,0.0008292499999999999,,
yolo_yolov8m_20260715_165448,yolo,yolo_yolov8m_20260715_165448,yolov8m.pt,/root/autodl-fs/datasets/UA-DETRAC_YOLO/data.yaml,train,36,4809.336081981659,0.64264,0.33854,0.87605,0.81514,0.74285,0.80854,0.60905,0.98892,0.61929,1.03066,0.000816875,0.000816875,0.000816875,,
yolo_yolov8m_20260715_165448,yolo,yolo_yolov8m_20260715_165448,yolov8m.pt,/root/autodl-fs/datasets/UA-DETRAC_YOLO/data.yaml,train,37,4943.341416597366,0.6409,0.33709,0.87447,0.84241,0.73933,0.81776,0.60389,1.00466,0.5837,1.03436,0.0008045000000000001,0.0008045000000000001,0.0008045000000000001,,
yolo_yolov8m_20260715_165448,yolo,yolo_yolov8m_20260715_165448,yolov8m.pt,/root/autodl-fs/datasets/UA-DETRAC_YOLO/data.yaml,train,38,5077.513016462326,0.64023,0.33554,0.87384,0.85473,0.72489,0.8119,0.59946,0.98991,0.60887,1.04014,0.0007921250000000001,0.0007921250000000001,0.0007921250000000001,,
yolo_yolov8m_20260715_165448,yolo,yolo_yolov8m_20260715_165448,yolov8m.pt,/root/autodl-fs/datasets/UA-DETRAC_YOLO/data.yaml,train,39,5212.1424860954285,0.63464,0.33082,0.87381,0.83704,0.71286,0.79978,0.59572,0.97651,0.57828,1.02644,0.0007797500000000001,0.0007797500000000001,0.0007797500000000001,,
yolo_yolov8m_20260715_165448,yolo,yolo_yolov8m_20260715_165448,yolov8m.pt,/root/autodl-fs/datasets/UA-DETRAC_YOLO/data.yaml,train,40,5346.137078046799,0.63328,0.32758,0.87047,0.89183,0.73957,0.829,0.6214,0.98728,0.59184,1.01935,0.000767375,0.000767375,0.000767375,,
yolo_yolov8m_20260715_165448,yolo,yolo_yolov8m_20260715_165448,yolov8m.pt,/root/autodl-fs/datasets/UA-DETRAC_YOLO/data.yaml,train,41,5480.252883911133,0.63244,0.32802,0.87316,0.83213,0.72521,0.809,0.60804,1.00163,0.60217,1.04441,0.000755,0.000755,0.000755,,
yolo_yolov8m_20260715_165448,yolo,yolo_yolov8m_20260715_165448,yolov8m.pt,/root/autodl-fs/datasets/UA-DETRAC_YOLO/data.yaml,train,42,5613.914829492569,0.62802,0.32471,0.87055,0.87913,0.71559,0.8269,0.6177,1.00819,0.59357,1.03209,0.0007426250000000001,0.0007426250000000001,0.0007426250000000001,,
yolo_yolov8m_20260715_165448,yolo,yolo_yolov8m_20260715_165448,yolov8m.pt,/root/autodl-fs/datasets/UA-DETRAC_YOLO/data.yaml,train,43,5748.947775363922,0.62719,0.32501,0.87008,0.89638,0.7275,0.8362,0.63418,0.97377,0.59059,1.02672,0.0007302500000000001,0.0007302500000000001,0.0007302500000000001,,
yolo_yolov8m_20260715_165448,yolo,yolo_yolov8m_20260715_165448,yolov8m.pt,/root/autodl-fs/datasets/UA-DETRAC_YOLO/data.yaml,train,44,5883.218886852264,0.62249,0.32285,0.87087,0.85591,0.75998,0.83567,0.63556,0.96932,0.58031,1.02775,0.0007178750000000001,0.0007178750000000001,0.0007178750000000001,,
yolo_yolov8m_20260715_165448,yolo,yolo_yolov8m_20260715_165448,yolov8m.pt,/root/autodl-fs/datasets/UA-DETRAC_YOLO/data.yaml,train,45,6016.8807899951935,0.62287,0.31956,0.86883,0.86526,0.72962,0.82156,0.62115,0.96517,0.58839,1.02139,0.0007055000000000001,0.0007055000000000001,0.0007055000000000001,,
yolo_yolov8m_20260715_165448,yolo,yolo_yolov8m_20260715_165448,yolov8m.pt,/root/autodl-fs/datasets/UA-DETRAC_YOLO/data.yaml,train,46,6150.774286270142,0.61989,0.31668,0.86831,0.87327,0.75356,0.83845,0.62889,0.9765,0.57083,1.04106,0.0006931250000000001,0.0006931250000000001,0.0006931250000000001,,
yolo_yolov8m_20260715_165448,yolo,yolo_yolov8m_20260715_165448,yolov8m.pt,/root/autodl-fs/datasets/UA-DETRAC_YOLO/data.yaml,train,47,6284.967715263367,0.61453,0.31506,0.86707,0.88608,0.7552,0.84573,0.63537,0.97573,0.5626,1.03503,0.0006807500000000001,0.0006807500000000001,0.0006807500000000001,,
yolo_yolov8m_20260715_165448,yolo,yolo_yolov8m_20260715_165448,yolov8m.pt,/root/autodl-fs/datasets/UA-DETRAC_YOLO/data.yaml,train,48,6418.981371641159,0.61077,0.31366,0.86698,0.84402,0.75437,0.81847,0.61707,0.97184,0.58916,1.03107,0.0006683750000000001,0.0006683750000000001,0.0006683750000000001,,
yolo_yolov8m_20260715_165448,yolo,yolo_yolov8m_20260715_165448,yolov8m.pt,/root/autodl-fs/datasets/UA-DETRAC_YOLO/data.yaml,train,49,6553.452584266663,0.61249,0.30993,0.86738,0.84895,0.77051,0.83165,0.63241,0.96628,0.56339,1.02801,0.0006560000000000001,0.0006560000000000001,0.0006560000000000001,,
yolo_yolov8m_20260715_165448,yolo,yolo_yolov8m_20260715_165448,yolov8m.pt,/root/autodl-fs/datasets/UA-DETRAC_YOLO/data.yaml,train,50,6687.267037630081,0.611,0.30883,0.86759,0.87192,0.74401,0.83573,0.63578,0.97955,0.57278,1.04188,0.000643625,0.000643625,0.000643625,,
yolo_yolov8m_20260715_165448,yolo,yolo_yolov8m_20260715_165448,yolov8m.pt,/root/autodl-fs/datasets/UA-DETRAC_YOLO/data.yaml,train,51,6821.172093868256,0.60893,0.30723,0.86583,0.87719,0.71432,0.82203,0.61724,0.98102,0.58009,1.02995,0.00063125,0.00063125,0.00063125,,
yolo_yolov8m_20260715_165448,yolo,yolo_yolov8m_20260715_165448,yolov8m.pt,/root/autodl-fs/datasets/UA-DETRAC_YOLO/data.yaml,train,52,6955.490964174271,0.60193,0.30378,0.86438,0.89165,0.72976,0.84461,0.63871,0.96764,0.58111,1.0299,0.000618875,0.000618875,0.000618875,,
yolo_yolov8m_20260715_165448,yolo,yolo_yolov8m_20260715_165448,yolov8m.pt,/root/autodl-fs/datasets/UA-DETRAC_YOLO/data.yaml,train,53,7089.479597568512,0.60257,0.30425,0.8638,0.8588,0.728,0.83194,0.62252,0.9733,0.58581,1.03802,0.0006064999999999999,0.0006064999999999999,0.0006064999999999999,,
yolo_yolov8m_20260715_165448,yolo,yolo_yolov8m_20260715_165448,yolov8m.pt,/root/autodl-fs/datasets/UA-DETRAC_YOLO/data.yaml,train,54,7223.6661167144775,0.59631,0.30021,0.86195,0.86225,0.75185,0.82026,0.61967,0.97774,0.59981,1.03094,0.000594125,0.000594125,0.000594125,,
yolo_yolov8m_20260715_165448,yolo,yolo_yolov8m_20260715_165448,yolov8m.pt,/root/autodl-fs/datasets/UA-DETRAC_YOLO/data.yaml,train,55,7357.797604799271,0.5949,0.29799,0.86119,0.89622,0.71683,0.82326,0.62983,0.97538,0.58034,1.03134,0.00058175,0.00058175,0.00058175,,
yolo_yolov8m_20260715_165448,yolo,yolo_yolov8m_20260715_165448,yolov8m.pt,/root/autodl-fs/datasets/UA-DETRAC_YOLO/data.yaml,train,56,7491.858328580856,0.59402,0.29481,0.8611,0.83861,0.7202,0.80251,0.60117,0.97257,0.5919,1.03304,0.000569375,0.000569375,0.000569375,,
yolo_yolov8m_20260715_165448,yolo,yolo_yolov8m_20260715_165448,yolov8m.pt,/root/autodl-fs/datasets/UA-DETRAC_YOLO/data.yaml,train,57,7626.180992841721,0.5925,0.29705,0.86061,0.8517,0.74825,0.81351,0.61097,0.98414,0.60118,1.03202,0.000557,0.000557,0.000557,,
yolo_yolov8m_20260715_165448,yolo,yolo_yolov8m_20260715_165448,yolov8m.pt,/root/autodl-fs/datasets/UA-DETRAC_YOLO/data.yaml,train,58,7759.876526594162,0.58955,0.29297,0.86183,0.881,0.73731,0.82822,0.62534,0.98646,0.58566,1.04697,0.0005446250000000001,0.0005446250000000001,0.0005446250000000001,,
yolo_yolov8m_20260715_165448,yolo,yolo_yolov8m_20260715_165448,yolov8m.pt,/root/autodl-fs/datasets/UA-DETRAC_YOLO/data.yaml,train,59,7893.353790283203,0.58983,0.2919,0.86189,0.87115,0.74285,0.82721,0.62123,0.98694,0.60568,1.04568,0.0005322500000000001,0.0005322500000000001,0.0005322500000000001,,
yolo_yolov8m_20260715_165448,yolo,yolo_yolov8m_20260715_165448,yolov8m.pt,/root/autodl-fs/datasets/UA-DETRAC_YOLO/data.yaml,train,60,8027.936094999313,0.58555,0.29113,0.85871,0.86464,0.77184,0.84043,0.64134,0.98607,0.5855,1.03575,0.000519875,0.000519875,0.000519875,,
yolo_yolov8m_20260715_165448,yolo,yolo_yolov8m_20260715_165448,yolov8m.pt,/root/autodl-fs/datasets/UA-DETRAC_YOLO/data.yaml,train,61,8160.542429447174,0.58152,0.28598,0.85836,0.89821,0.71464,0.8364,0.63783,0.97113,0.60769,1.03044,0.0005075,0.0005075,0.0005075,,
yolo_yolov8m_20260715_165448,yolo,yolo_yolov8m_20260715_165448,yolov8m.pt,/root/autodl-fs/datasets/UA-DETRAC_YOLO/data.yaml,train,62,8292.937492370605,0.58133,0.28677,0.85809,0.84845,0.76637,0.8383,0.63348,0.96778,0.58879,1.03004,0.000495125,0.000495125,0.000495125,,
yolo_yolov8m_20260715_165448,yolo,yolo_yolov8m_20260715_165448,yolov8m.pt,/root/autodl-fs/datasets/UA-DETRAC_YOLO/data.yaml,train,63,8425.38277554512,0.57969,0.28481,0.8603,0.85609,0.76107,0.83581,0.63505,0.98522,0.59443,1.04529,0.00048275,0.00048275,0.00048275,,
yolo_yolov8m_20260715_165448,yolo,yolo_yolov8m_20260715_165448,yolov8m.pt,/root/autodl-fs/datasets/UA-DETRAC_YOLO/data.yaml,train,64,8557.470474004745,0.57491,0.28351,0.85536,0.88794,0.73291,0.84038,0.63848,0.97283,0.58424,1.04327,0.00047037500000000004,0.00047037500000000004,0.00047037500000000004,,
yolo_yolov8m_20260715_165448,yolo,yolo_yolov8m_20260715_165448,yolov8m.pt,/root/autodl-fs/datasets/UA-DETRAC_YOLO/data.yaml,train,65,8690.724035739899,0.57181,0.28248,0.8583,0.87896,0.7507,0.83186,0.63097,0.98519,0.58114,1.05592,0.000458,0.000458,0.000458,,
yolo_yolov8m_20260715_165448,yolo,yolo_yolov8m_20260715_165448,yolov8m.pt,/root/autodl-fs/datasets/UA-DETRAC_YOLO/data.yaml,train,66,8823.078928232193,0.57044,0.28198,0.85768,0.88262,0.7553,0.84374,0.63985,0.98533,0.57931,1.05216,0.000445625,0.000445625,0.000445625,,
yolo_yolov8m_20260715_165448,yolo,yolo_yolov8m_20260715_165448,yolov8m.pt,/root/autodl-fs/datasets/UA-DETRAC_YOLO/data.yaml,train,67,8955.597745656967,0.56555,0.27797,0.85207,0.89152,0.73128,0.83267,0.63164,0.97944,0.58297,1.03283,0.00043325,0.00043325,0.00043325,,
yolo_yolov8m_20260715_165448,yolo,yolo_yolov8m_20260715_165448,yolov8m.pt,/root/autodl-fs/datasets/UA-DETRAC_YOLO/data.yaml,train,68,9088.563480138779,0.56687,0.27693,0.85398,0.85817,0.7605,0.848,0.64261,0.98369,0.57075,1.04554,0.0004208749999999999,0.0004208749999999999,0.0004208749999999999,,
yolo_yolov8m_20260715_165448,yolo,yolo_yolov8m_20260715_165448,yolov8m.pt,/root/autodl-fs/datasets/UA-DETRAC_YOLO/data.yaml,train,69,9220.823007583618,0.56547,0.2774,0.85465,0.87279,0.74419,0.8463,0.64544,0.99142,0.57348,1.05098,0.0004085,0.0004085,0.0004085,,
yolo_yolov8m_20260715_165448,yolo,yolo_yolov8m_20260715_165448,yolov8m.pt,/root/autodl-fs/datasets/UA-DETRAC_YOLO/data.yaml,train,70,9353.452017068863,0.55907,0.27436,0.8518,0.87157,0.73394,0.84208,0.63954,0.97956,0.56856,1.03728,0.0003961250000000001,0.0003961250000000001,0.0003961250000000001,,
yolo_yolov8m_20260715_165448,yolo,yolo_yolov8m_20260715_165448,yolov8m.pt,/root/autodl-fs/datasets/UA-DETRAC_YOLO/data.yaml,train,71,9486.107046604156,0.55704,0.27155,0.85165,0.8585,0.74396,0.83924,0.63975,0.97484,0.57442,1.0386,0.0003837500000000001,0.0003837500000000001,0.0003837500000000001,,
yolo_yolov8m_20260715_165448,yolo,yolo_yolov8m_20260715_165448,yolov8m.pt,/root/autodl-fs/datasets/UA-DETRAC_YOLO/data.yaml,train,72,9619.183629989624,0.55705,0.27067,0.85019,0.87926,0.72722,0.84053,0.63862,0.98227,0.57692,1.04224,0.00037137500000000007,0.00037137500000000007,0.00037137500000000007,,
yolo_yolov8m_20260715_165448,yolo,yolo_yolov8m_20260715_165448,yolov8m.pt,/root/autodl-fs/datasets/UA-DETRAC_YOLO/data.yaml,train,73,9751.840601205826,0.55155,0.26846,0.84995,0.89274,0.72869,0.83827,0.63987,0.98031,0.58949,1.04324,0.000359,0.000359,0.000359,,
yolo_yolov8m_20260715_165448,yolo,yolo_yolov8m_20260715_165448,yolov8m.pt,/root/autodl-fs/datasets/UA-DETRAC_YOLO/data.yaml,train,74,9884.665631055832,0.55008,0.26685,0.84813,0.90929,0.74291,0.85241,0.64602,0.97067,0.56812,1.03744,0.0003466250000000001,0.0003466250000000001,0.0003466250000000001,,
yolo_yolov8m_20260715_165448,yolo,yolo_yolov8m_20260715_165448,yolov8m.pt,/root/autodl-fs/datasets/UA-DETRAC_YOLO/data.yaml,train,75,10017.296318531036,0.55012,0.26666,0.84811,0.83681,0.76463,0.84649,0.64427,0.98181,0.57499,1.04145,0.00033425,0.00033425,0.00033425,,
yolo_yolov8m_20260715_165448,yolo,yolo_yolov8m_20260715_165448,yolov8m.pt,/root/autodl-fs/datasets/UA-DETRAC_YOLO/data.yaml,train,76,10149.98979139328,0.54414,0.26272,0.84727,0.85782,0.7466,0.84695,0.644,0.9871,0.56611,1.04694,0.000321875,0.000321875,0.000321875,,
yolo_yolov8m_20260715_165448,yolo,yolo_yolov8m_20260715_165448,yolov8m.pt,/root/autodl-fs/datasets/UA-DETRAC_YOLO/data.yaml,train,77,10282.765691041946,0.54211,0.2635,0.84699,0.80767,0.76975,0.83925,0.63317,0.99311,0.5873,1.05259,0.0003095,0.0003095,0.0003095,,
yolo_yolov8m_20260715_165448,yolo,yolo_yolov8m_20260715_165448,yolov8m.pt,/root/autodl-fs/datasets/UA-DETRAC_YOLO/data.yaml,train,78,10415.466784715652,0.53868,0.26047,0.84616,0.85563,0.74493,0.84308,0.64032,0.99217,0.58334,1.05152,0.000297125,0.000297125,0.000297125,,
yolo_yolov8m_20260715_165448,yolo,yolo_yolov8m_20260715_165448,yolov8m.pt,/root/autodl-fs/datasets/UA-DETRAC_YOLO/data.yaml,train,79,10548.184057712555,0.53844,0.26074,0.84664,0.86519,0.75389,0.84727,0.64377,0.98564,0.57974,1.05247,0.00028474999999999996,0.00028474999999999996,0.00028474999999999996,,
yolo_yolov8m_20260715_165448,yolo,yolo_yolov8m_20260715_165448,yolov8m.pt,/root/autodl-fs/datasets/UA-DETRAC_YOLO/data.yaml,train,80,10680.274145364761,0.53548,0.25878,0.84606,0.87211,0.75057,0.83951,0.63852,0.97939,0.58501,1.04607,0.000272375,0.000272375,0.000272375,,
yolo_yolov8m_20260715_165448,yolo,yolo_yolov8m_20260715_165448,yolov8m.pt,/root/autodl-fs/datasets/UA-DETRAC_YOLO/data.yaml,train,81,10813.064551830292,0.53132,0.25719,0.846,0.88634,0.73494,0.84197,0.64019,0.9833,0.59307,1.05166,0.00026,0.00026,0.00026,,
yolo_yolov8m_20260715_165448,yolo,yolo_yolov8m_20260715_165448,yolov8m.pt,/root/autodl-fs/datasets/UA-DETRAC_YOLO/data.yaml,train,82,10946.17634177208,0.53096,0.25504,0.84417,0.8803,0.76385,0.85055,0.64693,0.9779,0.58687,1.04582,0.0002476249999999999,0.0002476249999999999,0.0002476249999999999,,
yolo_yolov8m_20260715_165448,yolo,yolo_yolov8m_20260715_165448,yolov8m.pt,/root/autodl-fs/datasets/UA-DETRAC_YOLO/data.yaml,train,83,11079.362506866455,0.5289,0.2544,0.84301,0.88488,0.74723,0.84693,0.64377,0.98133,0.57693,1.05114,0.00023525000000000008,0.00023525000000000008,0.00023525000000000008,,
yolo_yolov8m_20260715_165448,yolo,yolo_yolov8m_20260715_165448,yolov8m.pt,/root/autodl-fs/datasets/UA-DETRAC_YOLO/data.yaml,train,84,11213.601322889328,0.52421,0.25274,0.84369,0.88394,0.73987,0.84201,0.64287,0.98331,0.58725,1.05615,0.00022287500000000006,0.00022287500000000006,0.00022287500000000006,,
yolo_yolov8m_20260715_165448,yolo,yolo_yolov8m_20260715_165448,yolov8m.pt,/root/autodl-fs/datasets/UA-DETRAC_YOLO/data.yaml,train,85,11348.928193807602,0.52407,0.25122,0.84391,0.87414,0.74888,0.84138,0.63761,0.98491,0.59935,1.06303,0.00021050000000000008,0.00021050000000000008,0.00021050000000000008,,
yolo_yolov8m_20260715_165448,yolo,yolo_yolov8m_20260715_165448,yolov8m.pt,/root/autodl-fs/datasets/UA-DETRAC_YOLO/data.yaml,train,86,11481.65036869049,0.51761,0.24932,0.84224,0.86627,0.73926,0.84271,0.63593,0.98481,0.60324,1.06007,0.00019812500000000003,0.00019812500000000003,0.00019812500000000003,,
yolo_yolov8m_20260715_165448,yolo,yolo_yolov8m_20260715_165448,yolov8m.pt,/root/autodl-fs/datasets/UA-DETRAC_YOLO/data.yaml,train,87,11614.620381832123,0.51839,0.24841,0.84251,0.89428,0.72915,0.84008,0.63246,0.98103,0.5969,1.05373,0.00018575000000000002,0.00018575000000000002,0.00018575000000000002,,
yolo_yolov8m_20260715_165448,yolo,yolo_yolov8m_20260715_165448,yolov8m.pt,/root/autodl-fs/datasets/UA-DETRAC_YOLO/data.yaml,train,88,11747.339809894562,0.51734,0.24752,0.84111,0.86493,0.75043,0.84886,0.64173,0.97877,0.58787,1.05063,0.00017337500000000003,0.00017337500000000003,0.00017337500000000003,,
yolo_yolov8m_20260715_165448,yolo,yolo_yolov8m_20260715_165448,yolov8m.pt,/root/autodl-fs/datasets/UA-DETRAC_YOLO/data.yaml,train,89,11879.841247081757,0.5156,0.24669,0.84075,0.86277,0.75157,0.8469,0.64137,0.97877,0.58532,1.05507,0.000161,0.000161,0.000161,,
yolo_yolov8m_20260715_165448,yolo,yolo_yolov8m_20260715_165448,yolov8m.pt,/root/autodl-fs/datasets/UA-DETRAC_YOLO/data.yaml,train,90,12012.924997329712,0.5109,0.24447,0.8417,0.867,0.74387,0.84018,0.63797,0.98084,0.5901,1.0519,0.00014862499999999997,0.00014862499999999997,0.00014862499999999997,,
yolo_yolov8m_20260715_165448,yolo,yolo_yolov8m_20260715_165448,yolov8m.pt,/root/autodl-fs/datasets/UA-DETRAC_YOLO/data.yaml,train,91,12144.881466150284,0.51004,0.22922,0.83412,0.84741,0.74921,0.83388,0.63504,0.9814,0.59893,1.04999,0.00013624999999999998,0.00013624999999999998,0.00013624999999999998,,
yolo_yolov8m_20260715_165448,yolo,yolo_yolov8m_20260715_165448,yolov8m.pt,/root/autodl-fs/datasets/UA-DETRAC_YOLO/data.yaml,train,92,12276.57212805748,0.5008,0.22444,0.83258,0.87484,0.72798,0.8318,0.63776,0.97891,0.60073,1.0494,0.00012387499999999996,0.00012387499999999996,0.00012387499999999996,,
yolo_yolov8m_20260715_165448,yolo,yolo_yolov8m_20260715_165448,yolov8m.pt,/root/autodl-fs/datasets/UA-DETRAC_YOLO/data.yaml,train,93,12408.882431030273,0.49705,0.22308,0.83116,0.84692,0.7476,0.83027,0.63193,0.9816,0.60154,1.05018,0.00011149999999999995,0.00011149999999999995,0.00011149999999999995,,
yolo_yolov8m_20260715_165448,yolo,yolo_yolov8m_20260715_165448,yolov8m.pt,/root/autodl-fs/datasets/UA-DETRAC_YOLO/data.yaml,train,94,12539.58924460411,0.49213,0.22026,0.83027,0.84433,0.75663,0.83217,0.63196,0.97721,0.6009,1.04769,9.912499999999993e-05,9.912499999999993e-05,9.912499999999993e-05,,
yolo_yolov8m_20260715_165448,yolo,yolo_yolov8m_20260715_165448,yolov8m.pt,/root/autodl-fs/datasets/UA-DETRAC_YOLO/data.yaml,train,95,12670.860595703125,0.48837,0.2189,0.82906,0.83757,0.75926,0.83507,0.63326,0.98132,0.60766,1.05204,8.675000000000006e-05,8.675000000000006e-05,8.675000000000006e-05,,
yolo_yolov8m_20260715_165448,yolo,yolo_yolov8m_20260715_165448,yolov8m.pt,/root/autodl-fs/datasets/UA-DETRAC_YOLO/data.yaml,train,96,12802.713508844376,0.48653,0.21727,0.82878,0.8945,0.71168,0.83009,0.62802,0.98061,0.60904,1.05722,7.437500000000006e-05,7.437500000000006e-05,7.437500000000006e-05,,
yolo_yolov8m_20260715_165448,yolo,yolo_yolov8m_20260715_165448,yolov8m.pt,/root/autodl-fs/datasets/UA-DETRAC_YOLO/data.yaml,train,97,12934.10835814476,0.48348,0.21643,0.82847,0.84139,0.74489,0.82785,0.62716,0.9814,0.61208,1.05603,6.200000000000006e-05,6.200000000000006e-05,6.200000000000006e-05,,
yolo_yolov8m_20260715_165448,yolo,yolo_yolov8m_20260715_165448,yolov8m.pt,/root/autodl-fs/datasets/UA-DETRAC_YOLO/data.yaml,train,98,13065.06263923645,0.48252,0.2168,0.82811,0.84349,0.74319,0.82704,0.62869,0.9798,0.61387,1.05691,4.9625000000000034e-05,4.9625000000000034e-05,4.9625000000000034e-05,,
yolo_yolov8m_20260715_165448,yolo,yolo_yolov8m_20260715_165448,yolov8m.pt,/root/autodl-fs/datasets/UA-DETRAC_YOLO/data.yaml,train,99,13197.156873464584,0.48103,0.21515,0.82748,0.85402,0.73713,0.8282,0.63025,0.97911,0.61128,1.0594,3.7250000000000025e-05,3.7250000000000025e-05,3.7250000000000025e-05,,
yolo_yolov8m_20260715_165448,yolo,yolo_yolov8m_20260715_165448,yolov8m.pt,/root/autodl-fs/datasets/UA-DETRAC_YOLO/data.yaml,train,100,13328.277093410492,0.4761,0.21244,0.82814,0.87723,0.72363,0.82944,0.63199,0.98061,0.61464,1.06169,2.4875000000000012e-05,2.4875000000000012e-05,2.4875000000000012e-05,,
yolo_yolov8n_20260715_204739,yolo,yolo_yolov8n_20260715_204739,yolov8n.pt,/root/autodl-fs/datasets/DAIR-V2X_YOLO/dairv2x.yaml,train,1,60.91229557991028,1.46308,1.73317,0.96242,0.66323,0.56605,0.59285,0.3536,1.19476,0.8678,0.89054,0.0002767879746835443,0.0002767879746835443,0.0002767879746835443,,
yolo_yolov8n_20260715_204739,yolo,yolo_yolov8n_20260715_204739,yolov8n.pt,/root/autodl-fs/datasets/DAIR-V2X_YOLO/dairv2x.yaml,train,2,114.70259189605713,1.22009,0.90525,0.89941,0.73882,0.64691,0.69535,0.42991,1.11406,0.76995,0.87122,0.0005489655404008439,0.0005489655404008439,0.0005489655404008439,,
yolo_yolov8n_20260715_204739,yolo,yolo_yolov8n_20260715_204739,yolov8n.pt,/root/autodl-fs/datasets/DAIR-V2X_YOLO/dairv2x.yaml,train,3,166.55997776985168,1.16436,0.817,0.88597,0.75907,0.66722,0.72311,0.4655,1.06936,0.70123,0.86463,0.0008156453061181434,0.0008156453061181434,0.0008156453061181434,,
yolo_yolov8n_20260715_204739,yolo,yolo_yolov8n_20260715_204739,yolov8n.pt,/root/autodl-fs/datasets/DAIR-V2X_YOLO/dairv2x.yaml,train,4,217.85085582733154,1.12764,0.76637,0.87802,0.79811,0.682,0.75478,0.48883,1.04318,0.66879,0.85769,0.0008082599,0.0008082599,0.0008082599,,
yolo_yolov8n_20260715_204739,yolo,yolo_yolov8n_20260715_204739,yolov8n.pt,/root/autodl-fs/datasets/DAIR-V2X_YOLO/dairv2x.yaml,train,5,268.84134888648987,1.09534,0.72676,0.87354,0.78959,0.70324,0.7682,0.50288,1.01696,0.64362,0.85354,0.0008000131999999999,0.0008000131999999999,0.0008000131999999999,,
yolo_yolov8n_20260715_204739,yolo,yolo_yolov8n_20260715_204739,yolov8n.pt,/root/autodl-fs/datasets/DAIR-V2X_YOLO/dairv2x.yaml,train,6,319.6710443496704,1.07531,0.69829,0.86844,0.81082,0.70324,0.78313,0.51558,0.99365,0.62109,0.85044,0.0007917665,0.0007917665,0.0007917665,,
yolo_yolov8n_20260715_204739,yolo,yolo_yolov8n_20260715_204739,yolov8n.pt,/root/autodl-fs/datasets/DAIR-V2X_YOLO/dairv2x.yaml,train,7,371.29336428642273,1.06515,0.68078,0.86612,0.80861,0.71544,0.78582,0.52333,0.98538,0.61217,0.84882,0.0007835197999999999,0.0007835197999999999,0.0007835197999999999,,
yolo_yolov8n_20260715_204739,yolo,yolo_yolov8n_20260715_204739,yolov8n.pt,/root/autodl-fs/datasets/DAIR-V2X_YOLO/dairv2x.yaml,train,8,422.26495480537415,1.04695,0.66629,0.86386,0.80264,0.72298,0.78709,0.52952,0.97139,0.61145,0.848,0.0007752731,0.0007752731,0.0007752731,,
yolo_yolov8n_20260715_204739,yolo,yolo_yolov8n_20260715_204739,yolov8n.pt,/root/autodl-fs/datasets/DAIR-V2X_YOLO/dairv2x.yaml,train,9,473.4035789966583,1.03184,0.65098,0.86064,0.82187,0.72305,0.79765,0.53556,0.9705,0.59242,0.84746,0.0007670264,0.0007670264,0.0007670264,,
yolo_yolov8n_20260715_204739,yolo,yolo_yolov8n_20260715_204739,yolov8n.pt,/root/autodl-fs/datasets/DAIR-V2X_YOLO/dairv2x.yaml,train,10,525.6577944755554,1.02259,0.64059,0.85999,0.79646,0.73965,0.79895,0.53065,0.96455,0.59033,0.84487,0.0007587797,0.0007587797,0.0007587797,,
yolo_yolov8n_20260715_204739,yolo,yolo_yolov8n_20260715_204739,yolov8n.pt,/root/autodl-fs/datasets/DAIR-V2X_YOLO/dairv2x.yaml,train,11,577.1556105613708,1.02016,0.63356,0.85867,0.82001,0.7306,0.8001,0.53856,0.96118,0.57095,0.84654,0.000750533,0.000750533,0.000750533,,
yolo_yolov8n_20260715_204739,yolo,yolo_yolov8n_20260715_204739,yolov8n.pt,/root/autodl-fs/datasets/DAIR-V2X_YOLO/dairv2x.yaml,train,12,628.7897615432739,1.00412,0.61823,0.85559,0.83509,0.72485,0.80441,0.54036,0.95203,0.57528,0.84356,0.0007422863,0.0007422863,0.0007422863,,
yolo_yolov8n_20260715_204739,yolo,yolo_yolov8n_20260715_204739,yolov8n.pt,/root/autodl-fs/datasets/DAIR-V2X_YOLO/dairv2x.yaml,train,13,679.820554971695,0.99704,0.61417,0.85474,0.8154,0.73781,0.8067,0.54268,0.95409,0.5744,0.84351,0.0007340396,0.0007340396,0.0007340396,,
yolo_yolov8n_20260715_204739,yolo,yolo_yolov8n_20260715_204739,yolov8n.pt,/root/autodl-fs/datasets/DAIR-V2X_YOLO/dairv2x.yaml,train,14,731.5282096862793,0.99408,0.60784,0.8537,0.81278,0.74593,0.80928,0.55371,0.93104,0.55605,0.83903,0.0007257928999999999,0.0007257928999999999,0.0007257928999999999,,
yolo_yolov8n_20260715_204739,yolo,yolo_yolov8n_20260715_204739,yolov8n.pt,/root/autodl-fs/datasets/DAIR-V2X_YOLO/dairv2x.yaml,train,15,783.7270562648773,0.98868,0.60377,0.85124,0.81712,0.74175,0.81067,0.55439,0.91886,0.55892,0.83925,0.0007175462,0.0007175462,0.0007175462,,
yolo_yolov8n_20260715_204739,yolo,yolo_yolov8n_20260715_204739,yolov8n.pt,/root/autodl-fs/datasets/DAIR-V2X_YOLO/dairv2x.yaml,train,16,834.9521608352661,0.98202,0.59538,0.85252,0.83357,0.74964,0.81828,0.56474,0.91413,0.54833,0.83714,0.0007092995,0.0007092995,0.0007092995,,
yolo_yolov8n_20260715_204739,yolo,yolo_yolov8n_20260715_204739,yolov8n.pt,/root/autodl-fs/datasets/DAIR-V2X_YOLO/dairv2x.yaml,train,17,886.3902876377106,0.97057,0.58874,0.84962,0.81975,0.75903,0.82237,0.56668,0.91608,0.54217,0.83627,0.0007010528,0.0007010528,0.0007010528,,
yolo_yolov8n_20260715_204739,yolo,yolo_yolov8n_20260715_204739,yolov8n.pt,/root/autodl-fs/datasets/DAIR-V2X_YOLO/dairv2x.yaml,train,18,937.6951267719269,0.97463,0.58896,0.85049,0.83104,0.75437,0.8235,0.56986,0.91117,0.54055,0.83605,0.0006928061,0.0006928061,0.0006928061,,
yolo_yolov8n_20260715_204739,yolo,yolo_yolov8n_20260715_204739,yolov8n.pt,/root/autodl-fs/datasets/DAIR-V2X_YOLO/dairv2x.yaml,train,19,989.3218212127686,0.96501,0.58418,0.84912,0.84123,0.75415,0.82772,0.56991,0.91119,0.54272,0.83629,0.0006845594000000001,0.0006845594000000001,0.0006845594000000001,,
yolo_yolov8n_20260715_204739,yolo,yolo_yolov8n_20260715_204739,yolov8n.pt,/root/autodl-fs/datasets/DAIR-V2X_YOLO/dairv2x.yaml,train,20,1040.7776460647583,0.96102,0.57855,0.84807,0.83107,0.75486,0.82061,0.5655,0.90472,0.54321,0.83455,0.0006763127,0.0006763127,0.0006763127,,
yolo_yolov8n_20260715_204739,yolo,yolo_yolov8n_20260715_204739,yolov8n.pt,/root/autodl-fs/datasets/DAIR-V2X_YOLO/dairv2x.yaml,train,21,1092.0415680408478,0.95935,0.57803,0.84691,0.83173,0.75797,0.8265,0.56932,0.90623,0.5445,0.83432,0.000668066,0.000668066,0.000668066,,
yolo_yolov8n_20260715_204739,yolo,yolo_yolov8n_20260715_204739,yolov8n.pt,/root/autodl-fs/datasets/DAIR-V2X_YOLO/dairv2x.yaml,train,22,1143.4025056362152,0.9522,0.57166,0.84607,0.83735,0.76854,0.8354,0.57917,0.89604,0.52815,0.8342,0.0006598193,0.0006598193,0.0006598193,,
yolo_yolov8n_20260715_204739,yolo,yolo_yolov8n_20260715_204739,yolov8n.pt,/root/autodl-fs/datasets/DAIR-V2X_YOLO/dairv2x.yaml,train,23,1194.8288145065308,0.9525,0.56982,0.8458,0.82969,0.75187,0.82206,0.56569,0.91202,0.54611,0.83565,0.0006515726,0.0006515726,0.0006515726,,
yolo_yolov8n_20260715_204739,yolo,yolo_yolov8n_20260715_204739,yolov8n.pt,/root/autodl-fs/datasets/DAIR-V2X_YOLO/dairv2x.yaml,train,24,1246.5787613391876,0.94626,0.56741,0.84617,0.82765,0.7583,0.82896,0.57498,0.89604,0.53713,0.83424,0.0006433259,0.0006433259,0.0006433259,,
yolo_yolov8n_20260715_204739,yolo,yolo_yolov8n_20260715_204739,yolov8n.pt,/root/autodl-fs/datasets/DAIR-V2X_YOLO/dairv2x.yaml,train,25,1297.1612265110016,0.94304,0.564,0.84493,0.8334,0.76772,0.83299,0.58189,0.88797,0.52616,0.83154,0.0006350791999999999,0.0006350791999999999,0.0006350791999999999,,
yolo_yolov8n_20260715_204739,yolo,yolo_yolov8n_20260715_204739,yolov8n.pt,/root/autodl-fs/datasets/DAIR-V2X_YOLO/dairv2x.yaml,train,26,1348.11190867424,0.93874,0.55946,0.84404,0.83236,0.75472,0.82321,0.57491,0.90115,0.53631,0.83254,0.0006268325,0.0006268325,0.0006268325,,
yolo_yolov8n_20260715_204739,yolo,yolo_yolov8n_20260715_204739,yolov8n.pt,/root/autodl-fs/datasets/DAIR-V2X_YOLO/dairv2x.yaml,train,27,1400.2995133399963,0.94195,0.5604,0.84375,0.83839,0.76585,0.83139,0.58157,0.88443,0.52495,0.83165,0.0006185858,0.0006185858,0.0006185858,,
yolo_yolov8n_20260715_204739,yolo,yolo_yolov8n_20260715_204739,yolov8n.pt,/root/autodl-fs/datasets/DAIR-V2X_YOLO/dairv2x.yaml,train,28,1451.6927633285522,0.94007,0.56022,0.84466,0.8283,0.77117,0.83465,0.58176,0.8858,0.52499,0.83193,0.0006103391,0.0006103391,0.0006103391,,
yolo_yolov8n_20260715_204739,yolo,yolo_yolov8n_20260715_204739,yolov8n.pt,/root/autodl-fs/datasets/DAIR-V2X_YOLO/dairv2x.yaml,train,29,1502.2968866825104,0.93389,0.5576,0.84309,0.83523,0.76175,0.83263,0.58026,0.88398,0.5274,0.83152,0.0006020924,0.0006020924,0.0006020924,,
yolo_yolov8n_20260715_204739,yolo,yolo_yolov8n_20260715_204739,yolov8n.pt,/root/autodl-fs/datasets/DAIR-V2X_YOLO/dairv2x.yaml,train,30,1552.767364025116,0.92773,0.55108,0.84193,0.83778,0.76577,0.83778,0.588,0.87471,0.51743,0.82975,0.0005938457,0.0005938457,0.0005938457,,
yolo_yolov8n_20260715_204739,yolo,yolo_yolov8n_20260715_204739,yolov8n.pt,/root/autodl-fs/datasets/DAIR-V2X_YOLO/dairv2x.yaml,train,31,1604.5222318172455,0.92985,0.55081,0.84202,0.83725,0.76772,0.83795,0.5916,0.87356,0.51335,0.83018,0.0005855989999999999,0.0005855989999999999,0.0005855989999999999,,
yolo_yolov8n_20260715_204739,yolo,yolo_yolov8n_20260715_204739,yolov8n.pt,/root/autodl-fs/datasets/DAIR-V2X_YOLO/dairv2x.yaml,train,32,1655.798763036728,0.92309,0.54787,0.84119,0.82885,0.77453,0.83637,0.58838,0.87972,0.51985,0.82936,0.0005773522999999999,0.0005773522999999999,0.0005773522999999999,,
yolo_yolov8n_20260715_204739,yolo,yolo_yolov8n_20260715_204739,yolov8n.pt,/root/autodl-fs/datasets/DAIR-V2X_YOLO/dairv2x.yaml,train,33,1707.0547761917114,0.92087,0.54706,0.84114,0.84251,0.77565,0.84398,0.59374,0.87171,0.51232,0.82963,0.0005691056,0.0005691056,0.0005691056,,
yolo_yolov8n_20260715_204739,yolo,yolo_yolov8n_20260715_204739,yolov8n.pt,/root/autodl-fs/datasets/DAIR-V2X_YOLO/dairv2x.yaml,train,34,1758.4539258480072,0.91758,0.54513,0.8408,0.84831,0.77053,0.83963,0.59263,0.86835,0.51095,0.82824,0.0005608588999999999,0.0005608588999999999,0.0005608588999999999,,
yolo_yolov8n_20260715_204739,yolo,yolo_yolov8n_20260715_204739,yolov8n.pt,/root/autodl-fs/datasets/DAIR-V2X_YOLO/dairv2x.yaml,train,35,1809.716590642929,0.91377,0.54028,0.83998,0.84486,0.77071,0.84123,0.59341,0.87088,0.51048,0.82889,0.0005526121999999999,0.0005526121999999999,0.0005526121999999999,,
yolo_yolov8n_20260715_204739,yolo,yolo_yolov8n_20260715_204739,yolov8n.pt,/root/autodl-fs/datasets/DAIR-V2X_YOLO/dairv2x.yaml,train,36,1861.3425993919373,0.91337,0.53836,0.83947,0.84942,0.77385,0.84663,0.59828,0.86961,0.50578,0.8281,0.0005443655,0.0005443655,0.0005443655,,
yolo_yolov8n_20260715_204739,yolo,yolo_yolov8n_20260715_204739,yolov8n.pt,/root/autodl-fs/datasets/DAIR-V2X_YOLO/dairv2x.yaml,train,37,1912.4788029193878,0.9128,0.53854,0.83903,0.8307,0.77922,0.84284,0.59533,0.86157,0.505,0.82822,0.0005361188,0.0005361188,0.0005361188,,
yolo_yolov8n_20260715_204739,yolo,yolo_yolov8n_20260715_204739,yolov8n.pt,/root/autodl-fs/datasets/DAIR-V2X_YOLO/dairv2x.yaml,train,38,1963.5976440906525,0.91278,0.53746,0.83934,0.84203,0.7756,0.84454,0.59481,0.86621,0.50632,0.82865,0.0005278721,0.0005278721,0.0005278721,,
yolo_yolov8n_20260715_204739,yolo,yolo_yolov8n_20260715_204739,yolov8n.pt,/root/autodl-fs/datasets/DAIR-V2X_YOLO/dairv2x.yaml,train,39,2014.8039116859436,0.90685,0.53592,0.8384,0.84531,0.77418,0.84283,0.597,0.86282,0.50506,0.82793,0.0005196254,0.0005196254,0.0005196254,,
yolo_yolov8n_20260715_204739,yolo,yolo_yolov8n_20260715_204739,yolov8n.pt,/root/autodl-fs/datasets/DAIR-V2X_YOLO/dairv2x.yaml,train,40,2066.0281286239624,0.90907,0.53583,0.83791,0.84101,0.77052,0.84416,0.59692,0.85645,0.50004,0.82666,0.0005113787,0.0005113787,0.0005113787,,
yolo_yolov8n_20260715_204739,yolo,yolo_yolov8n_20260715_204739,yolov8n.pt,/root/autodl-fs/datasets/DAIR-V2X_YOLO/dairv2x.yaml,train,41,2117.269002199173,0.90489,0.53203,0.83893,0.84751,0.77439,0.84428,0.60095,0.85322,0.49792,0.82659,0.000503132,0.000503132,0.000503132,,
yolo_yolov8n_20260715_204739,yolo,yolo_yolov8n_20260715_204739,yolov8n.pt,/root/autodl-fs/datasets/DAIR-V2X_YOLO/dairv2x.yaml,train,42,2168.2474710941315,0.90512,0.53175,0.83781,0.83672,0.78411,0.84355,0.59726,0.85339,0.50067,0.82582,0.0004948853,0.0004948853,0.0004948853,,
yolo_yolov8n_20260715_204739,yolo,yolo_yolov8n_20260715_204739,yolov8n.pt,/root/autodl-fs/datasets/DAIR-V2X_YOLO/dairv2x.yaml,train,43,2220.688106060028,0.89983,0.52797,0.8374,0.84215,0.7828,0.8479,0.6022,0.85057,0.4983,0.82582,0.00048663860000000005,0.00048663860000000005,0.00048663860000000005,,
yolo_yolov8n_20260715_204739,yolo,yolo_yolov8n_20260715_204739,yolov8n.pt,/root/autodl-fs/datasets/DAIR-V2X_YOLO/dairv2x.yaml,train,44,2271.9391453266144,0.90233,0.52927,0.83674,0.83565,0.78243,0.8477,0.59956,0.85598,0.49657,0.82624,0.00047839190000000003,0.00047839190000000003,0.00047839190000000003,,
yolo_yolov8n_20260715_204739,yolo,yolo_yolov8n_20260715_204739,yolov8n.pt,/root/autodl-fs/datasets/DAIR-V2X_YOLO/dairv2x.yaml,train,45,2322.7984223365784,0.89575,0.5267,0.83601,0.84236,0.78451,0.84435,0.59912,0.85213,0.49559,0.82583,0.0004701452,0.0004701452,0.0004701452,,
yolo_yolov8n_20260715_204739,yolo,yolo_yolov8n_20260715_204739,yolov8n.pt,/root/autodl-fs/datasets/DAIR-V2X_YOLO/dairv2x.yaml,train,46,2373.7841868400574,0.89536,0.5254,0.83686,0.84571,0.77915,0.84687,0.60271,0.852,0.49558,0.82501,0.0004618985,0.0004618985,0.0004618985,,
yolo_yolov8n_20260715_204739,yolo,yolo_yolov8n_20260715_204739,yolov8n.pt,/root/autodl-fs/datasets/DAIR-V2X_YOLO/dairv2x.yaml,train,47,2424.9435262680054,0.89346,0.52302,0.83538,0.83723,0.78385,0.84911,0.60414,0.84858,0.49483,0.82524,0.00045365180000000007,0.00045365180000000007,0.00045365180000000007,,
yolo_yolov8n_20260715_204739,yolo,yolo_yolov8n_20260715_204739,yolov8n.pt,/root/autodl-fs/datasets/DAIR-V2X_YOLO/dairv2x.yaml,train,48,2476.621603012085,0.8942,0.5241,0.83703,0.82722,0.79471,0.8451,0.60145,0.84687,0.49375,0.82528,0.00044540510000000004,0.00044540510000000004,0.00044540510000000004,,
yolo_yolov8n_20260715_204739,yolo,yolo_yolov8n_20260715_204739,yolov8n.pt,/root/autodl-fs/datasets/DAIR-V2X_YOLO/dairv2x.yaml,train,49,2527.9911653995514,0.89143,0.5213,0.83599,0.83502,0.78735,0.8484,0.60444,0.8483,0.4912,0.82531,0.0004371584,0.0004371584,0.0004371584,,
yolo_yolov8n_20260715_204739,yolo,yolo_yolov8n_20260715_204739,yolov8n.pt,/root/autodl-fs/datasets/DAIR-V2X_YOLO/dairv2x.yaml,train,50,2579.590809106827,0.89014,0.52051,0.83579,0.84933,0.78396,0.85119,0.60894,0.84525,0.4924,0.82492,0.0004289117,0.0004289117,0.0004289117,,
yolo_yolov8n_20260715_204739,yolo,yolo_yolov8n_20260715_204739,yolov8n.pt,/root/autodl-fs/datasets/DAIR-V2X_YOLO/dairv2x.yaml,train,51,2631.4517772197723,0.88881,0.51835,0.83493,0.85496,0.77921,0.85347,0.6096,0.84385,0.48902,0.82472,0.00042066499999999997,0.00042066499999999997,0.00042066499999999997,,
yolo_yolov8n_20260715_204739,yolo,yolo_yolov8n_20260715_204739,yolov8n.pt,/root/autodl-fs/datasets/DAIR-V2X_YOLO/dairv2x.yaml,train,52,2683.063324689865,0.88412,0.51663,0.83476,0.84401,0.78645,0.8487,0.6067,0.84356,0.48836,0.8244,0.00041241829999999995,0.00041241829999999995,0.00041241829999999995,,
yolo_yolov8n_20260715_204739,yolo,yolo_yolov8n_20260715_204739,yolov8n.pt,/root/autodl-fs/datasets/DAIR-V2X_YOLO/dairv2x.yaml,train,53,2734.1270644664764,0.88549,0.51867,0.83472,0.84335,0.79142,0.85473,0.61258,0.84047,0.48487,0.82447,0.0004041716,0.0004041716,0.0004041716,,
yolo_yolov8n_20260715_204739,yolo,yolo_yolov8n_20260715_204739,yolov8n.pt,/root/autodl-fs/datasets/DAIR-V2X_YOLO/dairv2x.yaml,train,54,2786.0589809417725,0.88462,0.51503,0.83498,0.84004,0.7883,0.85224,0.60923,0.84038,0.48775,0.82415,0.0003959249,0.0003959249,0.0003959249,,
yolo_yolov8n_20260715_204739,yolo,yolo_yolov8n_20260715_204739,yolov8n.pt,/root/autodl-fs/datasets/DAIR-V2X_YOLO/dairv2x.yaml,train,55,2837.0774579048157,0.88192,0.51416,0.83363,0.8536,0.78527,0.85266,0.60994,0.83885,0.48349,0.82415,0.0003876782,0.0003876782,0.0003876782,,
yolo_yolov8n_20260715_204739,yolo,yolo_yolov8n_20260715_204739,yolov8n.pt,/root/autodl-fs/datasets/DAIR-V2X_YOLO/dairv2x.yaml,train,56,2888.4463782310486,0.87956,0.51289,0.83383,0.84215,0.79239,0.85442,0.6113,0.83615,0.48137,0.82345,0.00037943149999999996,0.00037943149999999996,0.00037943149999999996,,
yolo_yolov8n_20260715_204739,yolo,yolo_yolov8n_20260715_204739,yolov8n.pt,/root/autodl-fs/datasets/DAIR-V2X_YOLO/dairv2x.yaml,train,57,2939.8071897029877,0.87993,0.51037,0.83403,0.85031,0.78807,0.85297,0.61244,0.83592,0.48357,0.82337,0.00037118479999999994,0.00037118479999999994,0.00037118479999999994,,
yolo_yolov8n_20260715_204739,yolo,yolo_yolov8n_20260715_204739,yolov8n.pt,/root/autodl-fs/datasets/DAIR-V2X_YOLO/dairv2x.yaml,train,58,2991.478341817856,0.87467,0.50788,0.83342,0.8552,0.78307,0.85416,0.6112,0.83566,0.48227,0.82288,0.0003629381,0.0003629381,0.0003629381,,
yolo_yolov8n_20260715_204739,yolo,yolo_yolov8n_20260715_204739,yolov8n.pt,/root/autodl-fs/datasets/DAIR-V2X_YOLO/dairv2x.yaml,train,59,3043.1404433250427,0.87689,0.50972,0.83334,0.84562,0.7887,0.85122,0.60949,0.83644,0.48363,0.82321,0.00035469140000000005,0.00035469140000000005,0.00035469140000000005,,
yolo_yolov8n_20260715_204739,yolo,yolo_yolov8n_20260715_204739,yolov8n.pt,/root/autodl-fs/datasets/DAIR-V2X_YOLO/dairv2x.yaml,train,60,3094.5698795318604,0.87532,0.50824,0.83292,0.83577,0.79719,0.85391,0.61203,0.83439,0.4803,0.82311,0.00034644470000000003,0.00034644470000000003,0.00034644470000000003,,
yolo_yolov8n_20260715_204739,yolo,yolo_yolov8n_20260715_204739,yolov8n.pt,/root/autodl-fs/datasets/DAIR-V2X_YOLO/dairv2x.yaml,train,61,3145.295774459839,0.8724,0.50769,0.83226,0.84913,0.78674,0.85437,0.61326,0.83277,0.47981,0.82264,0.000338198,0.000338198,0.000338198,,
yolo_yolov8n_20260715_204739,yolo,yolo_yolov8n_20260715_204739,yolov8n.pt,/root/autodl-fs/datasets/DAIR-V2X_YOLO/dairv2x.yaml,train,62,3196.2785148620605,0.86795,0.50358,0.8331,0.84398,0.79453,0.85398,0.61347,0.83144,0.47894,0.82246,0.0003299513,0.0003299513,0.0003299513,,
yolo_yolov8n_20260715_204739,yolo,yolo_yolov8n_20260715_204739,yolov8n.pt,/root/autodl-fs/datasets/DAIR-V2X_YOLO/dairv2x.yaml,train,63,3248.529183626175,0.86982,0.5039,0.83187,0.84853,0.78566,0.85507,0.61385,0.83381,0.4818,0.82331,0.00032170459999999996,0.00032170459999999996,0.00032170459999999996,,
yolo_yolov8n_20260715_204739,yolo,yolo_yolov8n_20260715_204739,yolov8n.pt,/root/autodl-fs/datasets/DAIR-V2X_YOLO/dairv2x.yaml,train,64,3299.945748090744,0.87007,0.50336,0.83163,0.84641,0.78641,0.85447,0.61297,0.83259,0.47836,0.82264,0.0003134579,0.0003134579,0.0003134579,,
yolo_yolov8n_20260715_204739,yolo,yolo_yolov8n_20260715_204739,yolov8n.pt,/root/autodl-fs/datasets/DAIR-V2X_YOLO/dairv2x.yaml,train,65,3351.1271092891693,0.86597,0.50173,0.83224,0.85417,0.78148,0.85652,0.61554,0.83193,0.47754,0.82244,0.0003052112,0.0003052112,0.0003052112,,
yolo_yolov8n_20260715_204739,yolo,yolo_yolov8n_20260715_204739,yolov8n.pt,/root/autodl-fs/datasets/DAIR-V2X_YOLO/dairv2x.yaml,train,66,3402.5309162139893,0.86506,0.50197,0.83171,0.83432,0.79631,0.85597,0.61414,0.82809,0.47739,0.82221,0.0002969645,0.0002969645,0.0002969645,,
yolo_yolov8n_20260715_204739,yolo,yolo_yolov8n_20260715_204739,yolov8n.pt,/root/autodl-fs/datasets/DAIR-V2X_YOLO/dairv2x.yaml,train,67,3454.404651403427,0.86733,0.50035,0.83126,0.8495,0.78664,0.85548,0.61428,0.82865,0.47698,0.8225,0.00028871779999999997,0.00028871779999999997,0.00028871779999999997,,
yolo_yolov8n_20260715_204739,yolo,yolo_yolov8n_20260715_204739,yolov8n.pt,/root/autodl-fs/datasets/DAIR-V2X_YOLO/dairv2x.yaml,train,68,3506.0212371349335,0.86349,0.49879,0.83116,0.83769,0.80206,0.85583,0.61489,0.82806,0.47512,0.82223,0.00028047109999999994,0.00028047109999999994,0.00028047109999999994,,
yolo_yolov8n_20260715_204739,yolo,yolo_yolov8n_20260715_204739,yolov8n.pt,/root/autodl-fs/datasets/DAIR-V2X_YOLO/dairv2x.yaml,train,69,3556.8136286735535,0.86005,0.49722,0.83102,0.84018,0.79252,0.85191,0.61137,0.82805,0.47589,0.82213,0.0002722244,0.0002722244,0.0002722244,,
yolo_yolov8n_20260715_204739,yolo,yolo_yolov8n_20260715_204739,yolov8n.pt,/root/autodl-fs/datasets/DAIR-V2X_YOLO/dairv2x.yaml,train,70,3608.1448731422424,0.85984,0.49491,0.83045,0.84504,0.78994,0.85617,0.61527,0.82488,0.47317,0.8215,0.00026397770000000006,0.00026397770000000006,0.00026397770000000006,,
yolo_yolov8n_20260715_204739,yolo,yolo_yolov8n_20260715_204739,yolov8n.pt,/root/autodl-fs/datasets/DAIR-V2X_YOLO/dairv2x.yaml,train,71,3659.6835100650787,0.86358,0.4984,0.83096,0.84816,0.78967,0.85813,0.61905,0.82693,0.47398,0.82193,0.00025573100000000004,0.00025573100000000004,0.00025573100000000004,,
yolo_yolov8n_20260715_204739,yolo,yolo_yolov8n_20260715_204739,yolov8n.pt,/root/autodl-fs/datasets/DAIR-V2X_YOLO/dairv2x.yaml,train,72,3711.436675786972,0.86076,0.49586,0.82991,0.84001,0.79934,0.85655,0.61685,0.82495,0.4731,0.82151,0.0002474843,0.0002474843,0.0002474843,,
yolo_yolov8n_20260715_204739,yolo,yolo_yolov8n_20260715_204739,yolov8n.pt,/root/autodl-fs/datasets/DAIR-V2X_YOLO/dairv2x.yaml,train,73,3762.106043100357,0.85638,0.49316,0.83004,0.85568,0.78851,0.85587,0.61711,0.82238,0.47026,0.82133,0.0002392376,0.0002392376,0.0002392376,,
yolo_yolov8n_20260715_204739,yolo,yolo_yolov8n_20260715_204739,yolov8n.pt,/root/autodl-fs/datasets/DAIR-V2X_YOLO/dairv2x.yaml,train,74,3813.19886302948,0.85609,0.49382,0.82992,0.85103,0.79018,0.8562,0.61835,0.82183,0.46982,0.82082,0.00023099090000000002,0.00023099090000000002,0.00023099090000000002,,
yolo_yolov8n_20260715_204739,yolo,yolo_yolov8n_20260715_204739,yolov8n.pt,/root/autodl-fs/datasets/DAIR-V2X_YOLO/dairv2x.yaml,train,75,3864.623049020767,0.85454,0.49174,0.82929,0.84882,0.79101,0.85718,0.61934,0.82161,0.47002,0.82122,0.00022274420000000002,0.00022274420000000002,0.00022274420000000002,,
yolo_yolov8n_20260715_204739,yolo,yolo_yolov8n_20260715_204739,yolov8n.pt,/root/autodl-fs/datasets/DAIR-V2X_YOLO/dairv2x.yaml,train,76,3916.0952484607697,0.85349,0.48963,0.83012,0.85583,0.79069,0.86087,0.6204,0.82207,0.46957,0.82118,0.0002144975,0.0002144975,0.0002144975,,
yolo_yolov8n_20260715_204739,yolo,yolo_yolov8n_20260715_204739,yolov8n.pt,/root/autodl-fs/datasets/DAIR-V2X_YOLO/dairv2x.yaml,train,77,3966.658895969391,0.85084,0.48991,0.82987,0.84728,0.79254,0.85772,0.61864,0.82134,0.46997,0.8211,0.00020625079999999997,0.00020625079999999997,0.00020625079999999997,,
yolo_yolov8n_20260715_204739,yolo,yolo_yolov8n_20260715_204739,yolov8n.pt,/root/autodl-fs/datasets/DAIR-V2X_YOLO/dairv2x.yaml,train,78,4018.540016412735,0.84953,0.48847,0.8297,0.8551,0.7888,0.85668,0.61669,0.82184,0.47033,0.82125,0.00019800409999999998,0.00019800409999999998,0.00019800409999999998,,
yolo_yolov8n_20260715_204739,yolo,yolo_yolov8n_20260715_204739,yolov8n.pt,/root/autodl-fs/datasets/DAIR-V2X_YOLO/dairv2x.yaml,train,79,4069.989282608032,0.84887,0.48746,0.82805,0.85083,0.79039,0.8546,0.61666,0.82025,0.4698,0.82094,0.00018975739999999998,0.00018975739999999998,0.00018975739999999998,,
yolo_yolov8n_20260715_204739,yolo,yolo_yolov8n_20260715_204739,yolov8n.pt,/root/autodl-fs/datasets/DAIR-V2X_YOLO/dairv2x.yaml,train,80,4120.770045757294,0.84913,0.48757,0.82816,0.84758,0.79057,0.85394,0.61669,0.81983,0.46895,0.82068,0.00018151069999999998,0.00018151069999999998,0.00018151069999999998,,
yolo_yolov8n_20260715_204739,yolo,yolo_yolov8n_20260715_204739,yolov8n.pt,/root/autodl-fs/datasets/DAIR-V2X_YOLO/dairv2x.yaml,train,81,4171.591832637787,0.8431,0.48378,0.82836,0.85307,0.78889,0.85553,0.61818,0.81811,0.46882,0.8207,0.00017326399999999996,0.00017326399999999996,0.00017326399999999996,,
yolo_yolov8n_20260715_204739,yolo,yolo_yolov8n_20260715_204739,yolov8n.pt,/root/autodl-fs/datasets/DAIR-V2X_YOLO/dairv2x.yaml,train,82,4223.061890602112,0.84508,0.48461,0.82836,0.85784,0.78855,0.85549,0.61947,0.81646,0.46839,0.82026,0.00016501729999999994,0.00016501729999999994,0.00016501729999999994,,
yolo_yolov8n_20260715_204739,yolo,yolo_yolov8n_20260715_204739,yolov8n.pt,/root/autodl-fs/datasets/DAIR-V2X_YOLO/dairv2x.yaml,train,83,4274.5920515060425,0.84372,0.48342,0.8284,0.84923,0.79435,0.85734,0.62122,0.81699,0.46776,0.82026,0.00015677060000000005,0.00015677060000000005,0.00015677060000000005,,
yolo_yolov8n_20260715_204739,yolo,yolo_yolov8n_20260715_204739,yolov8n.pt,/root/autodl-fs/datasets/DAIR-V2X_YOLO/dairv2x.yaml,train,84,4327.025705337524,0.84331,0.48404,0.82787,0.84699,0.79468,0.85762,0.62054,0.81749,0.46699,0.82037,0.00014852390000000002,0.00014852390000000002,0.00014852390000000002,,
yolo_yolov8n_20260715_204739,yolo,yolo_yolov8n_20260715_204739,yolov8n.pt,/root/autodl-fs/datasets/DAIR-V2X_YOLO/dairv2x.yaml,train,85,4377.850478410721,0.84125,0.48161,0.82795,0.85188,0.79288,0.8561,0.62022,0.81749,0.46698,0.82044,0.00014027720000000003,0.00014027720000000003,0.00014027720000000003,,
yolo_yolov8n_20260715_204739,yolo,yolo_yolov8n_20260715_204739,yolov8n.pt,/root/autodl-fs/datasets/DAIR-V2X_YOLO/dairv2x.yaml,train,86,4429.041500091553,0.84165,0.48087,0.82709,0.85038,0.79362,0.85667,0.61969,0.816,0.46616,0.82021,0.00013203050000000003,0.00013203050000000003,0.00013203050000000003,,
yolo_yolov8n_20260715_204739,yolo,yolo_yolov8n_20260715_204739,yolov8n.pt,/root/autodl-fs/datasets/DAIR-V2X_YOLO/dairv2x.yaml,train,87,4480.522919654846,0.83933,0.47996,0.82765,0.85246,0.79345,0.85648,0.61999,0.81614,0.46684,0.82025,0.0001237838,0.0001237838,0.0001237838,,
yolo_yolov8n_20260715_204739,yolo,yolo_yolov8n_20260715_204739,yolov8n.pt,/root/autodl-fs/datasets/DAIR-V2X_YOLO/dairv2x.yaml,train,88,4531.68065905571,0.83705,0.47872,0.82717,0.85432,0.78779,0.8562,0.61949,0.81568,0.4656,0.82009,0.00011553710000000001,0.00011553710000000001,0.00011553710000000001,,
yolo_yolov8n_20260715_204739,yolo,yolo_yolov8n_20260715_204739,yolov8n.pt,/root/autodl-fs/datasets/DAIR-V2X_YOLO/dairv2x.yaml,train,89,4583.407161474228,0.83449,0.47704,0.82769,0.8467,0.79756,0.85807,0.62043,0.81513,0.4654,0.82006,0.0001072904,0.0001072904,0.0001072904,,
yolo_yolov8n_20260715_204739,yolo,yolo_yolov8n_20260715_204739,yolov8n.pt,/root/autodl-fs/datasets/DAIR-V2X_YOLO/dairv2x.yaml,train,90,4634.429506063461,0.83623,0.47812,0.82759,0.85204,0.79125,0.85871,0.62158,0.81434,0.46502,0.82002,9.904369999999997e-05,9.904369999999997e-05,9.904369999999997e-05,,
yolo_yolov8n_20260715_204739,yolo,yolo_yolov8n_20260715_204739,yolov8n.pt,/root/autodl-fs/datasets/DAIR-V2X_YOLO/dairv2x.yaml,train,91,4681.852853298187,0.80669,0.46367,0.82206,0.84533,0.7928,0.85675,0.61705,0.8252,0.47074,0.82158,9.079699999999998e-05,9.079699999999998e-05,9.079699999999998e-05,,
yolo_yolov8n_20260715_204739,yolo,yolo_yolov8n_20260715_204739,yolov8n.pt,/root/autodl-fs/datasets/DAIR-V2X_YOLO/dairv2x.yaml,train,92,4727.222823143005,0.80291,0.45898,0.82025,0.85114,0.79114,0.85456,0.61607,0.82436,0.47067,0.82136,8.255029999999997e-05,8.255029999999997e-05,8.255029999999997e-05,,
yolo_yolov8n_20260715_204739,yolo,yolo_yolov8n_20260715_204739,yolov8n.pt,/root/autodl-fs/datasets/DAIR-V2X_YOLO/dairv2x.yaml,train,93,4772.898960828781,0.79583,0.45541,0.82004,0.8467,0.79328,0.85548,0.61749,0.8226,0.4699,0.82125,7.430359999999997e-05,7.430359999999997e-05,7.430359999999997e-05,,
yolo_yolov8n_20260715_204739,yolo,yolo_yolov8n_20260715_204739,yolov8n.pt,/root/autodl-fs/datasets/DAIR-V2X_YOLO/dairv2x.yaml,train,94,4818.478867769241,0.79136,0.45338,0.82033,0.852,0.78997,0.85516,0.61779,0.82053,0.46999,0.82081,6.605689999999995e-05,6.605689999999995e-05,6.605689999999995e-05,,
yolo_yolov8n_20260715_204739,yolo,yolo_yolov8n_20260715_204739,yolov8n.pt,/root/autodl-fs/datasets/DAIR-V2X_YOLO/dairv2x.yaml,train,95,4863.826892852783,0.79201,0.45246,0.8194,0.85317,0.79315,0.85638,0.61935,0.81947,0.46896,0.82072,5.781020000000004e-05,5.781020000000004e-05,5.781020000000004e-05,,
yolo_yolov8n_20260715_204739,yolo,yolo_yolov8n_20260715_204739,yolov8n.pt,/root/autodl-fs/datasets/DAIR-V2X_YOLO/dairv2x.yaml,train,96,4909.952688932419,0.79127,0.45078,0.81973,0.84621,0.80103,0.85652,0.61915,0.81912,0.46822,0.82054,4.9563500000000035e-05,4.9563500000000035e-05,4.9563500000000035e-05,,
yolo_yolov8n_20260715_204739,yolo,yolo_yolov8n_20260715_204739,yolov8n.pt,/root/autodl-fs/datasets/DAIR-V2X_YOLO/dairv2x.yaml,train,97,4955.633800506592,0.79,0.45054,0.81923,0.84559,0.7988,0.85604,0.62002,0.81844,0.4679,0.82041,4.131680000000003e-05,4.131680000000003e-05,4.131680000000003e-05,,
yolo_yolov8n_20260715_204739,yolo,yolo_yolov8n_20260715_204739,yolov8n.pt,/root/autodl-fs/datasets/DAIR-V2X_YOLO/dairv2x.yaml,train,98,5000.892533779144,0.78894,0.45046,0.81892,0.8492,0.79663,0.857,0.62036,0.81799,0.46721,0.82042,3.307010000000002e-05,3.307010000000002e-05,3.307010000000002e-05,,
yolo_yolov8n_20260715_204739,yolo,yolo_yolov8n_20260715_204739,yolov8n.pt,/root/autodl-fs/datasets/DAIR-V2X_YOLO/dairv2x.yaml,train,99,5046.807240247726,0.78595,0.44694,0.81878,0.84994,0.79679,0.85607,0.62024,0.81736,0.46717,0.82046,2.4823400000000017e-05,2.4823400000000017e-05,2.4823400000000017e-05,,
yolo_yolov8n_20260715_204739,yolo,yolo_yolov8n_20260715_204739,yolov8n.pt,/root/autodl-fs/datasets/DAIR-V2X_YOLO/dairv2x.yaml,train,100,5093.080610990524,0.78575,0.44785,0.81879,0.84924,0.79605,0.857,0.62126,0.81662,0.46671,0.82033,1.6576700000000007e-05,1.6576700000000007e-05,1.6576700000000007e-05,,
yolo_yolov8n_20260715_222254,yolo,yolo_yolov8n_20260715_222254,yolov8n.pt,/root/autodl-fs/datasets/UA-DETRAC_YOLO/data.yaml,train,1,52.900158643722534,1.06094,1.39808,0.97214,0.62438,0.50114,0.52958,0.35687,1.07968,0.90069,0.97638,0.00041533546325878595,0.00041533546325878595,0.00041533546325878595,,
yolo_yolov8n_20260715_222254,yolo,yolo_yolov8n_20260715_222254,yolov8n.pt,/root/autodl-fs/datasets/UA-DETRAC_YOLO/data.yaml,train,2,99.15742039680481,0.98008,0.83187,0.94752,0.73523,0.57244,0.66511,0.46423,1.07303,0.82093,0.98956,0.0008237653088391906,0.0008237653088391906,0.0008237653088391906,,
yolo_yolov8n_20260715_222254,yolo,yolo_yolov8n_20260715_222254,yolov8n.pt,/root/autodl-fs/datasets/UA-DETRAC_YOLO/data.yaml,train,3,143.01191234588623,0.95731,0.73858,0.94129,0.71087,0.58979,0.63689,0.43497,1.07424,0.88949,0.9813,0.0012239451544195953,0.0012239451544195953,0.0012239451544195953,,
yolo_yolov8n_20260715_222254,yolo,yolo_yolov8n_20260715_222254,yolov8n.pt,/root/autodl-fs/datasets/UA-DETRAC_YOLO/data.yaml,train,4,186.48950481414795,0.9333,0.68526,0.93435,0.68216,0.63226,0.68927,0.49392,1.05984,0.76717,0.97705,0.001212875,0.001212875,0.001212875,,
yolo_yolov8n_20260715_222254,yolo,yolo_yolov8n_20260715_222254,yolov8n.pt,/root/autodl-fs/datasets/UA-DETRAC_YOLO/data.yaml,train,5,229.81238651275635,0.90164,0.64011,0.92862,0.73932,0.6095,0.68758,0.49244,1.06995,0.73934,0.99184,0.0012005,0.0012005,0.0012005,,
yolo_yolov8n_20260715_222254,yolo,yolo_yolov8n_20260715_222254,yolov8n.pt,/root/autodl-fs/datasets/UA-DETRAC_YOLO/data.yaml,train,6,273.3416962623596,0.88365,0.61554,0.92211,0.76704,0.62298,0.72765,0.50735,1.05822,0.82443,0.98936,0.001188125,0.001188125,0.001188125,,
yolo_yolov8n_20260715_222254,yolo,yolo_yolov8n_20260715_222254,yolov8n.pt,/root/autodl-fs/datasets/UA-DETRAC_YOLO/data.yaml,train,7,317.19025230407715,0.86242,0.59549,0.9165,0.70354,0.67864,0.73762,0.5327,1.0294,0.69298,0.97496,0.00117575,0.00117575,0.00117575,,
yolo_yolov8n_20260715_222254,yolo,yolo_yolov8n_20260715_222254,yolov8n.pt,/root/autodl-fs/datasets/UA-DETRAC_YOLO/data.yaml,train,8,361.0005159378052,0.85237,0.5751,0.91385,0.82728,0.70796,0.7693,0.53777,1.0389,0.67244,0.98167,0.001163375,0.001163375,0.001163375,,
yolo_yolov8n_20260715_222254,yolo,yolo_yolov8n_20260715_222254,yolov8n.pt,/root/autodl-fs/datasets/UA-DETRAC_YOLO/data.yaml,train,9,404.4451525211334,0.83913,0.56074,0.90991,0.7463,0.70056,0.76779,0.53304,1.05433,0.64122,0.98559,0.0011510000000000001,0.0011510000000000001,0.0011510000000000001,,
yolo_yolov8n_20260715_222254,yolo,yolo_yolov8n_20260715_222254,yolov8n.pt,/root/autodl-fs/datasets/UA-DETRAC_YOLO/data.yaml,train,10,447.91526770591736,0.82622,0.54743,0.90728,0.83865,0.66268,0.73788,0.53494,1.05576,0.68129,0.98657,0.001138625,0.001138625,0.001138625,,
yolo_yolov8n_20260715_222254,yolo,yolo_yolov8n_20260715_222254,yolov8n.pt,/root/autodl-fs/datasets/UA-DETRAC_YOLO/data.yaml,train,11,491.0572693347931,0.82161,0.54082,0.90649,0.77006,0.67953,0.76643,0.54113,1.08434,0.66229,0.99178,0.00112625,0.00112625,0.00112625,,
yolo_yolov8n_20260715_222254,yolo,yolo_yolov8n_20260715_222254,yolov8n.pt,/root/autodl-fs/datasets/UA-DETRAC_YOLO/data.yaml,train,12,534.4575757980347,0.81336,0.52991,0.90347,0.81893,0.71861,0.7905,0.57054,1.03985,0.6512,0.98066,0.001113875,0.001113875,0.001113875,,
yolo_yolov8n_20260715_222254,yolo,yolo_yolov8n_20260715_222254,yolov8n.pt,/root/autodl-fs/datasets/UA-DETRAC_YOLO/data.yaml,train,13,578.6193025112152,0.81236,0.52547,0.90292,0.86623,0.71606,0.81376,0.57327,1.02097,0.63887,0.97467,0.0011015,0.0011015,0.0011015,,
yolo_yolov8n_20260715_222254,yolo,yolo_yolov8n_20260715_222254,yolov8n.pt,/root/autodl-fs/datasets/UA-DETRAC_YOLO/data.yaml,train,14,622.0119354724884,0.79874,0.51317,0.89903,0.7642,0.7153,0.78201,0.56563,1.05122,0.62388,0.97707,0.001089125,0.001089125,0.001089125,,
yolo_yolov8n_20260715_222254,yolo,yolo_yolov8n_20260715_222254,yolov8n.pt,/root/autodl-fs/datasets/UA-DETRAC_YOLO/data.yaml,train,15,665.395626783371,0.78808,0.5046,0.89381,0.80372,0.68542,0.76988,0.55858,1.03306,0.65961,0.97835,0.00107675,0.00107675,0.00107675,,
yolo_yolov8n_20260715_222254,yolo,yolo_yolov8n_20260715_222254,yolov8n.pt,/root/autodl-fs/datasets/UA-DETRAC_YOLO/data.yaml,train,16,709.6735179424286,0.79003,0.49988,0.89541,0.88074,0.70478,0.80642,0.58732,1.02142,0.6661,0.97537,0.001064375,0.001064375,0.001064375,,
yolo_yolov8n_20260715_222254,yolo,yolo_yolov8n_20260715_222254,yolov8n.pt,/root/autodl-fs/datasets/UA-DETRAC_YOLO/data.yaml,train,17,753.1872222423553,0.78208,0.49462,0.89277,0.8201,0.67806,0.75555,0.55101,1.03563,0.72327,0.97465,0.001052,0.001052,0.001052,,
yolo_yolov8n_20260715_222254,yolo,yolo_yolov8n_20260715_222254,yolov8n.pt,/root/autodl-fs/datasets/UA-DETRAC_YOLO/data.yaml,train,18,796.9169585704803,0.77997,0.49172,0.89304,0.85793,0.69828,0.78843,0.57432,1.013,0.61358,0.97515,0.001039625,0.001039625,0.001039625,,
yolo_yolov8n_20260715_222254,yolo,yolo_yolov8n_20260715_222254,yolov8n.pt,/root/autodl-fs/datasets/UA-DETRAC_YOLO/data.yaml,train,19,840.3477869033813,0.77641,0.48583,0.89121,0.76213,0.69343,0.77047,0.54996,1.04052,0.63069,0.98106,0.0010272500000000002,0.0010272500000000002,0.0010272500000000002,,
yolo_yolov8n_20260715_222254,yolo,yolo_yolov8n_20260715_222254,yolov8n.pt,/root/autodl-fs/datasets/UA-DETRAC_YOLO/data.yaml,train,20,883.6267504692078,0.77302,0.47873,0.8916,0.78067,0.68616,0.76915,0.55414,1.03307,0.63592,0.98321,0.0010148750000000002,0.0010148750000000002,0.0010148750000000002,,
yolo_yolov8n_20260715_222254,yolo,yolo_yolov8n_20260715_222254,yolov8n.pt,/root/autodl-fs/datasets/UA-DETRAC_YOLO/data.yaml,train,21,927.3290812969208,0.7699,0.48007,0.88944,0.79224,0.74549,0.80283,0.59027,1.02178,0.61371,0.9776,0.0010025000000000001,0.0010025000000000001,0.0010025000000000001,,
yolo_yolov8n_20260715_222254,yolo,yolo_yolov8n_20260715_222254,yolov8n.pt,/root/autodl-fs/datasets/UA-DETRAC_YOLO/data.yaml,train,22,970.6341228485107,0.76285,0.47326,0.88739,0.73261,0.71835,0.7623,0.55228,1.01742,0.65187,0.9778,0.0009901250000000001,0.0009901250000000001,0.0009901250000000001,,
yolo_yolov8n_20260715_222254,yolo,yolo_yolov8n_20260715_222254,yolov8n.pt,/root/autodl-fs/datasets/UA-DETRAC_YOLO/data.yaml,train,23,1013.4568784236908,0.76174,0.47344,0.88663,0.78119,0.69675,0.75786,0.54582,1.03756,0.71436,0.97869,0.00097775,0.00097775,0.00097775,,
yolo_yolov8n_20260715_222254,yolo,yolo_yolov8n_20260715_222254,yolov8n.pt,/root/autodl-fs/datasets/UA-DETRAC_YOLO/data.yaml,train,24,1056.9049348831177,0.75764,0.46491,0.88761,0.80827,0.70867,0.77392,0.56465,1.02194,0.63558,0.97582,0.000965375,0.000965375,0.000965375,,
yolo_yolov8n_20260715_222254,yolo,yolo_yolov8n_20260715_222254,yolov8n.pt,/root/autodl-fs/datasets/UA-DETRAC_YOLO/data.yaml,train,25,1101.0454223155975,0.75315,0.46498,0.88598,0.76577,0.72285,0.78545,0.57126,1.02285,0.61132,0.97727,0.000953,0.000953,0.000953,,
yolo_yolov8n_20260715_222254,yolo,yolo_yolov8n_20260715_222254,yolov8n.pt,/root/autodl-fs/datasets/UA-DETRAC_YOLO/data.yaml,train,26,1144.941345691681,0.75383,0.46419,0.88317,0.80556,0.72167,0.77937,0.56767,1.02015,0.63467,0.97476,0.000940625,0.000940625,0.000940625,,
yolo_yolov8n_20260715_222254,yolo,yolo_yolov8n_20260715_222254,yolov8n.pt,/root/autodl-fs/datasets/UA-DETRAC_YOLO/data.yaml,train,27,1190.0247340202332,0.75006,0.45779,0.88422,0.8315,0.7074,0.79852,0.58297,1.01819,0.60172,0.97294,0.00092825,0.00092825,0.00092825,,
yolo_yolov8n_20260715_222254,yolo,yolo_yolov8n_20260715_222254,yolov8n.pt,/root/autodl-fs/datasets/UA-DETRAC_YOLO/data.yaml,train,28,1233.7660522460938,0.7451,0.45364,0.88113,0.88698,0.67599,0.80887,0.58172,1.01792,0.6004,0.97157,0.000915875,0.000915875,0.000915875,,
yolo_yolov8n_20260715_222254,yolo,yolo_yolov8n_20260715_222254,yolov8n.pt,/root/autodl-fs/datasets/UA-DETRAC_YOLO/data.yaml,train,29,1278.1201536655426,0.74049,0.44653,0.88118,0.82076,0.67747,0.78827,0.55981,1.0394,0.66226,0.98676,0.0009035,0.0009035,0.0009035,,
yolo_yolov8n_20260715_222254,yolo,yolo_yolov8n_20260715_222254,yolov8n.pt,/root/autodl-fs/datasets/UA-DETRAC_YOLO/data.yaml,train,30,1321.4427168369293,0.73782,0.4451,0.88164,0.85151,0.68576,0.78615,0.57486,1.03641,0.63846,0.98305,0.000891125,0.000891125,0.000891125,,
yolo_yolov8n_20260715_222254,yolo,yolo_yolov8n_20260715_222254,yolov8n.pt,/root/autodl-fs/datasets/UA-DETRAC_YOLO/data.yaml,train,31,1365.1817767620087,0.73685,0.44307,0.87934,0.86056,0.6779,0.7836,0.56774,1.03782,0.62519,0.98842,0.00087875,0.00087875,0.00087875,,
yolo_yolov8n_20260715_222254,yolo,yolo_yolov8n_20260715_222254,yolov8n.pt,/root/autodl-fs/datasets/UA-DETRAC_YOLO/data.yaml,train,32,1409.22616147995,0.73702,0.44158,0.88056,0.8157,0.71738,0.80431,0.58333,1.0113,0.61246,0.97946,0.000866375,0.000866375,0.000866375,,
yolo_yolov8n_20260715_222254,yolo,yolo_yolov8n_20260715_222254,yolov8n.pt,/root/autodl-fs/datasets/UA-DETRAC_YOLO/data.yaml,train,33,1453.0060334205627,0.73584,0.43912,0.87947,0.83411,0.72244,0.80727,0.5916,1.00754,0.61008,0.97086,0.0008539999999999999,0.0008539999999999999,0.0008539999999999999,,
yolo_yolov8n_20260715_222254,yolo,yolo_yolov8n_20260715_222254,yolov8n.pt,/root/autodl-fs/datasets/UA-DETRAC_YOLO/data.yaml,train,34,1496.2796971797943,0.72778,0.43333,0.87838,0.78248,0.73607,0.8004,0.57911,1.02118,0.60255,0.976,0.0008416249999999999,0.0008416249999999999,0.0008416249999999999,,
yolo_yolov8n_20260715_222254,yolo,yolo_yolov8n_20260715_222254,yolov8n.pt,/root/autodl-fs/datasets/UA-DETRAC_YOLO/data.yaml,train,35,1540.0226871967316,0.72961,0.43509,0.87945,0.87197,0.71003,0.80606,0.59354,1.01312,0.59663,0.97381,0.0008292499999999999,0.0008292499999999999,0.0008292499999999999,,
yolo_yolov8n_20260715_222254,yolo,yolo_yolov8n_20260715_222254,yolov8n.pt,/root/autodl-fs/datasets/UA-DETRAC_YOLO/data.yaml,train,36,1583.9464514255524,0.72577,0.43323,0.87783,0.7981,0.73038,0.7915,0.57977,1.0262,0.59749,0.97981,0.000816875,0.000816875,0.000816875,,
yolo_yolov8n_20260715_222254,yolo,yolo_yolov8n_20260715_222254,yolov8n.pt,/root/autodl-fs/datasets/UA-DETRAC_YOLO/data.yaml,train,37,1628.416598558426,0.72522,0.42847,0.8767,0.85945,0.66977,0.77646,0.57032,1.01897,0.59794,0.97513,0.0008045000000000001,0.0008045000000000001,0.0008045000000000001,,
yolo_yolov8n_20260715_222254,yolo,yolo_yolov8n_20260715_222254,yolov8n.pt,/root/autodl-fs/datasets/UA-DETRAC_YOLO/data.yaml,train,38,1672.866822719574,0.72346,0.42395,0.87521,0.76474,0.70715,0.78031,0.57142,1.02518,0.62016,0.98342,0.0007921250000000001,0.0007921250000000001,0.0007921250000000001,,
yolo_yolov8n_20260715_222254,yolo,yolo_yolov8n_20260715_222254,yolov8n.pt,/root/autodl-fs/datasets/UA-DETRAC_YOLO/data.yaml,train,39,1716.628689289093,0.71806,0.42209,0.87595,0.83988,0.69286,0.80221,0.59139,0.99433,0.60618,0.96944,0.0007797500000000001,0.0007797500000000001,0.0007797500000000001,,
yolo_yolov8n_20260715_222254,yolo,yolo_yolov8n_20260715_222254,yolov8n.pt,/root/autodl-fs/datasets/UA-DETRAC_YOLO/data.yaml,train,40,1760.254320383072,0.71701,0.41899,0.87403,0.8071,0.72901,0.81894,0.59823,1.01125,0.58666,0.97578,0.000767375,0.000767375,0.000767375,,
yolo_yolov8n_20260715_222254,yolo,yolo_yolov8n_20260715_222254,yolov8n.pt,/root/autodl-fs/datasets/UA-DETRAC_YOLO/data.yaml,train,41,1803.98508644104,0.71662,0.42071,0.87444,0.75606,0.71911,0.77907,0.57461,1.03683,0.62705,0.98278,0.000755,0.000755,0.000755,,
yolo_yolov8n_20260715_222254,yolo,yolo_yolov8n_20260715_222254,yolov8n.pt,/root/autodl-fs/datasets/UA-DETRAC_YOLO/data.yaml,train,42,1847.6611125469208,0.71341,0.41645,0.8738,0.80514,0.70461,0.77412,0.56134,1.03374,0.62029,0.98621,0.0007426250000000001,0.0007426250000000001,0.0007426250000000001,,
yolo_yolov8n_20260715_222254,yolo,yolo_yolov8n_20260715_222254,yolov8n.pt,/root/autodl-fs/datasets/UA-DETRAC_YOLO/data.yaml,train,43,1891.9335646629333,0.71246,0.41612,0.87237,0.76696,0.72086,0.79416,0.57265,1.01799,0.60878,0.97722,0.0007302500000000001,0.0007302500000000001,0.0007302500000000001,,
yolo_yolov8n_20260715_222254,yolo,yolo_yolov8n_20260715_222254,yolov8n.pt,/root/autodl-fs/datasets/UA-DETRAC_YOLO/data.yaml,train,44,1935.7883365154266,0.70684,0.41433,0.87183,0.81007,0.69887,0.79508,0.58143,1.01,0.62631,0.97735,0.0007178750000000001,0.0007178750000000001,0.0007178750000000001,,
yolo_yolov8n_20260715_222254,yolo,yolo_yolov8n_20260715_222254,yolov8n.pt,/root/autodl-fs/datasets/UA-DETRAC_YOLO/data.yaml,train,45,1979.5408899784088,0.71205,0.41227,0.87108,0.82548,0.6951,0.79188,0.579,1.00725,0.60098,0.97533,0.0007055000000000001,0.0007055000000000001,0.0007055000000000001,,
yolo_yolov8n_20260715_222254,yolo,yolo_yolov8n_20260715_222254,yolov8n.pt,/root/autodl-fs/datasets/UA-DETRAC_YOLO/data.yaml,train,46,2023.6681199073792,0.70608,0.4091,0.87099,0.83354,0.7217,0.80399,0.58722,1.02747,0.59635,0.98347,0.0006931250000000001,0.0006931250000000001,0.0006931250000000001,,
yolo_yolov8n_20260715_222254,yolo,yolo_yolov8n_20260715_222254,yolov8n.pt,/root/autodl-fs/datasets/UA-DETRAC_YOLO/data.yaml,train,47,2067.361392021179,0.70316,0.40701,0.87033,0.85975,0.72349,0.8145,0.59884,1.00504,0.57387,0.97459,0.0006807500000000001,0.0006807500000000001,0.0006807500000000001,,
yolo_yolov8n_20260715_222254,yolo,yolo_yolov8n_20260715_222254,yolov8n.pt,/root/autodl-fs/datasets/UA-DETRAC_YOLO/data.yaml,train,48,2110.9730343818665,0.70159,0.40958,0.87106,0.82034,0.70255,0.80276,0.58938,1.00804,0.60383,0.96944,0.0006683750000000001,0.0006683750000000001,0.0006683750000000001,,
yolo_yolov8n_20260715_222254,yolo,yolo_yolov8n_20260715_222254,yolov8n.pt,/root/autodl-fs/datasets/UA-DETRAC_YOLO/data.yaml,train,49,2154.9083642959595,0.70471,0.40453,0.87043,0.85032,0.7147,0.81444,0.59571,1.00685,0.59795,0.97464,0.0006560000000000001,0.0006560000000000001,0.0006560000000000001,,
yolo_yolov8n_20260715_222254,yolo,yolo_yolov8n_20260715_222254,yolov8n.pt,/root/autodl-fs/datasets/UA-DETRAC_YOLO/data.yaml,train,50,2198.5072677135468,0.70259,0.40542,0.86985,0.81584,0.72948,0.81085,0.59137,1.01249,0.62297,0.97753,0.000643625,0.000643625,0.000643625,,
yolo_yolov8n_20260715_222254,yolo,yolo_yolov8n_20260715_222254,yolov8n.pt,/root/autodl-fs/datasets/UA-DETRAC_YOLO/data.yaml,train,51,2243.6991124153137,0.70097,0.40309,0.86912,0.78524,0.71594,0.80012,0.58253,1.0134,0.62428,0.97878,0.00063125,0.00063125,0.00063125,,
yolo_yolov8n_20260715_222254,yolo,yolo_yolov8n_20260715_222254,yolov8n.pt,/root/autodl-fs/datasets/UA-DETRAC_YOLO/data.yaml,train,52,2287.2299711704254,0.69563,0.39838,0.86897,0.77382,0.75431,0.81177,0.59471,1.00929,0.61355,0.97677,0.000618875,0.000618875,0.000618875,,
yolo_yolov8n_20260715_222254,yolo,yolo_yolov8n_20260715_222254,yolov8n.pt,/root/autodl-fs/datasets/UA-DETRAC_YOLO/data.yaml,train,53,2330.4899141788483,0.69734,0.39918,0.86819,0.81455,0.7149,0.80486,0.58127,1.01181,0.61598,0.97746,0.0006064999999999999,0.0006064999999999999,0.0006064999999999999,,
yolo_yolov8n_20260715_222254,yolo,yolo_yolov8n_20260715_222254,yolov8n.pt,/root/autodl-fs/datasets/UA-DETRAC_YOLO/data.yaml,train,54,2373.5304548740387,0.69088,0.39158,0.86765,0.79402,0.73777,0.81259,0.5916,1.02425,0.61437,0.9829,0.000594125,0.000594125,0.000594125,,
yolo_yolov8n_20260715_222254,yolo,yolo_yolov8n_20260715_222254,yolov8n.pt,/root/autodl-fs/datasets/UA-DETRAC_YOLO/data.yaml,train,55,2417.321476459503,0.69116,0.39281,0.86691,0.79727,0.72169,0.79855,0.5901,1.01482,0.61425,0.98014,0.00058175,0.00058175,0.00058175,,
yolo_yolov8n_20260715_222254,yolo,yolo_yolov8n_20260715_222254,yolov8n.pt,/root/autodl-fs/datasets/UA-DETRAC_YOLO/data.yaml,train,56,2460.6154181957245,0.6912,0.39346,0.86569,0.83104,0.6845,0.79922,0.5896,1.01344,0.61101,0.97495,0.000569375,0.000569375,0.000569375,,
yolo_yolov8n_20260715_222254,yolo,yolo_yolov8n_20260715_222254,yolov8n.pt,/root/autodl-fs/datasets/UA-DETRAC_YOLO/data.yaml,train,57,2503.9634454250336,0.68782,0.39216,0.86663,0.79444,0.71581,0.8022,0.5921,1.02038,0.61561,0.98072,0.000557,0.000557,0.000557,,
yolo_yolov8n_20260715_222254,yolo,yolo_yolov8n_20260715_222254,yolov8n.pt,/root/autodl-fs/datasets/UA-DETRAC_YOLO/data.yaml,train,58,2547.561364889145,0.68548,0.38771,0.86586,0.82706,0.71579,0.81402,0.6008,1.01938,0.61567,0.97752,0.0005446250000000001,0.0005446250000000001,0.0005446250000000001,,
yolo_yolov8n_20260715_222254,yolo,yolo_yolov8n_20260715_222254,yolov8n.pt,/root/autodl-fs/datasets/UA-DETRAC_YOLO/data.yaml,train,59,2591.350352525711,0.68683,0.3875,0.86635,0.78936,0.71221,0.80314,0.58882,1.02744,0.62602,0.98432,0.0005322500000000001,0.0005322500000000001,0.0005322500000000001,,
yolo_yolov8n_20260715_222254,yolo,yolo_yolov8n_20260715_222254,yolov8n.pt,/root/autodl-fs/datasets/UA-DETRAC_YOLO/data.yaml,train,60,2635.3376638889313,0.68425,0.38715,0.86623,0.79696,0.72072,0.80936,0.59694,1.01667,0.61363,0.9791,0.000519875,0.000519875,0.000519875,,
yolo_yolov8n_20260715_222254,yolo,yolo_yolov8n_20260715_222254,yolov8n.pt,/root/autodl-fs/datasets/UA-DETRAC_YOLO/data.yaml,train,61,2679.2018613815308,0.6803,0.3821,0.8652,0.83906,0.69911,0.81176,0.59816,1.02753,0.60709,0.98187,0.0005075,0.0005075,0.0005075,,
yolo_yolov8n_20260715_222254,yolo,yolo_yolov8n_20260715_222254,yolov8n.pt,/root/autodl-fs/datasets/UA-DETRAC_YOLO/data.yaml,train,62,2722.8909850120544,0.68327,0.38326,0.86578,0.8072,0.72607,0.80486,0.59308,1.00296,0.60846,0.97556,0.000495125,0.000495125,0.000495125,,
yolo_yolov8n_20260715_222254,yolo,yolo_yolov8n_20260715_222254,yolov8n.pt,/root/autodl-fs/datasets/UA-DETRAC_YOLO/data.yaml,train,63,2767.2904353141785,0.67978,0.38011,0.86429,0.79311,0.71596,0.79985,0.5882,1.01889,0.6072,0.98023,0.00048275,0.00048275,0.00048275,,
yolo_yolov8n_20260715_222254,yolo,yolo_yolov8n_20260715_222254,yolov8n.pt,/root/autodl-fs/datasets/UA-DETRAC_YOLO/data.yaml,train,64,2811.108498096466,0.67664,0.37899,0.86219,0.79875,0.7281,0.80644,0.59737,1.01979,0.59985,0.9803,0.00047037500000000004,0.00047037500000000004,0.00047037500000000004,,
yolo_yolov8n_20260715_222254,yolo,yolo_yolov8n_20260715_222254,yolov8n.pt,/root/autodl-fs/datasets/UA-DETRAC_YOLO/data.yaml,train,65,2854.891343355179,0.67406,0.37596,0.86275,0.82815,0.69631,0.80157,0.59579,1.02144,0.61494,0.9787,0.000458,0.000458,0.000458,,
yolo_yolov8n_20260715_222254,yolo,yolo_yolov8n_20260715_222254,yolov8n.pt,/root/autodl-fs/datasets/UA-DETRAC_YOLO/data.yaml,train,66,2898.2550427913666,0.67211,0.37657,0.86367,0.77232,0.73838,0.79882,0.59068,1.01248,0.62199,0.97765,0.000445625,0.000445625,0.000445625,,
yolo_yolov8n_20260715_222254,yolo,yolo_yolov8n_20260715_222254,yolov8n.pt,/root/autodl-fs/datasets/UA-DETRAC_YOLO/data.yaml,train,67,2941.5206060409546,0.67156,0.37534,0.86063,0.84994,0.69677,0.80565,0.59221,1.00881,0.60114,0.97567,0.00043325,0.00043325,0.00043325,,
yolo_yolov8n_20260715_222254,yolo,yolo_yolov8n_20260715_222254,yolov8n.pt,/root/autodl-fs/datasets/UA-DETRAC_YOLO/data.yaml,train,68,2984.8692619800568,0.67331,0.37419,0.86188,0.77795,0.71758,0.79068,0.5862,1.01885,0.61963,0.97905,0.0004208749999999999,0.0004208749999999999,0.0004208749999999999,,
yolo_yolov8n_20260715_222254,yolo,yolo_yolov8n_20260715_222254,yolov8n.pt,/root/autodl-fs/datasets/UA-DETRAC_YOLO/data.yaml,train,69,3029.139347553253,0.67219,0.3743,0.86154,0.81891,0.73096,0.81141,0.59871,1.02998,0.59655,0.98167,0.0004085,0.0004085,0.0004085,,
yolo_yolov8n_20260715_222254,yolo,yolo_yolov8n_20260715_222254,yolov8n.pt,/root/autodl-fs/datasets/UA-DETRAC_YOLO/data.yaml,train,70,3073.28165102005,0.66814,0.36924,0.86139,0.77731,0.73111,0.79039,0.58232,1.02134,0.63061,0.98095,0.0003961250000000001,0.0003961250000000001,0.0003961250000000001,,
yolo_yolov8n_20260715_222254,yolo,yolo_yolov8n_20260715_222254,yolov8n.pt,/root/autodl-fs/datasets/UA-DETRAC_YOLO/data.yaml,train,71,3117.1184482574463,0.66387,0.36808,0.86016,0.83096,0.7017,0.79947,0.59494,1.00083,0.62988,0.97242,0.0003837500000000001,0.0003837500000000001,0.0003837500000000001,,
yolo_yolov8n_20260715_222254,yolo,yolo_yolov8n_20260715_222254,yolov8n.pt,/root/autodl-fs/datasets/UA-DETRAC_YOLO/data.yaml,train,72,3161.0730690956116,0.6661,0.3676,0.85891,0.83052,0.68952,0.79792,0.59375,1.00529,0.63156,0.97591,0.00037137500000000007,0.00037137500000000007,0.00037137500000000007,,
yolo_yolov8n_20260715_222254,yolo,yolo_yolov8n_20260715_222254,yolov8n.pt,/root/autodl-fs/datasets/UA-DETRAC_YOLO/data.yaml,train,73,3204.942558526993,0.66509,0.36535,0.86032,0.82498,0.69413,0.79322,0.59067,1.00776,0.63642,0.97659,0.000359,0.000359,0.000359,,
yolo_yolov8n_20260715_222254,yolo,yolo_yolov8n_20260715_222254,yolov8n.pt,/root/autodl-fs/datasets/UA-DETRAC_YOLO/data.yaml,train,74,3248.392644882202,0.66228,0.36435,0.85822,0.81006,0.72492,0.80291,0.59487,0.99806,0.61004,0.972,0.0003466250000000001,0.0003466250000000001,0.0003466250000000001,,
yolo_yolov8n_20260715_222254,yolo,yolo_yolov8n_20260715_222254,yolov8n.pt,/root/autodl-fs/datasets/UA-DETRAC_YOLO/data.yaml,train,75,3291.9557569026947,0.6651,0.3652,0.85931,0.85582,0.72326,0.81676,0.59979,1.00532,0.60397,0.97533,0.00033425,0.00033425,0.00033425,,
yolo_yolov8n_20260715_222254,yolo,yolo_yolov8n_20260715_222254,yolov8n.pt,/root/autodl-fs/datasets/UA-DETRAC_YOLO/data.yaml,train,76,3335.7288868427277,0.65797,0.3601,0.85725,0.85206,0.73078,0.82289,0.60117,1.0163,0.60635,0.97803,0.000321875,0.000321875,0.000321875,,
yolo_yolov8n_20260715_222254,yolo,yolo_yolov8n_20260715_222254,yolov8n.pt,/root/autodl-fs/datasets/UA-DETRAC_YOLO/data.yaml,train,77,3379.8906819820404,0.65883,0.36416,0.85723,0.83246,0.70749,0.80757,0.59577,1.01592,0.61805,0.97765,0.0003095,0.0003095,0.0003095,,
yolo_yolov8n_20260715_222254,yolo,yolo_yolov8n_20260715_222254,yolov8n.pt,/root/autodl-fs/datasets/UA-DETRAC_YOLO/data.yaml,train,78,3424.2414276599884,0.65626,0.35857,0.85751,0.8268,0.70022,0.8063,0.59452,1.00716,0.60784,0.97389,0.000297125,0.000297125,0.000297125,,
yolo_yolov8n_20260715_222254,yolo,yolo_yolov8n_20260715_222254,yolov8n.pt,/root/autodl-fs/datasets/UA-DETRAC_YOLO/data.yaml,train,79,3467.9356541633606,0.65584,0.35787,0.8584,0.79434,0.72752,0.80599,0.59655,1.00796,0.61265,0.97469,0.00028474999999999996,0.00028474999999999996,0.00028474999999999996,,
yolo_yolov8n_20260715_222254,yolo,yolo_yolov8n_20260715_222254,yolov8n.pt,/root/autodl-fs/datasets/UA-DETRAC_YOLO/data.yaml,train,80,3511.1172907352448,0.65219,0.3562,0.85572,0.79016,0.73082,0.80835,0.59792,1.01179,0.61956,0.97683,0.000272375,0.000272375,0.000272375,,
yolo_yolov8n_20260715_222254,yolo,yolo_yolov8n_20260715_222254,yolov8n.pt,/root/autodl-fs/datasets/UA-DETRAC_YOLO/data.yaml,train,81,3554.6990447044373,0.64943,0.35486,0.85635,0.80839,0.7253,0.80457,0.59436,1.01314,0.62668,0.9774,0.00026,0.00026,0.00026,,
yolo_yolov8n_20260715_222254,yolo,yolo_yolov8n_20260715_222254,yolov8n.pt,/root/autodl-fs/datasets/UA-DETRAC_YOLO/data.yaml,train,82,3598.614396572113,0.65219,0.3537,0.8555,0.80603,0.71517,0.7974,0.59056,1.0067,0.62361,0.97513,0.0002476249999999999,0.0002476249999999999,0.0002476249999999999,,
yolo_yolov8n_20260715_222254,yolo,yolo_yolov8n_20260715_222254,yolov8n.pt,/root/autodl-fs/datasets/UA-DETRAC_YOLO/data.yaml,train,83,3642.530617237091,0.64905,0.35234,0.85448,0.81425,0.712,0.79861,0.59302,1.01445,0.61955,0.978,0.00023525000000000008,0.00023525000000000008,0.00023525000000000008,,
yolo_yolov8n_20260715_222254,yolo,yolo_yolov8n_20260715_222254,yolov8n.pt,/root/autodl-fs/datasets/UA-DETRAC_YOLO/data.yaml,train,84,3686.426237344742,0.64611,0.35222,0.85548,0.80926,0.71906,0.79696,0.59061,1.01022,0.61789,0.97711,0.00022287500000000006,0.00022287500000000006,0.00022287500000000006,,
yolo_yolov8n_20260715_222254,yolo,yolo_yolov8n_20260715_222254,yolov8n.pt,/root/autodl-fs/datasets/UA-DETRAC_YOLO/data.yaml,train,85,3730.0132327079773,0.64659,0.35039,0.8546,0.8224,0.72412,0.80525,0.59612,1.00873,0.62364,0.97718,0.00021050000000000008,0.00021050000000000008,0.00021050000000000008,,
yolo_yolov8n_20260715_222254,yolo,yolo_yolov8n_20260715_222254,yolov8n.pt,/root/autodl-fs/datasets/UA-DETRAC_YOLO/data.yaml,train,86,3773.2371969223022,0.6434,0.34916,0.8546,0.82412,0.71711,0.80288,0.59531,1.00947,0.62972,0.978,0.00019812500000000003,0.00019812500000000003,0.00019812500000000003,,
yolo_yolov8n_20260715_222254,yolo,yolo_yolov8n_20260715_222254,yolov8n.pt,/root/autodl-fs/datasets/UA-DETRAC_YOLO/data.yaml,train,87,3817.1304926872253,0.64322,0.34732,0.85525,0.80329,0.71795,0.80088,0.59403,1.01479,0.61805,0.9796,0.00018575000000000002,0.00018575000000000002,0.00018575000000000002,,
yolo_yolov8n_20260715_222254,yolo,yolo_yolov8n_20260715_222254,yolov8n.pt,/root/autodl-fs/datasets/UA-DETRAC_YOLO/data.yaml,train,88,3860.5967979431152,0.64361,0.34572,0.85541,0.77018,0.74526,0.79814,0.59289,1.01507,0.61551,0.98047,0.00017337500000000003,0.00017337500000000003,0.00017337500000000003,,
yolo_yolov8n_20260715_222254,yolo,yolo_yolov8n_20260715_222254,yolov8n.pt,/root/autodl-fs/datasets/UA-DETRAC_YOLO/data.yaml,train,89,3904.4031767845154,0.64232,0.34633,0.85403,0.79316,0.7401,0.80385,0.59642,1.01418,0.61297,0.98034,0.000161,0.000161,0.000161,,
yolo_yolov8n_20260715_222254,yolo,yolo_yolov8n_20260715_222254,yolov8n.pt,/root/autodl-fs/datasets/UA-DETRAC_YOLO/data.yaml,train,90,3948.486094236374,0.63937,0.34367,0.8551,0.78008,0.74674,0.80388,0.59388,1.01528,0.6244,0.97942,0.00014862499999999997,0.00014862499999999997,0.00014862499999999997,,
yolo_yolov8n_20260715_222254,yolo,yolo_yolov8n_20260715_222254,yolov8n.pt,/root/autodl-fs/datasets/UA-DETRAC_YOLO/data.yaml,train,91,3992.4397251605988,0.63465,0.32474,0.84681,0.80347,0.7237,0.80129,0.59325,1.01612,0.61246,0.98141,0.00013624999999999998,0.00013624999999999998,0.00013624999999999998,,
yolo_yolov8n_20260715_222254,yolo,yolo_yolov8n_20260715_222254,yolov8n.pt,/root/autodl-fs/datasets/UA-DETRAC_YOLO/data.yaml,train,92,4034.923413515091,0.62339,0.31577,0.84384,0.78158,0.7363,0.79633,0.5896,1.01906,0.61825,0.98203,0.00012387499999999996,0.00012387499999999996,0.00012387499999999996,,
yolo_yolov8n_20260715_222254,yolo,yolo_yolov8n_20260715_222254,yolov8n.pt,/root/autodl-fs/datasets/UA-DETRAC_YOLO/data.yaml,train,93,4076.767595767975,0.61983,0.3135,0.84347,0.78598,0.7245,0.79804,0.59144,1.01771,0.62361,0.98132,0.00011149999999999995,0.00011149999999999995,0.00011149999999999995,,
yolo_yolov8n_20260715_222254,yolo,yolo_yolov8n_20260715_222254,yolov8n.pt,/root/autodl-fs/datasets/UA-DETRAC_YOLO/data.yaml,train,94,4118.619866132736,0.61645,0.31171,0.84192,0.7761,0.73031,0.7974,0.58897,1.02022,0.62507,0.98279,9.912499999999993e-05,9.912499999999993e-05,9.912499999999993e-05,,
yolo_yolov8n_20260715_222254,yolo,yolo_yolov8n_20260715_222254,yolov8n.pt,/root/autodl-fs/datasets/UA-DETRAC_YOLO/data.yaml,train,95,4161.173728942871,0.6149,0.30927,0.8424,0.79283,0.7166,0.79798,0.58822,1.01891,0.63326,0.9835,8.675000000000006e-05,8.675000000000006e-05,8.675000000000006e-05,,
yolo_yolov8n_20260715_222254,yolo,yolo_yolov8n_20260715_222254,yolov8n.pt,/root/autodl-fs/datasets/UA-DETRAC_YOLO/data.yaml,train,96,4204.048057317734,0.61288,0.30695,0.84205,0.79256,0.72599,0.80033,0.59031,1.01983,0.63041,0.98422,7.437500000000006e-05,7.437500000000006e-05,7.437500000000006e-05,,
yolo_yolov8n_20260715_222254,yolo,yolo_yolov8n_20260715_222254,yolov8n.pt,/root/autodl-fs/datasets/UA-DETRAC_YOLO/data.yaml,train,97,4246.1312255859375,0.61172,0.30723,0.84091,0.78959,0.73264,0.80188,0.59147,1.02364,0.63254,0.98323,6.200000000000006e-05,6.200000000000006e-05,6.200000000000006e-05,,
yolo_yolov8n_20260715_222254,yolo,yolo_yolov8n_20260715_222254,yolov8n.pt,/root/autodl-fs/datasets/UA-DETRAC_YOLO/data.yaml,train,98,4289.010622262955,0.61085,0.30647,0.84095,0.79442,0.73966,0.80553,0.59419,1.02118,0.63365,0.98202,4.9625000000000034e-05,4.9625000000000034e-05,4.9625000000000034e-05,,
yolo_yolov8n_20260715_222254,yolo,yolo_yolov8n_20260715_222254,yolov8n.pt,/root/autodl-fs/datasets/UA-DETRAC_YOLO/data.yaml,train,99,4330.883864402771,0.6101,0.30422,0.84009,0.81119,0.72931,0.80796,0.5945,1.02131,0.63553,0.98264,3.7250000000000025e-05,3.7250000000000025e-05,3.7250000000000025e-05,,
yolo_yolov8n_20260715_222254,yolo,yolo_yolov8n_20260715_222254,yolov8n.pt,/root/autodl-fs/datasets/UA-DETRAC_YOLO/data.yaml,train,100,4374.067759752274,0.60617,0.30182,0.84079,0.81039,0.73041,0.80598,0.5943,1.02222,0.63971,0.98244,2.4875000000000012e-05,2.4875000000000012e-05,2.4875000000000012e-05,,
yolo_yolov8s_20260715_234501,yolo,yolo_yolov8s_20260715_234501,yolov8s.pt,/root/autodl-fs/datasets/DAIR-V2X_YOLO/dairv2x.yaml,train,1,88.44175243377686,1.18767,1.13245,0.92126,0.78192,0.69965,0.75939,0.49499,1.01449,0.62357,0.85915,0.0002767879746835443,0.0002767879746835443,0.0002767879746835443,,
yolo_yolov8s_20260715_234501,yolo,yolo_yolov8s_20260715_234501,yolov8s.pt,/root/autodl-fs/datasets/DAIR-V2X_YOLO/dairv2x.yaml,train,2,168.76602339744568,1.03923,0.65616,0.86812,0.79653,0.73721,0.79725,0.53353,0.97039,0.60034,0.84728,0.0005489655404008439,0.0005489655404008439,0.0005489655404008439,,
yolo_yolov8s_20260715_234501,yolo,yolo_yolov8s_20260715_234501,yolov8s.pt,/root/autodl-fs/datasets/DAIR-V2X_YOLO/dairv2x.yaml,train,3,247.71350598335266,1.00191,0.61147,0.85908,0.82221,0.75262,0.81518,0.55659,0.93203,0.56099,0.84264,0.0008156453061181434,0.0008156453061181434,0.0008156453061181434,,
yolo_yolov8s_20260715_234501,yolo,yolo_yolov8s_20260715_234501,yolov8s.pt,/root/autodl-fs/datasets/DAIR-V2X_YOLO/dairv2x.yaml,train,4,326.0596821308136,0.97471,0.5884,0.85341,0.83479,0.75606,0.8227,0.56523,0.92687,0.54784,0.8392,0.0008082599,0.0008082599,0.0008082599,,
yolo_yolov8s_20260715_234501,yolo,yolo_yolov8s_20260715_234501,yolov8s.pt,/root/autodl-fs/datasets/DAIR-V2X_YOLO/dairv2x.yaml,train,5,405.21621537208557,0.95336,0.57527,0.85121,0.84597,0.76062,0.82411,0.57361,0.91143,0.53085,0.83639,0.0008000131999999999,0.0008000131999999999,0.0008000131999999999,,
yolo_yolov8s_20260715_234501,yolo,yolo_yolov8s_20260715_234501,yolov8s.pt,/root/autodl-fs/datasets/DAIR-V2X_YOLO/dairv2x.yaml,train,6,483.38437509536743,0.93997,0.56058,0.84727,0.83803,0.76297,0.82708,0.58194,0.89336,0.52104,0.83445,0.0007917665,0.0007917665,0.0007917665,,
yolo_yolov8s_20260715_234501,yolo,yolo_yolov8s_20260715_234501,yolov8s.pt,/root/autodl-fs/datasets/DAIR-V2X_YOLO/dairv2x.yaml,train,7,561.6579055786133,0.93331,0.55345,0.84617,0.82804,0.77414,0.83303,0.58242,0.88262,0.5143,0.83351,0.0007835197999999999,0.0007835197999999999,0.0007835197999999999,,
yolo_yolov8s_20260715_234501,yolo,yolo_yolov8s_20260715_234501,yolov8s.pt,/root/autodl-fs/datasets/DAIR-V2X_YOLO/dairv2x.yaml,train,8,639.6741106510162,0.91458,0.53736,0.84325,0.85288,0.77868,0.84073,0.59896,0.86526,0.50245,0.83062,0.0007752731,0.0007752731,0.0007752731,,
yolo_yolov8s_20260715_234501,yolo,yolo_yolov8s_20260715_234501,yolov8s.pt,/root/autodl-fs/datasets/DAIR-V2X_YOLO/dairv2x.yaml,train,9,717.9804561138153,0.9027,0.53339,0.84087,0.84571,0.77835,0.84709,0.60323,0.86255,0.5015,0.83076,0.0007670264,0.0007670264,0.0007670264,,
yolo_yolov8s_20260715_234501,yolo,yolo_yolov8s_20260715_234501,yolov8s.pt,/root/autodl-fs/datasets/DAIR-V2X_YOLO/dairv2x.yaml,train,10,796.5552067756653,0.89716,0.53052,0.84057,0.82394,0.77897,0.83594,0.59327,0.85746,0.50514,0.82804,0.0007587797,0.0007587797,0.0007587797,,
yolo_yolov8s_20260715_234501,yolo,yolo_yolov8s_20260715_234501,yolov8s.pt,/root/autodl-fs/datasets/DAIR-V2X_YOLO/dairv2x.yaml,train,11,874.5537497997284,0.89331,0.52601,0.83969,0.82964,0.78836,0.84376,0.59907,0.85123,0.49055,0.82937,0.000750533,0.000750533,0.000750533,,
yolo_yolov8s_20260715_234501,yolo,yolo_yolov8s_20260715_234501,yolov8s.pt,/root/autodl-fs/datasets/DAIR-V2X_YOLO/dairv2x.yaml,train,12,953.1593401432037,0.88373,0.51787,0.83796,0.85018,0.78161,0.84685,0.60092,0.85937,0.4935,0.82877,0.0007422863,0.0007422863,0.0007422863,,
yolo_yolov8s_20260715_234501,yolo,yolo_yolov8s_20260715_234501,yolov8s.pt,/root/autodl-fs/datasets/DAIR-V2X_YOLO/dairv2x.yaml,train,13,1031.1092851161957,0.87665,0.51448,0.83719,0.846,0.79681,0.85172,0.61006,0.83605,0.49275,0.82515,0.0007340396,0.0007340396,0.0007340396,,
yolo_yolov8s_20260715_234501,yolo,yolo_yolov8s_20260715_234501,yolov8s.pt,/root/autodl-fs/datasets/DAIR-V2X_YOLO/dairv2x.yaml,train,14,1108.5971021652222,0.87432,0.51104,0.83608,0.83157,0.79888,0.85677,0.61527,0.8356,0.48364,0.82604,0.0007257928999999999,0.0007257928999999999,0.0007257928999999999,,
yolo_yolov8s_20260715_234501,yolo,yolo_yolov8s_20260715_234501,yolov8s.pt,/root/autodl-fs/datasets/DAIR-V2X_YOLO/dairv2x.yaml,train,15,1186.444574356079,0.86701,0.50768,0.83345,0.85141,0.78674,0.85579,0.61368,0.83458,0.48733,0.82568,0.0007175462,0.0007175462,0.0007175462,,
yolo_yolov8s_20260715_234501,yolo,yolo_yolov8s_20260715_234501,yolov8s.pt,/root/autodl-fs/datasets/DAIR-V2X_YOLO/dairv2x.yaml,train,16,1264.0717496871948,0.85986,0.49996,0.83437,0.85109,0.80634,0.85937,0.62269,0.82368,0.47197,0.82438,0.0007092995,0.0007092995,0.0007092995,,
yolo_yolov8s_20260715_234501,yolo,yolo_yolov8s_20260715_234501,yolov8s.pt,/root/autodl-fs/datasets/DAIR-V2X_YOLO/dairv2x.yaml,train,17,1342.058746099472,0.85415,0.49431,0.83251,0.85349,0.80475,0.85943,0.62488,0.82238,0.47043,0.82331,0.0007010528,0.0007010528,0.0007010528,,
yolo_yolov8s_20260715_234501,yolo,yolo_yolov8s_20260715_234501,yolov8s.pt,/root/autodl-fs/datasets/DAIR-V2X_YOLO/dairv2x.yaml,train,18,1419.7038786411285,0.85562,0.49663,0.83287,0.8547,0.80238,0.86229,0.6244,0.81824,0.47046,0.82266,0.0006928061,0.0006928061,0.0006928061,,
yolo_yolov8s_20260715_234501,yolo,yolo_yolov8s_20260715_234501,yolov8s.pt,/root/autodl-fs/datasets/DAIR-V2X_YOLO/dairv2x.yaml,train,19,1497.7881920337677,0.84693,0.49172,0.83192,0.85044,0.80962,0.86241,0.62379,0.81761,0.46936,0.82383,0.0006845594000000001,0.0006845594000000001,0.0006845594000000001,,
yolo_yolov8s_20260715_234501,yolo,yolo_yolov8s_20260715_234501,yolov8s.pt,/root/autodl-fs/datasets/DAIR-V2X_YOLO/dairv2x.yaml,train,20,1575.5493161678314,0.84479,0.48918,0.83112,0.85281,0.80368,0.8638,0.62856,0.80875,0.46807,0.82139,0.0006763127,0.0006763127,0.0006763127,,
yolo_yolov8s_20260715_234501,yolo,yolo_yolov8s_20260715_234501,yolov8s.pt,/root/autodl-fs/datasets/DAIR-V2X_YOLO/dairv2x.yaml,train,21,1653.8336896896362,0.84597,0.49109,0.83049,0.86497,0.79964,0.86712,0.62884,0.81506,0.46321,0.82254,0.000668066,0.000668066,0.000668066,,
yolo_yolov8s_20260715_234501,yolo,yolo_yolov8s_20260715_234501,yolov8s.pt,/root/autodl-fs/datasets/DAIR-V2X_YOLO/dairv2x.yaml,train,22,1731.5722801685333,0.83923,0.48413,0.82948,0.84556,0.8223,0.86878,0.63427,0.80968,0.4629,0.82108,0.0006598193,0.0006598193,0.0006598193,,
yolo_yolov8s_20260715_234501,yolo,yolo_yolov8s_20260715_234501,yolov8s.pt,/root/autodl-fs/datasets/DAIR-V2X_YOLO/dairv2x.yaml,train,23,1809.5910449028015,0.83835,0.4835,0.82909,0.85985,0.80644,0.86869,0.63223,0.81331,0.46681,0.82187,0.0006515726,0.0006515726,0.0006515726,,
yolo_yolov8s_20260715_234501,yolo,yolo_yolov8s_20260715_234501,yolov8s.pt,/root/autodl-fs/datasets/DAIR-V2X_YOLO/dairv2x.yaml,train,24,1886.897143125534,0.83313,0.48333,0.83006,0.84579,0.81727,0.87231,0.63521,0.80395,0.46178,0.82011,0.0006433259,0.0006433259,0.0006433259,,
yolo_yolov8s_20260715_234501,yolo,yolo_yolov8s_20260715_234501,yolov8s.pt,/root/autodl-fs/datasets/DAIR-V2X_YOLO/dairv2x.yaml,train,25,1964.9326796531677,0.83302,0.47958,0.82876,0.8546,0.81625,0.87069,0.63813,0.79931,0.45824,0.8197,0.0006350791999999999,0.0006350791999999999,0.0006350791999999999,,
yolo_yolov8s_20260715_234501,yolo,yolo_yolov8s_20260715_234501,yolov8s.pt,/root/autodl-fs/datasets/DAIR-V2X_YOLO/dairv2x.yaml,train,26,2043.3411040306091,0.82719,0.47633,0.82789,0.86325,0.80673,0.86964,0.63778,0.80035,0.45779,0.8195,0.0006268325,0.0006268325,0.0006268325,,
yolo_yolov8s_20260715_234501,yolo,yolo_yolov8s_20260715_234501,yolov8s.pt,/root/autodl-fs/datasets/DAIR-V2X_YOLO/dairv2x.yaml,train,27,2121.2372806072235,0.82729,0.47493,0.82724,0.85696,0.81401,0.86972,0.63635,0.7939,0.45395,0.81864,0.0006185858,0.0006185858,0.0006185858,,
yolo_yolov8s_20260715_234501,yolo,yolo_yolov8s_20260715_234501,yolov8s.pt,/root/autodl-fs/datasets/DAIR-V2X_YOLO/dairv2x.yaml,train,28,2198.987092733383,0.82983,0.47979,0.82863,0.85162,0.8203,0.87067,0.63718,0.79985,0.45564,0.82006,0.0006103391,0.0006103391,0.0006103391,,
yolo_yolov8s_20260715_234501,yolo,yolo_yolov8s_20260715_234501,yolov8s.pt,/root/autodl-fs/datasets/DAIR-V2X_YOLO/dairv2x.yaml,train,29,2277.425436735153,0.82516,0.47512,0.82729,0.85502,0.81214,0.87063,0.6363,0.796,0.45689,0.81906,0.0006020924,0.0006020924,0.0006020924,,
yolo_yolov8s_20260715_234501,yolo,yolo_yolov8s_20260715_234501,yolov8s.pt,/root/autodl-fs/datasets/DAIR-V2X_YOLO/dairv2x.yaml,train,30,2355.698292016983,0.81663,0.46917,0.8257,0.86138,0.80488,0.86954,0.6388,0.79375,0.4537,0.81866,0.0005938457,0.0005938457,0.0005938457,,
yolo_yolov8s_20260715_234501,yolo,yolo_yolov8s_20260715_234501,yolov8s.pt,/root/autodl-fs/datasets/DAIR-V2X_YOLO/dairv2x.yaml,train,31,2433.559469461441,0.81816,0.46868,0.82583,0.85661,0.81221,0.87187,0.64454,0.78996,0.44928,0.81841,0.0005855989999999999,0.0005855989999999999,0.0005855989999999999,,
yolo_yolov8s_20260715_234501,yolo,yolo_yolov8s_20260715_234501,yolov8s.pt,/root/autodl-fs/datasets/DAIR-V2X_YOLO/dairv2x.yaml,train,32,2511.6904666423798,0.81402,0.46762,0.82546,0.85929,0.81421,0.87417,0.64659,0.79237,0.44584,0.81822,0.0005773522999999999,0.0005773522999999999,0.0005773522999999999,,
yolo_yolov8s_20260715_234501,yolo,yolo_yolov8s_20260715_234501,yolov8s.pt,/root/autodl-fs/datasets/DAIR-V2X_YOLO/dairv2x.yaml,train,33,2589.592679977417,0.81079,0.46333,0.82475,0.85405,0.8236,0.87671,0.64741,0.78576,0.44621,0.81809,0.0005691056,0.0005691056,0.0005691056,,
yolo_yolov8s_20260715_234501,yolo,yolo_yolov8s_20260715_234501,yolov8s.pt,/root/autodl-fs/datasets/DAIR-V2X_YOLO/dairv2x.yaml,train,34,2667.2370920181274,0.81069,0.46759,0.82499,0.8572,0.81576,0.87279,0.64357,0.78416,0.44786,0.81699,0.0005608588999999999,0.0005608588999999999,0.0005608588999999999,,
yolo_yolov8s_20260715_234501,yolo,yolo_yolov8s_20260715_234501,yolov8s.pt,/root/autodl-fs/datasets/DAIR-V2X_YOLO/dairv2x.yaml,train,35,2744.953438282013,0.80914,0.46296,0.82489,0.85683,0.82433,0.87526,0.64638,0.78592,0.44668,0.8174,0.0005526121999999999,0.0005526121999999999,0.0005526121999999999,,
yolo_yolov8s_20260715_234501,yolo,yolo_yolov8s_20260715_234501,yolov8s.pt,/root/autodl-fs/datasets/DAIR-V2X_YOLO/dairv2x.yaml,train,36,2822.799934864044,0.80546,0.4602,0.82393,0.86218,0.81643,0.87859,0.65085,0.78058,0.44247,0.81662,0.0005443655,0.0005443655,0.0005443655,,
yolo_yolov8s_20260715_234501,yolo,yolo_yolov8s_20260715_234501,yolov8s.pt,/root/autodl-fs/datasets/DAIR-V2X_YOLO/dairv2x.yaml,train,37,2900.7617375850677,0.80551,0.46064,0.82352,0.85482,0.82589,0.87292,0.64634,0.78019,0.44201,0.81681,0.0005361188,0.0005361188,0.0005361188,,
yolo_yolov8s_20260715_234501,yolo,yolo_yolov8s_20260715_234501,yolov8s.pt,/root/autodl-fs/datasets/DAIR-V2X_YOLO/dairv2x.yaml,train,38,2978.421003818512,0.80487,0.45898,0.82403,0.86102,0.82289,0.87746,0.65028,0.7825,0.4406,0.81757,0.0005278721,0.0005278721,0.0005278721,,
yolo_yolov8s_20260715_234501,yolo,yolo_yolov8s_20260715_234501,yolov8s.pt,/root/autodl-fs/datasets/DAIR-V2X_YOLO/dairv2x.yaml,train,39,3056.265188932419,0.80058,0.45942,0.82374,0.86433,0.81976,0.8786,0.65078,0.77868,0.4389,0.81623,0.0005196254,0.0005196254,0.0005196254,,
yolo_yolov8s_20260715_234501,yolo,yolo_yolov8s_20260715_234501,yolov8s.pt,/root/autodl-fs/datasets/DAIR-V2X_YOLO/dairv2x.yaml,train,40,3133.6886537075043,0.80027,0.4563,0.82234,0.85737,0.82571,0.87724,0.65079,0.77853,0.4369,0.81635,0.0005113787,0.0005113787,0.0005113787,,
yolo_yolov8s_20260715_234501,yolo,yolo_yolov8s_20260715_234501,yolov8s.pt,/root/autodl-fs/datasets/DAIR-V2X_YOLO/dairv2x.yaml,train,41,3211.9622943401337,0.79744,0.45322,0.82381,0.85652,0.82766,0.88075,0.65485,0.77069,0.4354,0.81447,0.000503132,0.000503132,0.000503132,,
yolo_yolov8s_20260715_234501,yolo,yolo_yolov8s_20260715_234501,yolov8s.pt,/root/autodl-fs/datasets/DAIR-V2X_YOLO/dairv2x.yaml,train,42,3290.3094437122345,0.79617,0.45272,0.82239,0.85583,0.82124,0.87762,0.65131,0.77308,0.43807,0.81591,0.0004948853,0.0004948853,0.0004948853,,
yolo_yolov8s_20260715_234501,yolo,yolo_yolov8s_20260715_234501,yolov8s.pt,/root/autodl-fs/datasets/DAIR-V2X_YOLO/dairv2x.yaml,train,43,3368.0918753147125,0.7925,0.45073,0.82215,0.85699,0.82985,0.88062,0.65752,0.76922,0.43526,0.81521,0.00048663860000000005,0.00048663860000000005,0.00048663860000000005,,
yolo_yolov8s_20260715_234501,yolo,yolo_yolov8s_20260715_234501,yolov8s.pt,/root/autodl-fs/datasets/DAIR-V2X_YOLO/dairv2x.yaml,train,44,3446.1448590755463,0.79429,0.4517,0.82129,0.85225,0.82973,0.87933,0.65771,0.77037,0.43525,0.81498,0.00047839190000000003,0.00047839190000000003,0.00047839190000000003,,
yolo_yolov8s_20260715_234501,yolo,yolo_yolov8s_20260715_234501,yolov8s.pt,/root/autodl-fs/datasets/DAIR-V2X_YOLO/dairv2x.yaml,train,45,3524.8314566612244,0.78731,0.44689,0.8203,0.86448,0.82702,0.87983,0.65798,0.7667,0.43289,0.81505,0.0004701452,0.0004701452,0.0004701452,,
yolo_yolov8s_20260715_234501,yolo,yolo_yolov8s_20260715_234501,yolov8s.pt,/root/autodl-fs/datasets/DAIR-V2X_YOLO/dairv2x.yaml,train,46,3603.02730512619,0.78746,0.44603,0.82163,0.86261,0.82914,0.88198,0.65759,0.76927,0.43173,0.81477,0.0004618985,0.0004618985,0.0004618985,,
yolo_yolov8s_20260715_234501,yolo,yolo_yolov8s_20260715_234501,yolov8s.pt,/root/autodl-fs/datasets/DAIR-V2X_YOLO/dairv2x.yaml,train,47,3681.1700785160065,0.78742,0.44625,0.82031,0.86344,0.82083,0.88001,0.65644,0.76678,0.43156,0.81463,0.00045365180000000007,0.00045365180000000007,0.00045365180000000007,,
yolo_yolov8s_20260715_234501,yolo,yolo_yolov8s_20260715_234501,yolov8s.pt,/root/autodl-fs/datasets/DAIR-V2X_YOLO/dairv2x.yaml,train,48,3759.2807626724243,0.7861,0.44646,0.82156,0.85737,0.82661,0.88013,0.65746,0.76815,0.43217,0.81477,0.00044540510000000004,0.00044540510000000004,0.00044540510000000004,,
yolo_yolov8s_20260715_234501,yolo,yolo_yolov8s_20260715_234501,yolov8s.pt,/root/autodl-fs/datasets/DAIR-V2X_YOLO/dairv2x.yaml,train,49,3837.267340183258,0.78311,0.44179,0.82053,0.85485,0.83161,0.87956,0.65729,0.7646,0.42929,0.81442,0.0004371584,0.0004371584,0.0004371584,,
yolo_yolov8s_20260715_234501,yolo,yolo_yolov8s_20260715_234501,yolov8s.pt,/root/autodl-fs/datasets/DAIR-V2X_YOLO/dairv2x.yaml,train,50,3915.2854759693146,0.78176,0.44203,0.82039,0.86444,0.82455,0.87937,0.65846,0.7639,0.42824,0.81458,0.0004289117,0.0004289117,0.0004289117,,
yolo_yolov8s_20260715_234501,yolo,yolo_yolov8s_20260715_234501,yolov8s.pt,/root/autodl-fs/datasets/DAIR-V2X_YOLO/dairv2x.yaml,train,51,3992.4930374622345,0.78044,0.43956,0.81985,0.85967,0.82855,0.88455,0.66016,0.76371,0.42689,0.81484,0.00042066499999999997,0.00042066499999999997,0.00042066499999999997,,
yolo_yolov8s_20260715_234501,yolo,yolo_yolov8s_20260715_234501,yolov8s.pt,/root/autodl-fs/datasets/DAIR-V2X_YOLO/dairv2x.yaml,train,52,4070.873744249344,0.77622,0.43725,0.81984,0.86181,0.83079,0.88258,0.65984,0.76129,0.42771,0.81388,0.00041241829999999995,0.00041241829999999995,0.00041241829999999995,,
yolo_yolov8s_20260715_234501,yolo,yolo_yolov8s_20260715_234501,yolov8s.pt,/root/autodl-fs/datasets/DAIR-V2X_YOLO/dairv2x.yaml,train,53,4149.937420368195,0.77581,0.43742,0.81915,0.86565,0.82654,0.88061,0.66064,0.76081,0.42697,0.8141,0.0004041716,0.0004041716,0.0004041716,,
yolo_yolov8s_20260715_234501,yolo,yolo_yolov8s_20260715_234501,yolov8s.pt,/root/autodl-fs/datasets/DAIR-V2X_YOLO/dairv2x.yaml,train,54,4227.7203249931335,0.77721,0.43649,0.81996,0.86496,0.8259,0.87774,0.65743,0.75908,0.4273,0.81404,0.0003959249,0.0003959249,0.0003959249,,
yolo_yolov8s_20260715_234501,yolo,yolo_yolov8s_20260715_234501,yolov8s.pt,/root/autodl-fs/datasets/DAIR-V2X_YOLO/dairv2x.yaml,train,55,4305.745710372925,0.77462,0.43545,0.81868,0.86328,0.82961,0.88171,0.66069,0.75913,0.42617,0.81417,0.0003876782,0.0003876782,0.0003876782,,
yolo_yolov8s_20260715_234501,yolo,yolo_yolov8s_20260715_234501,yolov8s.pt,/root/autodl-fs/datasets/DAIR-V2X_YOLO/dairv2x.yaml,train,56,4383.444807291031,0.77299,0.43535,0.81891,0.8701,0.82489,0.88109,0.66034,0.75944,0.42488,0.81403,0.00037943149999999996,0.00037943149999999996,0.00037943149999999996,,
yolo_yolov8s_20260715_234501,yolo,yolo_yolov8s_20260715_234501,yolov8s.pt,/root/autodl-fs/datasets/DAIR-V2X_YOLO/dairv2x.yaml,train,57,4462.205873966217,0.77315,0.43352,0.819,0.86155,0.83946,0.88394,0.66369,0.75742,0.42253,0.81379,0.00037118479999999994,0.00037118479999999994,0.00037118479999999994,,
yolo_yolov8s_20260715_234501,yolo,yolo_yolov8s_20260715_234501,yolov8s.pt,/root/autodl-fs/datasets/DAIR-V2X_YOLO/dairv2x.yaml,train,58,4540.727093696594,0.76715,0.43147,0.81829,0.86502,0.83379,0.8833,0.66053,0.75754,0.42351,0.81382,0.0003629381,0.0003629381,0.0003629381,,
yolo_yolov8s_20260715_234501,yolo,yolo_yolov8s_20260715_234501,yolov8s.pt,/root/autodl-fs/datasets/DAIR-V2X_YOLO/dairv2x.yaml,train,59,4618.177161455154,0.76848,0.43142,0.81808,0.8638,0.83381,0.88678,0.66692,0.75401,0.41923,0.81353,0.00035469140000000005,0.00035469140000000005,0.00035469140000000005,,
yolo_yolov8s_20260715_234501,yolo,yolo_yolov8s_20260715_234501,yolov8s.pt,/root/autodl-fs/datasets/DAIR-V2X_YOLO/dairv2x.yaml,train,60,4696.372498989105,0.76854,0.43042,0.8179,0.87266,0.83234,0.88832,0.66626,0.75237,0.41926,0.81314,0.00034644470000000003,0.00034644470000000003,0.00034644470000000003,,
yolo_yolov8s_20260715_234501,yolo,yolo_yolov8s_20260715_234501,yolov8s.pt,/root/autodl-fs/datasets/DAIR-V2X_YOLO/dairv2x.yaml,train,61,4774.609931707382,0.76578,0.43048,0.81732,0.86857,0.83001,0.88462,0.66431,0.75428,0.41899,0.81312,0.000338198,0.000338198,0.000338198,,
yolo_yolov8s_20260715_234501,yolo,yolo_yolov8s_20260715_234501,yolov8s.pt,/root/autodl-fs/datasets/DAIR-V2X_YOLO/dairv2x.yaml,train,62,4851.957705974579,0.76399,0.42765,0.81832,0.85638,0.83987,0.88452,0.66446,0.75314,0.41851,0.8131,0.0003299513,0.0003299513,0.0003299513,,
yolo_yolov8s_20260715_234501,yolo,yolo_yolov8s_20260715_234501,yolov8s.pt,/root/autodl-fs/datasets/DAIR-V2X_YOLO/dairv2x.yaml,train,63,4930.4834406375885,0.76171,0.4262,0.81677,0.86991,0.82732,0.88511,0.66709,0.75134,0.41866,0.81258,0.00032170459999999996,0.00032170459999999996,0.00032170459999999996,,
yolo_yolov8s_20260715_234501,yolo,yolo_yolov8s_20260715_234501,yolov8s.pt,/root/autodl-fs/datasets/DAIR-V2X_YOLO/dairv2x.yaml,train,64,5008.150135755539,0.76191,0.42556,0.81678,0.85841,0.83899,0.8845,0.66723,0.74966,0.4183,0.81247,0.0003134579,0.0003134579,0.0003134579,,
yolo_yolov8s_20260715_234501,yolo,yolo_yolov8s_20260715_234501,yolov8s.pt,/root/autodl-fs/datasets/DAIR-V2X_YOLO/dairv2x.yaml,train,65,5086.054504394531,0.75773,0.42247,0.8171,0.86438,0.82948,0.88344,0.66636,0.75179,0.41723,0.81279,0.0003052112,0.0003052112,0.0003052112,,
yolo_yolov8s_20260715_234501,yolo,yolo_yolov8s_20260715_234501,yolov8s.pt,/root/autodl-fs/datasets/DAIR-V2X_YOLO/dairv2x.yaml,train,66,5163.328114032745,0.75764,0.42311,0.81684,0.85364,0.84244,0.88473,0.66699,0.74888,0.41585,0.81263,0.0002969645,0.0002969645,0.0002969645,,
yolo_yolov8s_20260715_234501,yolo,yolo_yolov8s_20260715_234501,yolov8s.pt,/root/autodl-fs/datasets/DAIR-V2X_YOLO/dairv2x.yaml,train,67,5241.044982433319,0.75851,0.42179,0.81599,0.86009,0.83537,0.88409,0.66738,0.74973,0.41524,0.81257,0.00028871779999999997,0.00028871779999999997,0.00028871779999999997,,
yolo_yolov8s_20260715_234501,yolo,yolo_yolov8s_20260715_234501,yolov8s.pt,/root/autodl-fs/datasets/DAIR-V2X_YOLO/dairv2x.yaml,train,68,5319.84020113945,0.75595,0.42108,0.81598,0.86156,0.83683,0.88267,0.66663,0.74791,0.41534,0.81213,0.00028047109999999994,0.00028047109999999994,0.00028047109999999994,,
yolo_yolov8s_20260715_234501,yolo,yolo_yolov8s_20260715_234501,yolov8s.pt,/root/autodl-fs/datasets/DAIR-V2X_YOLO/dairv2x.yaml,train,69,5397.730189561844,0.75333,0.41823,0.81579,0.86821,0.83197,0.88668,0.66859,0.74969,0.41646,0.81259,0.0002722244,0.0002722244,0.0002722244,,
yolo_yolov8s_20260715_234501,yolo,yolo_yolov8s_20260715_234501,yolov8s.pt,/root/autodl-fs/datasets/DAIR-V2X_YOLO/dairv2x.yaml,train,70,5476.217821359634,0.75115,0.41649,0.81535,0.86099,0.83776,0.88545,0.66882,0.74883,0.41451,0.81198,0.00026397770000000006,0.00026397770000000006,0.00026397770000000006,,
yolo_yolov8s_20260715_234501,yolo,yolo_yolov8s_20260715_234501,yolov8s.pt,/root/autodl-fs/datasets/DAIR-V2X_YOLO/dairv2x.yaml,train,71,5553.795916557312,0.7551,0.41948,0.8159,0.86146,0.83696,0.88399,0.66763,0.74753,0.41343,0.81219,0.00025573100000000004,0.00025573100000000004,0.00025573100000000004,,
yolo_yolov8s_20260715_234501,yolo,yolo_yolov8s_20260715_234501,yolov8s.pt,/root/autodl-fs/datasets/DAIR-V2X_YOLO/dairv2x.yaml,train,72,5631.801481962204,0.75213,0.41596,0.81505,0.87016,0.83074,0.88539,0.66886,0.74847,0.41292,0.812,0.0002474843,0.0002474843,0.0002474843,,
yolo_yolov8s_20260715_234501,yolo,yolo_yolov8s_20260715_234501,yolov8s.pt,/root/autodl-fs/datasets/DAIR-V2X_YOLO/dairv2x.yaml,train,73,5709.922450304031,0.74754,0.41428,0.81484,0.86862,0.8324,0.88492,0.66915,0.74599,0.41166,0.81186,0.0002392376,0.0002392376,0.0002392376,,
yolo_yolov8s_20260715_234501,yolo,yolo_yolov8s_20260715_234501,yolov8s.pt,/root/autodl-fs/datasets/DAIR-V2X_YOLO/dairv2x.yaml,train,74,5788.311388015747,0.74836,0.41585,0.81507,0.86466,0.8374,0.88475,0.66883,0.74315,0.41135,0.81158,0.00023099090000000002,0.00023099090000000002,0.00023099090000000002,,
yolo_yolov8s_20260715_234501,yolo,yolo_yolov8s_20260715_234501,yolov8s.pt,/root/autodl-fs/datasets/DAIR-V2X_YOLO/dairv2x.yaml,train,75,5866.566177606583,0.7459,0.41228,0.81419,0.85968,0.83618,0.88239,0.66697,0.74519,0.41111,0.81179,0.00022274420000000002,0.00022274420000000002,0.00022274420000000002,,
yolo_yolov8s_20260715_234501,yolo,yolo_yolov8s_20260715_234501,yolov8s.pt,/root/autodl-fs/datasets/DAIR-V2X_YOLO/dairv2x.yaml,train,76,5945.269301652908,0.74443,0.41095,0.81485,0.8613,0.83845,0.88633,0.67017,0.74498,0.40916,0.81195,0.0002144975,0.0002144975,0.0002144975,,
yolo_yolov8s_20260715_234501,yolo,yolo_yolov8s_20260715_234501,yolov8s.pt,/root/autodl-fs/datasets/DAIR-V2X_YOLO/dairv2x.yaml,train,77,6023.705393791199,0.74201,0.41119,0.81478,0.86155,0.83913,0.88681,0.67024,0.74635,0.41001,0.81203,0.00020625079999999997,0.00020625079999999997,0.00020625079999999997,,
yolo_yolov8s_20260715_234501,yolo,yolo_yolov8s_20260715_234501,yolov8s.pt,/root/autodl-fs/datasets/DAIR-V2X_YOLO/dairv2x.yaml,train,78,6101.678961753845,0.742,0.40997,0.81469,0.86894,0.83339,0.88648,0.67036,0.74359,0.41065,0.81158,0.00019800409999999998,0.00019800409999999998,0.00019800409999999998,,
yolo_yolov8s_20260715_234501,yolo,yolo_yolov8s_20260715_234501,yolov8s.pt,/root/autodl-fs/datasets/DAIR-V2X_YOLO/dairv2x.yaml,train,79,6180.060517311096,0.73905,0.40834,0.81292,0.85962,0.84265,0.88508,0.67116,0.74045,0.40948,0.81112,0.00018975739999999998,0.00018975739999999998,0.00018975739999999998,,
yolo_yolov8s_20260715_234501,yolo,yolo_yolov8s_20260715_234501,yolov8s.pt,/root/autodl-fs/datasets/DAIR-V2X_YOLO/dairv2x.yaml,train,80,6258.106976032257,0.74008,0.40844,0.8132,0.86417,0.83751,0.88501,0.66965,0.74132,0.4094,0.8112,0.00018151069999999998,0.00018151069999999998,0.00018151069999999998,,
yolo_yolov8s_20260715_234501,yolo,yolo_yolov8s_20260715_234501,yolov8s.pt,/root/autodl-fs/datasets/DAIR-V2X_YOLO/dairv2x.yaml,train,81,6336.533141613007,0.73656,0.4063,0.81355,0.86508,0.83774,0.88622,0.67051,0.74145,0.40879,0.81122,0.00017326399999999996,0.00017326399999999996,0.00017326399999999996,,
yolo_yolov8s_20260715_234501,yolo,yolo_yolov8s_20260715_234501,yolov8s.pt,/root/autodl-fs/datasets/DAIR-V2X_YOLO/dairv2x.yaml,train,82,6414.084981918335,0.7353,0.40512,0.81332,0.8635,0.84147,0.88647,0.67277,0.74145,0.40782,0.81112,0.00016501729999999994,0.00016501729999999994,0.00016501729999999994,,
yolo_yolov8s_20260715_234501,yolo,yolo_yolov8s_20260715_234501,yolov8s.pt,/root/autodl-fs/datasets/DAIR-V2X_YOLO/dairv2x.yaml,train,83,6491.739700078964,0.73616,0.4042,0.81358,0.86129,0.84099,0.88513,0.67168,0.74194,0.40859,0.81095,0.00015677060000000005,0.00015677060000000005,0.00015677060000000005,,
yolo_yolov8s_20260715_234501,yolo,yolo_yolov8s_20260715_234501,yolov8s.pt,/root/autodl-fs/datasets/DAIR-V2X_YOLO/dairv2x.yaml,train,84,6570.390697717667,0.73403,0.40324,0.81269,0.8671,0.83774,0.88472,0.67058,0.74168,0.40952,0.81107,0.00014852390000000002,0.00014852390000000002,0.00014852390000000002,,
yolo_yolov8s_20260715_234501,yolo,yolo_yolov8s_20260715_234501,yolov8s.pt,/root/autodl-fs/datasets/DAIR-V2X_YOLO/dairv2x.yaml,train,85,6648.458173751831,0.73202,0.4021,0.81294,0.86182,0.84064,0.88589,0.67132,0.74143,0.41052,0.81116,0.00014027720000000003,0.00014027720000000003,0.00014027720000000003,,
yolo_yolov8s_20260715_234501,yolo,yolo_yolov8s_20260715_234501,yolov8s.pt,/root/autodl-fs/datasets/DAIR-V2X_YOLO/dairv2x.yaml,train,86,6726.447612047195,0.7323,0.40117,0.81203,0.86546,0.84196,0.88581,0.67214,0.73989,0.4086,0.81103,0.00013203050000000003,0.00013203050000000003,0.00013203050000000003,,
yolo_yolov8s_20260715_234501,yolo,yolo_yolov8s_20260715_234501,yolov8s.pt,/root/autodl-fs/datasets/DAIR-V2X_YOLO/dairv2x.yaml,train,87,6804.385019540787,0.73121,0.40033,0.81255,0.868,0.83691,0.88503,0.67157,0.74122,0.4085,0.81107,0.0001237838,0.0001237838,0.0001237838,,
yolo_yolov8s_20260715_234501,yolo,yolo_yolov8s_20260715_234501,yolov8s.pt,/root/autodl-fs/datasets/DAIR-V2X_YOLO/dairv2x.yaml,train,88,6882.398707866669,0.72772,0.39933,0.81244,0.86595,0.83507,0.88604,0.67224,0.7404,0.4082,0.81114,0.00011553710000000001,0.00011553710000000001,0.00011553710000000001,,
yolo_yolov8s_20260715_234501,yolo,yolo_yolov8s_20260715_234501,yolov8s.pt,/root/autodl-fs/datasets/DAIR-V2X_YOLO/dairv2x.yaml,train,89,6960.599370956421,0.72603,0.39827,0.81249,0.86395,0.83846,0.88604,0.67162,0.74093,0.40782,0.81104,0.0001072904,0.0001072904,0.0001072904,,
yolo_yolov8s_20260715_234501,yolo,yolo_yolov8s_20260715_234501,yolov8s.pt,/root/autodl-fs/datasets/DAIR-V2X_YOLO/dairv2x.yaml,train,90,7038.429037332535,0.7283,0.39859,0.81274,0.86196,0.84003,0.8847,0.67159,0.73949,0.40665,0.81096,9.904369999999997e-05,9.904369999999997e-05,9.904369999999997e-05,,
yolo_yolov8s_20260715_234501,yolo,yolo_yolov8s_20260715_234501,yolov8s.pt,/root/autodl-fs/datasets/DAIR-V2X_YOLO/dairv2x.yaml,train,91,7112.056991815567,0.70413,0.3865,0.8077,0.8642,0.8363,0.88401,0.66909,0.74474,0.40986,0.81179,9.079699999999998e-05,9.079699999999998e-05,9.079699999999998e-05,,
yolo_yolov8s_20260715_234501,yolo,yolo_yolov8s_20260715_234501,yolov8s.pt,/root/autodl-fs/datasets/DAIR-V2X_YOLO/dairv2x.yaml,train,92,7185.4224944114685,0.70124,0.38267,0.8061,0.86643,0.83233,0.88506,0.66939,0.74551,0.40986,0.81172,8.255029999999997e-05,8.255029999999997e-05,8.255029999999997e-05,,
yolo_yolov8s_20260715_234501,yolo,yolo_yolov8s_20260715_234501,yolov8s.pt,/root/autodl-fs/datasets/DAIR-V2X_YOLO/dairv2x.yaml,train,93,7257.399422645569,0.69615,0.38042,0.80634,0.86507,0.8322,0.88556,0.66947,0.74405,0.40939,0.81172,7.430359999999997e-05,7.430359999999997e-05,7.430359999999997e-05,,
yolo_yolov8s_20260715_234501,yolo,yolo_yolov8s_20260715_234501,yolov8s.pt,/root/autodl-fs/datasets/DAIR-V2X_YOLO/dairv2x.yaml,train,94,7329.60231757164,0.6948,0.37949,0.80701,0.86539,0.83382,0.88541,0.6701,0.74313,0.40884,0.81139,6.605689999999995e-05,6.605689999999995e-05,6.605689999999995e-05,,
yolo_yolov8s_20260715_234501,yolo,yolo_yolov8s_20260715_234501,yolov8s.pt,/root/autodl-fs/datasets/DAIR-V2X_YOLO/dairv2x.yaml,train,95,7402.157883167267,0.69188,0.37715,0.80581,0.86918,0.82978,0.88355,0.66956,0.74201,0.40899,0.81134,5.781020000000004e-05,5.781020000000004e-05,5.781020000000004e-05,,
yolo_yolov8s_20260715_234501,yolo,yolo_yolov8s_20260715_234501,yolov8s.pt,/root/autodl-fs/datasets/DAIR-V2X_YOLO/dairv2x.yaml,train,96,7475.031777620316,0.6908,0.37607,0.80572,0.86728,0.83231,0.8843,0.66997,0.74167,0.4083,0.81133,4.9563500000000035e-05,4.9563500000000035e-05,4.9563500000000035e-05,,
yolo_yolov8s_20260715_234501,yolo,yolo_yolov8s_20260715_234501,yolov8s.pt,/root/autodl-fs/datasets/DAIR-V2X_YOLO/dairv2x.yaml,train,97,7548.176435709,0.68994,0.37454,0.8053,0.87074,0.82804,0.88475,0.6702,0.74158,0.40791,0.81127,4.131680000000003e-05,4.131680000000003e-05,4.131680000000003e-05,,
yolo_yolov8s_20260715_234501,yolo,yolo_yolov8s_20260715_234501,yolov8s.pt,/root/autodl-fs/datasets/DAIR-V2X_YOLO/dairv2x.yaml,train,98,7620.652965784073,0.68829,0.37376,0.80506,0.86755,0.83026,0.88462,0.67079,0.74197,0.40768,0.8113,3.307010000000002e-05,3.307010000000002e-05,3.307010000000002e-05,,
yolo_yolov8s_20260715_234501,yolo,yolo_yolov8s_20260715_234501,yolov8s.pt,/root/autodl-fs/datasets/DAIR-V2X_YOLO/dairv2x.yaml,train,99,7692.287717580795,0.68491,0.37134,0.80444,0.87279,0.82756,0.88444,0.67065,0.74113,0.4077,0.8113,2.4823400000000017e-05,2.4823400000000017e-05,2.4823400000000017e-05,,
yolo_yolov8s_20260715_234501,yolo,yolo_yolov8s_20260715_234501,yolov8s.pt,/root/autodl-fs/datasets/DAIR-V2X_YOLO/dairv2x.yaml,train,100,7765.45592045784,0.68599,0.37193,0.80485,0.86902,0.82934,0.88484,0.67114,0.7409,0.40719,0.81124,1.6576700000000007e-05,1.6576700000000007e-05,1.6576700000000007e-05,,
yolo_yolov8s_20260716_020502,yolo,yolo_yolov8s_20260716_020502,yolov8s.pt,/root/autodl-fs/datasets/UA-DETRAC_YOLO/data.yaml,train,1,80.05932903289795,0.96345,0.90801,0.97268,0.72328,0.61701,0.65425,0.45577,1.0648,0.85628,1.00044,0.00041533546325878595,0.00041533546325878595,0.00041533546325878595,,
yolo_yolov8s_20260716_020502,yolo,yolo_yolov8s_20260716_020502,yolov8s.pt,/root/autodl-fs/datasets/UA-DETRAC_YOLO/data.yaml,train,2,150.93728852272034,0.90776,0.64102,0.94202,0.82643,0.65019,0.74241,0.52774,1.07569,0.71791,1.02221,0.0008237653088391906,0.0008237653088391906,0.0008237653088391906,,
yolo_yolov8s_20260716_020502,yolo,yolo_yolov8s_20260716_020502,yolov8s.pt,/root/autodl-fs/datasets/UA-DETRAC_YOLO/data.yaml,train,3,221.0670518875122,0.88884,0.61199,0.9349,0.70203,0.621,0.69392,0.48311,1.06276,0.84846,1.01095,0.0012239451544195953,0.0012239451544195953,0.0012239451544195953,,
yolo_yolov8s_20260716_020502,yolo,yolo_yolov8s_20260716_020502,yolov8s.pt,/root/autodl-fs/datasets/UA-DETRAC_YOLO/data.yaml,train,4,290.82932925224304,0.85946,0.58083,0.92529,0.7801,0.66798,0.76689,0.54437,1.07044,0.7445,1.00416,0.001212875,0.001212875,0.001212875,,
yolo_yolov8s_20260716_020502,yolo,yolo_yolov8s_20260716_020502,yolov8s.pt,/root/autodl-fs/datasets/UA-DETRAC_YOLO/data.yaml,train,5,360.6879668235779,0.83411,0.55282,0.91916,0.81007,0.67873,0.77127,0.53998,1.05903,0.65722,1.00367,0.0012005,0.0012005,0.0012005,,
yolo_yolov8s_20260716_020502,yolo,yolo_yolov8s_20260716_020502,yolov8s.pt,/root/autodl-fs/datasets/UA-DETRAC_YOLO/data.yaml,train,6,430.2415761947632,0.81462,0.52926,0.91184,0.85431,0.65887,0.74948,0.54326,1.02685,0.68376,0.99541,0.001188125,0.001188125,0.001188125,,
yolo_yolov8s_20260716_020502,yolo,yolo_yolov8s_20260716_020502,yolov8s.pt,/root/autodl-fs/datasets/UA-DETRAC_YOLO/data.yaml,train,7,499.68018436431885,0.79994,0.51764,0.90724,0.81424,0.7124,0.79044,0.56694,1.01052,0.62334,0.98662,0.00117575,0.00117575,0.00117575,,
yolo_yolov8s_20260716_020502,yolo,yolo_yolov8s_20260716_020502,yolov8s.pt,/root/autodl-fs/datasets/UA-DETRAC_YOLO/data.yaml,train,8,570.1437664031982,0.78978,0.50036,0.90415,0.80479,0.65436,0.77391,0.54808,1.02074,0.648,0.9881,0.001163375,0.001163375,0.001163375,,
yolo_yolov8s_20260716_020502,yolo,yolo_yolov8s_20260716_020502,yolov8s.pt,/root/autodl-fs/datasets/UA-DETRAC_YOLO/data.yaml,train,9,640.4036700725555,0.77741,0.48774,0.90052,0.75322,0.69645,0.77331,0.55436,1.04241,0.679,0.99843,0.0011510000000000001,0.0011510000000000001,0.0011510000000000001,,
yolo_yolov8s_20260716_020502,yolo,yolo_yolov8s_20260716_020502,yolov8s.pt,/root/autodl-fs/datasets/UA-DETRAC_YOLO/data.yaml,train,10,709.8689072132111,0.76965,0.47976,0.89754,0.80048,0.66489,0.78413,0.56953,1.02932,0.64731,0.98899,0.001138625,0.001138625,0.001138625,,
yolo_yolov8s_20260716_020502,yolo,yolo_yolov8s_20260716_020502,yolov8s.pt,/root/autodl-fs/datasets/UA-DETRAC_YOLO/data.yaml,train,11,779.9636023044586,0.7637,0.47708,0.89601,0.87142,0.70622,0.81038,0.5747,1.0464,0.62801,1.00244,0.00112625,0.00112625,0.00112625,,
yolo_yolov8s_20260716_020502,yolo,yolo_yolov8s_20260716_020502,yolov8s.pt,/root/autodl-fs/datasets/UA-DETRAC_YOLO/data.yaml,train,12,850.4928512573242,0.75534,0.46384,0.89386,0.83146,0.6716,0.78096,0.56352,1.04361,0.62603,1.00161,0.001113875,0.001113875,0.001113875,,
yolo_yolov8s_20260716_020502,yolo,yolo_yolov8s_20260716_020502,yolov8s.pt,/root/autodl-fs/datasets/UA-DETRAC_YOLO/data.yaml,train,13,920.5377852916718,0.75189,0.45605,0.89136,0.74274,0.72029,0.79712,0.57159,1.00766,0.62768,0.98717,0.0011015,0.0011015,0.0011015,,
yolo_yolov8s_20260716_020502,yolo,yolo_yolov8s_20260716_020502,yolov8s.pt,/root/autodl-fs/datasets/UA-DETRAC_YOLO/data.yaml,train,14,989.9816980361938,0.74151,0.45058,0.88855,0.88576,0.6946,0.79658,0.58208,1.02575,0.63686,0.98973,0.001089125,0.001089125,0.001089125,,
yolo_yolov8s_20260716_020502,yolo,yolo_yolov8s_20260716_020502,yolov8s.pt,/root/autodl-fs/datasets/UA-DETRAC_YOLO/data.yaml,train,15,1059.555657863617,0.73336,0.44196,0.88408,0.80214,0.72608,0.80293,0.58866,1.02915,0.58525,0.99203,0.00107675,0.00107675,0.00107675,,
yolo_yolov8s_20260716_020502,yolo,yolo_yolov8s_20260716_020502,yolov8s.pt,/root/autodl-fs/datasets/UA-DETRAC_YOLO/data.yaml,train,16,1129.0273082256317,0.73068,0.4376,0.88457,0.87023,0.69552,0.80252,0.57861,1.0544,0.62325,1.00141,0.001064375,0.001064375,0.001064375,,
yolo_yolov8s_20260716_020502,yolo,yolo_yolov8s_20260716_020502,yolov8s.pt,/root/autodl-fs/datasets/UA-DETRAC_YOLO/data.yaml,train,17,1199.52858543396,0.7252,0.43226,0.88288,0.82767,0.72074,0.80821,0.59426,0.98976,0.63804,0.97508,0.001052,0.001052,0.001052,,
yolo_yolov8s_20260716_020502,yolo,yolo_yolov8s_20260716_020502,yolov8s.pt,/root/autodl-fs/datasets/UA-DETRAC_YOLO/data.yaml,train,18,1269.490645647049,0.7241,0.42735,0.88331,0.77795,0.70068,0.77876,0.57464,1.02236,0.59602,0.99463,0.001039625,0.001039625,0.001039625,,
yolo_yolov8s_20260716_020502,yolo,yolo_yolov8s_20260716_020502,yolov8s.pt,/root/autodl-fs/datasets/UA-DETRAC_YOLO/data.yaml,train,19,1338.8615293502808,0.7174,0.42485,0.88032,0.84005,0.69785,0.81397,0.59349,1.0043,0.62107,0.98829,0.0010272500000000002,0.0010272500000000002,0.0010272500000000002,,
yolo_yolov8s_20260716_020502,yolo,yolo_yolov8s_20260716_020502,yolov8s.pt,/root/autodl-fs/datasets/UA-DETRAC_YOLO/data.yaml,train,20,1408.4482312202454,0.71255,0.41588,0.8796,0.86153,0.6688,0.78974,0.58919,1.02396,0.60355,0.99341,0.0010148750000000002,0.0010148750000000002,0.0010148750000000002,,
yolo_yolov8s_20260716_020502,yolo,yolo_yolov8s_20260716_020502,yolov8s.pt,/root/autodl-fs/datasets/UA-DETRAC_YOLO/data.yaml,train,21,1478.455320596695,0.70926,0.41605,0.87855,0.86078,0.7134,0.82284,0.60386,1.00841,0.60513,0.98891,0.0010025000000000001,0.0010025000000000001,0.0010025000000000001,,
yolo_yolov8s_20260716_020502,yolo,yolo_yolov8s_20260716_020502,yolov8s.pt,/root/autodl-fs/datasets/UA-DETRAC_YOLO/data.yaml,train,22,1547.9383192062378,0.70542,0.41135,0.87735,0.83867,0.70074,0.80674,0.59208,1.03635,0.60156,0.99922,0.0009901250000000001,0.0009901250000000001,0.0009901250000000001,,
yolo_yolov8s_20260716_020502,yolo,yolo_yolov8s_20260716_020502,yolov8s.pt,/root/autodl-fs/datasets/UA-DETRAC_YOLO/data.yaml,train,23,1617.69189453125,0.70375,0.40893,0.87741,0.78971,0.7165,0.80379,0.59541,1.02006,0.60198,0.98989,0.00097775,0.00097775,0.00097775,,
yolo_yolov8s_20260716_020502,yolo,yolo_yolov8s_20260716_020502,yolov8s.pt,/root/autodl-fs/datasets/UA-DETRAC_YOLO/data.yaml,train,24,1687.4841976165771,0.69972,0.40633,0.87669,0.83079,0.73613,0.82846,0.61241,1.00437,0.56785,0.98345,0.000965375,0.000965375,0.000965375,,
yolo_yolov8s_20260716_020502,yolo,yolo_yolov8s_20260716_020502,yolov8s.pt,/root/autodl-fs/datasets/UA-DETRAC_YOLO/data.yaml,train,25,1757.0402505397797,0.69405,0.40124,0.87516,0.80947,0.68766,0.80603,0.59453,1.00802,0.5904,0.99083,0.000953,0.000953,0.000953,,
yolo_yolov8s_20260716_020502,yolo,yolo_yolov8s_20260716_020502,yolov8s.pt,/root/autodl-fs/datasets/UA-DETRAC_YOLO/data.yaml,train,26,1826.549085855484,0.69408,0.40283,0.87367,0.80185,0.72721,0.81544,0.60613,0.99827,0.6079,0.99094,0.000940625,0.000940625,0.000940625,,
yolo_yolov8s_20260716_020502,yolo,yolo_yolov8s_20260716_020502,yolov8s.pt,/root/autodl-fs/datasets/UA-DETRAC_YOLO/data.yaml,train,27,1897.1686158180237,0.6901,0.39579,0.87408,0.85766,0.6849,0.78649,0.59097,1.00796,0.59782,0.98795,0.00092825,0.00092825,0.00092825,,
yolo_yolov8s_20260716_020502,yolo,yolo_yolov8s_20260716_020502,yolov8s.pt,/root/autodl-fs/datasets/UA-DETRAC_YOLO/data.yaml,train,28,1966.590365409851,0.68729,0.39011,0.87101,0.86939,0.69989,0.82903,0.60681,1.00806,0.57976,0.98866,0.000915875,0.000915875,0.000915875,,
yolo_yolov8s_20260716_020502,yolo,yolo_yolov8s_20260716_020502,yolov8s.pt,/root/autodl-fs/datasets/UA-DETRAC_YOLO/data.yaml,train,29,2035.7773880958557,0.6812,0.38781,0.87077,0.86453,0.7307,0.8318,0.60626,1.01738,0.57343,0.99412,0.0009035,0.0009035,0.0009035,,
yolo_yolov8s_20260716_020502,yolo,yolo_yolov8s_20260716_020502,yolov8s.pt,/root/autodl-fs/datasets/UA-DETRAC_YOLO/data.yaml,train,30,2105.540653705597,0.67785,0.38363,0.87126,0.80682,0.72164,0.81243,0.60088,1.0067,0.61273,0.99186,0.000891125,0.000891125,0.000891125,,
yolo_yolov8s_20260716_020502,yolo,yolo_yolov8s_20260716_020502,yolov8s.pt,/root/autodl-fs/datasets/UA-DETRAC_YOLO/data.yaml,train,31,2175.2565410137177,0.67958,0.38237,0.86882,0.853,0.70899,0.81596,0.60234,0.98936,0.60515,0.98277,0.00087875,0.00087875,0.00087875,,
yolo_yolov8s_20260716_020502,yolo,yolo_yolov8s_20260716_020502,yolov8s.pt,/root/autodl-fs/datasets/UA-DETRAC_YOLO/data.yaml,train,32,2244.9999616146088,0.678,0.38042,0.8703,0.87514,0.71106,0.80902,0.59686,0.99981,0.58647,0.99007,0.000866375,0.000866375,0.000866375,,
yolo_yolov8s_20260716_020502,yolo,yolo_yolov8s_20260716_020502,yolov8s.pt,/root/autodl-fs/datasets/UA-DETRAC_YOLO/data.yaml,train,33,2314.2731993198395,0.67539,0.37695,0.86864,0.845,0.71369,0.81884,0.60699,0.98537,0.57498,0.97682,0.0008539999999999999,0.0008539999999999999,0.0008539999999999999,,
yolo_yolov8s_20260716_020502,yolo,yolo_yolov8s_20260716_020502,yolov8s.pt,/root/autodl-fs/datasets/UA-DETRAC_YOLO/data.yaml,train,34,2383.8059101104736,0.66656,0.37217,0.86762,0.85246,0.72734,0.81603,0.59857,1.00719,0.56741,0.98828,0.0008416249999999999,0.0008416249999999999,0.0008416249999999999,,
yolo_yolov8s_20260716_020502,yolo,yolo_yolov8s_20260716_020502,yolov8s.pt,/root/autodl-fs/datasets/UA-DETRAC_YOLO/data.yaml,train,35,2453.0897483825684,0.66724,0.37123,0.86928,0.81464,0.7205,0.81962,0.60551,0.98954,0.57857,0.98217,0.0008292499999999999,0.0008292499999999999,0.0008292499999999999,,
yolo_yolov8s_20260716_020502,yolo,yolo_yolov8s_20260716_020502,yolov8s.pt,/root/autodl-fs/datasets/UA-DETRAC_YOLO/data.yaml,train,36,2522.9255464076996,0.66573,0.37051,0.86683,0.82726,0.72114,0.81495,0.61055,1.01047,0.59216,0.99447,0.000816875,0.000816875,0.000816875,,
yolo_yolov8s_20260716_020502,yolo,yolo_yolov8s_20260716_020502,yolov8s.pt,/root/autodl-fs/datasets/UA-DETRAC_YOLO/data.yaml,train,37,2592.4772579669952,0.66472,0.3669,0.86483,0.84235,0.7257,0.81284,0.60451,1.00098,0.58724,0.98936,0.0008045000000000001,0.0008045000000000001,0.0008045000000000001,,
yolo_yolov8s_20260716_020502,yolo,yolo_yolov8s_20260716_020502,yolov8s.pt,/root/autodl-fs/datasets/UA-DETRAC_YOLO/data.yaml,train,38,2661.5493636131287,0.66182,0.3655,0.864,0.84398,0.71934,0.81078,0.60306,1.00857,0.5991,0.9904,0.0007921250000000001,0.0007921250000000001,0.0007921250000000001,,
yolo_yolov8s_20260716_020502,yolo,yolo_yolov8s_20260716_020502,yolov8s.pt,/root/autodl-fs/datasets/UA-DETRAC_YOLO/data.yaml,train,39,2731.0924949645996,0.65729,0.36278,0.86413,0.8356,0.74857,0.82895,0.62099,0.97921,0.57879,0.98671,0.0007797500000000001,0.0007797500000000001,0.0007797500000000001,,
yolo_yolov8s_20260716_020502,yolo,yolo_yolov8s_20260716_020502,yolov8s.pt,/root/autodl-fs/datasets/UA-DETRAC_YOLO/data.yaml,train,40,2799.9967527389526,0.65665,0.36037,0.86256,0.82223,0.73012,0.82981,0.62061,1.00647,0.58883,0.99099,0.000767375,0.000767375,0.000767375,,
yolo_yolov8s_20260716_020502,yolo,yolo_yolov8s_20260716_020502,yolov8s.pt,/root/autodl-fs/datasets/UA-DETRAC_YOLO/data.yaml,train,41,2869.8723015785217,0.65515,0.35724,0.86346,0.78637,0.73974,0.81056,0.60617,1.0059,0.58359,0.99362,0.000755,0.000755,0.000755,,
yolo_yolov8s_20260716_020502,yolo,yolo_yolov8s_20260716_020502,yolov8s.pt,/root/autodl-fs/datasets/UA-DETRAC_YOLO/data.yaml,train,42,2939.782602071762,0.65013,0.35387,0.86171,0.8518,0.74042,0.82732,0.61893,1.00872,0.56335,0.99287,0.0007426250000000001,0.0007426250000000001,0.0007426250000000001,,
yolo_yolov8s_20260716_020502,yolo,yolo_yolov8s_20260716_020502,yolov8s.pt,/root/autodl-fs/datasets/UA-DETRAC_YOLO/data.yaml,train,43,3009.2753162384033,0.64943,0.35428,0.86084,0.7836,0.75265,0.82523,0.61705,0.9902,0.57754,0.98539,0.0007302500000000001,0.0007302500000000001,0.0007302500000000001,,
yolo_yolov8s_20260716_020502,yolo,yolo_yolov8s_20260716_020502,yolov8s.pt,/root/autodl-fs/datasets/UA-DETRAC_YOLO/data.yaml,train,44,3079.062791109085,0.64633,0.35395,0.86075,0.85998,0.72377,0.82666,0.6128,0.99457,0.58716,0.99303,0.0007178750000000001,0.0007178750000000001,0.0007178750000000001,,
yolo_yolov8s_20260716_020502,yolo,yolo_yolov8s_20260716_020502,yolov8s.pt,/root/autodl-fs/datasets/UA-DETRAC_YOLO/data.yaml,train,45,3149.343978881836,0.64903,0.35279,0.86008,0.78542,0.73526,0.8268,0.61754,1.00267,0.56614,0.99189,0.0007055000000000001,0.0007055000000000001,0.0007055000000000001,,
yolo_yolov8s_20260716_020502,yolo,yolo_yolov8s_20260716_020502,yolov8s.pt,/root/autodl-fs/datasets/UA-DETRAC_YOLO/data.yaml,train,46,3219.298666000366,0.64414,0.34895,0.86041,0.83396,0.73055,0.8391,0.6244,1.00282,0.56969,0.99765,0.0006931250000000001,0.0006931250000000001,0.0006931250000000001,,
yolo_yolov8s_20260716_020502,yolo,yolo_yolov8s_20260716_020502,yolov8s.pt,/root/autodl-fs/datasets/UA-DETRAC_YOLO/data.yaml,train,47,3289.3844661712646,0.63861,0.3474,0.85875,0.8245,0.75545,0.82842,0.61419,0.98298,0.57221,0.99049,0.0006807500000000001,0.0006807500000000001,0.0006807500000000001,,
yolo_yolov8s_20260716_020502,yolo,yolo_yolov8s_20260716_020502,yolov8s.pt,/root/autodl-fs/datasets/UA-DETRAC_YOLO/data.yaml,train,48,3359.9615211486816,0.63774,0.34727,0.8596,0.81964,0.73035,0.82931,0.61711,0.99221,0.5789,0.98861,0.0006683750000000001,0.0006683750000000001,0.0006683750000000001,,
yolo_yolov8s_20260716_020502,yolo,yolo_yolov8s_20260716_020502,yolov8s.pt,/root/autodl-fs/datasets/UA-DETRAC_YOLO/data.yaml,train,49,3429.6004927158356,0.63817,0.3423,0.85871,0.87998,0.75155,0.84161,0.62908,0.99747,0.56252,0.99321,0.0006560000000000001,0.0006560000000000001,0.0006560000000000001,,
yolo_yolov8s_20260716_020502,yolo,yolo_yolov8s_20260716_020502,yolov8s.pt,/root/autodl-fs/datasets/UA-DETRAC_YOLO/data.yaml,train,50,3499.076091527939,0.63575,0.34125,0.8576,0.874,0.74778,0.84383,0.63179,0.99278,0.55338,0.98809,0.000643625,0.000643625,0.000643625,,
yolo_yolov8s_20260716_020502,yolo,yolo_yolov8s_20260716_020502,yolov8s.pt,/root/autodl-fs/datasets/UA-DETRAC_YOLO/data.yaml,train,51,3568.560331583023,0.63348,0.3384,0.85751,0.80342,0.74487,0.82399,0.61628,0.99163,0.59678,0.9913,0.00063125,0.00063125,0.00063125,,
yolo_yolov8s_20260716_020502,yolo,yolo_yolov8s_20260716_020502,yolov8s.pt,/root/autodl-fs/datasets/UA-DETRAC_YOLO/data.yaml,train,52,3637.8405549526215,0.6292,0.33795,0.85727,0.84892,0.76399,0.84559,0.63335,0.98824,0.54865,0.98639,0.000618875,0.000618875,0.000618875,,
yolo_yolov8s_20260716_020502,yolo,yolo_yolov8s_20260716_020502,yolov8s.pt,/root/autodl-fs/datasets/UA-DETRAC_YOLO/data.yaml,train,53,3707.111405611038,0.62967,0.33752,0.85648,0.86001,0.72583,0.82914,0.6182,1.00116,0.56295,0.98974,0.0006064999999999999,0.0006064999999999999,0.0006064999999999999,,
yolo_yolov8s_20260716_020502,yolo,yolo_yolov8s_20260716_020502,yolov8s.pt,/root/autodl-fs/datasets/UA-DETRAC_YOLO/data.yaml,train,54,3777.0380108356476,0.62454,0.33224,0.85537,0.88645,0.70448,0.83169,0.62464,0.98304,0.56345,0.98259,0.000594125,0.000594125,0.000594125,,
yolo_yolov8s_20260716_020502,yolo,yolo_yolov8s_20260716_020502,yolov8s.pt,/root/autodl-fs/datasets/UA-DETRAC_YOLO/data.yaml,train,55,3846.497759580612,0.62192,0.32997,0.85425,0.87322,0.7364,0.83935,0.63346,0.98393,0.55138,0.9866,0.00058175,0.00058175,0.00058175,,
yolo_yolov8s_20260716_020502,yolo,yolo_yolov8s_20260716_020502,yolov8s.pt,/root/autodl-fs/datasets/UA-DETRAC_YOLO/data.yaml,train,56,3915.900130033493,0.62332,0.33071,0.85355,0.86868,0.71557,0.82673,0.61594,0.98387,0.56893,0.98486,0.000569375,0.000569375,0.000569375,,
yolo_yolov8s_20260716_020502,yolo,yolo_yolov8s_20260716_020502,yolov8s.pt,/root/autodl-fs/datasets/UA-DETRAC_YOLO/data.yaml,train,57,3985.8473608493805,0.61991,0.32945,0.85485,0.88095,0.71535,0.82238,0.61466,0.99068,0.56758,0.9862,0.000557,0.000557,0.000557,,
yolo_yolov8s_20260716_020502,yolo,yolo_yolov8s_20260716_020502,yolov8s.pt,/root/autodl-fs/datasets/UA-DETRAC_YOLO/data.yaml,train,58,4055.437586069107,0.61521,0.32611,0.85189,0.86432,0.7238,0.83067,0.62347,0.99406,0.57154,0.98551,0.0005446250000000001,0.0005446250000000001,0.0005446250000000001,,
yolo_yolov8s_20260716_020502,yolo,yolo_yolov8s_20260716_020502,yolov8s.pt,/root/autodl-fs/datasets/UA-DETRAC_YOLO/data.yaml,train,59,4125.330926895142,0.61778,0.32566,0.85294,0.86234,0.73722,0.83939,0.63006,0.99333,0.55514,0.98292,0.0005322500000000001,0.0005322500000000001,0.0005322500000000001,,
yolo_yolov8s_20260716_020502,yolo,yolo_yolov8s_20260716_020502,yolov8s.pt,/root/autodl-fs/datasets/UA-DETRAC_YOLO/data.yaml,train,60,4194.785658836365,0.61354,0.32325,0.85168,0.88095,0.71413,0.83369,0.62566,0.9846,0.57473,0.98289,0.000519875,0.000519875,0.000519875,,
yolo_yolov8s_20260716_020502,yolo,yolo_yolov8s_20260716_020502,yolov8s.pt,/root/autodl-fs/datasets/UA-DETRAC_YOLO/data.yaml,train,61,4264.902414560318,0.61224,0.32106,0.85307,0.8646,0.71748,0.83186,0.62673,0.99311,0.54898,0.99077,0.0005075,0.0005075,0.0005075,,
yolo_yolov8s_20260716_020502,yolo,yolo_yolov8s_20260716_020502,yolov8s.pt,/root/autodl-fs/datasets/UA-DETRAC_YOLO/data.yaml,train,62,4334.104464530945,0.61092,0.32141,0.85227,0.80789,0.73543,0.82433,0.61755,0.98501,0.56338,0.98653,0.000495125,0.000495125,0.000495125,,
yolo_yolov8s_20260716_020502,yolo,yolo_yolov8s_20260716_020502,yolov8s.pt,/root/autodl-fs/datasets/UA-DETRAC_YOLO/data.yaml,train,63,4403.869379043579,0.61094,0.31872,0.85209,0.88677,0.71203,0.82573,0.62503,0.9812,0.58393,0.98553,0.00048275,0.00048275,0.00048275,,
yolo_yolov8s_20260716_020502,yolo,yolo_yolov8s_20260716_020502,yolov8s.pt,/root/autodl-fs/datasets/UA-DETRAC_YOLO/data.yaml,train,64,4473.562894582748,0.60542,0.31737,0.84998,0.83311,0.72253,0.8302,0.62986,0.9816,0.56643,0.98669,0.00047037500000000004,0.00047037500000000004,0.00047037500000000004,,
yolo_yolov8s_20260716_020502,yolo,yolo_yolov8s_20260716_020502,yolov8s.pt,/root/autodl-fs/datasets/UA-DETRAC_YOLO/data.yaml,train,65,4542.901182174683,0.60266,0.31492,0.85002,0.86697,0.74261,0.83698,0.63042,0.99239,0.58108,0.99289,0.000458,0.000458,0.000458,,
yolo_yolov8s_20260716_020502,yolo,yolo_yolov8s_20260716_020502,yolov8s.pt,/root/autodl-fs/datasets/UA-DETRAC_YOLO/data.yaml,train,66,4613.11391210556,0.59978,0.31384,0.84996,0.864,0.7266,0.8332,0.62538,0.99817,0.58936,0.99482,0.000445625,0.000445625,0.000445625,,
yolo_yolov8s_20260716_020502,yolo,yolo_yolov8s_20260716_020502,yolov8s.pt,/root/autodl-fs/datasets/UA-DETRAC_YOLO/data.yaml,train,67,4682.358219385147,0.59696,0.31155,0.84717,0.86757,0.71757,0.8321,0.62909,0.99101,0.55393,0.98931,0.00043325,0.00043325,0.00043325,,
yolo_yolov8s_20260716_020502,yolo,yolo_yolov8s_20260716_020502,yolov8s.pt,/root/autodl-fs/datasets/UA-DETRAC_YOLO/data.yaml,train,68,4751.860154628754,0.59936,0.30986,0.84852,0.81861,0.7409,0.83167,0.62795,0.99442,0.56843,0.98799,0.0004208749999999999,0.0004208749999999999,0.0004208749999999999,,
yolo_yolov8s_20260716_020502,yolo,yolo_yolov8s_20260716_020502,yolov8s.pt,/root/autodl-fs/datasets/UA-DETRAC_YOLO/data.yaml,train,69,4821.319766998291,0.59688,0.30972,0.84789,0.89729,0.71426,0.83861,0.63315,1.00064,0.55524,0.99521,0.0004085,0.0004085,0.0004085,,
yolo_yolov8s_20260716_020502,yolo,yolo_yolov8s_20260716_020502,yolov8s.pt,/root/autodl-fs/datasets/UA-DETRAC_YOLO/data.yaml,train,70,4890.406537294388,0.59212,0.30762,0.84776,0.868,0.73113,0.83227,0.63378,0.97561,0.55954,0.98356,0.0003961250000000001,0.0003961250000000001,0.0003961250000000001,,
yolo_yolov8s_20260716_020502,yolo,yolo_yolov8s_20260716_020502,yolov8s.pt,/root/autodl-fs/datasets/UA-DETRAC_YOLO/data.yaml,train,71,4959.69917345047,0.58805,0.30378,0.84603,0.79466,0.75713,0.83198,0.62978,0.98004,0.57304,0.9867,0.0003837500000000001,0.0003837500000000001,0.0003837500000000001,,
yolo_yolov8s_20260716_020502,yolo,yolo_yolov8s_20260716_020502,yolov8s.pt,/root/autodl-fs/datasets/UA-DETRAC_YOLO/data.yaml,train,72,5029.388820409775,0.5932,0.3035,0.84549,0.87921,0.70853,0.83226,0.62785,0.99031,0.57662,0.99092,0.00037137500000000007,0.00037137500000000007,0.00037137500000000007,,
yolo_yolov8s_20260716_020502,yolo,yolo_yolov8s_20260716_020502,yolov8s.pt,/root/autodl-fs/datasets/UA-DETRAC_YOLO/data.yaml,train,73,5099.327457666397,0.58862,0.3026,0.84663,0.89888,0.6973,0.82511,0.62085,0.98442,0.58677,0.99198,0.000359,0.000359,0.000359,,
yolo_yolov8s_20260716_020502,yolo,yolo_yolov8s_20260716_020502,yolov8s.pt,/root/autodl-fs/datasets/UA-DETRAC_YOLO/data.yaml,train,74,5168.708467960358,0.58503,0.30009,0.84498,0.88757,0.71615,0.83216,0.62585,0.98549,0.58195,0.98989,0.0003466250000000001,0.0003466250000000001,0.0003466250000000001,,
yolo_yolov8s_20260716_020502,yolo,yolo_yolov8s_20260716_020502,yolov8s.pt,/root/autodl-fs/datasets/UA-DETRAC_YOLO/data.yaml,train,75,5238.385105133057,0.58633,0.30078,0.84481,0.86193,0.72267,0.83092,0.63077,0.98833,0.58162,0.98969,0.00033425,0.00033425,0.00033425,,
yolo_yolov8s_20260716_020502,yolo,yolo_yolov8s_20260716_020502,yolov8s.pt,/root/autodl-fs/datasets/UA-DETRAC_YOLO/data.yaml,train,76,5308.081867933273,0.57997,0.29722,0.84392,0.88861,0.72194,0.83781,0.62775,0.99249,0.57274,0.99419,0.000321875,0.000321875,0.000321875,,
yolo_yolov8s_20260716_020502,yolo,yolo_yolov8s_20260716_020502,yolov8s.pt,/root/autodl-fs/datasets/UA-DETRAC_YOLO/data.yaml,train,77,5378.014446020126,0.57883,0.29849,0.8436,0.87009,0.72923,0.83924,0.63046,0.99452,0.56556,0.99544,0.0003095,0.0003095,0.0003095,,
yolo_yolov8s_20260716_020502,yolo,yolo_yolov8s_20260716_020502,yolov8s.pt,/root/autodl-fs/datasets/UA-DETRAC_YOLO/data.yaml,train,78,5447.608462572098,0.57674,0.29512,0.84345,0.82084,0.76473,0.84437,0.63716,0.98996,0.54979,0.9949,0.000297125,0.000297125,0.000297125,,
yolo_yolov8s_20260716_020502,yolo,yolo_yolov8s_20260716_020502,yolov8s.pt,/root/autodl-fs/datasets/UA-DETRAC_YOLO/data.yaml,train,79,5517.689396381378,0.57568,0.29461,0.8438,0.86528,0.73288,0.83844,0.63654,0.98332,0.56072,0.99043,0.00028474999999999996,0.00028474999999999996,0.00028474999999999996,,
yolo_yolov8s_20260716_020502,yolo,yolo_yolov8s_20260716_020502,yolov8s.pt,/root/autodl-fs/datasets/UA-DETRAC_YOLO/data.yaml,train,80,5586.9738647937775,0.57274,0.2921,0.84232,0.8417,0.7348,0.83467,0.62972,0.97848,0.55406,0.98608,0.000272375,0.000272375,0.000272375,,
yolo_yolov8s_20260716_020502,yolo,yolo_yolov8s_20260716_020502,yolov8s.pt,/root/autodl-fs/datasets/UA-DETRAC_YOLO/data.yaml,train,81,5656.993651390076,0.56882,0.29108,0.84154,0.84791,0.73021,0.82933,0.62349,0.98577,0.55916,0.99037,0.00026,0.00026,0.00026,,
yolo_yolov8s_20260716_020502,yolo,yolo_yolov8s_20260716_020502,yolov8s.pt,/root/autodl-fs/datasets/UA-DETRAC_YOLO/data.yaml,train,82,5726.699259757996,0.57034,0.2892,0.84112,0.83173,0.72371,0.8275,0.62595,0.98879,0.56731,0.99599,0.0002476249999999999,0.0002476249999999999,0.0002476249999999999,,
yolo_yolov8s_20260716_020502,yolo,yolo_yolov8s_20260716_020502,yolov8s.pt,/root/autodl-fs/datasets/UA-DETRAC_YOLO/data.yaml,train,83,5795.936099290848,0.56718,0.28827,0.84019,0.83307,0.73733,0.83164,0.62658,0.99123,0.56084,0.99933,0.00023525000000000008,0.00023525000000000008,0.00023525000000000008,,
yolo_yolov8s_20260716_020502,yolo,yolo_yolov8s_20260716_020502,yolov8s.pt,/root/autodl-fs/datasets/UA-DETRAC_YOLO/data.yaml,train,84,5865.647993564606,0.56401,0.28607,0.84164,0.88047,0.70106,0.83323,0.62947,0.98558,0.56129,0.99648,0.00022287500000000006,0.00022287500000000006,0.00022287500000000006,,
yolo_yolov8s_20260716_020502,yolo,yolo_yolov8s_20260716_020502,yolov8s.pt,/root/autodl-fs/datasets/UA-DETRAC_YOLO/data.yaml,train,85,5935.87358212471,0.56473,0.28526,0.84047,0.86122,0.72376,0.83091,0.62771,0.98784,0.57073,0.99637,0.00021050000000000008,0.00021050000000000008,0.00021050000000000008,,
yolo_yolov8s_20260716_020502,yolo,yolo_yolov8s_20260716_020502,yolov8s.pt,/root/autodl-fs/datasets/UA-DETRAC_YOLO/data.yaml,train,86,6005.6920709609985,0.55841,0.28377,0.83936,0.86339,0.72854,0.83254,0.63091,0.98862,0.56715,0.99532,0.00019812500000000003,0.00019812500000000003,0.00019812500000000003,,
yolo_yolov8s_20260716_020502,yolo,yolo_yolov8s_20260716_020502,yolov8s.pt,/root/autodl-fs/datasets/UA-DETRAC_YOLO/data.yaml,train,87,6075.195096254349,0.5593,0.2824,0.83983,0.8492,0.71021,0.82424,0.62345,0.99423,0.56789,0.99745,0.00018575000000000002,0.00018575000000000002,0.00018575000000000002,,
yolo_yolov8s_20260716_020502,yolo,yolo_yolov8s_20260716_020502,yolov8s.pt,/root/autodl-fs/datasets/UA-DETRAC_YOLO/data.yaml,train,88,6144.685372591019,0.56011,0.28103,0.84065,0.83724,0.72511,0.82306,0.6224,0.98763,0.57501,0.99588,0.00017337500000000003,0.00017337500000000003,0.00017337500000000003,,
yolo_yolov8s_20260716_020502,yolo,yolo_yolov8s_20260716_020502,yolov8s.pt,/root/autodl-fs/datasets/UA-DETRAC_YOLO/data.yaml,train,89,6214.3537521362305,0.55954,0.28148,0.83932,0.82719,0.72862,0.82849,0.62962,0.98864,0.57418,0.99824,0.000161,0.000161,0.000161,,
yolo_yolov8s_20260716_020502,yolo,yolo_yolov8s_20260716_020502,yolov8s.pt,/root/autodl-fs/datasets/UA-DETRAC_YOLO/data.yaml,train,90,6284.000725984573,0.55382,0.27906,0.84036,0.81701,0.74315,0.82886,0.63276,0.99389,0.57383,0.99976,0.00014862499999999997,0.00014862499999999997,0.00014862499999999997,,
yolo_yolov8s_20260716_020502,yolo,yolo_yolov8s_20260716_020502,yolov8s.pt,/root/autodl-fs/datasets/UA-DETRAC_YOLO/data.yaml,train,91,6353.961485385895,0.55172,0.26347,0.83186,0.82883,0.73423,0.81748,0.62299,0.99551,0.58538,1.00374,0.00013624999999999998,0.00013624999999999998,0.00013624999999999998,,
yolo_yolov8s_20260716_020502,yolo,yolo_yolov8s_20260716_020502,yolov8s.pt,/root/autodl-fs/datasets/UA-DETRAC_YOLO/data.yaml,train,92,6422.137101173401,0.54272,0.25721,0.83042,0.86321,0.72197,0.82051,0.62315,0.99741,0.58455,1.00512,0.00012387499999999996,0.00012387499999999996,0.00012387499999999996,,
yolo_yolov8s_20260716_020502,yolo,yolo_yolov8s_20260716_020502,yolov8s.pt,/root/autodl-fs/datasets/UA-DETRAC_YOLO/data.yaml,train,93,6490.132439851761,0.53779,0.25535,0.83009,0.84796,0.73047,0.82204,0.62441,0.99702,0.57889,1.00423,0.00011149999999999995,0.00011149999999999995,0.00011149999999999995,,
yolo_yolov8s_20260716_020502,yolo,yolo_yolov8s_20260716_020502,yolov8s.pt,/root/autodl-fs/datasets/UA-DETRAC_YOLO/data.yaml,train,94,6558.801778554916,0.53502,0.25244,0.82902,0.84116,0.73279,0.82065,0.62267,0.99501,0.5819,1.00403,9.912499999999993e-05,9.912499999999993e-05,9.912499999999993e-05,,
yolo_yolov8s_20260716_020502,yolo,yolo_yolov8s_20260716_020502,yolov8s.pt,/root/autodl-fs/datasets/UA-DETRAC_YOLO/data.yaml,train,95,6626.818553924561,0.53159,0.25122,0.82844,0.85877,0.71382,0.81757,0.62308,0.99522,0.58501,1.00506,8.675000000000006e-05,8.675000000000006e-05,8.675000000000006e-05,,
yolo_yolov8s_20260716_020502,yolo,yolo_yolov8s_20260716_020502,yolov8s.pt,/root/autodl-fs/datasets/UA-DETRAC_YOLO/data.yaml,train,96,6694.946362257004,0.52866,0.24842,0.82706,0.85261,0.71712,0.81761,0.62289,0.99554,0.58816,1.00336,7.437500000000006e-05,7.437500000000006e-05,7.437500000000006e-05,,
yolo_yolov8s_20260716_020502,yolo,yolo_yolov8s_20260716_020502,yolov8s.pt,/root/autodl-fs/datasets/UA-DETRAC_YOLO/data.yaml,train,97,6763.114253997803,0.52669,0.2479,0.82663,0.87759,0.70309,0.81829,0.62368,0.9953,0.59302,1.00296,6.200000000000006e-05,6.200000000000006e-05,6.200000000000006e-05,,
yolo_yolov8s_20260716_020502,yolo,yolo_yolov8s_20260716_020502,yolov8s.pt,/root/autodl-fs/datasets/UA-DETRAC_YOLO/data.yaml,train,98,6831.310654401779,0.5253,0.24773,0.82628,0.84156,0.72323,0.81824,0.62467,0.99483,0.59609,1.00204,4.9625000000000034e-05,4.9625000000000034e-05,4.9625000000000034e-05,,
yolo_v12m_20260716_040020,yolo,yolo_v12m_20260716_040020,yolo12m.pt,/root/autodl-fs/datasets/DAIR-V2X_YOLO/dairv2x.yaml,train,1,2304.453041791916,1.04251,0.88559,0.88881,0.80552,0.73578,0.8024,0.53961,0.96585,0.59608,0.85725,0.0002767879746835443,0.0002767879746835443,0.0002767879746835443,,
yolo_v12m_20260716_040020,yolo,yolo_v12m_20260716_040020,yolo12m.pt,/root/autodl-fs/datasets/DAIR-V2X_YOLO/dairv2x.yaml,train,2,5233.771282911301,0.98339,0.60875,0.87155,0.7913,0.74211,0.79393,0.54336,0.93181,0.58446,0.85088,0.0005489655404008439,0.0005489655404008439,0.0005489655404008439,,
yolo_v12m_20260716_040020,yolo,yolo_v12m_20260716_040020,yolo12m.pt,/root/autodl-fs/datasets/DAIR-V2X_YOLO/dairv2x.yaml,train,3,7448.6668219566345,0.97219,0.59016,0.86713,0.80808,0.7413,0.81417,0.5555,0.91476,0.5823,0.84928,0.0008156453061181434,0.0008156453061181434,0.0008156453061181434,,
yolo_v12m_20260716_040020,yolo,yolo_v12m_20260716_040020,yolo12m.pt,/root/autodl-fs/datasets/DAIR-V2X_YOLO/dairv2x.yaml,train,4,10076.650389432907,0.94173,0.56208,0.86,0.8293,0.77314,0.82705,0.57043,0.90634,0.53585,0.8455,0.0008082599,0.0008082599,0.0008082599,,
yolo_v12m_20260716_040020,yolo,yolo_v12m_20260716_040020,yolo12m.pt,/root/autodl-fs/datasets/DAIR-V2X_YOLO/dairv2x.yaml,train,5,12706.681838274002,0.92344,0.55044,0.85785,0.83131,0.77696,0.83567,0.58676,0.87507,0.5289,0.83687,0.0008000131999999999,0.0008000131999999999,0.0008000131999999999,,
yolo_v12m_20260716_040020,yolo,yolo_v12m_20260716_040020,yolo12m.pt,/root/autodl-fs/datasets/DAIR-V2X_YOLO/dairv2x.yaml,train,6,15160.28497338295,0.91003,0.53729,0.85407,0.81461,0.78975,0.84586,0.60556,0.85718,0.50749,0.8371,0.0007917665,0.0007917665,0.0007917665,,
yolo_v12m_20260716_040020,yolo,yolo_v12m_20260716_040020,yolo12m.pt,/root/autodl-fs/datasets/DAIR-V2X_YOLO/dairv2x.yaml,train,7,17664.73182606697,0.89835,0.52823,0.85232,0.83381,0.80711,0.8607,0.62104,0.84022,0.48492,0.83482,0.0007835197999999999,0.0007835197999999999,0.0007835197999999999,,
yolo_v12m_20260716_040020,yolo,yolo_v12m_20260716_040020,yolo12m.pt,/root/autodl-fs/datasets/DAIR-V2X_YOLO/dairv2x.yaml,train,8,20133.43655538559,0.88077,0.51208,0.84801,0.85666,0.79468,0.85993,0.62629,0.81975,0.47522,0.82997,0.0007752731,0.0007752731,0.0007752731,,
yolo_v12m_20260716_040020,yolo,yolo_v12m_20260716_040020,yolo12m.pt,/root/autodl-fs/datasets/DAIR-V2X_YOLO/dairv2x.yaml,train,9,22471.119317531586,0.85684,0.50136,0.84402,0.85694,0.80504,0.86365,0.62607,0.82462,0.48002,0.83109,0.0007670264,0.0007670264,0.0007670264,,
yolo_v12m_20260716_040020,yolo,yolo_v12m_20260716_040020,yolo12m.pt,/root/autodl-fs/datasets/DAIR-V2X_YOLO/dairv2x.yaml,train,10,25228.945920944214,0.85876,0.50383,0.84477,0.83682,0.80177,0.85488,0.61982,0.81236,0.47288,0.8302,0.0007587797,0.0007587797,0.0007587797,,
yolo_v12m_20260716_040020,yolo,yolo_v12m_20260716_040020,yolo12m.pt,/root/autodl-fs/datasets/DAIR-V2X_YOLO/dairv2x.yaml,train,11,28036.051144123077,0.85264,0.49852,0.84408,0.85266,0.80472,0.86472,0.63037,0.81523,0.46899,0.82956,0.000750533,0.000750533,0.000750533,,
yolo_v12m_20260716_040020,yolo,yolo_v12m_20260716_040020,yolo12m.pt,/root/autodl-fs/datasets/DAIR-V2X_YOLO/dairv2x.yaml,train,12,30908.08551645279,0.84098,0.48808,0.84177,0.84329,0.79988,0.85862,0.62088,0.82726,0.47415,0.82969,0.0007422863,0.0007422863,0.0007422863,,
yolo_v12m_20260716_040020,yolo,yolo_v12m_20260716_040020,yolo12m.pt,/root/autodl-fs/datasets/DAIR-V2X_YOLO/dairv2x.yaml,train,13,33407.678367853165,0.83541,0.48504,0.84066,0.85437,0.80349,0.86654,0.63374,0.79752,0.46642,0.8275,0.0007340396,0.0007340396,0.0007340396,,
yolo_v12m_20260716_040020,yolo,yolo_v12m_20260716_040020,yolo12m.pt,/root/autodl-fs/datasets/DAIR-V2X_YOLO/dairv2x.yaml,train,14,35769.31093287468,0.83246,0.4832,0.83958,0.84464,0.81606,0.86899,0.64108,0.79257,0.45811,0.82639,0.0007257928999999999,0.0007257928999999999,0.0007257928999999999,,
yolo_v12m_20260716_040020,yolo,yolo_v12m_20260716_040020,yolo12m.pt,/root/autodl-fs/datasets/DAIR-V2X_YOLO/dairv2x.yaml,train,15,38414.69232296944,0.82204,0.47643,0.83484,0.84465,0.81165,0.87245,0.64236,0.79023,0.45539,0.82524,0.0007175462,0.0007175462,0.0007175462,,
yolo_v12m_20260716_040020,yolo,yolo_v12m_20260716_040020,yolo12m.pt,/root/autodl-fs/datasets/DAIR-V2X_YOLO/dairv2x.yaml,train,16,41033.76157951355,0.81783,0.4723,0.83723,0.86287,0.81183,0.8771,0.65257,0.78063,0.44817,0.8227,0.0007092995,0.0007092995,0.0007092995,,
yolo_v12m_20260716_040020,yolo,yolo_v12m_20260716_040020,yolo12m.pt,/root/autodl-fs/datasets/DAIR-V2X_YOLO/dairv2x.yaml,train,17,43528.178139925,0.80804,0.46391,0.8343,0.86214,0.82147,0.87528,0.65257,0.77565,0.44246,0.82114,0.0007010528,0.0007010528,0.0007010528,,
yolo_v12m_20260716_040020,yolo,yolo_v12m_20260716_040020,yolo12m.pt,/root/autodl-fs/datasets/DAIR-V2X_YOLO/dairv2x.yaml,train,18,46641.18060541153,0.80961,0.46648,0.83425,0.84794,0.82792,0.8749,0.64786,0.77348,0.44254,0.82147,0.0006928061,0.0006928061,0.0006928061,,
yolo_v12m_20260716_040020,yolo,yolo_v12m_20260716_040020,yolo12m.pt,/root/autodl-fs/datasets/DAIR-V2X_YOLO/dairv2x.yaml,train,19,49274.27962231636,0.80364,0.46458,0.83387,0.85651,0.8284,0.8762,0.65159,0.7729,0.44281,0.82255,0.0006845594000000001,0.0006845594000000001,0.0006845594000000001,,
yolo_v12m_20260716_040020,yolo,yolo_v12m_20260716_040020,yolo12m.pt,/root/autodl-fs/datasets/DAIR-V2X_YOLO/dairv2x.yaml,train,20,51908.8603143692,0.80086,0.46149,0.83273,0.85108,0.82979,0.87608,0.64863,0.77493,0.44362,0.82142,0.0006763127,0.0006763127,0.0006763127,,
yolo_v12m_20260716_040020,yolo,yolo_v12m_20260716_040020,yolo12m.pt,/root/autodl-fs/datasets/DAIR-V2X_YOLO/dairv2x.yaml,train,21,54210.872779369354,0.79817,0.46125,0.83148,0.86584,0.82256,0.88064,0.6558,0.77115,0.43908,0.82171,0.000668066,0.000668066,0.000668066,,
yolo_v12m_20260716_040020,yolo,yolo_v12m_20260716_040020,yolo12m.pt,/root/autodl-fs/datasets/DAIR-V2X_YOLO/dairv2x.yaml,train,22,56941.02116250992,0.79467,0.45581,0.83114,0.86364,0.82557,0.88137,0.66027,0.7611,0.43189,0.81914,0.0006598193,0.0006598193,0.0006598193,,
yolo_v12m_20260716_040020,yolo,yolo_v12m_20260716_040020,yolo12m.pt,/root/autodl-fs/datasets/DAIR-V2X_YOLO/dairv2x.yaml,train,23,59411.237093925476,0.79269,0.45429,0.83051,0.86376,0.82222,0.88213,0.65861,0.77163,0.43695,0.82146,0.0006515726,0.0006515726,0.0006515726,,
yolo_v12m_20260716_040020,yolo,yolo_v12m_20260716_040020,yolo12m.pt,/root/autodl-fs/datasets/DAIR-V2X_YOLO/dairv2x.yaml,train,24,61787.852966308594,0.79007,0.45553,0.83159,0.85329,0.8263,0.88299,0.66024,0.76714,0.43718,0.81908,0.0006433259,0.0006433259,0.0006433259,,
yolo_v12m_20260716_040020,yolo,yolo_v12m_20260716_040020,yolo12m.pt,/root/autodl-fs/datasets/DAIR-V2X_YOLO/dairv2x.yaml,train,25,64487.797147512436,0.78701,0.45014,0.82938,0.86303,0.82424,0.8794,0.65819,0.76069,0.43519,0.81909,0.0006350791999999999,0.0006350791999999999,0.0006350791999999999,,
yolo_v12m_20260716_040020,yolo,yolo_v12m_20260716_040020,yolo12m.pt,/root/autodl-fs/datasets/DAIR-V2X_YOLO/dairv2x.yaml,train,26,67722.75754666328,0.78088,0.44597,0.82855,0.86802,0.82439,0.87596,0.65769,0.75805,0.43231,0.81807,0.0006268325,0.0006268325,0.0006268325,,
yolo_v12m_20260716_040020,yolo,yolo_v12m_20260716_040020,yolo12m.pt,/root/autodl-fs/datasets/DAIR-V2X_YOLO/dairv2x.yaml,train,27,70558.30829119682,0.78213,0.44455,0.82764,0.85842,0.83456,0.88096,0.66322,0.75353,0.42553,0.81904,0.0006185858,0.0006185858,0.0006185858,,
yolo_v12m_20260716_040020,yolo,yolo_v12m_20260716_040020,yolo12m.pt,/root/autodl-fs/datasets/DAIR-V2X_YOLO/dairv2x.yaml,train,28,73272.58498239517,0.78522,0.44837,0.83006,0.86473,0.8292,0.88151,0.66188,0.75181,0.42688,0.81731,0.0006103391,0.0006103391,0.0006103391,,
yolo_v12m_20260716_040020,yolo,yolo_v12m_20260716_040020,yolo12m.pt,/root/autodl-fs/datasets/DAIR-V2X_YOLO/dairv2x.yaml,train,29,76099.63685655594,0.77579,0.44241,0.82763,0.85721,0.83682,0.88423,0.66661,0.74962,0.42432,0.81777,0.0006020924,0.0006020924,0.0006020924,,
yolo_v12m_20260716_040020,yolo,yolo_v12m_20260716_040020,yolo12m.pt,/root/autodl-fs/datasets/DAIR-V2X_YOLO/dairv2x.yaml,train,30,78878.02625918388,0.77127,0.4402,0.82714,0.86465,0.8284,0.88312,0.66387,0.75268,0.42625,0.81861,0.0005938457,0.0005938457,0.0005938457,,
yolo_v12m_20260716_040020,yolo,yolo_v12m_20260716_040020,yolo12m.pt,/root/autodl-fs/datasets/DAIR-V2X_YOLO/dairv2x.yaml,train,31,81638.60858178139,0.77168,0.43918,0.82687,0.8605,0.83478,0.88814,0.66949,0.74994,0.41804,0.81742,0.0005855989999999999,0.0005855989999999999,0.0005855989999999999,,
yolo_v12m_20260716_040020,yolo,yolo_v12m_20260716_040020,yolo12m.pt,/root/autodl-fs/datasets/DAIR-V2X_YOLO/dairv2x.yaml,train,32,84616.99364709854,0.76664,0.43729,0.8252,0.86108,0.83675,0.89318,0.6764,0.74807,0.4179,0.81725,0.0005773522999999999,0.0005773522999999999,0.0005773522999999999,,
yolo_v12m_20260716_040020,yolo,yolo_v12m_20260716_040020,yolo12m.pt,/root/autodl-fs/datasets/DAIR-V2X_YOLO/dairv2x.yaml,train,33,87808.93590593338,0.76629,0.43512,0.82539,0.87483,0.83321,0.88753,0.67549,0.73703,0.4126,0.81553,0.0005691056,0.0005691056,0.0005691056,,
yolo_v12m_20260716_040020,yolo,yolo_v12m_20260716_040020,yolo12m.pt,/root/autodl-fs/datasets/DAIR-V2X_YOLO/dairv2x.yaml,train,34,90454.01435041428,0.76095,0.43146,0.82451,0.87087,0.83383,0.89001,0.67507,0.74006,0.41526,0.81536,0.0005608588999999999,0.0005608588999999999,0.0005608588999999999,,
yolo_v12m_20260716_040020,yolo,yolo_v12m_20260716_040020,yolo12m.pt,/root/autodl-fs/datasets/DAIR-V2X_YOLO/dairv2x.yaml,train,35,93335.53539657593,0.75976,0.43041,0.82415,0.87257,0.83079,0.89129,0.67619,0.7433,0.41567,0.81568,0.0005526121999999999,0.0005526121999999999,0.0005526121999999999,,
yolo_v12m_20260716_040020,yolo,yolo_v12m_20260716_040020,yolo12m.pt,/root/autodl-fs/datasets/DAIR-V2X_YOLO/dairv2x.yaml,train,36,96479.20037412643,0.75634,0.42712,0.82411,0.86687,0.83136,0.88749,0.67029,0.74284,0.41588,0.81497,0.0005443655,0.0005443655,0.0005443655,,
yolo_v12m_20260716_040020,yolo,yolo_v12m_20260716_040020,yolo12m.pt,/root/autodl-fs/datasets/DAIR-V2X_YOLO/dairv2x.yaml,train,37,99351.95525407791,0.7565,0.42775,0.823,0.85692,0.84198,0.89044,0.67494,0.7368,0.41238,0.81511,0.0005361188,0.0005361188,0.0005361188,,
yolo_v12m_20260716_040020,yolo,yolo_v12m_20260716_040020,yolo12m.pt,/root/autodl-fs/datasets/DAIR-V2X_YOLO/dairv2x.yaml,train,38,102190.30777978897,0.75716,0.42709,0.82397,0.86554,0.83828,0.89203,0.67653,0.74034,0.41471,0.81534,0.0005278721,0.0005278721,0.0005278721,,
yolo_v12m_20260716_040020,yolo,yolo_v12m_20260716_040020,yolo12m.pt,/root/autodl-fs/datasets/DAIR-V2X_YOLO/dairv2x.yaml,train,39,105129.23943853378,0.75203,0.42492,0.8237,0.87269,0.82616,0.89124,0.6785,0.73364,0.41159,0.8151,0.0005196254,0.0005196254,0.0005196254,,
yolo_v12m_20260716_040020,yolo,yolo_v12m_20260716_040020,yolo12m.pt,/root/autodl-fs/datasets/DAIR-V2X_YOLO/dairv2x.yaml,train,40,108170.95285010338,0.75415,0.42548,0.82237,0.86883,0.83057,0.88503,0.6712,0.7401,0.4127,0.81465,0.0005113787,0.0005113787,0.0005113787,,
yolo_v12m_20260716_040020,yolo,yolo_v12m_20260716_040020,yolo12m.pt,/root/autodl-fs/datasets/DAIR-V2X_YOLO/dairv2x.yaml,train,41,111119.61605143547,0.75097,0.42248,0.82313,0.8724,0.83301,0.89278,0.68118,0.7282,0.40881,0.81332,0.000503132,0.000503132,0.000503132,,
yolo_v12m_20260717_110653,yolo,yolo_v12m_20260717_110653,yolo12m.pt,/root/autodl-fs/datasets/DAIR-V2X_YOLO/dairv2x.yaml,train,1,225.58872532844543,1.04143,0.81804,0.88939,0.82835,0.73058,0.79209,0.5315,0.95769,0.57852,0.85575,0.00027722662440570525,0.00027722662440570525,0.00027722662440570525,,
yolo_v12m_20260717_110653,yolo,yolo_v12m_20260717_110653,yolo12m.pt,/root/autodl-fs/datasets/DAIR-V2X_YOLO/dairv2x.yaml,train,2,428.1118700504303,0.99041,0.60942,0.87474,0.81277,0.76726,0.81843,0.5668,0.92035,0.54746,0.84897,0.0005493998474907554,0.0005493998474907554,0.0005493998474907554,,
yolo_v12m_20260717_110653,yolo,yolo_v12m_20260717_110653,yolo12m.pt,/root/autodl-fs/datasets/DAIR-V2X_YOLO/dairv2x.yaml,train,3,628.3941924571991,0.96517,0.58473,0.86689,0.82032,0.77142,0.82578,0.57588,0.90337,0.5398,0.8459,0.0008160752705758056,0.0008160752705758056,0.0008160752705758056,,
yolo_v12m_20260717_110653,yolo,yolo_v12m_20260717_110653,yolo12m.pt,/root/autodl-fs/datasets/DAIR-V2X_YOLO/dairv2x.yaml,train,4,828.0600547790527,0.94497,0.56878,0.8624,0.83404,0.77519,0.839,0.5935,0.88229,0.51855,0.84287,0.0008082599,0.0008082599,0.0008082599,,
yolo_v12m_20260717_110653,yolo,yolo_v12m_20260717_110653,yolo12m.pt,/root/autodl-fs/datasets/DAIR-V2X_YOLO/dairv2x.yaml,train,5,1029.130767583847,0.91872,0.55003,0.85685,0.83055,0.79312,0.84501,0.60409,0.8543,0.50661,0.83629,0.0008000131999999999,0.0008000131999999999,0.0008000131999999999,,
yolo_v12m_20260717_110653,yolo,yolo_v12m_20260717_110653,yolo12m.pt,/root/autodl-fs/datasets/DAIR-V2X_YOLO/dairv2x.yaml,train,6,1231.8437187671661,0.90732,0.53813,0.85361,0.84477,0.78453,0.84807,0.60394,0.85608,0.49743,0.83574,0.0007917665,0.0007917665,0.0007917665,,
yolo_v12m_20260717_110653,yolo,yolo_v12m_20260717_110653,yolo12m.pt,/root/autodl-fs/datasets/DAIR-V2X_YOLO/dairv2x.yaml,train,7,1432.2975800037384,0.8916,0.5288,0.85127,0.84367,0.77852,0.8442,0.59538,0.88507,0.51385,0.84063,0.0007835197999999999,0.0007835197999999999,0.0007835197999999999,,
yolo_v12m_20260717_110653,yolo,yolo_v12m_20260717_110653,yolo12m.pt,/root/autodl-fs/datasets/DAIR-V2X_YOLO/dairv2x.yaml,train,8,1633.9852302074432,0.87677,0.5172,0.8479,0.84489,0.79323,0.85462,0.61845,0.82329,0.48234,0.83056,0.0007752731,0.0007752731,0.0007752731,,
yolo_v12m_20260717_110653,yolo,yolo_v12m_20260717_110653,yolo12m.pt,/root/autodl-fs/datasets/DAIR-V2X_YOLO/dairv2x.yaml,train,9,1835.2667438983917,0.86172,0.50581,0.84493,0.84602,0.8088,0.86357,0.63165,0.81022,0.47063,0.83056,0.0007670264,0.0007670264,0.0007670264,,
yolo_v12m_20260717_110653,yolo,yolo_v12m_20260717_110653,yolo12m.pt,/root/autodl-fs/datasets/DAIR-V2X_YOLO/dairv2x.yaml,train,10,2036.3002319335938,0.86056,0.5061,0.84394,0.85095,0.80042,0.85898,0.6231,0.81682,0.47639,0.82786,0.0007587797,0.0007587797,0.0007587797,,
yolo_v12m_20260717_110653,yolo,yolo_v12m_20260717_110653,yolo12m.pt,/root/autodl-fs/datasets/DAIR-V2X_YOLO/dairv2x.yaml,train,11,2235.622695207596,0.85625,0.49701,0.84394,0.84298,0.80958,0.86583,0.6328,0.80158,0.46531,0.82734,0.000750533,0.000750533,0.000750533,,
yolo_v12m_20260717_110653,yolo,yolo_v12m_20260717_110653,yolo12m.pt,/root/autodl-fs/datasets/DAIR-V2X_YOLO/dairv2x.yaml,train,12,2435.036321401596,0.83806,0.48677,0.84003,0.83393,0.81728,0.86601,0.63521,0.80518,0.46407,0.82817,0.0007422863,0.0007422863,0.0007422863,,
yolo_v12m_20260717_110653,yolo,yolo_v12m_20260717_110653,yolo12m.pt,/root/autodl-fs/datasets/DAIR-V2X_YOLO/dairv2x.yaml,train,13,2635.4956822395325,0.83897,0.48718,0.84049,0.86655,0.79461,0.86611,0.63555,0.8031,0.46214,0.82643,0.0007340396,0.0007340396,0.0007340396,,
yolo_v12m_20260717_110653,yolo,yolo_v12m_20260717_110653,yolo12m.pt,/root/autodl-fs/datasets/DAIR-V2X_YOLO/dairv2x.yaml,train,14,2837.061854839325,0.8301,0.48208,0.8382,0.85746,0.81677,0.87396,0.64972,0.78543,0.45368,0.82368,0.0007257928999999999,0.0007257928999999999,0.0007257928999999999,,
yolo_v12m_20260717_110653,yolo,yolo_v12m_20260717_110653,yolo12m.pt,/root/autodl-fs/datasets/DAIR-V2X_YOLO/dairv2x.yaml,train,15,3038.7643101215363,0.82813,0.47959,0.83767,0.85078,0.81988,0.87712,0.64857,0.79082,0.44415,0.82465,0.0007175462,0.0007175462,0.0007175462,,
yolo_v12m_20260717_110653,yolo,yolo_v12m_20260717_110653,yolo12m.pt,/root/autodl-fs/datasets/DAIR-V2X_YOLO/dairv2x.yaml,train,16,3241.362053155899,0.82335,0.47692,0.83617,0.85823,0.80924,0.87165,0.64719,0.78168,0.45022,0.82322,0.0007092995,0.0007092995,0.0007092995,,
yolo_v12m_20260717_110653,yolo,yolo_v12m_20260717_110653,yolo12m.pt,/root/autodl-fs/datasets/DAIR-V2X_YOLO/dairv2x.yaml,train,17,3445.079696416855,0.81828,0.47368,0.83661,0.861,0.81254,0.87513,0.6487,0.78193,0.44465,0.82299,0.0007010528,0.0007010528,0.0007010528,,
yolo_v12m_20260717_110653,yolo,yolo_v12m_20260717_110653,yolo12m.pt,/root/autodl-fs/datasets/DAIR-V2X_YOLO/dairv2x.yaml,train,18,3645.747705221176,0.81243,0.46967,0.83495,0.86141,0.82571,0.87955,0.65709,0.77451,0.4421,0.82129,0.0006928061,0.0006928061,0.0006928061,,
yolo_v12m_20260717_110653,yolo,yolo_v12m_20260717_110653,yolo12m.pt,/root/autodl-fs/datasets/DAIR-V2X_YOLO/dairv2x.yaml,train,19,3847.2207560539246,0.80789,0.46517,0.83387,0.86161,0.8175,0.88081,0.65854,0.76707,0.4367,0.8196,0.0006845594000000001,0.0006845594000000001,0.0006845594000000001,,
yolo_v12m_20260717_110653,yolo,yolo_v12m_20260717_110653,yolo12m.pt,/root/autodl-fs/datasets/DAIR-V2X_YOLO/dairv2x.yaml,train,20,4048.7088389396667,0.8048,0.46429,0.83343,0.86393,0.81858,0.87957,0.65521,0.77686,0.44099,0.82151,0.0006763127,0.0006763127,0.0006763127,,
yolo_v12m_20260717_110653,yolo,yolo_v12m_20260717_110653,yolo12m.pt,/root/autodl-fs/datasets/DAIR-V2X_YOLO/dairv2x.yaml,train,21,4250.410096406937,0.80098,0.46045,0.83261,0.85346,0.82539,0.87764,0.65448,0.77217,0.44008,0.82085,0.000668066,0.000668066,0.000668066,,
yolo_v12m_20260717_110653,yolo,yolo_v12m_20260717_110653,yolo12m.pt,/root/autodl-fs/datasets/DAIR-V2X_YOLO/dairv2x.yaml,train,22,4450.6674427986145,0.79823,0.45973,0.83258,0.85401,0.83113,0.88199,0.66104,0.76752,0.4342,0.82018,0.0006598193,0.0006598193,0.0006598193,,
yolo_v12m_20260717_110653,yolo,yolo_v12m_20260717_110653,yolo12m.pt,/root/autodl-fs/datasets/DAIR-V2X_YOLO/dairv2x.yaml,train,23,4649.1049699783325,0.79594,0.45823,0.83162,0.87047,0.81946,0.88123,0.66249,0.75561,0.42559,0.81793,0.0006515726,0.0006515726,0.0006515726,,
yolo_v12m_20260717_110653,yolo,yolo_v12m_20260717_110653,yolo12m.pt,/root/autodl-fs/datasets/DAIR-V2X_YOLO/dairv2x.yaml,train,24,4848.383154630661,0.78981,0.45402,0.83021,0.85416,0.83504,0.8793,0.65842,0.76658,0.43286,0.82012,0.0006433259,0.0006433259,0.0006433259,,
yolo_v12m_20260717_110653,yolo,yolo_v12m_20260717_110653,yolo12m.pt,/root/autodl-fs/datasets/DAIR-V2X_YOLO/dairv2x.yaml,train,25,5046.939588069916,0.78675,0.45264,0.8303,0.8689,0.82252,0.88059,0.66295,0.7592,0.42834,0.81882,0.0006350791999999999,0.0006350791999999999,0.0006350791999999999,,
yolo_v12m_20260717_110653,yolo,yolo_v12m_20260717_110653,yolo12m.pt,/root/autodl-fs/datasets/DAIR-V2X_YOLO/dairv2x.yaml,train,26,5246.027972698212,0.78523,0.45057,0.82987,0.86247,0.83134,0.88082,0.66397,0.76059,0.42885,0.8195,0.0006268325,0.0006268325,0.0006268325,,
yolo_v12m_20260717_110653,yolo,yolo_v12m_20260717_110653,yolo12m.pt,/root/autodl-fs/datasets/DAIR-V2X_YOLO/dairv2x.yaml,train,27,5445.412057638168,0.78888,0.45001,0.82921,0.86246,0.83229,0.88518,0.66772,0.75411,0.42295,0.81713,0.0006185858,0.0006185858,0.0006185858,,
yolo_v12m_20260717_110653,yolo,yolo_v12m_20260717_110653,yolo12m.pt,/root/autodl-fs/datasets/DAIR-V2X_YOLO/dairv2x.yaml,train,28,5644.915605306625,0.78095,0.4472,0.82866,0.86542,0.83021,0.88838,0.6681,0.75095,0.42443,0.81816,0.0006103391,0.0006103391,0.0006103391,,
yolo_v12m_20260717_110653,yolo,yolo_v12m_20260717_110653,yolo12m.pt,/root/autodl-fs/datasets/DAIR-V2X_YOLO/dairv2x.yaml,train,29,5844.108046531677,0.7805,0.44507,0.82888,0.86238,0.83113,0.88208,0.66678,0.75319,0.41894,0.81826,0.0006020924,0.0006020924,0.0006020924,,
yolo_v12m_20260717_110653,yolo,yolo_v12m_20260717_110653,yolo12m.pt,/root/autodl-fs/datasets/DAIR-V2X_YOLO/dairv2x.yaml,train,30,6042.655313253403,0.77649,0.43885,0.82821,0.85827,0.8399,0.88751,0.67302,0.7495,0.4172,0.81637,0.0005938457,0.0005938457,0.0005938457,,
yolo_v12m_20260717_110653,yolo,yolo_v12m_20260717_110653,yolo12m.pt,/root/autodl-fs/datasets/DAIR-V2X_YOLO/dairv2x.yaml,train,31,6241.69969534874,0.76938,0.43919,0.82562,0.86435,0.83417,0.88288,0.66836,0.75337,0.42055,0.81701,0.0005855989999999999,0.0005855989999999999,0.0005855989999999999,,
yolo_v12m_20260717_110653,yolo,yolo_v12m_20260717_110653,yolo12m.pt,/root/autodl-fs/datasets/DAIR-V2X_YOLO/dairv2x.yaml,train,32,6440.900551557541,0.77222,0.44174,0.82688,0.86673,0.83255,0.88846,0.67524,0.74623,0.41438,0.81597,0.0005773522999999999,0.0005773522999999999,0.0005773522999999999,,
yolo_v12m_20260717_110653,yolo,yolo_v12m_20260717_110653,yolo12m.pt,/root/autodl-fs/datasets/DAIR-V2X_YOLO/dairv2x.yaml,train,33,6643.635828495026,0.76951,0.43559,0.82696,0.86622,0.83505,0.88853,0.67573,0.73997,0.41193,0.81494,0.0005691056,0.0005691056,0.0005691056,,
yolo_v12m_20260717_110653,yolo,yolo_v12m_20260717_110653,yolo12m.pt,/root/autodl-fs/datasets/DAIR-V2X_YOLO/dairv2x.yaml,train,34,6843.837827682495,0.76924,0.43673,0.82689,0.8723,0.82437,0.88476,0.66729,0.75111,0.42424,0.81682,0.0005608588999999999,0.0005608588999999999,0.0005608588999999999,,
yolo_v12m_20260717_110653,yolo,yolo_v12m_20260717_110653,yolo12m.pt,/root/autodl-fs/datasets/DAIR-V2X_YOLO/dairv2x.yaml,train,35,7043.823358535767,0.77004,0.43564,0.82725,0.86333,0.83977,0.89054,0.67543,0.74057,0.41052,0.81559,0.0005526121999999999,0.0005526121999999999,0.0005526121999999999,,
yolo_v12m_20260717_110653,yolo,yolo_v12m_20260717_110653,yolo12m.pt,/root/autodl-fs/datasets/DAIR-V2X_YOLO/dairv2x.yaml,train,36,7242.82679605484,0.76531,0.43531,0.82614,0.86926,0.82539,0.884,0.66922,0.7468,0.41947,0.81613,0.0005443655,0.0005443655,0.0005443655,,
yolo_v12m_20260717_110653,yolo,yolo_v12m_20260717_110653,yolo12m.pt,/root/autodl-fs/datasets/DAIR-V2X_YOLO/dairv2x.yaml,train,37,7441.365704059601,0.76201,0.4311,0.82518,0.87243,0.83513,0.88793,0.67389,0.73756,0.41269,0.8143,0.0005361188,0.0005361188,0.0005361188,,
yolo_v12m_20260717_110653,yolo,yolo_v12m_20260717_110653,yolo12m.pt,/root/autodl-fs/datasets/DAIR-V2X_YOLO/dairv2x.yaml,train,38,7640.175974607468,0.75991,0.42884,0.82498,0.87269,0.83122,0.88683,0.67324,0.73854,0.41058,0.81498,0.0005278721,0.0005278721,0.0005278721,,
yolo_v12m_20260717_110653,yolo,yolo_v12m_20260717_110653,yolo12m.pt,/root/autodl-fs/datasets/DAIR-V2X_YOLO/dairv2x.yaml,train,39,7838.717592954636,0.7588,0.43023,0.8243,0.86565,0.83883,0.89138,0.67853,0.73659,0.40732,0.81502,0.0005196254,0.0005196254,0.0005196254,,
yolo_v12m_20260717_110653,yolo,yolo_v12m_20260717_110653,yolo12m.pt,/root/autodl-fs/datasets/DAIR-V2X_YOLO/dairv2x.yaml,train,40,8037.41051697731,0.75548,0.42751,0.82431,0.8682,0.83973,0.89067,0.67964,0.73433,0.40725,0.81474,0.0005113787,0.0005113787,0.0005113787,,
yolo_v12m_20260717_110653,yolo,yolo_v12m_20260717_110653,yolo12m.pt,/root/autodl-fs/datasets/DAIR-V2X_YOLO/dairv2x.yaml,train,41,8235.672229766846,0.75392,0.42544,0.824,0.86729,0.83746,0.89025,0.68237,0.73025,0.406,0.81413,0.000503132,0.000503132,0.000503132,,
yolo_v12m_20260717_110653,yolo,yolo_v12m_20260717_110653,yolo12m.pt,/root/autodl-fs/datasets/DAIR-V2X_YOLO/dairv2x.yaml,train,42,8434.514064788818,0.75153,0.42305,0.82376,0.86634,0.83831,0.88591,0.67557,0.73528,0.40823,0.81491,0.0004948853,0.0004948853,0.0004948853,,
yolo_v12m_20260717_110653,yolo,yolo_v12m_20260717_110653,yolo12m.pt,/root/autodl-fs/datasets/DAIR-V2X_YOLO/dairv2x.yaml,train,43,8632.632271051407,0.75269,0.42321,0.82322,0.85622,0.84429,0.88732,0.67646,0.73279,0.40745,0.81436,0.00048663860000000005,0.00048663860000000005,0.00048663860000000005,,
yolo_v12m_20260717_110653,yolo,yolo_v12m_20260717_110653,yolo12m.pt,/root/autodl-fs/datasets/DAIR-V2X_YOLO/dairv2x.yaml,train,44,8831.807124376297,0.74669,0.42035,0.8226,0.86445,0.84202,0.88797,0.68116,0.72755,0.40249,0.81317,0.00047839190000000003,0.00047839190000000003,0.00047839190000000003,,
yolo_v12m_20260717_110653,yolo,yolo_v12m_20260717_110653,yolo12m.pt,/root/autodl-fs/datasets/DAIR-V2X_YOLO/dairv2x.yaml,train,45,9030.31677365303,0.74855,0.42246,0.82121,0.85851,0.84768,0.89119,0.68203,0.72964,0.4056,0.81389,0.0004701452,0.0004701452,0.0004701452,,
yolo_v12m_20260717_110653,yolo,yolo_v12m_20260717_110653,yolo12m.pt,/root/autodl-fs/datasets/DAIR-V2X_YOLO/dairv2x.yaml,train,46,9229.194794178009,0.74416,0.4183,0.82141,0.87664,0.82983,0.88985,0.68248,0.72715,0.40251,0.81351,0.0004618985,0.0004618985,0.0004618985,,
yolo_v12m_20260717_110653,yolo,yolo_v12m_20260717_110653,yolo12m.pt,/root/autodl-fs/datasets/DAIR-V2X_YOLO/dairv2x.yaml,train,47,9427.711231470108,0.74654,0.41947,0.82118,0.8686,0.84366,0.89222,0.68711,0.72507,0.39846,0.81222,0.00045365180000000007,0.00045365180000000007,0.00045365180000000007,,
yolo_v12m_20260717_110653,yolo,yolo_v12m_20260717_110653,yolo12m.pt,/root/autodl-fs/datasets/DAIR-V2X_YOLO/dairv2x.yaml,train,48,9626.331724405289,0.74317,0.41673,0.82237,0.87749,0.83364,0.89192,0.68453,0.72528,0.40128,0.81312,0.00044540510000000004,0.00044540510000000004,0.00044540510000000004,,
yolo_v12m_20260717_110653,yolo,yolo_v12m_20260717_110653,yolo12m.pt,/root/autodl-fs/datasets/DAIR-V2X_YOLO/dairv2x.yaml,train,49,9824.950563669205,0.74237,0.417,0.82238,0.8817,0.82991,0.89271,0.68716,0.72384,0.39719,0.81214,0.0004371584,0.0004371584,0.0004371584,,
yolo_v12m_20260717_110653,yolo,yolo_v12m_20260717_110653,yolo12m.pt,/root/autodl-fs/datasets/DAIR-V2X_YOLO/dairv2x.yaml,train,50,10023.214126825333,0.73836,0.41547,0.82104,0.87581,0.83281,0.89205,0.68459,0.72363,0.40062,0.81257,0.0004289117,0.0004289117,0.0004289117,,
yolo_v12m_20260717_110653,yolo,yolo_v12m_20260717_110653,yolo12m.pt,/root/autodl-fs/datasets/DAIR-V2X_YOLO/dairv2x.yaml,train,51,10221.992738246918,0.73624,0.41087,0.82096,0.87425,0.83382,0.89223,0.68462,0.72415,0.3994,0.81258,0.00042066499999999997,0.00042066499999999997,0.00042066499999999997,,
yolo_v12m_20260717_110653,yolo,yolo_v12m_20260717_110653,yolo12m.pt,/root/autodl-fs/datasets/DAIR-V2X_YOLO/dairv2x.yaml,train,52,10420.445854663849,0.7318,0.40754,0.81984,0.87386,0.83352,0.89336,0.68692,0.72123,0.39733,0.81166,0.00041241829999999995,0.00041241829999999995,0.00041241829999999995,,
yolo_v12m_20260717_110653,yolo,yolo_v12m_20260717_110653,yolo12m.pt,/root/autodl-fs/datasets/DAIR-V2X_YOLO/dairv2x.yaml,train,53,10620.061432600021,0.73098,0.40964,0.81976,0.87104,0.83832,0.89359,0.68704,0.71954,0.39597,0.8121,0.0004041716,0.0004041716,0.0004041716,,
yolo_v12m_20260717_110653,yolo,yolo_v12m_20260717_110653,yolo12m.pt,/root/autodl-fs/datasets/DAIR-V2X_YOLO/dairv2x.yaml,train,54,10823.835933208466,0.73275,0.40872,0.82086,0.87207,0.83537,0.89147,0.68536,0.71981,0.39687,0.81279,0.0003959249,0.0003959249,0.0003959249,,
yolo_v12m_20260717_110653,yolo,yolo_v12m_20260717_110653,yolo12m.pt,/root/autodl-fs/datasets/DAIR-V2X_YOLO/dairv2x.yaml,train,55,11025.316711902618,0.72772,0.40526,0.81912,0.87083,0.84024,0.89613,0.69037,0.71488,0.39589,0.81169,0.0003876782,0.0003876782,0.0003876782,,
yolo_v12m_20260717_110653,yolo,yolo_v12m_20260717_110653,yolo12m.pt,/root/autodl-fs/datasets/DAIR-V2X_YOLO/dairv2x.yaml,train,56,11227.155153274536,0.7292,0.40786,0.82002,0.86719,0.84385,0.89414,0.68816,0.71692,0.39528,0.81254,0.00037943149999999996,0.00037943149999999996,0.00037943149999999996,,
yolo_v12m_20260717_110653,yolo,yolo_v12m_20260717_110653,yolo12m.pt,/root/autodl-fs/datasets/DAIR-V2X_YOLO/dairv2x.yaml,train,57,11434.120065927505,0.72585,0.40341,0.81926,0.8751,0.8371,0.89398,0.69179,0.71359,0.39452,0.81174,0.00037118479999999994,0.00037118479999999994,0.00037118479999999994,,
yolo_v12m_20260717_110653,yolo,yolo_v12m_20260717_110653,yolo12m.pt,/root/autodl-fs/datasets/DAIR-V2X_YOLO/dairv2x.yaml,train,58,11638.070501565933,0.72309,0.40085,0.81944,0.8729,0.83955,0.89458,0.69001,0.71563,0.39408,0.81146,0.0003629381,0.0003629381,0.0003629381,,
yolo_v12m_20260717_110653,yolo,yolo_v12m_20260717_110653,yolo12m.pt,/root/autodl-fs/datasets/DAIR-V2X_YOLO/dairv2x.yaml,train,59,11837.81048297882,0.72594,0.40229,0.81867,0.86599,0.84193,0.89403,0.69059,0.71496,0.39409,0.81155,0.00035469140000000005,0.00035469140000000005,0.00035469140000000005,,
yolo_v12m_20260717_110653,yolo,yolo_v12m_20260717_110653,yolo12m.pt,/root/autodl-fs/datasets/DAIR-V2X_YOLO/dairv2x.yaml,train,60,12037.918044090271,0.7192,0.39901,0.81816,0.87435,0.84195,0.89515,0.68958,0.71136,0.39,0.81061,0.00034644470000000003,0.00034644470000000003,0.00034644470000000003,,
yolo_v12m_20260717_110653,yolo,yolo_v12m_20260717_110653,yolo12m.pt,/root/autodl-fs/datasets/DAIR-V2X_YOLO/dairv2x.yaml,train,61,12238.074467420578,0.71993,0.39871,0.81752,0.87968,0.84015,0.89563,0.69216,0.713,0.39066,0.8108,0.000338198,0.000338198,0.000338198,,
yolo_v12m_20260717_110653,yolo,yolo_v12m_20260717_110653,yolo12m.pt,/root/autodl-fs/datasets/DAIR-V2X_YOLO/dairv2x.yaml,train,62,12440.8128759861,0.72078,0.39699,0.81763,0.87613,0.843,0.89376,0.69166,0.71351,0.3887,0.8114,0.0003299513,0.0003299513,0.0003299513,,
yolo_v12m_20260717_110653,yolo,yolo_v12m_20260717_110653,yolo12m.pt,/root/autodl-fs/datasets/DAIR-V2X_YOLO/dairv2x.yaml,train,63,12641.815621137619,0.71569,0.39488,0.81618,0.87221,0.84674,0.89556,0.69322,0.70982,0.38858,0.81058,0.00032170459999999996,0.00032170459999999996,0.00032170459999999996,,
yolo_v12m_20260717_110653,yolo,yolo_v12m_20260717_110653,yolo12m.pt,/root/autodl-fs/datasets/DAIR-V2X_YOLO/dairv2x.yaml,train,64,12842.156340360641,0.71662,0.39386,0.81632,0.87045,0.84181,0.896,0.69347,0.70926,0.38658,0.81088,0.0003134579,0.0003134579,0.0003134579,,
yolo_v12m_20260717_110653,yolo,yolo_v12m_20260717_110653,yolo12m.pt,/root/autodl-fs/datasets/DAIR-V2X_YOLO/dairv2x.yaml,train,65,13044.912728786469,0.71416,0.39391,0.81658,0.86324,0.84868,0.89504,0.69333,0.70895,0.38787,0.81065,0.0003052112,0.0003052112,0.0003052112,,
yolo_v12m_20260717_110653,yolo,yolo_v12m_20260717_110653,yolo12m.pt,/root/autodl-fs/datasets/DAIR-V2X_YOLO/dairv2x.yaml,train,66,13246.696178913116,0.71244,0.3931,0.81632,0.87238,0.84521,0.89715,0.69681,0.707,0.38575,0.81058,0.0002969645,0.0002969645,0.0002969645,,
yolo_v12m_20260717_110653,yolo,yolo_v12m_20260717_110653,yolo12m.pt,/root/autodl-fs/datasets/DAIR-V2X_YOLO/dairv2x.yaml,train,67,13448.765275001526,0.71189,0.39216,0.81617,0.86709,0.84851,0.89687,0.69649,0.70687,0.38699,0.81067,0.00028871779999999997,0.00028871779999999997,0.00028871779999999997,,
yolo_v12m_20260717_110653,yolo,yolo_v12m_20260717_110653,yolo12m.pt,/root/autodl-fs/datasets/DAIR-V2X_YOLO/dairv2x.yaml,train,68,13648.132515668869,0.71026,0.38987,0.81539,0.86501,0.85158,0.89512,0.69437,0.70643,0.38821,0.81034,0.00028047109999999994,0.00028047109999999994,0.00028047109999999994,,
yolo_v12m_20260717_110653,yolo,yolo_v12m_20260717_110653,yolo12m.pt,/root/autodl-fs/datasets/DAIR-V2X_YOLO/dairv2x.yaml,train,69,13851.782180309296,0.7091,0.3889,0.81473,0.86826,0.85227,0.89736,0.69647,0.70555,0.38613,0.80985,0.0002722244,0.0002722244,0.0002722244,,
yolo_v12m_20260717_110653,yolo,yolo_v12m_20260717_110653,yolo12m.pt,/root/autodl-fs/datasets/DAIR-V2X_YOLO/dairv2x.yaml,train,70,14052.71474146843,0.70683,0.38686,0.8156,0.8669,0.84957,0.89582,0.69547,0.70533,0.38552,0.80992,0.00026397770000000006,0.00026397770000000006,0.00026397770000000006,,
yolo_v12m_20260717_110653,yolo,yolo_v12m_20260717_110653,yolo12m.pt,/root/autodl-fs/datasets/DAIR-V2X_YOLO/dairv2x.yaml,train,71,14254.169105768204,0.7057,0.38577,0.81565,0.86573,0.84926,0.89731,0.6968,0.70575,0.38459,0.8105,0.00025573100000000004,0.00025573100000000004,0.00025573100000000004,,
yolo_v12m_20260717_110653,yolo,yolo_v12m_20260717_110653,yolo12m.pt,/root/autodl-fs/datasets/DAIR-V2X_YOLO/dairv2x.yaml,train,72,14455.300333738327,0.70564,0.38574,0.81523,0.86239,0.8523,0.897,0.6967,0.70654,0.38631,0.81059,0.0002474843,0.0002474843,0.0002474843,,
yolo_v12m_20260717_110653,yolo,yolo_v12m_20260717_110653,yolo12m.pt,/root/autodl-fs/datasets/DAIR-V2X_YOLO/dairv2x.yaml,train,73,14654.913642644882,0.70544,0.38567,0.81567,0.8771,0.84595,0.89895,0.69879,0.70497,0.38492,0.81027,0.0002392376,0.0002392376,0.0002392376,,
yolo_v12m_20260717_110653,yolo,yolo_v12m_20260717_110653,yolo12m.pt,/root/autodl-fs/datasets/DAIR-V2X_YOLO/dairv2x.yaml,train,74,14854.096837997437,0.70254,0.38285,0.81422,0.8737,0.84609,0.89664,0.69714,0.70434,0.38568,0.80991,0.00023099090000000002,0.00023099090000000002,0.00023099090000000002,,
yolo_v12m_20260717_110653,yolo,yolo_v12m_20260717_110653,yolo12m.pt,/root/autodl-fs/datasets/DAIR-V2X_YOLO/dairv2x.yaml,train,75,15053.368040084839,0.69928,0.38015,0.81356,0.87413,0.84981,0.89964,0.69801,0.70392,0.38389,0.81012,0.00022274420000000002,0.00022274420000000002,0.00022274420000000002,,
yolo_v12m_20260717_110653,yolo,yolo_v12m_20260717_110653,yolo12m.pt,/root/autodl-fs/datasets/DAIR-V2X_YOLO/dairv2x.yaml,train,76,15256.836478710175,0.69966,0.38137,0.81416,0.87282,0.84723,0.89826,0.69841,0.70271,0.38299,0.80966,0.0002144975,0.0002144975,0.0002144975,,
yolo_v12m_20260717_110653,yolo,yolo_v12m_20260717_110653,yolo12m.pt,/root/autodl-fs/datasets/DAIR-V2X_YOLO/dairv2x.yaml,train,77,15458.558040380478,0.69719,0.37852,0.81381,0.87164,0.84939,0.89838,0.69736,0.70339,0.38392,0.80983,0.00020625079999999997,0.00020625079999999997,0.00020625079999999997,,
yolo_v12m_20260717_110653,yolo,yolo_v12m_20260717_110653,yolo12m.pt,/root/autodl-fs/datasets/DAIR-V2X_YOLO/dairv2x.yaml,train,78,15659.470606088638,0.69296,0.3753,0.81312,0.87254,0.8462,0.89762,0.69851,0.70324,0.38327,0.80972,0.00019800409999999998,0.00019800409999999998,0.00019800409999999998,,
yolo_v12m_20260717_110653,yolo,yolo_v12m_20260717_110653,yolo12m.pt,/root/autodl-fs/datasets/DAIR-V2X_YOLO/dairv2x.yaml,train,79,15861.354216814041,0.69368,0.37488,0.8137,0.87256,0.85017,0.89601,0.6958,0.7034,0.38325,0.81011,0.00018975739999999998,0.00018975739999999998,0.00018975739999999998,,
yolo_v12m_20260717_110653,yolo,yolo_v12m_20260717_110653,yolo12m.pt,/root/autodl-fs/datasets/DAIR-V2X_YOLO/dairv2x.yaml,train,80,16061.19648361206,0.69398,0.37531,0.81268,0.87638,0.8441,0.89607,0.69767,0.70074,0.38257,0.80916,0.00018151069999999998,0.00018151069999999998,0.00018151069999999998,,
yolo_v12m_20260717_110653,yolo,yolo_v12m_20260717_110653,yolo12m.pt,/root/autodl-fs/datasets/DAIR-V2X_YOLO/dairv2x.yaml,train,81,16260.35644030571,0.69334,0.37545,0.8124,0.87577,0.84522,0.89724,0.69845,0.70088,0.38219,0.80901,0.00017326399999999996,0.00017326399999999996,0.00017326399999999996,,
yolo_v12m_20260717_110653,yolo,yolo_v12m_20260717_110653,yolo12m.pt,/root/autodl-fs/datasets/DAIR-V2X_YOLO/dairv2x.yaml,train,82,16459.89933490753,0.69057,0.37305,0.81223,0.87905,0.84041,0.89567,0.69653,0.70073,0.38199,0.80878,0.00016501729999999994,0.00016501729999999994,0.00016501729999999994,,
yolo_v12m_20260717_110653,yolo,yolo_v12m_20260717_110653,yolo12m.pt,/root/autodl-fs/datasets/DAIR-V2X_YOLO/dairv2x.yaml,train,83,16659.814861297607,0.68936,0.3719,0.81216,0.87319,0.84719,0.89755,0.69813,0.70141,0.38234,0.80941,0.00015677060000000005,0.00015677060000000005,0.00015677060000000005,,
yolo_v12m_20260717_110653,yolo,yolo_v12m_20260717_110653,yolo12m.pt,/root/autodl-fs/datasets/DAIR-V2X_YOLO/dairv2x.yaml,train,84,16858.539056777954,0.68542,0.36866,0.81188,0.86987,0.85115,0.8973,0.69819,0.69973,0.38183,0.80902,0.00014852390000000002,0.00014852390000000002,0.00014852390000000002,,
yolo_v12m_20260717_110653,yolo,yolo_v12m_20260717_110653,yolo12m.pt,/root/autodl-fs/datasets/DAIR-V2X_YOLO/dairv2x.yaml,train,85,17057.977043151855,0.68351,0.3679,0.81125,0.87505,0.84601,0.89682,0.69834,0.69828,0.38131,0.80879,0.00014027720000000003,0.00014027720000000003,0.00014027720000000003,,
yolo_v12m_20260717_110653,yolo,yolo_v12m_20260717_110653,yolo12m.pt,/root/autodl-fs/datasets/DAIR-V2X_YOLO/dairv2x.yaml,train,86,17257.777459859848,0.6874,0.36843,0.8113,0.87,0.84768,0.89671,0.69856,0.70004,0.383,0.80885,0.00013203050000000003,0.00013203050000000003,0.00013203050000000003,,
yolo_v12m_20260717_110653,yolo,yolo_v12m_20260717_110653,yolo12m.pt,/root/autodl-fs/datasets/DAIR-V2X_YOLO/dairv2x.yaml,train,87,17457.9175863266,0.67941,0.36586,0.81041,0.87509,0.84566,0.89756,0.69901,0.7001,0.38097,0.80888,0.0001237838,0.0001237838,0.0001237838,,
yolo_v12m_20260717_110653,yolo,yolo_v12m_20260717_110653,yolo12m.pt,/root/autodl-fs/datasets/DAIR-V2X_YOLO/dairv2x.yaml,train,88,17657.90467429161,0.68027,0.36586,0.81107,0.87893,0.84284,0.89799,0.69834,0.70006,0.38156,0.80915,0.00011553710000000001,0.00011553710000000001,0.00011553710000000001,,
yolo_v12m_20260717_110653,yolo,yolo_v12m_20260717_110653,yolo12m.pt,/root/autodl-fs/datasets/DAIR-V2X_YOLO/dairv2x.yaml,train,89,17856.812207460403,0.68028,0.36374,0.81206,0.88109,0.84189,0.89665,0.69828,0.69941,0.38038,0.80922,0.0001072904,0.0001072904,0.0001072904,,
yolo_v12m_20260717_110653,yolo,yolo_v12m_20260717_110653,yolo12m.pt,/root/autodl-fs/datasets/DAIR-V2X_YOLO/dairv2x.yaml,train,90,18059.263687849045,0.68023,0.36396,0.81094,0.88076,0.84127,0.89665,0.6984,0.69953,0.38135,0.80897,9.904369999999997e-05,9.904369999999997e-05,9.904369999999997e-05,,
yolo_v12m_20260717_110653,yolo,yolo_v12m_20260717_110653,yolo12m.pt,/root/autodl-fs/datasets/DAIR-V2X_YOLO/dairv2x.yaml,train,91,18257.859144210815,0.65956,0.35373,0.80706,0.87752,0.84041,0.89413,0.69557,0.70419,0.38555,0.80973,9.079699999999998e-05,9.079699999999998e-05,9.079699999999998e-05,,
yolo_v12m_20260717_110653,yolo,yolo_v12m_20260717_110653,yolo12m.pt,/root/autodl-fs/datasets/DAIR-V2X_YOLO/dairv2x.yaml,train,92,18455.630882024765,0.65686,0.35176,0.80519,0.87596,0.84182,0.89405,0.69543,0.70347,0.38537,0.8095,8.255029999999997e-05,8.255029999999997e-05,8.255029999999997e-05,,
yolo_v12m_20260717_110653,yolo,yolo_v12m_20260717_110653,yolo12m.pt,/root/autodl-fs/datasets/DAIR-V2X_YOLO/dairv2x.yaml,train,93,18654.694470643997,0.6554,0.35045,0.80372,0.87566,0.843,0.89386,0.69511,0.70304,0.38542,0.80953,7.430359999999997e-05,7.430359999999997e-05,7.430359999999997e-05,,
yolo_v12m_20260717_110653,yolo,yolo_v12m_20260717_110653,yolo12m.pt,/root/autodl-fs/datasets/DAIR-V2X_YOLO/dairv2x.yaml,train,94,18851.771009922028,0.65234,0.34878,0.80501,0.87633,0.84355,0.89414,0.69564,0.70275,0.3845,0.80945,6.605689999999995e-05,6.605689999999995e-05,6.605689999999995e-05,,
yolo_v12m_20260717_110653,yolo,yolo_v12m_20260717_110653,yolo12m.pt,/root/autodl-fs/datasets/DAIR-V2X_YOLO/dairv2x.yaml,train,95,19049.531137943268,0.65073,0.34642,0.80402,0.87121,0.84691,0.89347,0.69565,0.70231,0.38435,0.80949,5.781020000000004e-05,5.781020000000004e-05,5.781020000000004e-05,,
yolo_v12m_20260717_110653,yolo,yolo_v12m_20260717_110653,yolo12m.pt,/root/autodl-fs/datasets/DAIR-V2X_YOLO/dairv2x.yaml,train,96,19248.258707523346,0.64714,0.34386,0.80372,0.87348,0.84383,0.89352,0.69602,0.70211,0.38458,0.80959,4.9563500000000035e-05,4.9563500000000035e-05,4.9563500000000035e-05,,
yolo_v12m_20260717_110653,yolo,yolo_v12m_20260717_110653,yolo12m.pt,/root/autodl-fs/datasets/DAIR-V2X_YOLO/dairv2x.yaml,train,97,19443.817987442017,0.64787,0.3431,0.80408,0.8747,0.84195,0.89368,0.69535,0.70265,0.38394,0.80959,4.131680000000003e-05,4.131680000000003e-05,4.131680000000003e-05,,
yolo_v12m_20260717_110653,yolo,yolo_v12m_20260717_110653,yolo12m.pt,/root/autodl-fs/datasets/DAIR-V2X_YOLO/dairv2x.yaml,train,98,19643.139749526978,0.64548,0.34276,0.80383,0.8723,0.84427,0.89502,0.69614,0.70195,0.38394,0.80962,3.307010000000002e-05,3.307010000000002e-05,3.307010000000002e-05,,
yolo_v12m_20260717_110653,yolo,yolo_v12m_20260717_110653,yolo12m.pt,/root/autodl-fs/datasets/DAIR-V2X_YOLO/dairv2x.yaml,train,99,19838.68623661995,0.64335,0.3407,0.80302,0.8695,0.8502,0.89517,0.69704,0.70128,0.38354,0.80948,2.4823400000000017e-05,2.4823400000000017e-05,2.4823400000000017e-05,,
yolo_v12m_20260717_110653,yolo,yolo_v12m_20260717_110653,yolo12m.pt,/root/autodl-fs/datasets/DAIR-V2X_YOLO/dairv2x.yaml,train,100,20032.89449620247,0.64289,0.33998,0.80305,0.87293,0.8462,0.89438,0.69683,0.70113,0.38331,0.80958,1.6576700000000007e-05,1.6576700000000007e-05,1.6576700000000007e-05,,
yolo_yolov8s_20260717_165537,yolo,yolo_yolov8s_20260717_165537,yolov8s.pt,/root/autodl-fs/datasets/UA-DETRAC_YOLO/data.yaml,train,1,75.30313014984131,0.97227,0.88246,0.97503,0.75962,0.5991,0.69516,0.4706,1.11204,0.82127,1.0175,0.00041600106496272627,0.00041600106496272627,0.00041600106496272627,,
yolo_yolov8s_20260717_165537,yolo,yolo_yolov8s_20260717_165537,yolov8s.pt,/root/autodl-fs/datasets/UA-DETRAC_YOLO/data.yaml,train,2,144.3050820827484,0.92828,0.66365,0.95108,0.76365,0.65198,0.68459,0.46966,1.10762,0.79388,1.02305,0.000824424321086262,0.000824424321086262,0.000824424321086262,,
yolo_yolov8s_20260717_165537,yolo,yolo_yolov8s_20260717_165537,yolov8s.pt,/root/autodl-fs/datasets/UA-DETRAC_YOLO/data.yaml,train,3,212.78793239593506,0.90431,0.63542,0.94249,0.65135,0.65942,0.70096,0.49022,1.06576,0.7145,1.01267,0.0012245975772097975,0.0012245975772097975,0.0012245975772097975,,
yolo_yolov8s_20260717_165537,yolo,yolo_yolov8s_20260717_165537,yolov8s.pt,/root/autodl-fs/datasets/UA-DETRAC_YOLO/data.yaml,train,4,280.62607407569885,0.86976,0.59051,0.92888,0.79553,0.64295,0.74574,0.51941,1.07651,0.70032,1.01002,0.001212875,0.001212875,0.001212875,,
yolo_yolov8s_20260717_165537,yolo,yolo_yolov8s_20260717_165537,yolov8s.pt,/root/autodl-fs/datasets/UA-DETRAC_YOLO/data.yaml,train,5,347.1660509109497,0.85004,0.57139,0.92506,0.82202,0.6615,0.7563,0.53998,1.05862,0.67737,1.00675,0.0012005,0.0012005,0.0012005,,
yolo_yolov8s_20260717_165537,yolo,yolo_yolov8s_20260717_165537,yolov8s.pt,/root/autodl-fs/datasets/UA-DETRAC_YOLO/data.yaml,train,6,413.80447602272034,0.82512,0.54396,0.9145,0.81154,0.72183,0.79061,0.57042,1.02671,0.67109,0.98565,0.001188125,0.001188125,0.001188125,,
yolo_yolov8s_20260717_165537,yolo,yolo_yolov8s_20260717_165537,yolov8s.pt,/root/autodl-fs/datasets/UA-DETRAC_YOLO/data.yaml,train,7,480.44983553886414,0.81209,0.53386,0.91157,0.87865,0.68394,0.78663,0.55727,1.06525,0.6757,1.00569,0.00117575,0.00117575,0.00117575,,
yolo_yolov8s_20260717_165537,yolo,yolo_yolov8s_20260717_165537,yolov8s.pt,/root/autodl-fs/datasets/UA-DETRAC_YOLO/data.yaml,train,8,549.1556322574615,0.8004,0.51035,0.90727,0.82689,0.68355,0.77513,0.56111,1.01979,0.63552,0.98839,0.001163375,0.001163375,0.001163375,,
yolo_yolov8s_20260717_165537,yolo,yolo_yolov8s_20260717_165537,yolov8s.pt,/root/autodl-fs/datasets/UA-DETRAC_YOLO/data.yaml,train,9,617.0256788730621,0.79113,0.49864,0.90573,0.84611,0.70942,0.79714,0.56746,1.05906,0.6728,1.0027,0.0011510000000000001,0.0011510000000000001,0.0011510000000000001,,
yolo_yolov8s_20260717_165537,yolo,yolo_yolov8s_20260717_165537,yolov8s.pt,/root/autodl-fs/datasets/UA-DETRAC_YOLO/data.yaml,train,10,685.7734200954437,0.77791,0.48889,0.89881,0.86191,0.69619,0.78343,0.56387,1.03599,0.64298,0.99971,0.001138625,0.001138625,0.001138625,,
yolo_yolov8s_20260717_165537,yolo,yolo_yolov8s_20260717_165537,yolov8s.pt,/root/autodl-fs/datasets/UA-DETRAC_YOLO/data.yaml,train,11,753.9239690303802,0.77101,0.48244,0.8995,0.79097,0.71738,0.80577,0.57989,1.0351,0.71082,0.99515,0.00112625,0.00112625,0.00112625,,
yolo_yolov8s_20260717_165537,yolo,yolo_yolov8s_20260717_165537,yolov8s.pt,/root/autodl-fs/datasets/UA-DETRAC_YOLO/data.yaml,train,12,821.6076290607452,0.76091,0.47119,0.89638,0.81571,0.68889,0.79352,0.57456,1.0413,0.65947,1.00653,0.001113875,0.001113875,0.001113875,,
yolo_yolov8s_20260717_165537,yolo,yolo_yolov8s_20260717_165537,yolov8s.pt,/root/autodl-fs/datasets/UA-DETRAC_YOLO/data.yaml,train,13,890.6047127246857,0.75756,0.46642,0.89337,0.87624,0.6107,0.76435,0.55709,1.0237,0.66298,0.99148,0.0011015,0.0011015,0.0011015,,
yolo_yolov8s_20260717_165537,yolo,yolo_yolov8s_20260717_165537,yolov8s.pt,/root/autodl-fs/datasets/UA-DETRAC_YOLO/data.yaml,train,14,958.9093987941742,0.75569,0.45811,0.8919,0.75659,0.69291,0.78424,0.56338,1.03564,0.64717,1.00034,0.001089125,0.001089125,0.001089125,,
yolo_yolov8s_20260717_165537,yolo,yolo_yolov8s_20260717_165537,yolov8s.pt,/root/autodl-fs/datasets/UA-DETRAC_YOLO/data.yaml,train,15,1028.7738795280457,0.74535,0.45451,0.88915,0.84666,0.66197,0.75576,0.54839,1.01184,0.65228,0.98776,0.00107675,0.00107675,0.00107675,,
yolo_yolov8s_20260717_165537,yolo,yolo_yolov8s_20260717_165537,yolov8s.pt,/root/autodl-fs/datasets/UA-DETRAC_YOLO/data.yaml,train,16,1097.290827035904,0.74155,0.44962,0.8874,0.83689,0.73655,0.82756,0.58974,1.04177,0.6268,1.00244,0.001064375,0.001064375,0.001064375,,
yolo_yolov8s_20260717_165537,yolo,yolo_yolov8s_20260717_165537,yolov8s.pt,/root/autodl-fs/datasets/UA-DETRAC_YOLO/data.yaml,train,17,1163.9566113948822,0.73891,0.4424,0.88691,0.79267,0.74652,0.818,0.59334,0.99367,0.61612,0.98092,0.001052,0.001052,0.001052,,
yolo_yolov8s_20260717_165537,yolo,yolo_yolov8s_20260717_165537,yolov8s.pt,/root/autodl-fs/datasets/UA-DETRAC_YOLO/data.yaml,train,18,1230.2350454330444,0.73435,0.4367,0.88711,0.75812,0.68811,0.76576,0.56655,1.02835,0.63744,0.99085,0.001039625,0.001039625,0.001039625,,
yolo_yolov8s_20260717_165537,yolo,yolo_yolov8s_20260717_165537,yolov8s.pt,/root/autodl-fs/datasets/UA-DETRAC_YOLO/data.yaml,train,19,1296.4862568378448,0.73211,0.43315,0.8855,0.78206,0.71437,0.80174,0.59938,1.00582,0.64064,0.98761,0.0010272500000000002,0.0010272500000000002,0.0010272500000000002,,
yolo_yolov8s_20260717_165537,yolo,yolo_yolov8s_20260717_165537,yolov8s.pt,/root/autodl-fs/datasets/UA-DETRAC_YOLO/data.yaml,train,20,1365.5800862312317,0.72528,0.42681,0.88216,0.86909,0.69792,0.81834,0.59452,1.01734,0.63029,0.99403,0.0010148750000000002,0.0010148750000000002,0.0010148750000000002,,
yolo_yolov8s_20260717_192925,yolo,yolo_yolov8s_20260717_192925,yolov8s.pt,/root/autodl-fs/datasets/UA-DETRAC_YOLO/data.yaml,train,1,96.67114901542664,0.97227,0.88246,0.97503,0.75962,0.5991,0.69516,0.4706,1.11204,0.82127,1.0175,0.00041600106496272627,0.00041600106496272627,0.00041600106496272627,,
yolo_yolov8s_20260717_192925,yolo,yolo_yolov8s_20260717_192925,yolov8s.pt,/root/autodl-fs/datasets/UA-DETRAC_YOLO/data.yaml,train,2,183.76932001113892,0.92828,0.66365,0.95108,0.76365,0.65198,0.68459,0.46966,1.10762,0.79388,1.02305,0.000824424321086262,0.000824424321086262,0.000824424321086262,,
yolo_yolov8s_20260717_192925,yolo,yolo_yolov8s_20260717_192925,yolov8s.pt,/root/autodl-fs/datasets/UA-DETRAC_YOLO/data.yaml,train,3,283.2159731388092,0.90431,0.63542,0.94249,0.65135,0.65942,0.70096,0.49022,1.06576,0.7145,1.01267,0.0012245975772097975,0.0012245975772097975,0.0012245975772097975,,
yolo_yolov8s_20260717_192925,yolo,yolo_yolov8s_20260717_192925,yolov8s.pt,/root/autodl-fs/datasets/UA-DETRAC_YOLO/data.yaml,train,4,371.9216706752777,0.86976,0.59051,0.92888,0.79553,0.64295,0.74574,0.51941,1.07651,0.70032,1.01002,0.001212875,0.001212875,0.001212875,,
yolo_yolov8s_20260717_192925,yolo,yolo_yolov8s_20260717_192925,yolov8s.pt,/root/autodl-fs/datasets/UA-DETRAC_YOLO/data.yaml,train,5,459.9364900588989,0.85004,0.57139,0.92506,0.82202,0.6615,0.7563,0.53998,1.05862,0.67737,1.00675,0.0012005,0.0012005,0.0012005,,
yolo_yolov8s_20260717_192925,yolo,yolo_yolov8s_20260717_192925,yolov8s.pt,/root/autodl-fs/datasets/UA-DETRAC_YOLO/data.yaml,train,6,544.8477957248688,0.82512,0.54396,0.9145,0.81154,0.72183,0.79061,0.57042,1.02671,0.67109,0.98565,0.001188125,0.001188125,0.001188125,,
yolo_yolov8s_20260717_192925,yolo,yolo_yolov8s_20260717_192925,yolov8s.pt,/root/autodl-fs/datasets/UA-DETRAC_YOLO/data.yaml,train,7,627.6397943496704,0.81209,0.53386,0.91157,0.87865,0.68394,0.78663,0.55727,1.06525,0.6757,1.00569,0.00117575,0.00117575,0.00117575,,
yolo_yolov8s_20260717_192925,yolo,yolo_yolov8s_20260717_192925,yolov8s.pt,/root/autodl-fs/datasets/UA-DETRAC_YOLO/data.yaml,train,8,707.3313133716583,0.8004,0.51035,0.90727,0.82689,0.68355,0.77513,0.56111,1.01979,0.63552,0.98839,0.001163375,0.001163375,0.001163375,,
yolo_yolov8s_20260717_192925,yolo,yolo_yolov8s_20260717_192925,yolov8s.pt,/root/autodl-fs/datasets/UA-DETRAC_YOLO/data.yaml,train,9,801.4031436443329,0.79113,0.49864,0.90573,0.84611,0.70942,0.79714,0.56746,1.05906,0.6728,1.0027,0.0011510000000000001,0.0011510000000000001,0.0011510000000000001,,
yolo_yolov8s_20260717_192925,yolo,yolo_yolov8s_20260717_192925,yolov8s.pt,/root/autodl-fs/datasets/UA-DETRAC_YOLO/data.yaml,train,10,887.7101168632507,0.77791,0.48889,0.89881,0.86191,0.69619,0.78343,0.56387,1.03599,0.64298,0.99971,0.001138625,0.001138625,0.001138625,,
yolo_yolov8s_20260717_192925,yolo,yolo_yolov8s_20260717_192925,yolov8s.pt,/root/autodl-fs/datasets/UA-DETRAC_YOLO/data.yaml,train,11,956.6350772380829,0.77101,0.48244,0.8995,0.79097,0.71738,0.80577,0.57989,1.0351,0.71082,0.99515,0.00112625,0.00112625,0.00112625,,
yolo_yolov8s_20260717_194612,yolo,yolo_yolov8s_20260717_194612,yolov8s.pt,/root/autodl-fs/datasets/UA-DETRAC_YOLO/data.yaml,train,1,75.99423623085022,0.97227,0.88246,0.97503,0.75962,0.5991,0.69516,0.4706,1.11204,0.82127,1.0175,0.00041600106496272627,0.00041600106496272627,0.00041600106496272627,,
yolo_yolov8s_20260717_194612,yolo,yolo_yolov8s_20260717_194612,yolov8s.pt,/root/autodl-fs/datasets/UA-DETRAC_YOLO/data.yaml,train,2,145.2734296321869,0.92828,0.66365,0.95108,0.76365,0.65198,0.68459,0.46966,1.10762,0.79388,1.02305,0.000824424321086262,0.000824424321086262,0.000824424321086262,,
yolo_yolov8s_20260717_194612,yolo,yolo_yolov8s_20260717_194612,yolov8s.pt,/root/autodl-fs/datasets/UA-DETRAC_YOLO/data.yaml,train,3,213.05396246910095,0.90431,0.63542,0.94249,0.65135,0.65942,0.70096,0.49022,1.06576,0.7145,1.01267,0.0012245975772097975,0.0012245975772097975,0.0012245975772097975,,
yolo_yolov8s_20260717_194612,yolo,yolo_yolov8s_20260717_194612,yolov8s.pt,/root/autodl-fs/datasets/UA-DETRAC_YOLO/data.yaml,train,4,280.10872316360474,0.86976,0.59051,0.92888,0.79553,0.64295,0.74574,0.51941,1.07651,0.70032,1.01002,0.001212875,0.001212875,0.001212875,,
yolo_yolov5m_20260717_203322,yolo,yolo_yolov5m_20260717_203322,yolov5m.pt,/root/autodl-fs/datasets/DAIR-V2X_YOLO/dairv2x.yaml,train,1,132.9529948234558,1.07712,0.8305,0.89138,0.82306,0.72763,0.79983,0.54257,0.93747,0.57042,0.84742,0.00027722662440570525,0.00027722662440570525,0.00027722662440570525,,
yolo_yolov8s_20260717_203615,yolo,yolo_yolov8s_20260717_203615,yolov8s.pt,/root/autodl-fs/datasets/UA-DETRAC_YOLO/data.yaml,train,1,77.69822645187378,0.97227,0.88246,0.97503,0.75962,0.5991,0.69516,0.4706,1.11204,0.82127,1.0175,0.00041600106496272627,0.00041600106496272627,0.00041600106496272627,,
yolo_yolov8s_20260717_204759,yolo,yolo_yolov8s_20260717_204759,yolov8s.pt,/root/autodl-fs/datasets/UA-DETRAC_YOLO/data.yaml,train,1,79.36750817298889,0.96345,0.90801,0.97268,0.72328,0.61701,0.65425,0.45577,1.0648,0.85628,1.00044,0.00041533546325878595,0.00041533546325878595,0.00041533546325878595,,
yolo_yolov8s_20260717_204759,yolo,yolo_yolov8s_20260717_204759,yolov8s.pt,/root/autodl-fs/datasets/UA-DETRAC_YOLO/data.yaml,train,2,145.41665935516357,0.90776,0.64102,0.94202,0.82643,0.65019,0.74241,0.52774,1.07569,0.71791,1.02221,0.0008237653088391906,0.0008237653088391906,0.0008237653088391906,,
yolo_yolov8s_20260717_204759,yolo,yolo_yolov8s_20260717_204759,yolov8s.pt,/root/autodl-fs/datasets/UA-DETRAC_YOLO/data.yaml,train,3,210.99025535583496,0.88884,0.61199,0.9349,0.70203,0.621,0.69392,0.48311,1.06276,0.84846,1.01095,0.0012239451544195953,0.0012239451544195953,0.0012239451544195953,,
yolo_yolov8s_20260717_204759,yolo,yolo_yolov8s_20260717_204759,yolov8s.pt,/root/autodl-fs/datasets/UA-DETRAC_YOLO/data.yaml,train,4,276.3890378475189,0.85946,0.58083,0.92529,0.7801,0.66798,0.76689,0.54437,1.07044,0.7445,1.00416,0.001212875,0.001212875,0.001212875,,
yolo_yolov8s_20260717_204759,yolo,yolo_yolov8s_20260717_204759,yolov8s.pt,/root/autodl-fs/datasets/UA-DETRAC_YOLO/data.yaml,train,5,341.1929633617401,0.83411,0.55282,0.91916,0.81007,0.67873,0.77127,0.53998,1.05903,0.65722,1.00367,0.0012005,0.0012005,0.0012005,,
yolo_yolov8s_20260717_204759,yolo,yolo_yolov8s_20260717_204759,yolov8s.pt,/root/autodl-fs/datasets/UA-DETRAC_YOLO/data.yaml,train,6,406.79936718940735,0.81462,0.52926,0.91184,0.85431,0.65887,0.74948,0.54326,1.02685,0.68376,0.99541,0.001188125,0.001188125,0.001188125,,
yolo_yolov8s_20260717_204759,yolo,yolo_yolov8s_20260717_204759,yolov8s.pt,/root/autodl-fs/datasets/UA-DETRAC_YOLO/data.yaml,train,7,472.01777505874634,0.79994,0.51764,0.90724,0.81424,0.7124,0.79044,0.56694,1.01052,0.62334,0.98662,0.00117575,0.00117575,0.00117575,,
yolo_yolov8s_20260717_204759,yolo,yolo_yolov8s_20260717_204759,yolov8s.pt,/root/autodl-fs/datasets/UA-DETRAC_YOLO/data.yaml,train,8,537.3585505485535,0.78978,0.50036,0.90415,0.80479,0.65436,0.77391,0.54808,1.02074,0.648,0.9881,0.001163375,0.001163375,0.001163375,,
yolo_yolov8s_20260717_204759,yolo,yolo_yolov8s_20260717_204759,yolov8s.pt,/root/autodl-fs/datasets/UA-DETRAC_YOLO/data.yaml,train,9,601.8545660972595,0.77741,0.48774,0.90052,0.75322,0.69645,0.77331,0.55436,1.04241,0.679,0.99843,0.0011510000000000001,0.0011510000000000001,0.0011510000000000001,,
yolo_yolov8s_20260717_204759,yolo,yolo_yolov8s_20260717_204759,yolov8s.pt,/root/autodl-fs/datasets/UA-DETRAC_YOLO/data.yaml,train,10,666.5205371379852,0.76965,0.47976,0.89754,0.80048,0.66489,0.78413,0.56953,1.02932,0.64731,0.98899,0.001138625,0.001138625,0.001138625,,
yolo_yolov8s_20260717_204759,yolo,yolo_yolov8s_20260717_204759,yolov8s.pt,/root/autodl-fs/datasets/UA-DETRAC_YOLO/data.yaml,train,11,730.5602853298187,0.7637,0.47708,0.89601,0.87142,0.70622,0.81038,0.5747,1.0464,0.62801,1.00244,0.00112625,0.00112625,0.00112625,,
yolo_yolov8s_20260717_204759,yolo,yolo_yolov8s_20260717_204759,yolov8s.pt,/root/autodl-fs/datasets/UA-DETRAC_YOLO/data.yaml,train,12,795.1158583164215,0.75534,0.46384,0.89386,0.83146,0.6716,0.78096,0.56352,1.04361,0.62603,1.00161,0.001113875,0.001113875,0.001113875,,
yolo_yolov8s_20260717_204759,yolo,yolo_yolov8s_20260717_204759,yolov8s.pt,/root/autodl-fs/datasets/UA-DETRAC_YOLO/data.yaml,train,13,859.3440382480621,0.75189,0.45605,0.89136,0.74274,0.72029,0.79712,0.57159,1.00766,0.62768,0.98717,0.0011015,0.0011015,0.0011015,,
yolo_yolov8s_20260717_204759,yolo,yolo_yolov8s_20260717_204759,yolov8s.pt,/root/autodl-fs/datasets/UA-DETRAC_YOLO/data.yaml,train,14,923.5968215465546,0.74151,0.45058,0.88855,0.88576,0.6946,0.79658,0.58208,1.02575,0.63686,0.98973,0.001089125,0.001089125,0.001089125,,
yolo_yolov8s_20260717_204759,yolo,yolo_yolov8s_20260717_204759,yolov8s.pt,/root/autodl-fs/datasets/UA-DETRAC_YOLO/data.yaml,train,15,988.0220186710358,0.73336,0.44196,0.88408,0.80214,0.72608,0.80293,0.58866,1.02915,0.58525,0.99203,0.00107675,0.00107675,0.00107675,,
yolo_yolov8s_20260717_204759,yolo,yolo_yolov8s_20260717_204759,yolov8s.pt,/root/autodl-fs/datasets/UA-DETRAC_YOLO/data.yaml,train,16,1051.9843847751617,0.73068,0.4376,0.88457,0.87023,0.69552,0.80252,0.57861,1.0544,0.62325,1.00141,0.001064375,0.001064375,0.001064375,,
yolo_yolov8s_20260717_204759,yolo,yolo_yolov8s_20260717_204759,yolov8s.pt,/root/autodl-fs/datasets/UA-DETRAC_YOLO/data.yaml,train,17,1115.905101776123,0.7252,0.43226,0.88288,0.82767,0.72074,0.80821,0.59426,0.98976,0.63804,0.97508,0.001052,0.001052,0.001052,,
yolo_yolov8s_20260717_204759,yolo,yolo_yolov8s_20260717_204759,yolov8s.pt,/root/autodl-fs/datasets/UA-DETRAC_YOLO/data.yaml,train,18,1180.3223972320557,0.7241,0.42735,0.88331,0.77795,0.70068,0.77876,0.57464,1.02236,0.59602,0.99463,0.001039625,0.001039625,0.001039625,,
yolo_yolov8s_20260717_204759,yolo,yolo_yolov8s_20260717_204759,yolov8s.pt,/root/autodl-fs/datasets/UA-DETRAC_YOLO/data.yaml,train,19,1244.6732745170593,0.7174,0.42485,0.88032,0.84005,0.69785,0.81397,0.59349,1.0043,0.62107,0.98829,0.0010272500000000002,0.0010272500000000002,0.0010272500000000002,,
yolo_yolov8s_20260717_204759,yolo,yolo_yolov8s_20260717_204759,yolov8s.pt,/root/autodl-fs/datasets/UA-DETRAC_YOLO/data.yaml,train,20,1309.0190644264221,0.71255,0.41588,0.8796,0.86153,0.6688,0.78974,0.58919,1.02396,0.60355,0.99341,0.0010148750000000002,0.0010148750000000002,0.0010148750000000002,,
yolo_yolov8s_20260717_204759,yolo,yolo_yolov8s_20260717_204759,yolov8s.pt,/root/autodl-fs/datasets/UA-DETRAC_YOLO/data.yaml,train,21,1373.1670746803284,0.70926,0.41605,0.87855,0.86078,0.7134,0.82284,0.60386,1.00841,0.60513,0.98891,0.0010025000000000001,0.0010025000000000001,0.0010025000000000001,,
yolo_yolov8s_20260717_204759,yolo,yolo_yolov8s_20260717_204759,yolov8s.pt,/root/autodl-fs/datasets/UA-DETRAC_YOLO/data.yaml,train,22,1437.2931559085846,0.70542,0.41135,0.87735,0.83867,0.70074,0.80674,0.59208,1.03635,0.60156,0.99922,0.0009901250000000001,0.0009901250000000001,0.0009901250000000001,,
yolo_yolov8s_20260717_204759,yolo,yolo_yolov8s_20260717_204759,yolov8s.pt,/root/autodl-fs/datasets/UA-DETRAC_YOLO/data.yaml,train,23,1501.1555290222168,0.70375,0.40893,0.87741,0.78971,0.7165,0.80379,0.59541,1.02006,0.60198,0.98989,0.00097775,0.00097775,0.00097775,,
yolo_yolov8s_20260717_204759,yolo,yolo_yolov8s_20260717_204759,yolov8s.pt,/root/autodl-fs/datasets/UA-DETRAC_YOLO/data.yaml,train,24,1565.3597812652588,0.69972,0.40633,0.87669,0.83079,0.73613,0.82846,0.61241,1.00437,0.56785,0.98345,0.000965375,0.000965375,0.000965375,,
yolo_yolov8s_20260717_204759,yolo,yolo_yolov8s_20260717_204759,yolov8s.pt,/root/autodl-fs/datasets/UA-DETRAC_YOLO/data.yaml,train,25,1629.600176334381,0.69405,0.40124,0.87516,0.80947,0.68766,0.80603,0.59453,1.00802,0.5904,0.99083,0.000953,0.000953,0.000953,,
yolo_yolov8s_20260717_204759,yolo,yolo_yolov8s_20260717_204759,yolov8s.pt,/root/autodl-fs/datasets/UA-DETRAC_YOLO/data.yaml,train,26,1693.889202594757,0.69408,0.40283,0.87367,0.80185,0.72721,0.81544,0.60613,0.99827,0.6079,0.99094,0.000940625,0.000940625,0.000940625,,
yolo_yolov8s_20260717_204759,yolo,yolo_yolov8s_20260717_204759,yolov8s.pt,/root/autodl-fs/datasets/UA-DETRAC_YOLO/data.yaml,train,27,1757.9999642372131,0.6901,0.39579,0.87408,0.85766,0.6849,0.78649,0.59097,1.00796,0.59782,0.98795,0.00092825,0.00092825,0.00092825,,
yolo_yolov8s_20260717_204759,yolo,yolo_yolov8s_20260717_204759,yolov8s.pt,/root/autodl-fs/datasets/UA-DETRAC_YOLO/data.yaml,train,28,1822.0565207004547,0.68729,0.39011,0.87101,0.86939,0.69989,0.82903,0.60681,1.00806,0.57976,0.98866,0.000915875,0.000915875,0.000915875,,
yolo_yolov8s_20260717_204759,yolo,yolo_yolov8s_20260717_204759,yolov8s.pt,/root/autodl-fs/datasets/UA-DETRAC_YOLO/data.yaml,train,29,1886.4355392456055,0.6812,0.38781,0.87077,0.86453,0.7307,0.8318,0.60626,1.01738,0.57343,0.99412,0.0009035,0.0009035,0.0009035,,
yolo_yolov8s_20260717_204759,yolo,yolo_yolov8s_20260717_204759,yolov8s.pt,/root/autodl-fs/datasets/UA-DETRAC_YOLO/data.yaml,train,30,1950.8800246715546,0.67785,0.38363,0.87126,0.80682,0.72164,0.81243,0.60088,1.0067,0.61273,0.99186,0.000891125,0.000891125,0.000891125,,
yolo_yolov8s_20260717_204759,yolo,yolo_yolov8s_20260717_204759,yolov8s.pt,/root/autodl-fs/datasets/UA-DETRAC_YOLO/data.yaml,train,31,2015.0646164417267,0.67958,0.38237,0.86882,0.853,0.70899,0.81596,0.60234,0.98936,0.60515,0.98277,0.00087875,0.00087875,0.00087875,,
yolo_yolov8s_20260717_204759,yolo,yolo_yolov8s_20260717_204759,yolov8s.pt,/root/autodl-fs/datasets/UA-DETRAC_YOLO/data.yaml,train,32,2079.2101776599884,0.678,0.38042,0.8703,0.87514,0.71106,0.80902,0.59686,0.99981,0.58647,0.99007,0.000866375,0.000866375,0.000866375,,
yolo_yolov8s_20260717_204759,yolo,yolo_yolov8s_20260717_204759,yolov8s.pt,/root/autodl-fs/datasets/UA-DETRAC_YOLO/data.yaml,train,33,2143.2654361724854,0.67539,0.37695,0.86864,0.845,0.71369,0.81884,0.60699,0.98537,0.57498,0.97682,0.0008539999999999999,0.0008539999999999999,0.0008539999999999999,,
yolo_yolov8s_20260717_204759,yolo,yolo_yolov8s_20260717_204759,yolov8s.pt,/root/autodl-fs/datasets/UA-DETRAC_YOLO/data.yaml,train,34,2207.167109489441,0.66656,0.37217,0.86762,0.85246,0.72734,0.81603,0.59857,1.00719,0.56741,0.98828,0.0008416249999999999,0.0008416249999999999,0.0008416249999999999,,
yolo_yolov8s_20260717_204759,yolo,yolo_yolov8s_20260717_204759,yolov8s.pt,/root/autodl-fs/datasets/UA-DETRAC_YOLO/data.yaml,train,35,2271.5934677124023,0.66724,0.37123,0.86928,0.81464,0.7205,0.81962,0.60551,0.98954,0.57857,0.98217,0.0008292499999999999,0.0008292499999999999,0.0008292499999999999,,
yolo_yolov8s_20260717_204759,yolo,yolo_yolov8s_20260717_204759,yolov8s.pt,/root/autodl-fs/datasets/UA-DETRAC_YOLO/data.yaml,train,36,2335.86944937706,0.66573,0.37051,0.86683,0.82726,0.72114,0.81495,0.61055,1.01047,0.59216,0.99447,0.000816875,0.000816875,0.000816875,,
yolo_yolov8s_20260717_204759,yolo,yolo_yolov8s_20260717_204759,yolov8s.pt,/root/autodl-fs/datasets/UA-DETRAC_YOLO/data.yaml,train,37,2400.284947872162,0.66472,0.3669,0.86483,0.84235,0.7257,0.81284,0.60451,1.00098,0.58724,0.98936,0.0008045000000000001,0.0008045000000000001,0.0008045000000000001,,
yolo_yolov8s_20260717_204759,yolo,yolo_yolov8s_20260717_204759,yolov8s.pt,/root/autodl-fs/datasets/UA-DETRAC_YOLO/data.yaml,train,38,2464.315863132477,0.66182,0.3655,0.864,0.84398,0.71934,0.81078,0.60306,1.00857,0.5991,0.9904,0.0007921250000000001,0.0007921250000000001,0.0007921250000000001,,
yolo_yolov8s_20260717_204759,yolo,yolo_yolov8s_20260717_204759,yolov8s.pt,/root/autodl-fs/datasets/UA-DETRAC_YOLO/data.yaml,train,39,2528.575764656067,0.65729,0.36278,0.86413,0.8356,0.74857,0.82895,0.62099,0.97921,0.57879,0.98671,0.0007797500000000001,0.0007797500000000001,0.0007797500000000001,,
yolo_yolov8s_20260717_204759,yolo,yolo_yolov8s_20260717_204759,yolov8s.pt,/root/autodl-fs/datasets/UA-DETRAC_YOLO/data.yaml,train,40,2592.5042791366577,0.65665,0.36037,0.86256,0.82223,0.73012,0.82981,0.62061,1.00647,0.58883,0.99099,0.000767375,0.000767375,0.000767375,,
yolo_yolov8s_20260717_204759,yolo,yolo_yolov8s_20260717_204759,yolov8s.pt,/root/autodl-fs/datasets/UA-DETRAC_YOLO/data.yaml,train,41,2657.1404683589935,0.65515,0.35724,0.86346,0.78637,0.73974,0.81056,0.60617,1.0059,0.58359,0.99362,0.000755,0.000755,0.000755,,
yolo_yolov8s_20260717_204759,yolo,yolo_yolov8s_20260717_204759,yolov8s.pt,/root/autodl-fs/datasets/UA-DETRAC_YOLO/data.yaml,train,42,2721.3135538101196,0.65013,0.35387,0.86171,0.8518,0.74042,0.82732,0.61893,1.00872,0.56335,0.99287,0.0007426250000000001,0.0007426250000000001,0.0007426250000000001,,
yolo_yolov8s_20260717_204759,yolo,yolo_yolov8s_20260717_204759,yolov8s.pt,/root/autodl-fs/datasets/UA-DETRAC_YOLO/data.yaml,train,43,2785.6860978603363,0.64943,0.35428,0.86084,0.7836,0.75265,0.82523,0.61705,0.9902,0.57754,0.98539,0.0007302500000000001,0.0007302500000000001,0.0007302500000000001,,
yolo_yolov8s_20260717_204759,yolo,yolo_yolov8s_20260717_204759,yolov8s.pt,/root/autodl-fs/datasets/UA-DETRAC_YOLO/data.yaml,train,44,2849.8615205287933,0.64633,0.35395,0.86075,0.85998,0.72377,0.82666,0.6128,0.99457,0.58716,0.99303,0.0007178750000000001,0.0007178750000000001,0.0007178750000000001,,
yolo_yolov8s_20260717_204759,yolo,yolo_yolov8s_20260717_204759,yolov8s.pt,/root/autodl-fs/datasets/UA-DETRAC_YOLO/data.yaml,train,45,2913.7743508815765,0.64903,0.35279,0.86008,0.78542,0.73526,0.8268,0.61754,1.00267,0.56614,0.99189,0.0007055000000000001,0.0007055000000000001,0.0007055000000000001,,
yolo_yolov8s_20260717_204759,yolo,yolo_yolov8s_20260717_204759,yolov8s.pt,/root/autodl-fs/datasets/UA-DETRAC_YOLO/data.yaml,train,46,2978.2702598571777,0.64414,0.34895,0.86041,0.83396,0.73055,0.8391,0.6244,1.00282,0.56969,0.99765,0.0006931250000000001,0.0006931250000000001,0.0006931250000000001,,
yolo_yolov8s_20260717_204759,yolo,yolo_yolov8s_20260717_204759,yolov8s.pt,/root/autodl-fs/datasets/UA-DETRAC_YOLO/data.yaml,train,47,3042.58837223053,0.63861,0.3474,0.85875,0.8245,0.75545,0.82842,0.61419,0.98298,0.57221,0.99049,0.0006807500000000001,0.0006807500000000001,0.0006807500000000001,,
yolo_yolov8s_20260717_204759,yolo,yolo_yolov8s_20260717_204759,yolov8s.pt,/root/autodl-fs/datasets/UA-DETRAC_YOLO/data.yaml,train,48,3106.854521751404,0.63774,0.34727,0.8596,0.81964,0.73035,0.82931,0.61711,0.99221,0.5789,0.98861,0.0006683750000000001,0.0006683750000000001,0.0006683750000000001,,
yolo_yolov8s_20260717_204759,yolo,yolo_yolov8s_20260717_204759,yolov8s.pt,/root/autodl-fs/datasets/UA-DETRAC_YOLO/data.yaml,train,49,3170.9999718666077,0.63817,0.3423,0.85871,0.87998,0.75155,0.84161,0.62908,0.99747,0.56252,0.99321,0.0006560000000000001,0.0006560000000000001,0.0006560000000000001,,
yolo_yolov8s_20260717_204759,yolo,yolo_yolov8s_20260717_204759,yolov8s.pt,/root/autodl-fs/datasets/UA-DETRAC_YOLO/data.yaml,train,50,3234.9892382621765,0.63575,0.34125,0.8576,0.874,0.74778,0.84383,0.63179,0.99278,0.55338,0.98809,0.000643625,0.000643625,0.000643625,,
yolo_yolov8s_20260717_204759,yolo,yolo_yolov8s_20260717_204759,yolov8s.pt,/root/autodl-fs/datasets/UA-DETRAC_YOLO/data.yaml,train,51,3298.8691489696503,0.63348,0.3384,0.85751,0.80342,0.74487,0.82399,0.61628,0.99163,0.59678,0.9913,0.00063125,0.00063125,0.00063125,,
yolo_yolov8s_20260717_204759,yolo,yolo_yolov8s_20260717_204759,yolov8s.pt,/root/autodl-fs/datasets/UA-DETRAC_YOLO/data.yaml,train,52,3363.4917435646057,0.6292,0.33795,0.85727,0.84892,0.76399,0.84559,0.63335,0.98824,0.54865,0.98639,0.000618875,0.000618875,0.000618875,,
yolo_yolov8s_20260717_204759,yolo,yolo_yolov8s_20260717_204759,yolov8s.pt,/root/autodl-fs/datasets/UA-DETRAC_YOLO/data.yaml,train,53,3427.8402688503265,0.62967,0.33752,0.85648,0.86001,0.72583,0.82914,0.6182,1.00116,0.56295,0.98974,0.0006064999999999999,0.0006064999999999999,0.0006064999999999999,,
yolo_yolov8s_20260717_204759,yolo,yolo_yolov8s_20260717_204759,yolov8s.pt,/root/autodl-fs/datasets/UA-DETRAC_YOLO/data.yaml,train,54,3492.290410757065,0.62454,0.33224,0.85537,0.88645,0.70448,0.83169,0.62464,0.98304,0.56345,0.98259,0.000594125,0.000594125,0.000594125,,
yolo_yolov8s_20260717_204759,yolo,yolo_yolov8s_20260717_204759,yolov8s.pt,/root/autodl-fs/datasets/UA-DETRAC_YOLO/data.yaml,train,55,3556.19429564476,0.62192,0.32997,0.85425,0.87322,0.7364,0.83935,0.63346,0.98393,0.55138,0.9866,0.00058175,0.00058175,0.00058175,,
yolo_yolov8s_20260717_204759,yolo,yolo_yolov8s_20260717_204759,yolov8s.pt,/root/autodl-fs/datasets/UA-DETRAC_YOLO/data.yaml,train,56,3620.26518702507,0.62332,0.33071,0.85355,0.86868,0.71557,0.82673,0.61594,0.98387,0.56893,0.98486,0.000569375,0.000569375,0.000569375,,
yolo_yolov8s_20260717_204759,yolo,yolo_yolov8s_20260717_204759,yolov8s.pt,/root/autodl-fs/datasets/UA-DETRAC_YOLO/data.yaml,train,57,3684.720938205719,0.61991,0.32945,0.85485,0.88095,0.71535,0.82238,0.61466,0.99068,0.56758,0.9862,0.000557,0.000557,0.000557,,
yolo_yolov8s_20260717_204759,yolo,yolo_yolov8s_20260717_204759,yolov8s.pt,/root/autodl-fs/datasets/UA-DETRAC_YOLO/data.yaml,train,58,3749.067875623703,0.61521,0.32611,0.85189,0.86432,0.7238,0.83067,0.62347,0.99406,0.57154,0.98551,0.0005446250000000001,0.0005446250000000001,0.0005446250000000001,,
yolo_yolov8s_20260717_204759,yolo,yolo_yolov8s_20260717_204759,yolov8s.pt,/root/autodl-fs/datasets/UA-DETRAC_YOLO/data.yaml,train,59,3813.4461822509766,0.61778,0.32566,0.85294,0.86234,0.73722,0.83939,0.63006,0.99333,0.55514,0.98292,0.0005322500000000001,0.0005322500000000001,0.0005322500000000001,,
yolo_yolov8s_20260717_204759,yolo,yolo_yolov8s_20260717_204759,yolov8s.pt,/root/autodl-fs/datasets/UA-DETRAC_YOLO/data.yaml,train,60,3877.7835037708282,0.61354,0.32325,0.85168,0.88095,0.71413,0.83369,0.62566,0.9846,0.57473,0.98289,0.000519875,0.000519875,0.000519875,,
yolo_yolov8s_20260717_204759,yolo,yolo_yolov8s_20260717_204759,yolov8s.pt,/root/autodl-fs/datasets/UA-DETRAC_YOLO/data.yaml,train,61,3941.8436608314514,0.61224,0.32106,0.85307,0.8646,0.71748,0.83186,0.62673,0.99311,0.54898,0.99077,0.0005075,0.0005075,0.0005075,,
yolo_yolov8s_20260717_204759,yolo,yolo_yolov8s_20260717_204759,yolov8s.pt,/root/autodl-fs/datasets/UA-DETRAC_YOLO/data.yaml,train,62,4005.6875257492065,0.61092,0.32141,0.85227,0.80789,0.73543,0.82433,0.61755,0.98501,0.56338,0.98653,0.000495125,0.000495125,0.000495125,,
yolo_yolov8s_20260717_204759,yolo,yolo_yolov8s_20260717_204759,yolov8s.pt,/root/autodl-fs/datasets/UA-DETRAC_YOLO/data.yaml,train,63,4070.067500114441,0.61094,0.31872,0.85209,0.88677,0.71203,0.82573,0.62503,0.9812,0.58393,0.98553,0.00048275,0.00048275,0.00048275,,
yolo_yolov8s_20260717_204759,yolo,yolo_yolov8s_20260717_204759,yolov8s.pt,/root/autodl-fs/datasets/UA-DETRAC_YOLO/data.yaml,train,64,4135.120014429092,0.60542,0.31737,0.84998,0.83311,0.72253,0.8302,0.62986,0.9816,0.56643,0.98669,0.00047037500000000004,0.00047037500000000004,0.00047037500000000004,,
yolo_yolov8s_20260717_204759,yolo,yolo_yolov8s_20260717_204759,yolov8s.pt,/root/autodl-fs/datasets/UA-DETRAC_YOLO/data.yaml,train,65,4201.418916225433,0.60266,0.31492,0.85002,0.86697,0.74261,0.83698,0.63042,0.99239,0.58108,0.99289,0.000458,0.000458,0.000458,,
yolo_yolov8s_20260717_204759,yolo,yolo_yolov8s_20260717_204759,yolov8s.pt,/root/autodl-fs/datasets/UA-DETRAC_YOLO/data.yaml,train,66,4267.5526621341705,0.59978,0.31384,0.84996,0.864,0.7266,0.8332,0.62538,0.99817,0.58936,0.99482,0.000445625,0.000445625,0.000445625,,
yolo_yolov8s_20260717_204759,yolo,yolo_yolov8s_20260717_204759,yolov8s.pt,/root/autodl-fs/datasets/UA-DETRAC_YOLO/data.yaml,train,67,4333.542438745499,0.59696,0.31155,0.84717,0.86757,0.71757,0.8321,0.62909,0.99101,0.55393,0.98931,0.00043325,0.00043325,0.00043325,,
yolo_yolov8s_20260717_204759,yolo,yolo_yolov8s_20260717_204759,yolov8s.pt,/root/autodl-fs/datasets/UA-DETRAC_YOLO/data.yaml,train,68,4400.101615190506,0.59936,0.30986,0.84852,0.81861,0.7409,0.83167,0.62795,0.99442,0.56843,0.98799,0.0004208749999999999,0.0004208749999999999,0.0004208749999999999,,
yolo_yolov8s_20260717_204759,yolo,yolo_yolov8s_20260717_204759,yolov8s.pt,/root/autodl-fs/datasets/UA-DETRAC_YOLO/data.yaml,train,69,4466.563074827194,0.59688,0.30972,0.84789,0.89729,0.71426,0.83861,0.63315,1.00064,0.55524,0.99521,0.0004085,0.0004085,0.0004085,,
yolo_yolov8s_20260717_204759,yolo,yolo_yolov8s_20260717_204759,yolov8s.pt,/root/autodl-fs/datasets/UA-DETRAC_YOLO/data.yaml,train,70,4532.65725851059,0.59212,0.30762,0.84776,0.868,0.73113,0.83227,0.63378,0.97561,0.55954,0.98356,0.0003961250000000001,0.0003961250000000001,0.0003961250000000001,,
yolo_yolov8s_20260717_204759,yolo,yolo_yolov8s_20260717_204759,yolov8s.pt,/root/autodl-fs/datasets/UA-DETRAC_YOLO/data.yaml,train,71,4598.5867347717285,0.58805,0.30378,0.84603,0.79466,0.75713,0.83198,0.62978,0.98004,0.57304,0.9867,0.0003837500000000001,0.0003837500000000001,0.0003837500000000001,,
yolo_yolov8s_20260717_204759,yolo,yolo_yolov8s_20260717_204759,yolov8s.pt,/root/autodl-fs/datasets/UA-DETRAC_YOLO/data.yaml,train,72,4664.691405057907,0.5932,0.3035,0.84549,0.87921,0.70853,0.83226,0.62785,0.99031,0.57662,0.99092,0.00037137500000000007,0.00037137500000000007,0.00037137500000000007,,
yolo_yolov8s_20260717_204759,yolo,yolo_yolov8s_20260717_204759,yolov8s.pt,/root/autodl-fs/datasets/UA-DETRAC_YOLO/data.yaml,train,73,4730.545013427734,0.58862,0.3026,0.84663,0.89888,0.6973,0.82511,0.62085,0.98442,0.58677,0.99198,0.000359,0.000359,0.000359,,
yolo_yolov8s_20260717_204759,yolo,yolo_yolov8s_20260717_204759,yolov8s.pt,/root/autodl-fs/datasets/UA-DETRAC_YOLO/data.yaml,train,74,4797.249760627747,0.58503,0.30009,0.84498,0.88757,0.71615,0.83216,0.62585,0.98549,0.58195,0.98989,0.0003466250000000001,0.0003466250000000001,0.0003466250000000001,,
yolo_yolov8s_20260717_204759,yolo,yolo_yolov8s_20260717_204759,yolov8s.pt,/root/autodl-fs/datasets/UA-DETRAC_YOLO/data.yaml,train,75,4863.639225721359,0.58633,0.30078,0.84481,0.86193,0.72267,0.83092,0.63077,0.98833,0.58162,0.98969,0.00033425,0.00033425,0.00033425,,
yolo_yolov8s_20260717_204759,yolo,yolo_yolov8s_20260717_204759,yolov8s.pt,/root/autodl-fs/datasets/UA-DETRAC_YOLO/data.yaml,train,76,4930.481179237366,0.57997,0.29722,0.84392,0.88861,0.72194,0.83781,0.62775,0.99249,0.57274,0.99419,0.000321875,0.000321875,0.000321875,,
yolo_yolov8s_20260717_204759,yolo,yolo_yolov8s_20260717_204759,yolov8s.pt,/root/autodl-fs/datasets/UA-DETRAC_YOLO/data.yaml,train,77,4996.760311603546,0.57883,0.29849,0.8436,0.87009,0.72923,0.83924,0.63046,0.99452,0.56556,0.99544,0.0003095,0.0003095,0.0003095,,
yolo_yolov8s_20260717_204759,yolo,yolo_yolov8s_20260717_204759,yolov8s.pt,/root/autodl-fs/datasets/UA-DETRAC_YOLO/data.yaml,train,78,5062.448940753937,0.57674,0.29512,0.84345,0.82084,0.76473,0.84437,0.63716,0.98996,0.54979,0.9949,0.000297125,0.000297125,0.000297125,,
yolo_yolov8s_20260717_204759,yolo,yolo_yolov8s_20260717_204759,yolov8s.pt,/root/autodl-fs/datasets/UA-DETRAC_YOLO/data.yaml,train,79,5129.210904121399,0.57568,0.29461,0.8438,0.86528,0.73288,0.83844,0.63654,0.98332,0.56072,0.99043,0.00028474999999999996,0.00028474999999999996,0.00028474999999999996,,
yolo_yolov8s_20260717_204759,yolo,yolo_yolov8s_20260717_204759,yolov8s.pt,/root/autodl-fs/datasets/UA-DETRAC_YOLO/data.yaml,train,80,5195.704699754715,0.57274,0.2921,0.84232,0.8417,0.7348,0.83467,0.62972,0.97848,0.55406,0.98608,0.000272375,0.000272375,0.000272375,,
yolo_yolov8s_20260717_204759,yolo,yolo_yolov8s_20260717_204759,yolov8s.pt,/root/autodl-fs/datasets/UA-DETRAC_YOLO/data.yaml,train,81,5261.907917499542,0.56882,0.29108,0.84154,0.84791,0.73021,0.82933,0.62349,0.98577,0.55916,0.99037,0.00026,0.00026,0.00026,,
yolo_yolov8s_20260717_204759,yolo,yolo_yolov8s_20260717_204759,yolov8s.pt,/root/autodl-fs/datasets/UA-DETRAC_YOLO/data.yaml,train,82,5327.953219175339,0.57034,0.2892,0.84112,0.83173,0.72371,0.8275,0.62595,0.98879,0.56731,0.99599,0.0002476249999999999,0.0002476249999999999,0.0002476249999999999,,
yolo_yolov8s_20260717_204759,yolo,yolo_yolov8s_20260717_204759,yolov8s.pt,/root/autodl-fs/datasets/UA-DETRAC_YOLO/data.yaml,train,83,5393.8419370651245,0.56718,0.28827,0.84019,0.83307,0.73733,0.83164,0.62658,0.99123,0.56084,0.99933,0.00023525000000000008,0.00023525000000000008,0.00023525000000000008,,
yolo_yolov8s_20260717_204759,yolo,yolo_yolov8s_20260717_204759,yolov8s.pt,/root/autodl-fs/datasets/UA-DETRAC_YOLO/data.yaml,train,84,5459.845002889633,0.56401,0.28607,0.84164,0.88047,0.70106,0.83323,0.62947,0.98558,0.56129,0.99648,0.00022287500000000006,0.00022287500000000006,0.00022287500000000006,,
yolo_yolov8s_20260717_204759,yolo,yolo_yolov8s_20260717_204759,yolov8s.pt,/root/autodl-fs/datasets/UA-DETRAC_YOLO/data.yaml,train,85,5526.355953216553,0.56473,0.28526,0.84047,0.86122,0.72376,0.83091,0.62771,0.98784,0.57073,0.99637,0.00021050000000000008,0.00021050000000000008,0.00021050000000000008,,
yolo_yolov8s_20260717_204759,yolo,yolo_yolov8s_20260717_204759,yolov8s.pt,/root/autodl-fs/datasets/UA-DETRAC_YOLO/data.yaml,train,86,5592.556240558624,0.55841,0.28377,0.83936,0.86339,0.72854,0.83254,0.63091,0.98862,0.56715,0.99532,0.00019812500000000003,0.00019812500000000003,0.00019812500000000003,,
yolo_yolov8s_20260717_204759,yolo,yolo_yolov8s_20260717_204759,yolov8s.pt,/root/autodl-fs/datasets/UA-DETRAC_YOLO/data.yaml,train,87,5658.495373249054,0.5593,0.2824,0.83983,0.8492,0.71021,0.82424,0.62345,0.99423,0.56789,0.99745,0.00018575000000000002,0.00018575000000000002,0.00018575000000000002,,
yolo_yolov8s_20260717_204759,yolo,yolo_yolov8s_20260717_204759,yolov8s.pt,/root/autodl-fs/datasets/UA-DETRAC_YOLO/data.yaml,train,88,5724.217890501022,0.56011,0.28103,0.84065,0.83724,0.72511,0.82306,0.6224,0.98763,0.57501,0.99588,0.00017337500000000003,0.00017337500000000003,0.00017337500000000003,,
yolo_yolov8s_20260717_204759,yolo,yolo_yolov8s_20260717_204759,yolov8s.pt,/root/autodl-fs/datasets/UA-DETRAC_YOLO/data.yaml,train,89,5790.253443956375,0.55954,0.28148,0.83932,0.82719,0.72862,0.82849,0.62962,0.98864,0.57418,0.99824,0.000161,0.000161,0.000161,,
yolo_yolov8s_20260717_204759,yolo,yolo_yolov8s_20260717_204759,yolov8s.pt,/root/autodl-fs/datasets/UA-DETRAC_YOLO/data.yaml,train,90,5856.6801841259,0.55382,0.27906,0.84036,0.81701,0.74315,0.82886,0.63276,0.99389,0.57383,0.99976,0.00014862499999999997,0.00014862499999999997,0.00014862499999999997,,
yolo_yolov8s_20260717_204759,yolo,yolo_yolov8s_20260717_204759,yolov8s.pt,/root/autodl-fs/datasets/UA-DETRAC_YOLO/data.yaml,train,91,5922.178511142731,0.55172,0.26347,0.83186,0.82883,0.73423,0.81748,0.62299,0.99551,0.58538,1.00374,0.00013624999999999998,0.00013624999999999998,0.00013624999999999998,,
yolo_yolov8s_20260717_204759,yolo,yolo_yolov8s_20260717_204759,yolov8s.pt,/root/autodl-fs/datasets/UA-DETRAC_YOLO/data.yaml,train,92,5987.086686849594,0.54272,0.25721,0.83042,0.86321,0.72197,0.82051,0.62315,0.99741,0.58455,1.00512,0.00012387499999999996,0.00012387499999999996,0.00012387499999999996,,
yolo_yolov8s_20260717_204759,yolo,yolo_yolov8s_20260717_204759,yolov8s.pt,/root/autodl-fs/datasets/UA-DETRAC_YOLO/data.yaml,train,93,6052.351815462112,0.53779,0.25535,0.83009,0.84796,0.73047,0.82204,0.62441,0.99702,0.57889,1.00423,0.00011149999999999995,0.00011149999999999995,0.00011149999999999995,,
yolo_yolov8s_20260717_204759,yolo,yolo_yolov8s_20260717_204759,yolov8s.pt,/root/autodl-fs/datasets/UA-DETRAC_YOLO/data.yaml,train,94,6117.102301597595,0.53502,0.25244,0.82902,0.84116,0.73279,0.82065,0.62267,0.99501,0.5819,1.00403,9.912499999999993e-05,9.912499999999993e-05,9.912499999999993e-05,,
yolo_yolov8s_20260717_204759,yolo,yolo_yolov8s_20260717_204759,yolov8s.pt,/root/autodl-fs/datasets/UA-DETRAC_YOLO/data.yaml,train,95,6181.863579750061,0.53159,0.25122,0.82844,0.85877,0.71382,0.81757,0.62308,0.99522,0.58501,1.00506,8.675000000000006e-05,8.675000000000006e-05,8.675000000000006e-05,,
yolo_yolov8s_20260717_204759,yolo,yolo_yolov8s_20260717_204759,yolov8s.pt,/root/autodl-fs/datasets/UA-DETRAC_YOLO/data.yaml,train,96,6246.7190754413605,0.52866,0.24842,0.82706,0.85261,0.71712,0.81761,0.62289,0.99554,0.58816,1.00336,7.437500000000006e-05,7.437500000000006e-05,7.437500000000006e-05,,
yolo_yolov8s_20260717_204759,yolo,yolo_yolov8s_20260717_204759,yolov8s.pt,/root/autodl-fs/datasets/UA-DETRAC_YOLO/data.yaml,train,97,6311.612651824951,0.52669,0.2479,0.82663,0.87759,0.70309,0.81829,0.62368,0.9953,0.59302,1.00296,6.200000000000006e-05,6.200000000000006e-05,6.200000000000006e-05,,
yolo_yolov8s_20260717_204759,yolo,yolo_yolov8s_20260717_204759,yolov8s.pt,/root/autodl-fs/datasets/UA-DETRAC_YOLO/data.yaml,train,98,6376.296724796295,0.5253,0.24773,0.82628,0.84156,0.72323,0.81824,0.62467,0.99483,0.59609,1.00204,4.9625000000000034e-05,4.9625000000000034e-05,4.9625000000000034e-05,,
yolo_yolov8s_20260717_204759,yolo,yolo_yolov8s_20260717_204759,yolov8s.pt,/root/autodl-fs/datasets/UA-DETRAC_YOLO/data.yaml,train,99,6440.907918930054,0.52401,0.24594,0.82498,0.85507,0.71126,0.81765,0.6249,0.99609,0.59853,1.00281,3.7250000000000025e-05,3.7250000000000025e-05,3.7250000000000025e-05,,
yolo_yolov8s_20260717_204759,yolo,yolo_yolov8s_20260717_204759,yolov8s.pt,/root/autodl-fs/datasets/UA-DETRAC_YOLO/data.yaml,train,100,6505.351278781891,0.51931,0.24362,0.82572,0.87816,0.6944,0.81699,0.62421,0.99905,0.60328,1.0033,2.4875000000000012e-05,2.4875000000000012e-05,2.4875000000000012e-05,,
yolo_v12n_20260717_224615,yolo,yolo_v12n_20260717_224615,yolo12n.pt,/root/autodl-fs/datasets/DAIR-V2X_YOLO/dairv2x.yaml,train,1,89.69726037979126,1.48628,2.06537,0.95876,0.63248,0.54881,0.55851,0.32535,1.2021,0.89026,0.89108,0.0002767879746835443,0.0002767879746835443,0.0002767879746835443,,
yolo_v12n_20260717_224615,yolo,yolo_v12n_20260717_224615,yolo12n.pt,/root/autodl-fs/datasets/DAIR-V2X_YOLO/dairv2x.yaml,train,2,160.7561218738556,1.24358,0.94735,0.91676,0.74687,0.62579,0.68431,0.42798,1.11529,0.77614,0.87714,0.0005489655404008439,0.0005489655404008439,0.0005489655404008439,,
yolo_v12n_20260717_224615,yolo,yolo_v12n_20260717_224615,yolo12n.pt,/root/autodl-fs/datasets/DAIR-V2X_YOLO/dairv2x.yaml,train,3,230.83141350746155,1.18851,0.85322,0.9053,0.74611,0.65116,0.70199,0.44733,1.09835,0.77794,0.87523,0.0008156453061181434,0.0008156453061181434,0.0008156453061181434,,
yolo_v12n_20260717_224615,yolo,yolo_v12n_20260717_224615,yolo12n.pt,/root/autodl-fs/datasets/DAIR-V2X_YOLO/dairv2x.yaml,train,4,299.459130525589,1.15023,0.79631,0.89644,0.76604,0.68706,0.74018,0.47552,1.05352,0.69135,0.86854,0.0008082599,0.0008082599,0.0008082599,,
yolo_v12n_20260717_224615,yolo,yolo_v12n_20260717_224615,yolo12n.pt,/root/autodl-fs/datasets/DAIR-V2X_YOLO/dairv2x.yaml,train,5,367.97365617752075,1.11928,0.75568,0.89262,0.76751,0.69276,0.74513,0.48141,1.06291,0.68791,0.86687,0.0008000131999999999,0.0008000131999999999,0.0008000131999999999,,
yolo_v12n_20260717_224615,yolo,yolo_v12n_20260717_224615,yolo12n.pt,/root/autodl-fs/datasets/DAIR-V2X_YOLO/dairv2x.yaml,train,6,436.56677746772766,1.09942,0.72654,0.88609,0.77122,0.71246,0.7609,0.49597,1.01652,0.65629,0.86199,0.0007917665,0.0007917665,0.0007917665,,
yolo_v12n_20260717_224615,yolo,yolo_v12n_20260717_224615,yolo12n.pt,/root/autodl-fs/datasets/DAIR-V2X_YOLO/dairv2x.yaml,train,7,505.18351316452026,1.08189,0.70408,0.88287,0.78672,0.72669,0.77714,0.51133,1.00708,0.63186,0.85789,0.0007835197999999999,0.0007835197999999999,0.0007835197999999999,,
yolo_v12n_20260717_224615,yolo,yolo_v12n_20260717_224615,yolo12n.pt,/root/autodl-fs/datasets/DAIR-V2X_YOLO/dairv2x.yaml,train,8,574.8823792934418,1.0615,0.68031,0.87893,0.79159,0.72991,0.77891,0.51567,0.99472,0.61807,0.85658,0.0007752731,0.0007752731,0.0007752731,,
yolo_v12n_20260717_224615,yolo,yolo_v12n_20260717_224615,yolo12n.pt,/root/autodl-fs/datasets/DAIR-V2X_YOLO/dairv2x.yaml,train,9,645.2084538936615,1.05308,0.66834,0.87642,0.78369,0.72417,0.78441,0.51839,0.99116,0.60893,0.85431,0.0007670264,0.0007670264,0.0007670264,,
yolo_v12n_20260717_224615,yolo,yolo_v12n_20260717_224615,yolo12n.pt,/root/autodl-fs/datasets/DAIR-V2X_YOLO/dairv2x.yaml,train,10,715.3354153633118,1.03699,0.65594,0.87446,0.80047,0.72103,0.78462,0.52913,0.96921,0.59736,0.84933,0.0007587797,0.0007587797,0.0007587797,,
yolo_v12n_20260717_224615,yolo,yolo_v12n_20260717_224615,yolo12n.pt,/root/autodl-fs/datasets/DAIR-V2X_YOLO/dairv2x.yaml,train,11,784.8877575397491,1.03411,0.64658,0.87191,0.80299,0.74067,0.79602,0.53903,0.96207,0.58626,0.8483,0.000750533,0.000750533,0.000750533,,
yolo_v12n_20260717_224615,yolo,yolo_v12n_20260717_224615,yolo12n.pt,/root/autodl-fs/datasets/DAIR-V2X_YOLO/dairv2x.yaml,train,12,853.7434949874878,1.01623,0.63205,0.86888,0.809,0.72988,0.78823,0.52748,0.96289,0.59299,0.84933,0.0007422863,0.0007422863,0.0007422863,,
yolo_v12n_20260717_224615,yolo,yolo_v12n_20260717_224615,yolo12n.pt,/root/autodl-fs/datasets/DAIR-V2X_YOLO/dairv2x.yaml,train,13,922.7306516170502,1.01564,0.63,0.86844,0.81333,0.73434,0.80314,0.54353,0.94525,0.58051,0.84662,0.0007340396,0.0007340396,0.0007340396,,
yolo_v12n_20260717_224615,yolo,yolo_v12n_20260717_224615,yolo12n.pt,/root/autodl-fs/datasets/DAIR-V2X_YOLO/dairv2x.yaml,train,14,991.569765329361,1.00552,0.62021,0.86588,0.80983,0.74263,0.80023,0.54156,0.96007,0.58049,0.85009,0.0007257928999999999,0.0007257928999999999,0.0007257928999999999,,
yolo_v12n_20260717_224615,yolo,yolo_v12n_20260717_224615,yolo12n.pt,/root/autodl-fs/datasets/DAIR-V2X_YOLO/dairv2x.yaml,train,15,1060.493846654892,1.00207,0.61487,0.86273,0.80805,0.73758,0.79531,0.54829,0.93829,0.57126,0.84364,0.0007175462,0.0007175462,0.0007175462,,
yolo_v12n_20260717_224615,yolo,yolo_v12n_20260717_224615,yolo12n.pt,/root/autodl-fs/datasets/DAIR-V2X_YOLO/dairv2x.yaml,train,16,1129.1759192943573,0.9936,0.60651,0.86383,0.81437,0.74969,0.80651,0.55877,0.93631,0.56303,0.84279,0.0007092995,0.0007092995,0.0007092995,,
yolo_v12n_20260717_224615,yolo,yolo_v12n_20260717_224615,yolo12n.pt,/root/autodl-fs/datasets/DAIR-V2X_YOLO/dairv2x.yaml,train,17,1197.79740691185,0.98423,0.59834,0.86115,0.79853,0.75407,0.80909,0.55444,0.9286,0.56153,0.8423,0.0007010528,0.0007010528,0.0007010528,,
yolo_v12n_20260717_224615,yolo,yolo_v12n_20260717_224615,yolo12n.pt,/root/autodl-fs/datasets/DAIR-V2X_YOLO/dairv2x.yaml,train,18,1266.6609563827515,0.98586,0.5975,0.86105,0.82007,0.75335,0.81594,0.56166,0.91948,0.55151,0.84147,0.0006928061,0.0006928061,0.0006928061,,
yolo_v12n_20260717_224615,yolo,yolo_v12n_20260717_224615,yolo12n.pt,/root/autodl-fs/datasets/DAIR-V2X_YOLO/dairv2x.yaml,train,19,1336.1826648712158,0.97634,0.59208,0.85991,0.8243,0.74921,0.81597,0.56367,0.91946,0.54993,0.8421,0.0006845594000000001,0.0006845594000000001,0.0006845594000000001,,
yolo_v12n_20260717_224615,yolo,yolo_v12n_20260717_224615,yolo12n.pt,/root/autodl-fs/datasets/DAIR-V2X_YOLO/dairv2x.yaml,train,20,1405.473997592926,0.97398,0.58963,0.85901,0.81339,0.75108,0.80997,0.55556,0.92566,0.56028,0.84442,0.0006763127,0.0006763127,0.0006763127,,
yolo_v12n_20260717_224615,yolo,yolo_v12n_20260717_224615,yolo12n.pt,/root/autodl-fs/datasets/DAIR-V2X_YOLO/dairv2x.yaml,train,21,1473.934761762619,0.96975,0.58884,0.85745,0.83082,0.75864,0.82077,0.56504,0.90995,0.55008,0.8391,0.000668066,0.000668066,0.000668066,,
yolo_v12n_20260717_224615,yolo,yolo_v12n_20260717_224615,yolo12n.pt,/root/autodl-fs/datasets/DAIR-V2X_YOLO/dairv2x.yaml,train,22,1542.4294211864471,0.96563,0.58311,0.85755,0.83075,0.75769,0.81765,0.56515,0.91705,0.54636,0.84309,0.0006598193,0.0006598193,0.0006598193,,
yolo_v12n_20260717_224615,yolo,yolo_v12n_20260717_224615,yolo12n.pt,/root/autodl-fs/datasets/DAIR-V2X_YOLO/dairv2x.yaml,train,23,1611.516325712204,0.96233,0.57911,0.85681,0.83351,0.74994,0.82167,0.56491,0.91463,0.54667,0.84166,0.0006515726,0.0006515726,0.0006515726,,
yolo_v12n_20260717_224615,yolo,yolo_v12n_20260717_224615,yolo12n.pt,/root/autodl-fs/datasets/DAIR-V2X_YOLO/dairv2x.yaml,train,24,1680.669306755066,0.95622,0.57655,0.85645,0.81691,0.77139,0.82248,0.57378,0.89919,0.5393,0.83901,0.0006433259,0.0006433259,0.0006433259,,
yolo_v12n_20260717_224615,yolo,yolo_v12n_20260717_224615,yolo12n.pt,/root/autodl-fs/datasets/DAIR-V2X_YOLO/dairv2x.yaml,train,25,1749.6288063526154,0.95582,0.57326,0.85558,0.82217,0.76588,0.82324,0.57092,0.9006,0.54034,0.83921,0.0006350791999999999,0.0006350791999999999,0.0006350791999999999,,
yolo_v12n_20260717_224615,yolo,yolo_v12n_20260717_224615,yolo12n.pt,/root/autodl-fs/datasets/DAIR-V2X_YOLO/dairv2x.yaml,train,26,1818.1421234607697,0.95116,0.5705,0.85462,0.83293,0.76224,0.82127,0.57377,0.90063,0.53435,0.83966,0.0006268325,0.0006268325,0.0006268325,,
yolo_v12n_20260717_224615,yolo,yolo_v12n_20260717_224615,yolo12n.pt,/root/autodl-fs/datasets/DAIR-V2X_YOLO/dairv2x.yaml,train,27,1886.6087079048157,0.9488,0.56821,0.85257,0.81762,0.77647,0.8247,0.58005,0.89165,0.52979,0.8366,0.0006185858,0.0006185858,0.0006185858,,
yolo_v12n_20260717_224615,yolo,yolo_v12n_20260717_224615,yolo12n.pt,/root/autodl-fs/datasets/DAIR-V2X_YOLO/dairv2x.yaml,train,28,1955.2414178848267,0.9493,0.56932,0.85407,0.83216,0.76711,0.82761,0.57709,0.89705,0.53207,0.83775,0.0006103391,0.0006103391,0.0006103391,,
yolo_v12n_20260717_224615,yolo,yolo_v12n_20260717_224615,yolo12n.pt,/root/autodl-fs/datasets/DAIR-V2X_YOLO/dairv2x.yaml,train,29,2024.3084976673126,0.94325,0.56385,0.85248,0.8285,0.77679,0.83072,0.57983,0.89856,0.52882,0.83751,0.0006020924,0.0006020924,0.0006020924,,
yolo_v12n_20260717_224615,yolo,yolo_v12n_20260717_224615,yolo12n.pt,/root/autodl-fs/datasets/DAIR-V2X_YOLO/dairv2x.yaml,train,30,2092.8876583576202,0.93714,0.55711,0.85105,0.83163,0.77029,0.83433,0.58611,0.88505,0.52225,0.83707,0.0005938457,0.0005938457,0.0005938457,,
yolo_v12n_20260717_224615,yolo,yolo_v12n_20260717_224615,yolo12n.pt,/root/autodl-fs/datasets/DAIR-V2X_YOLO/dairv2x.yaml,train,31,2161.6281399726868,0.93881,0.55852,0.85114,0.8328,0.77272,0.83785,0.58633,0.88332,0.5185,0.83572,0.0005855989999999999,0.0005855989999999999,0.0005855989999999999,,
yolo_v12n_20260717_224615,yolo,yolo_v12n_20260717_224615,yolo12n.pt,/root/autodl-fs/datasets/DAIR-V2X_YOLO/dairv2x.yaml,train,32,2230.598319530487,0.93044,0.55527,0.84933,0.82573,0.7785,0.83064,0.58627,0.88326,0.52161,0.83565,0.0005773522999999999,0.0005773522999999999,0.0005773522999999999,,
yolo_v12n_20260717_224615,yolo,yolo_v12n_20260717_224615,yolo12n.pt,/root/autodl-fs/datasets/DAIR-V2X_YOLO/dairv2x.yaml,train,33,2299.0285358428955,0.92771,0.55163,0.84935,0.83248,0.77654,0.83373,0.5877,0.88426,0.52039,0.83579,0.0005691056,0.0005691056,0.0005691056,,
yolo_v12n_20260717_224615,yolo,yolo_v12n_20260717_224615,yolo12n.pt,/root/autodl-fs/datasets/DAIR-V2X_YOLO/dairv2x.yaml,train,34,2367.8091249465942,0.92507,0.55114,0.84913,0.83695,0.77082,0.83472,0.5904,0.87445,0.51091,0.83369,0.0005608588999999999,0.0005608588999999999,0.0005608588999999999,,
yolo_v12n_20260717_224615,yolo,yolo_v12n_20260717_224615,yolo12n.pt,/root/autodl-fs/datasets/DAIR-V2X_YOLO/dairv2x.yaml,train,35,2436.5538487434387,0.92427,0.54772,0.84889,0.84308,0.77269,0.83689,0.59062,0.87505,0.51312,0.83504,0.0005526121999999999,0.0005526121999999999,0.0005526121999999999,,
yolo_v12n_20260717_224615,yolo,yolo_v12n_20260717_224615,yolo12n.pt,/root/autodl-fs/datasets/DAIR-V2X_YOLO/dairv2x.yaml,train,36,2505.617943048477,0.92357,0.54737,0.84864,0.83847,0.77708,0.83639,0.59172,0.87331,0.51183,0.83423,0.0005443655,0.0005443655,0.0005443655,,
yolo_v12n_20260717_224615,yolo,yolo_v12n_20260717_224615,yolo12n.pt,/root/autodl-fs/datasets/DAIR-V2X_YOLO/dairv2x.yaml,train,37,2574.527690887451,0.92055,0.54196,0.84728,0.8353,0.78258,0.83855,0.59512,0.86904,0.50732,0.83399,0.0005361188,0.0005361188,0.0005361188,,
yolo_v12n_20260717_224615,yolo,yolo_v12n_20260717_224615,yolo12n.pt,/root/autodl-fs/datasets/DAIR-V2X_YOLO/dairv2x.yaml,train,38,2643.0687198638916,0.92106,0.54397,0.84746,0.84337,0.77189,0.83731,0.5903,0.8734,0.5092,0.83455,0.0005278721,0.0005278721,0.0005278721,,
yolo_v12n_20260717_224615,yolo,yolo_v12n_20260717_224615,yolo12n.pt,/root/autodl-fs/datasets/DAIR-V2X_YOLO/dairv2x.yaml,train,39,2711.7955136299133,0.91553,0.54219,0.84691,0.83602,0.78287,0.83813,0.59386,0.86804,0.5039,0.83338,0.0005196254,0.0005196254,0.0005196254,,
yolo_v12n_20260717_224615,yolo,yolo_v12n_20260717_224615,yolo12n.pt,/root/autodl-fs/datasets/DAIR-V2X_YOLO/dairv2x.yaml,train,40,2780.4290804862976,0.91627,0.54205,0.84597,0.83468,0.78356,0.84202,0.59682,0.87229,0.50473,0.83389,0.0005113787,0.0005113787,0.0005113787,,
yolo_v12n_20260717_224615,yolo,yolo_v12n_20260717_224615,yolo12n.pt,/root/autodl-fs/datasets/DAIR-V2X_YOLO/dairv2x.yaml,train,41,2849.128214120865,0.91231,0.53728,0.84747,0.83744,0.77401,0.84033,0.59652,0.86552,0.50613,0.83244,0.000503132,0.000503132,0.000503132,,
yolo_v12n_20260717_224615,yolo,yolo_v12n_20260717_224615,yolo12n.pt,/root/autodl-fs/datasets/DAIR-V2X_YOLO/dairv2x.yaml,train,42,2917.6304426193237,0.91235,0.53781,0.84569,0.84508,0.77643,0.83828,0.59326,0.86718,0.50389,0.83321,0.0004948853,0.0004948853,0.0004948853,,
yolo_v12n_20260717_224615,yolo,yolo_v12n_20260717_224615,yolo12n.pt,/root/autodl-fs/datasets/DAIR-V2X_YOLO/dairv2x.yaml,train,43,2986.4956827163696,0.90785,0.5343,0.8459,0.84459,0.79024,0.84404,0.60082,0.86109,0.49986,0.83268,0.00048663860000000005,0.00048663860000000005,0.00048663860000000005,,
yolo_v12n_20260717_224615,yolo,yolo_v12n_20260717_224615,yolo12n.pt,/root/autodl-fs/datasets/DAIR-V2X_YOLO/dairv2x.yaml,train,44,3055.379544734955,0.90765,0.53374,0.84429,0.84237,0.78776,0.84607,0.60258,0.85657,0.49703,0.83208,0.00047839190000000003,0.00047839190000000003,0.00047839190000000003,,
yolo_v12n_20260717_224615,yolo,yolo_v12n_20260717_224615,yolo12n.pt,/root/autodl-fs/datasets/DAIR-V2X_YOLO/dairv2x.yaml,train,45,3124.193888902664,0.9043,0.53167,0.84389,0.83679,0.79177,0.84668,0.60303,0.85607,0.49556,0.83166,0.0004701452,0.0004701452,0.0004701452,,
yolo_v12n_20260717_224615,yolo,yolo_v12n_20260717_224615,yolo12n.pt,/root/autodl-fs/datasets/DAIR-V2X_YOLO/dairv2x.yaml,train,46,3192.8143129348755,0.89953,0.52754,0.84375,0.84613,0.78764,0.84569,0.60273,0.85428,0.49651,0.8311,0.0004618985,0.0004618985,0.0004618985,,
yolo_v12n_20260717_224615,yolo,yolo_v12n_20260717_224615,yolo12n.pt,/root/autodl-fs/datasets/DAIR-V2X_YOLO/dairv2x.yaml,train,47,3261.5086431503296,0.90039,0.52798,0.84279,0.83854,0.79222,0.84495,0.60261,0.85614,0.49258,0.83194,0.00045365180000000007,0.00045365180000000007,0.00045365180000000007,,
yolo_v12n_20260717_224615,yolo,yolo_v12n_20260717_224615,yolo12n.pt,/root/autodl-fs/datasets/DAIR-V2X_YOLO/dairv2x.yaml,train,48,3329.955137491226,0.89936,0.52744,0.84423,0.84735,0.78299,0.84321,0.60126,0.8527,0.49555,0.83073,0.00044540510000000004,0.00044540510000000004,0.00044540510000000004,,
yolo_v12n_20260717_224615,yolo,yolo_v12n_20260717_224615,yolo12n.pt,/root/autodl-fs/datasets/DAIR-V2X_YOLO/dairv2x.yaml,train,49,3398.908854007721,0.89726,0.52599,0.84347,0.85171,0.78581,0.84479,0.60205,0.85132,0.48938,0.83045,0.0004371584,0.0004371584,0.0004371584,,
yolo_v12n_20260717_224615,yolo,yolo_v12n_20260717_224615,yolo12n.pt,/root/autodl-fs/datasets/DAIR-V2X_YOLO/dairv2x.yaml,train,50,3468.1607966423035,0.89479,0.52477,0.84293,0.84354,0.79299,0.84622,0.602,0.85151,0.49152,0.83077,0.0004289117,0.0004289117,0.0004289117,,
yolo_v12n_20260717_224615,yolo,yolo_v12n_20260717_224615,yolo12n.pt,/root/autodl-fs/datasets/DAIR-V2X_YOLO/dairv2x.yaml,train,51,3536.784284353256,0.89256,0.52164,0.84162,0.83064,0.79769,0.8436,0.60007,0.84976,0.49051,0.83132,0.00042066499999999997,0.00042066499999999997,0.00042066499999999997,,
yolo_v12n_20260717_224615,yolo,yolo_v12n_20260717_224615,yolo12n.pt,/root/autodl-fs/datasets/DAIR-V2X_YOLO/dairv2x.yaml,train,52,3605.560093641281,0.89011,0.52002,0.84223,0.84723,0.7899,0.84573,0.60528,0.8431,0.48777,0.82971,0.00041241829999999995,0.00041241829999999995,0.00041241829999999995,,
yolo_v12n_20260717_224615,yolo,yolo_v12n_20260717_224615,yolo12n.pt,/root/autodl-fs/datasets/DAIR-V2X_YOLO/dairv2x.yaml,train,53,3674.1194581985474,0.88961,0.5216,0.84142,0.84206,0.79387,0.84607,0.60429,0.84824,0.48746,0.83022,0.0004041716,0.0004041716,0.0004041716,,
yolo_v12n_20260717_224615,yolo,yolo_v12n_20260717_224615,yolo12n.pt,/root/autodl-fs/datasets/DAIR-V2X_YOLO/dairv2x.yaml,train,54,3742.4881699085236,0.88838,0.51742,0.84181,0.84493,0.78941,0.85114,0.60991,0.84101,0.48542,0.82865,0.0003959249,0.0003959249,0.0003959249,,
yolo_v12n_20260717_224615,yolo,yolo_v12n_20260717_224615,yolo12n.pt,/root/autodl-fs/datasets/DAIR-V2X_YOLO/dairv2x.yaml,train,55,3811.4015827178955,0.88675,0.51792,0.84022,0.85075,0.78661,0.8475,0.60782,0.8427,0.48708,0.82943,0.0003876782,0.0003876782,0.0003876782,,
yolo_v12n_20260717_224615,yolo,yolo_v12n_20260717_224615,yolo12n.pt,/root/autodl-fs/datasets/DAIR-V2X_YOLO/dairv2x.yaml,train,56,3880.239356994629,0.88501,0.51666,0.8407,0.84812,0.78909,0.84778,0.60833,0.84466,0.48535,0.82917,0.00037943149999999996,0.00037943149999999996,0.00037943149999999996,,
yolo_v12n_20260717_224615,yolo,yolo_v12n_20260717_224615,yolo12n.pt,/root/autodl-fs/datasets/DAIR-V2X_YOLO/dairv2x.yaml,train,57,3949.609288215637,0.88449,0.51433,0.84031,0.84227,0.79822,0.84856,0.60681,0.8435,0.48347,0.82872,0.00037118479999999994,0.00037118479999999994,0.00037118479999999994,,
yolo_v12n_20260717_224615,yolo,yolo_v12n_20260717_224615,yolo12n.pt,/root/autodl-fs/datasets/DAIR-V2X_YOLO/dairv2x.yaml,train,58,4018.479150056839,0.87967,0.5119,0.83955,0.84124,0.79518,0.85073,0.6122,0.83869,0.48046,0.8281,0.0003629381,0.0003629381,0.0003629381,,
yolo_v12n_20260717_224615,yolo,yolo_v12n_20260717_224615,yolo12n.pt,/root/autodl-fs/datasets/DAIR-V2X_YOLO/dairv2x.yaml,train,59,4086.9826049804688,0.88085,0.51316,0.8398,0.8441,0.7946,0.85026,0.61073,0.84155,0.4834,0.82909,0.00035469140000000005,0.00035469140000000005,0.00035469140000000005,,
yolo_v12n_20260717_224615,yolo,yolo_v12n_20260717_224615,yolo12n.pt,/root/autodl-fs/datasets/DAIR-V2X_YOLO/dairv2x.yaml,train,60,4155.390625238419,0.87998,0.51108,0.83952,0.8522,0.79016,0.85193,0.61223,0.8387,0.48212,0.82805,0.00034644470000000003,0.00034644470000000003,0.00034644470000000003,,
yolo_v12n_20260717_224615,yolo,yolo_v12n_20260717_224615,yolo12n.pt,/root/autodl-fs/datasets/DAIR-V2X_YOLO/dairv2x.yaml,train,61,4224.230624914169,0.87661,0.51004,0.8395,0.85151,0.79645,0.8519,0.61234,0.83692,0.47858,0.8276,0.000338198,0.000338198,0.000338198,,
yolo_v12n_20260717_224615,yolo,yolo_v12n_20260717_224615,yolo12n.pt,/root/autodl-fs/datasets/DAIR-V2X_YOLO/dairv2x.yaml,train,62,4293.140788555145,0.8736,0.50745,0.83956,0.84537,0.79319,0.8527,0.61541,0.83512,0.47829,0.82751,0.0003299513,0.0003299513,0.0003299513,,
yolo_v12n_20260717_224615,yolo,yolo_v12n_20260717_224615,yolo12n.pt,/root/autodl-fs/datasets/DAIR-V2X_YOLO/dairv2x.yaml,train,63,4362.4322056770325,0.87333,0.50679,0.83778,0.85721,0.78568,0.8509,0.61391,0.83526,0.47858,0.82737,0.00032170459999999996,0.00032170459999999996,0.00032170459999999996,,
yolo_v12n_20260717_224615,yolo,yolo_v12n_20260717_224615,yolo12n.pt,/root/autodl-fs/datasets/DAIR-V2X_YOLO/dairv2x.yaml,train,64,4430.927841901779,0.87485,0.50628,0.83776,0.84811,0.79549,0.84975,0.61182,0.83509,0.48047,0.82742,0.0003134579,0.0003134579,0.0003134579,,
yolo_v12n_20260717_224615,yolo,yolo_v12n_20260717_224615,yolo12n.pt,/root/autodl-fs/datasets/DAIR-V2X_YOLO/dairv2x.yaml,train,65,4499.70997262001,0.86832,0.50239,0.83802,0.84753,0.79406,0.85229,0.61483,0.83472,0.47714,0.82698,0.0003052112,0.0003052112,0.0003052112,,
yolo_v12n_20260717_224615,yolo,yolo_v12n_20260717_224615,yolo12n.pt,/root/autodl-fs/datasets/DAIR-V2X_YOLO/dairv2x.yaml,train,66,4568.610301017761,0.86858,0.50469,0.83777,0.85003,0.79397,0.85488,0.61758,0.83463,0.47669,0.82709,0.0002969645,0.0002969645,0.0002969645,,
yolo_v12n_20260717_224615,yolo,yolo_v12n_20260717_224615,yolo12n.pt,/root/autodl-fs/datasets/DAIR-V2X_YOLO/dairv2x.yaml,train,67,4637.338636398315,0.8677,0.50208,0.83666,0.84449,0.80007,0.85408,0.61671,0.83209,0.47553,0.82693,0.00028871779999999997,0.00028871779999999997,0.00028871779999999997,,
yolo_v12n_20260717_224615,yolo,yolo_v12n_20260717_224615,yolo12n.pt,/root/autodl-fs/datasets/DAIR-V2X_YOLO/dairv2x.yaml,train,68,4705.930143594742,0.86677,0.50117,0.83731,0.85495,0.79619,0.85324,0.61682,0.83016,0.47606,0.82617,0.00028047109999999994,0.00028047109999999994,0.00028047109999999994,,
yolo_v12n_20260717_224615,yolo,yolo_v12n_20260717_224615,yolo12n.pt,/root/autodl-fs/datasets/DAIR-V2X_YOLO/dairv2x.yaml,train,69,4774.3806936740875,0.8631,0.49806,0.83679,0.85032,0.80038,0.85421,0.61544,0.8275,0.4732,0.82578,0.0002722244,0.0002722244,0.0002722244,,
yolo_v12n_20260717_224615,yolo,yolo_v12n_20260717_224615,yolo12n.pt,/root/autodl-fs/datasets/DAIR-V2X_YOLO/dairv2x.yaml,train,70,4843.188974142075,0.86241,0.49701,0.83631,0.85442,0.79593,0.85398,0.61655,0.82921,0.4728,0.82626,0.00026397770000000006,0.00026397770000000006,0.00026397770000000006,,
yolo_v12n_20260717_224615,yolo,yolo_v12n_20260717_224615,yolo12n.pt,/root/autodl-fs/datasets/DAIR-V2X_YOLO/dairv2x.yaml,train,71,4912.289177894592,0.8656,0.49938,0.83667,0.84482,0.80119,0.85401,0.61799,0.82943,0.47248,0.82627,0.00025573100000000004,0.00025573100000000004,0.00025573100000000004,,
yolo_v12n_20260717_224615,yolo,yolo_v12n_20260717_224615,yolo12n.pt,/root/autodl-fs/datasets/DAIR-V2X_YOLO/dairv2x.yaml,train,72,4981.3022882938385,0.86169,0.4962,0.83508,0.85433,0.79529,0.85619,0.61638,0.82772,0.47194,0.82594,0.0002474843,0.0002474843,0.0002474843,,
yolo_v12n_20260717_224615,yolo,yolo_v12n_20260717_224615,yolo12n.pt,/root/autodl-fs/datasets/DAIR-V2X_YOLO/dairv2x.yaml,train,73,5049.839971542358,0.8584,0.49496,0.83543,0.8521,0.79575,0.85471,0.61843,0.82502,0.47099,0.82546,0.0002392376,0.0002392376,0.0002392376,,
yolo_v12n_20260717_224615,yolo,yolo_v12n_20260717_224615,yolo12n.pt,/root/autodl-fs/datasets/DAIR-V2X_YOLO/dairv2x.yaml,train,74,5118.345174312592,0.85751,0.49498,0.83457,0.85204,0.79802,0.85468,0.62027,0.82408,0.47005,0.8255,0.00023099090000000002,0.00023099090000000002,0.00023099090000000002,,
yolo_v12n_20260717_224615,yolo,yolo_v12n_20260717_224615,yolo12n.pt,/root/autodl-fs/datasets/DAIR-V2X_YOLO/dairv2x.yaml,train,75,5186.897055864334,0.85587,0.49281,0.83457,0.85051,0.79761,0.854,0.62053,0.82418,0.4698,0.82555,0.00022274420000000002,0.00022274420000000002,0.00022274420000000002,,
yolo_v12n_20260717_224615,yolo,yolo_v12n_20260717_224615,yolo12n.pt,/root/autodl-fs/datasets/DAIR-V2X_YOLO/dairv2x.yaml,train,76,5255.882556676865,0.85535,0.49198,0.83533,0.85252,0.79155,0.85264,0.61869,0.8242,0.47011,0.82544,0.0002144975,0.0002144975,0.0002144975,,
yolo_v12n_20260717_224615,yolo,yolo_v12n_20260717_224615,yolo12n.pt,/root/autodl-fs/datasets/DAIR-V2X_YOLO/dairv2x.yaml,train,77,5324.81689453125,0.85328,0.49121,0.83512,0.84803,0.79931,0.8536,0.61812,0.82386,0.46963,0.82544,0.00020625079999999997,0.00020625079999999997,0.00020625079999999997,,
yolo_v12n_20260717_224615,yolo,yolo_v12n_20260717_224615,yolo12n.pt,/root/autodl-fs/datasets/DAIR-V2X_YOLO/dairv2x.yaml,train,78,5393.544901132584,0.85086,0.48958,0.83482,0.85087,0.79485,0.85364,0.61791,0.82526,0.47064,0.82544,0.00019800409999999998,0.00019800409999999998,0.00019800409999999998,,
yolo_v12n_20260717_224615,yolo,yolo_v12n_20260717_224615,yolo12n.pt,/root/autodl-fs/datasets/DAIR-V2X_YOLO/dairv2x.yaml,train,79,5461.9478187561035,0.84786,0.48752,0.83235,0.85053,0.80027,0.85761,0.62117,0.8212,0.46949,0.82464,0.00018975739999999998,0.00018975739999999998,0.00018975739999999998,,
yolo_v12n_20260717_224615,yolo,yolo_v12n_20260717_224615,yolo12n.pt,/root/autodl-fs/datasets/DAIR-V2X_YOLO/dairv2x.yaml,train,80,5530.627634048462,0.85055,0.48859,0.83334,0.85508,0.79344,0.85754,0.62193,0.82045,0.46797,0.82464,0.00018151069999999998,0.00018151069999999998,0.00018151069999999998,,
yolo_v12n_20260717_224615,yolo,yolo_v12n_20260717_224615,yolo12n.pt,/root/autodl-fs/datasets/DAIR-V2X_YOLO/dairv2x.yaml,train,81,5599.652603626251,0.84406,0.48453,0.83309,0.85399,0.79676,0.85711,0.6216,0.82076,0.46686,0.8249,0.00017326399999999996,0.00017326399999999996,0.00017326399999999996,,
yolo_v12n_20260717_224615,yolo,yolo_v12n_20260717_224615,yolo12n.pt,/root/autodl-fs/datasets/DAIR-V2X_YOLO/dairv2x.yaml,train,82,5668.56335735321,0.84467,0.48486,0.83293,0.85496,0.79864,0.85754,0.62154,0.82096,0.46641,0.82474,0.00016501729999999994,0.00016501729999999994,0.00016501729999999994,,
yolo_v12n_20260717_224615,yolo,yolo_v12n_20260717_224615,yolo12n.pt,/root/autodl-fs/datasets/DAIR-V2X_YOLO/dairv2x.yaml,train,83,5737.644434213638,0.84461,0.48443,0.83312,0.85332,0.79805,0.85884,0.6227,0.82005,0.46626,0.82452,0.00015677060000000005,0.00015677060000000005,0.00015677060000000005,,
yolo_v12n_20260717_224615,yolo,yolo_v12n_20260717_224615,yolo12n.pt,/root/autodl-fs/datasets/DAIR-V2X_YOLO/dairv2x.yaml,train,84,5806.312432765961,0.84354,0.48427,0.83271,0.85687,0.79474,0.8571,0.62241,0.81988,0.46578,0.82439,0.00014852390000000002,0.00014852390000000002,0.00014852390000000002,,
yolo_v12n_20260717_224615,yolo,yolo_v12n_20260717_224615,yolo12n.pt,/root/autodl-fs/datasets/DAIR-V2X_YOLO/dairv2x.yaml,train,85,5874.755569219589,0.84033,0.48144,0.83291,0.85675,0.79507,0.85645,0.62115,0.8202,0.46664,0.82473,0.00014027720000000003,0.00014027720000000003,0.00014027720000000003,,
yolo_v12n_20260717_224615,yolo,yolo_v12n_20260717_224615,yolo12n.pt,/root/autodl-fs/datasets/DAIR-V2X_YOLO/dairv2x.yaml,train,86,5944.107090950012,0.84148,0.48122,0.83242,0.85645,0.79139,0.85692,0.62196,0.82029,0.46641,0.82493,0.00013203050000000003,0.00013203050000000003,0.00013203050000000003,,
yolo_v12n_20260717_224615,yolo,yolo_v12n_20260717_224615,yolo12n.pt,/root/autodl-fs/datasets/DAIR-V2X_YOLO/dairv2x.yaml,train,87,6012.777134418488,0.83966,0.48009,0.83244,0.85751,0.79356,0.85689,0.62122,0.81933,0.46572,0.82457,0.0001237838,0.0001237838,0.0001237838,,
yolo_v12n_20260717_224615,yolo,yolo_v12n_20260717_224615,yolo12n.pt,/root/autodl-fs/datasets/DAIR-V2X_YOLO/dairv2x.yaml,train,88,6081.448627710342,0.83565,0.47827,0.83191,0.85668,0.79281,0.85765,0.62382,0.81822,0.46457,0.82427,0.00011553710000000001,0.00011553710000000001,0.00011553710000000001,,
yolo_v12n_20260717_224615,yolo,yolo_v12n_20260717_224615,yolo12n.pt,/root/autodl-fs/datasets/DAIR-V2X_YOLO/dairv2x.yaml,train,89,6149.947338342667,0.8344,0.47775,0.83228,0.8638,0.78983,0.85871,0.62448,0.8176,0.46402,0.82409,0.0001072904,0.0001072904,0.0001072904,,
yolo_v12n_20260717_224615,yolo,yolo_v12n_20260717_224615,yolo12n.pt,/root/autodl-fs/datasets/DAIR-V2X_YOLO/dairv2x.yaml,train,90,6218.479053497314,0.8356,0.47844,0.83219,0.85866,0.7932,0.85851,0.62476,0.81691,0.46342,0.82401,9.904369999999997e-05,9.904369999999997e-05,9.904369999999997e-05,,
yolo_v12n_20260717_224615,yolo,yolo_v12n_20260717_224615,yolo12n.pt,/root/autodl-fs/datasets/DAIR-V2X_YOLO/dairv2x.yaml,train,91,6282.828997850418,0.80749,0.4651,0.82691,0.85506,0.7953,0.85251,0.61664,0.827,0.46994,0.82562,9.079699999999998e-05,9.079699999999998e-05,9.079699999999998e-05,,
yolo_v12n_20260717_224615,yolo,yolo_v12n_20260717_224615,yolo12n.pt,/root/autodl-fs/datasets/DAIR-V2X_YOLO/dairv2x.yaml,train,92,6346.59614276886,0.80159,0.45919,0.82526,0.85428,0.79577,0.85478,0.62054,0.8241,0.46819,0.82528,8.255029999999997e-05,8.255029999999997e-05,8.255029999999997e-05,,
yolo_v12n_20260717_224615,yolo,yolo_v12n_20260717_224615,yolo12n.pt,/root/autodl-fs/datasets/DAIR-V2X_YOLO/dairv2x.yaml,train,93,6410.858063220978,0.79475,0.45643,0.82472,0.85301,0.79341,0.85498,0.62144,0.82317,0.46877,0.82509,7.430359999999997e-05,7.430359999999997e-05,7.430359999999997e-05,,
yolo_v12n_20260717_224615,yolo,yolo_v12n_20260717_224615,yolo12n.pt,/root/autodl-fs/datasets/DAIR-V2X_YOLO/dairv2x.yaml,train,94,6474.7103407382965,0.79201,0.45471,0.82529,0.85161,0.79625,0.85539,0.62147,0.82163,0.46785,0.82501,6.605689999999995e-05,6.605689999999995e-05,6.605689999999995e-05,,
yolo_v12n_20260717_224615,yolo,yolo_v12n_20260717_224615,yolo12n.pt,/root/autodl-fs/datasets/DAIR-V2X_YOLO/dairv2x.yaml,train,95,6538.026394128799,0.79026,0.45209,0.82338,0.85136,0.79613,0.85595,0.62196,0.82007,0.46689,0.82457,5.781020000000004e-05,5.781020000000004e-05,5.781020000000004e-05,,
yolo_v12n_20260717_224615,yolo,yolo_v12n_20260717_224615,yolo12n.pt,/root/autodl-fs/datasets/DAIR-V2X_YOLO/dairv2x.yaml,train,96,6601.062203168869,0.78778,0.4504,0.82339,0.85394,0.79536,0.85585,0.62164,0.81997,0.46703,0.82443,4.9563500000000035e-05,4.9563500000000035e-05,4.9563500000000035e-05,,
yolo_v12n_20260717_224615,yolo,yolo_v12n_20260717_224615,yolo12n.pt,/root/autodl-fs/datasets/DAIR-V2X_YOLO/dairv2x.yaml,train,97,6664.750743150711,0.788,0.44894,0.82298,0.85172,0.79674,0.85586,0.62086,0.82089,0.46698,0.82457,4.131680000000003e-05,4.131680000000003e-05,4.131680000000003e-05,,
yolo_v12n_20260717_224615,yolo,yolo_v12n_20260717_224615,yolo12n.pt,/root/autodl-fs/datasets/DAIR-V2X_YOLO/dairv2x.yaml,train,98,6728.969976425171,0.78718,0.449,0.82301,0.84964,0.79956,0.85511,0.62061,0.8203,0.46679,0.82465,3.307010000000002e-05,3.307010000000002e-05,3.307010000000002e-05,,
yolo_v12n_20260717_224615,yolo,yolo_v12n_20260717_224615,yolo12n.pt,/root/autodl-fs/datasets/DAIR-V2X_YOLO/dairv2x.yaml,train,99,6792.350947141647,0.78259,0.44694,0.8227,0.85426,0.79591,0.85483,0.62163,0.81985,0.46604,0.82455,2.4823400000000017e-05,2.4823400000000017e-05,2.4823400000000017e-05,,
yolo_v12n_20260717_224615,yolo,yolo_v12n_20260717_224615,yolo12n.pt,/root/autodl-fs/datasets/DAIR-V2X_YOLO/dairv2x.yaml,train,100,6855.898653507233,0.78352,0.4468,0.82278,0.84965,0.79848,0.85506,0.62179,0.81939,0.46603,0.82441,1.6576700000000007e-05,1.6576700000000007e-05,1.6576700000000007e-05,,
yolo_v12n_20260718_005333,yolo,yolo_v12n_20260718_005333,yolo12n.pt,/root/autodl-fs/datasets/UA-DETRAC_YOLO/data.yaml,train,1,82.42444562911987,1.07236,1.52821,0.97475,0.56354,0.5492,0.53037,0.36823,1.0852,0.90025,0.97812,0.00041533546325878595,0.00041533546325878595,0.00041533546325878595,,
yolo_v12n_20260718_005333,yolo,yolo_v12n_20260718_005333,yolo12n.pt,/root/autodl-fs/datasets/UA-DETRAC_YOLO/data.yaml,train,2,144.7587480545044,1.00321,0.86799,0.96169,0.76855,0.62551,0.69336,0.482,1.11665,0.82431,1.01391,0.0008237653088391906,0.0008237653088391906,0.0008237653088391906,,
yolo_v12n_20260718_005333,yolo,yolo_v12n_20260718_005333,yolo12n.pt,/root/autodl-fs/datasets/UA-DETRAC_YOLO/data.yaml,train,3,205.6663830280304,0.98509,0.77319,0.95895,0.74933,0.63113,0.70303,0.47398,1.08428,0.82245,1.00437,0.0012239451544195953,0.0012239451544195953,0.0012239451544195953,,
yolo_v12n_20260718_005333,yolo,yolo_v12n_20260718_005333,yolo12n.pt,/root/autodl-fs/datasets/UA-DETRAC_YOLO/data.yaml,train,4,266.06488585472107,0.95853,0.70495,0.95164,0.79255,0.66124,0.72868,0.48841,1.1114,0.76191,1.01727,0.001212875,0.001212875,0.001212875,,
yolo_v12n_20260718_005333,yolo,yolo_v12n_20260718_005333,yolo12n.pt,/root/autodl-fs/datasets/UA-DETRAC_YOLO/data.yaml,train,5,326.49397706985474,0.93241,0.66012,0.94594,0.78854,0.65832,0.71766,0.50475,1.07352,0.71567,1.01025,0.0012005,0.0012005,0.0012005,,
yolo_v12n_20260718_005333,yolo,yolo_v12n_20260718_005333,yolo12n.pt,/root/autodl-fs/datasets/UA-DETRAC_YOLO/data.yaml,train,6,386.6940875053406,0.91623,0.63155,0.93913,0.73569,0.64465,0.72737,0.49967,1.09593,0.72717,1.01929,0.001188125,0.001188125,0.001188125,,
yolo_v12n_20260718_005333,yolo,yolo_v12n_20260718_005333,yolo12n.pt,/root/autodl-fs/datasets/UA-DETRAC_YOLO/data.yaml,train,7,447.0909972190857,0.89711,0.60926,0.93408,0.81556,0.68279,0.74842,0.52202,1.07655,0.6803,1.0052,0.00117575,0.00117575,0.00117575,,
yolo_v12n_20260718_005333,yolo,yolo_v12n_20260718_005333,yolo12n.pt,/root/autodl-fs/datasets/UA-DETRAC_YOLO/data.yaml,train,8,508.0007977485657,0.88095,0.58831,0.93032,0.80737,0.65934,0.7286,0.49685,1.09779,0.6867,1.02417,0.001163375,0.001163375,0.001163375,,
yolo_v12n_20260718_005333,yolo,yolo_v12n_20260718_005333,yolo12n.pt,/root/autodl-fs/datasets/UA-DETRAC_YOLO/data.yaml,train,9,568.7205383777618,0.87195,0.57969,0.92655,0.84683,0.67236,0.75465,0.52518,1.1146,0.66243,1.02829,0.0011510000000000001,0.0011510000000000001,0.0011510000000000001,,
yolo_v12n_20260718_005333,yolo,yolo_v12n_20260718_005333,yolo12n.pt,/root/autodl-fs/datasets/UA-DETRAC_YOLO/data.yaml,train,10,629.1313302516937,0.85553,0.56413,0.92154,0.84581,0.66644,0.75926,0.53944,1.04945,0.6375,0.99348,0.001138625,0.001138625,0.001138625,,
yolo_v12n_20260718_005333,yolo,yolo_v12n_20260718_005333,yolo12n.pt,/root/autodl-fs/datasets/UA-DETRAC_YOLO/data.yaml,train,11,689.9010066986084,0.84855,0.5568,0.92002,0.78237,0.67921,0.76777,0.54408,1.05183,0.65832,1.00274,0.00112625,0.00112625,0.00112625,,
yolo_v12n_20260718_005333,yolo,yolo_v12n_20260718_005333,yolo12n.pt,/root/autodl-fs/datasets/UA-DETRAC_YOLO/data.yaml,train,12,749.9844703674316,0.83893,0.54797,0.91721,0.79019,0.67829,0.76403,0.53427,1.07573,0.66009,1.01027,0.001113875,0.001113875,0.001113875,,
yolo_v12n_20260718_005333,yolo,yolo_v12n_20260718_005333,yolo12n.pt,/root/autodl-fs/datasets/UA-DETRAC_YOLO/data.yaml,train,13,810.0995333194733,0.83478,0.53847,0.91432,0.81724,0.67404,0.77087,0.54832,1.06411,0.62198,1.0057,0.0011015,0.0011015,0.0011015,,
yolo_v12n_20260718_005333,yolo,yolo_v12n_20260718_005333,yolo12n.pt,/root/autodl-fs/datasets/UA-DETRAC_YOLO/data.yaml,train,14,870.7734150886536,0.81914,0.52415,0.91001,0.7849,0.69606,0.76492,0.54115,1.07384,0.64343,1.00914,0.001089125,0.001089125,0.001089125,,
yolo_v12n_20260718_005333,yolo,yolo_v12n_20260718_005333,yolo12n.pt,/root/autodl-fs/datasets/UA-DETRAC_YOLO/data.yaml,train,15,931.5086786746979,0.81201,0.51621,0.90644,0.78063,0.67102,0.74842,0.53196,1.05385,0.63411,1.00855,0.00107675,0.00107675,0.00107675,,
yolo_v12n_20260718_005333,yolo,yolo_v12n_20260718_005333,yolo12n.pt,/root/autodl-fs/datasets/UA-DETRAC_YOLO/data.yaml,train,16,991.7992613315582,0.81032,0.5103,0.90785,0.76805,0.71458,0.7811,0.5579,1.06626,0.63452,0.99953,0.001064375,0.001064375,0.001064375,,
yolo_v12n_20260718_005333,yolo,yolo_v12n_20260718_005333,yolo12n.pt,/root/autodl-fs/datasets/UA-DETRAC_YOLO/data.yaml,train,17,1052.0489246845245,0.80063,0.50537,0.90376,0.86114,0.68495,0.78735,0.56317,1.06195,0.63489,0.99739,0.001052,0.001052,0.001052,,
yolo_v12n_20260718_005333,yolo,yolo_v12n_20260718_005333,yolo12n.pt,/root/autodl-fs/datasets/UA-DETRAC_YOLO/data.yaml,train,18,1111.9830181598663,0.7992,0.50037,0.90473,0.68326,0.71547,0.75478,0.53847,1.0332,0.6291,0.99513,0.001039625,0.001039625,0.001039625,,
yolo_v12n_20260718_005333,yolo,yolo_v12n_20260718_005333,yolo12n.pt,/root/autodl-fs/datasets/UA-DETRAC_YOLO/data.yaml,train,19,1172.2495198249817,0.79276,0.49594,0.90133,0.73642,0.71394,0.77046,0.55143,1.03611,0.64934,0.99537,0.0010272500000000002,0.0010272500000000002,0.0010272500000000002,,
yolo_v12n_20260718_005333,yolo,yolo_v12n_20260718_005333,yolo12n.pt,/root/autodl-fs/datasets/UA-DETRAC_YOLO/data.yaml,train,20,1233.021491765976,0.79076,0.48925,0.90186,0.83096,0.72181,0.79482,0.57198,1.03782,0.60823,0.99709,0.0010148750000000002,0.0010148750000000002,0.0010148750000000002,,
yolo_v12n_20260718_005333,yolo,yolo_v12n_20260718_005333,yolo12n.pt,/root/autodl-fs/datasets/UA-DETRAC_YOLO/data.yaml,train,21,1293.3127043247223,0.78582,0.4865,0.90053,0.81815,0.71542,0.79141,0.56955,1.03949,0.63036,0.99971,0.0010025000000000001,0.0010025000000000001,0.0010025000000000001,,
yolo_v12n_20260718_005333,yolo,yolo_v12n_20260718_005333,yolo12n.pt,/root/autodl-fs/datasets/UA-DETRAC_YOLO/data.yaml,train,22,1353.6826627254486,0.78266,0.48141,0.89869,0.74283,0.69694,0.75849,0.54719,1.05278,0.63196,1.00226,0.0009901250000000001,0.0009901250000000001,0.0009901250000000001,,
yolo_v12n_20260718_005333,yolo,yolo_v12n_20260718_005333,yolo12n.pt,/root/autodl-fs/datasets/UA-DETRAC_YOLO/data.yaml,train,23,1413.6955490112305,0.77859,0.47841,0.89786,0.85231,0.7098,0.79942,0.57094,1.06747,0.63536,1.00834,0.00097775,0.00097775,0.00097775,,
yolo_v12n_20260718_005333,yolo,yolo_v12n_20260718_005333,yolo12n.pt,/root/autodl-fs/datasets/UA-DETRAC_YOLO/data.yaml,train,24,1473.5840792655945,0.77149,0.47112,0.89682,0.81466,0.67772,0.76912,0.55445,1.02402,0.61814,0.98969,0.000965375,0.000965375,0.000965375,,
yolo_v12n_20260718_005333,yolo,yolo_v12n_20260718_005333,yolo12n.pt,/root/autodl-fs/datasets/UA-DETRAC_YOLO/data.yaml,train,25,1534.0290458202362,0.76684,0.46744,0.89594,0.76144,0.71013,0.78403,0.56105,1.0327,0.63043,1.00145,0.000953,0.000953,0.000953,,
yolo_v12n_20260718_005333,yolo,yolo_v12n_20260718_005333,yolo12n.pt,/root/autodl-fs/datasets/UA-DETRAC_YOLO/data.yaml,train,26,1594.6863713264465,0.7665,0.46508,0.89265,0.83697,0.68915,0.77876,0.55905,1.0175,0.63308,0.99168,0.000940625,0.000940625,0.000940625,,
yolo_v12n_20260718_005333,yolo,yolo_v12n_20260718_005333,yolo12n.pt,/root/autodl-fs/datasets/UA-DETRAC_YOLO/data.yaml,train,27,1654.8912634849548,0.76505,0.46311,0.89435,0.84882,0.70082,0.7712,0.56473,1.01111,0.62097,0.98674,0.00092825,0.00092825,0.00092825,,
yolo_v12n_20260718_005333,yolo,yolo_v12n_20260718_005333,yolo12n.pt,/root/autodl-fs/datasets/UA-DETRAC_YOLO/data.yaml,train,28,1715.1385343074799,0.75875,0.45547,0.88999,0.77652,0.74896,0.80812,0.57904,1.02243,0.5992,0.98506,0.000915875,0.000915875,0.000915875,,
yolo_v12n_20260718_005333,yolo,yolo_v12n_20260718_005333,yolo12n.pt,/root/autodl-fs/datasets/UA-DETRAC_YOLO/data.yaml,train,29,1775.3575217723846,0.7536,0.45118,0.89045,0.82839,0.71205,0.79819,0.57488,1.03148,0.59189,0.99763,0.0009035,0.0009035,0.0009035,,
yolo_v12n_20260718_005333,yolo,yolo_v12n_20260718_005333,yolo12n.pt,/root/autodl-fs/datasets/UA-DETRAC_YOLO/data.yaml,train,30,1835.4228415489197,0.75169,0.44895,0.89109,0.83372,0.70201,0.79708,0.58233,1.01855,0.60281,0.99153,0.000891125,0.000891125,0.000891125,,
yolo_v12n_20260718_005333,yolo,yolo_v12n_20260718_005333,yolo12n.pt,/root/autodl-fs/datasets/UA-DETRAC_YOLO/data.yaml,train,31,1895.6450901031494,0.75064,0.44764,0.88779,0.84634,0.67733,0.76907,0.56346,1.03028,0.63788,0.99483,0.00087875,0.00087875,0.00087875,,
yolo_v12n_20260718_005333,yolo,yolo_v12n_20260718_005333,yolo12n.pt,/root/autodl-fs/datasets/UA-DETRAC_YOLO/data.yaml,train,32,1956.1764831542969,0.7504,0.44538,0.88938,0.85384,0.70961,0.80365,0.57486,1.01707,0.60346,0.99635,0.000866375,0.000866375,0.000866375,,
yolo_v12n_20260718_005333,yolo,yolo_v12n_20260718_005333,yolo12n.pt,/root/autodl-fs/datasets/UA-DETRAC_YOLO/data.yaml,train,33,2017.263153553009,0.74676,0.44332,0.88794,0.86324,0.7259,0.81083,0.58221,1.03135,0.59399,1.00087,0.0008539999999999999,0.0008539999999999999,0.0008539999999999999,,
yolo_v12n_20260718_005333,yolo,yolo_v12n_20260718_005333,yolo12n.pt,/root/autodl-fs/datasets/UA-DETRAC_YOLO/data.yaml,train,34,2078.10489153862,0.7403,0.43734,0.88669,0.83388,0.71698,0.80761,0.58351,1.00813,0.58172,0.98661,0.0008416249999999999,0.0008416249999999999,0.0008416249999999999,,
yolo_v12n_20260718_005333,yolo,yolo_v12n_20260718_005333,yolo12n.pt,/root/autodl-fs/datasets/UA-DETRAC_YOLO/data.yaml,train,35,2138.802688598633,0.73892,0.43872,0.8883,0.75068,0.70773,0.77287,0.56052,1.02058,0.60435,0.99301,0.0008292499999999999,0.0008292499999999999,0.0008292499999999999,,
yolo_v12n_20260718_005333,yolo,yolo_v12n_20260718_005333,yolo12n.pt,/root/autodl-fs/datasets/UA-DETRAC_YOLO/data.yaml,train,36,2199.3391664028168,0.73702,0.43447,0.88555,0.78767,0.72664,0.78205,0.56749,1.04461,0.6001,1.00299,0.000816875,0.000816875,0.000816875,,
yolo_v12n_20260718_005333,yolo,yolo_v12n_20260718_005333,yolo12n.pt,/root/autodl-fs/datasets/UA-DETRAC_YOLO/data.yaml,train,37,2260.0210285186768,0.73482,0.4307,0.88361,0.863,0.6794,0.79224,0.5782,1.03973,0.59615,1.00139,0.0008045000000000001,0.0008045000000000001,0.0008045000000000001,,
yolo_v12n_20260718_005333,yolo,yolo_v12n_20260718_005333,yolo12n.pt,/root/autodl-fs/datasets/UA-DETRAC_YOLO/data.yaml,train,38,2320.3002121448517,0.73509,0.42737,0.88392,0.81313,0.68935,0.7729,0.56967,1.01681,0.61441,0.99515,0.0007921250000000001,0.0007921250000000001,0.0007921250000000001,,
yolo_v12n_20260718_005333,yolo,yolo_v12n_20260718_005333,yolo12n.pt,/root/autodl-fs/datasets/UA-DETRAC_YOLO/data.yaml,train,39,2380.9138007164,0.7276,0.4219,0.88353,0.85095,0.70493,0.79872,0.58676,1.00469,0.59777,0.9868,0.0007797500000000001,0.0007797500000000001,0.0007797500000000001,,
yolo_v12n_20260718_005333,yolo,yolo_v12n_20260718_005333,yolo12n.pt,/root/autodl-fs/datasets/UA-DETRAC_YOLO/data.yaml,train,40,2440.928431034088,0.72606,0.42434,0.88164,0.86341,0.70008,0.80372,0.58713,1.01831,0.57456,0.99555,0.000767375,0.000767375,0.000767375,,
yolo_v12n_20260718_005333,yolo,yolo_v12n_20260718_005333,yolo12n.pt,/root/autodl-fs/datasets/UA-DETRAC_YOLO/data.yaml,train,41,2501.1565594673157,0.72593,0.42059,0.88205,0.80806,0.72744,0.79651,0.58349,1.01396,0.58996,0.99124,0.000755,0.000755,0.000755,,
yolo_v12n_20260718_005333,yolo,yolo_v12n_20260718_005333,yolo12n.pt,/root/autodl-fs/datasets/UA-DETRAC_YOLO/data.yaml,train,42,2561.3785054683685,0.7216,0.41632,0.88079,0.85788,0.70545,0.80024,0.58682,1.01789,0.59492,0.99655,0.0007426250000000001,0.0007426250000000001,0.0007426250000000001,,
yolo_v12n_20260718_005333,yolo,yolo_v12n_20260718_005333,yolo12n.pt,/root/autodl-fs/datasets/UA-DETRAC_YOLO/data.yaml,train,43,2621.566848754883,0.71966,0.41676,0.87914,0.84386,0.69779,0.79047,0.58431,1.01386,0.59911,0.98939,0.0007302500000000001,0.0007302500000000001,0.0007302500000000001,,
yolo_v12n_20260718_005333,yolo,yolo_v12n_20260718_005333,yolo12n.pt,/root/autodl-fs/datasets/UA-DETRAC_YOLO/data.yaml,train,44,2682.0841517448425,0.71682,0.41166,0.87919,0.79496,0.72519,0.78827,0.578,1.01099,0.5941,0.99281,0.0007178750000000001,0.0007178750000000001,0.0007178750000000001,,
yolo_v12n_20260718_005333,yolo,yolo_v12n_20260718_005333,yolo12n.pt,/root/autodl-fs/datasets/UA-DETRAC_YOLO/data.yaml,train,45,2742.357689857483,0.71682,0.4108,0.87745,0.84203,0.68093,0.77524,0.57268,0.99901,0.60481,0.98716,0.0007055000000000001,0.0007055000000000001,0.0007055000000000001,,
yolo_v12n_20260718_005333,yolo,yolo_v12n_20260718_005333,yolo12n.pt,/root/autodl-fs/datasets/UA-DETRAC_YOLO/data.yaml,train,46,2802.486301422119,0.71361,0.40957,0.87783,0.86198,0.72586,0.81482,0.59257,1.00156,0.58498,0.98764,0.0006931250000000001,0.0006931250000000001,0.0006931250000000001,,
yolo_v12n_20260718_005333,yolo,yolo_v12n_20260718_005333,yolo12n.pt,/root/autodl-fs/datasets/UA-DETRAC_YOLO/data.yaml,train,47,2862.556482553482,0.71063,0.40754,0.87731,0.81939,0.72897,0.80661,0.59221,0.99365,0.58586,0.98878,0.0006807500000000001,0.0006807500000000001,0.0006807500000000001,,
yolo_v12n_20260718_005333,yolo,yolo_v12n_20260718_005333,yolo12n.pt,/root/autodl-fs/datasets/UA-DETRAC_YOLO/data.yaml,train,48,2922.4778995513916,0.70618,0.40565,0.87701,0.8546,0.69598,0.80138,0.58746,1.00436,0.59153,0.99244,0.0006683750000000001,0.0006683750000000001,0.0006683750000000001,,
yolo_v12n_20260718_005333,yolo,yolo_v12n_20260718_005333,yolo12n.pt,/root/autodl-fs/datasets/UA-DETRAC_YOLO/data.yaml,train,49,2982.8646030426025,0.70921,0.40374,0.87688,0.80991,0.70238,0.79576,0.58363,0.99943,0.58489,0.98865,0.0006560000000000001,0.0006560000000000001,0.0006560000000000001,,
yolo_v12n_20260718_005333,yolo,yolo_v12n_20260718_005333,yolo12n.pt,/root/autodl-fs/datasets/UA-DETRAC_YOLO/data.yaml,train,50,3043.2366058826447,0.70675,0.40023,0.87605,0.81528,0.71846,0.80149,0.58545,1.00957,0.59483,0.9942,0.000643625,0.000643625,0.000643625,,
yolo_v12n_20260718_005333,yolo,yolo_v12n_20260718_005333,yolo12n.pt,/root/autodl-fs/datasets/UA-DETRAC_YOLO/data.yaml,train,51,3103.4875814914703,0.70435,0.39959,0.87505,0.78595,0.74587,0.79751,0.58093,0.99973,0.59499,0.9886,0.00063125,0.00063125,0.00063125,,
yolo_v12n_20260718_005333,yolo,yolo_v12n_20260718_005333,yolo12n.pt,/root/autodl-fs/datasets/UA-DETRAC_YOLO/data.yaml,train,52,3163.875628232956,0.69988,0.39639,0.87603,0.79617,0.73052,0.80399,0.58872,0.99296,0.57791,0.98675,0.000618875,0.000618875,0.000618875,,
yolo_v12n_20260718_005333,yolo,yolo_v12n_20260718_005333,yolo12n.pt,/root/autodl-fs/datasets/UA-DETRAC_YOLO/data.yaml,train,53,3223.995003938675,0.70018,0.3949,0.87424,0.78958,0.74639,0.81689,0.59447,1.0058,0.57784,0.99025,0.0006064999999999999,0.0006064999999999999,0.0006064999999999999,,
yolo_v12n_20260718_005333,yolo,yolo_v12n_20260718_005333,yolo12n.pt,/root/autodl-fs/datasets/UA-DETRAC_YOLO/data.yaml,train,54,3283.9862315654755,0.69398,0.39019,0.87251,0.81024,0.74372,0.80888,0.59428,0.99439,0.59428,0.9871,0.000594125,0.000594125,0.000594125,,
yolo_v12n_20260718_005333,yolo,yolo_v12n_20260718_005333,yolo12n.pt,/root/autodl-fs/datasets/UA-DETRAC_YOLO/data.yaml,train,55,3344.0382294654846,0.69288,0.38838,0.87187,0.77879,0.73567,0.79761,0.58449,1.0023,0.57369,0.98849,0.00058175,0.00058175,0.00058175,,
yolo_v12n_20260718_005333,yolo,yolo_v12n_20260718_005333,yolo12n.pt,/root/autodl-fs/datasets/UA-DETRAC_YOLO/data.yaml,train,56,3404.6631207466125,0.69356,0.38772,0.87136,0.76085,0.73132,0.79642,0.58134,0.99799,0.58213,0.98744,0.000569375,0.000569375,0.000569375,,
yolo_v12n_20260718_005333,yolo,yolo_v12n_20260718_005333,yolo12n.pt,/root/autodl-fs/datasets/UA-DETRAC_YOLO/data.yaml,train,57,3464.9258058071136,0.68963,0.38806,0.87208,0.81858,0.6993,0.80861,0.59173,0.99613,0.56304,0.98828,0.000557,0.000557,0.000557,,
yolo_v12n_20260718_005333,yolo,yolo_v12n_20260718_005333,yolo12n.pt,/root/autodl-fs/datasets/UA-DETRAC_YOLO/data.yaml,train,58,3525.102315425873,0.68743,0.384,0.87091,0.79624,0.71698,0.80593,0.59235,0.99687,0.58322,0.98989,0.0005446250000000001,0.0005446250000000001,0.0005446250000000001,,
yolo_v12n_20260718_005333,yolo,yolo_v12n_20260718_005333,yolo12n.pt,/root/autodl-fs/datasets/UA-DETRAC_YOLO/data.yaml,train,59,3585.3284854888916,0.68902,0.38379,0.8718,0.7465,0.74443,0.80277,0.58874,1.00374,0.59913,0.98901,0.0005322500000000001,0.0005322500000000001,0.0005322500000000001,,
yolo_v12n_20260718_005333,yolo,yolo_v12n_20260718_005333,yolo12n.pt,/root/autodl-fs/datasets/UA-DETRAC_YOLO/data.yaml,train,60,3645.18745136261,0.68513,0.38062,0.87072,0.79036,0.73841,0.80962,0.59262,0.99299,0.58001,0.98778,0.000519875,0.000519875,0.000519875,,
yolo_v12n_20260718_005333,yolo,yolo_v12n_20260718_005333,yolo12n.pt,/root/autodl-fs/datasets/UA-DETRAC_YOLO/data.yaml,train,61,3705.4339079856873,0.68074,0.37691,0.86972,0.79428,0.72368,0.80375,0.58543,1.0036,0.58273,0.99304,0.0005075,0.0005075,0.0005075,,
yolo_v12n_20260718_005333,yolo,yolo_v12n_20260718_005333,yolo12n.pt,/root/autodl-fs/datasets/UA-DETRAC_YOLO/data.yaml,train,62,3765.8364708423615,0.68309,0.37878,0.86976,0.77107,0.72015,0.79107,0.5775,0.99597,0.59027,0.99081,0.000495125,0.000495125,0.000495125,,
yolo_v12n_20260718_005333,yolo,yolo_v12n_20260718_005333,yolo12n.pt,/root/autodl-fs/datasets/UA-DETRAC_YOLO/data.yaml,train,63,3825.983291864395,0.6816,0.3754,0.86908,0.82255,0.7226,0.80687,0.58713,1.00069,0.58377,0.9903,0.00048275,0.00048275,0.00048275,,
yolo_v12n_20260718_005333,yolo,yolo_v12n_20260718_005333,yolo12n.pt,/root/autodl-fs/datasets/UA-DETRAC_YOLO/data.yaml,train,64,3886.758282661438,0.67794,0.37352,0.8673,0.79749,0.74018,0.8076,0.59139,0.99521,0.57466,0.98847,0.00047037500000000004,0.00047037500000000004,0.00047037500000000004,,
yolo_v12n_20260718_005333,yolo,yolo_v12n_20260718_005333,yolo12n.pt,/root/autodl-fs/datasets/UA-DETRAC_YOLO/data.yaml,train,65,3947.6251060962677,0.67416,0.37105,0.86731,0.79326,0.72354,0.78601,0.5748,1.00605,0.58955,0.99386,0.000458,0.000458,0.000458,,
yolo_v12n_20260718_005333,yolo,yolo_v12n_20260718_005333,yolo12n.pt,/root/autodl-fs/datasets/UA-DETRAC_YOLO/data.yaml,train,66,4007.6705071926117,0.6722,0.37012,0.86756,0.77021,0.74153,0.80398,0.58765,1.00475,0.58253,0.99459,0.000445625,0.000445625,0.000445625,,
yolo_v12n_20260718_005333,yolo,yolo_v12n_20260718_005333,yolo12n.pt,/root/autodl-fs/datasets/UA-DETRAC_YOLO/data.yaml,train,67,4068.1297121047974,0.66802,0.3687,0.86433,0.82009,0.72083,0.8077,0.59249,0.99422,0.58344,0.98918,0.00043325,0.00043325,0.00043325,,
yolo_v12n_20260718_005333,yolo,yolo_v12n_20260718_005333,yolo12n.pt,/root/autodl-fs/datasets/UA-DETRAC_YOLO/data.yaml,train,68,4128.733905076981,0.6712,0.36764,0.86599,0.82493,0.71837,0.81195,0.58944,1.0033,0.57201,0.99137,0.0004208749999999999,0.0004208749999999999,0.0004208749999999999,,
yolo_v12n_20260718_005333,yolo,yolo_v12n_20260718_005333,yolo12n.pt,/root/autodl-fs/datasets/UA-DETRAC_YOLO/data.yaml,train,69,4189.112603187561,0.6708,0.36777,0.86563,0.8081,0.72459,0.80576,0.59086,1.00687,0.56719,0.99285,0.0004085,0.0004085,0.0004085,,
yolo_v12n_20260718_005333,yolo,yolo_v12n_20260718_005333,yolo12n.pt,/root/autodl-fs/datasets/UA-DETRAC_YOLO/data.yaml,train,70,4249.701360940933,0.66566,0.36316,0.86502,0.77252,0.74546,0.81042,0.58951,0.99711,0.57607,0.99194,0.0003961250000000001,0.0003961250000000001,0.0003961250000000001,,
yolo_v12n_20260718_005333,yolo,yolo_v12n_20260718_005333,yolo12n.pt,/root/autodl-fs/datasets/UA-DETRAC_YOLO/data.yaml,train,71,4309.766488790512,0.66124,0.35981,0.86371,0.77819,0.74727,0.80901,0.5929,0.99792,0.56874,0.98993,0.0003837500000000001,0.0003837500000000001,0.0003837500000000001,,
yolo_v12n_20260718_005333,yolo,yolo_v12n_20260718_005333,yolo12n.pt,/root/autodl-fs/datasets/UA-DETRAC_YOLO/data.yaml,train,72,4369.9816081523895,0.66554,0.36073,0.86367,0.83864,0.69766,0.80305,0.58709,0.99959,0.57591,0.99361,0.00037137500000000007,0.00037137500000000007,0.00037137500000000007,,
yolo_v12n_20260718_005333,yolo,yolo_v12n_20260718_005333,yolo12n.pt,/root/autodl-fs/datasets/UA-DETRAC_YOLO/data.yaml,train,73,4430.4319858551025,0.66269,0.35923,0.86469,0.79706,0.73479,0.80159,0.59187,0.9974,0.57652,0.9935,0.000359,0.000359,0.000359,,
yolo_v12n_20260718_005333,yolo,yolo_v12n_20260718_005333,yolo12n.pt,/root/autodl-fs/datasets/UA-DETRAC_YOLO/data.yaml,train,74,4490.861393451691,0.66017,0.35775,0.86333,0.80812,0.72641,0.79787,0.58967,0.99284,0.58582,0.99144,0.0003466250000000001,0.0003466250000000001,0.0003466250000000001,,
yolo_v12n_20260718_005333,yolo,yolo_v12n_20260718_005333,yolo12n.pt,/root/autodl-fs/datasets/UA-DETRAC_YOLO/data.yaml,train,75,4551.094423294067,0.66175,0.35867,0.86334,0.80451,0.74132,0.80815,0.59448,0.9957,0.583,0.9947,0.00033425,0.00033425,0.00033425,,
yolo_v12n_20260718_005333,yolo,yolo_v12n_20260718_005333,yolo12n.pt,/root/autodl-fs/datasets/UA-DETRAC_YOLO/data.yaml,train,76,4611.692836523056,0.6546,0.35349,0.86183,0.79538,0.73596,0.79701,0.58757,1.00661,0.57212,0.99451,0.000321875,0.000321875,0.000321875,,
yolo_v12n_20260718_005333,yolo,yolo_v12n_20260718_005333,yolo12n.pt,/root/autodl-fs/datasets/UA-DETRAC_YOLO/data.yaml,train,77,4671.935262918472,0.655,0.35492,0.86179,0.80711,0.72702,0.80226,0.59157,1.00755,0.58429,0.99507,0.0003095,0.0003095,0.0003095,,
yolo_v12n_20260718_005333,yolo,yolo_v12n_20260718_005333,yolo12n.pt,/root/autodl-fs/datasets/UA-DETRAC_YOLO/data.yaml,train,78,4731.7668170928955,0.65249,0.3519,0.86132,0.78845,0.72856,0.80128,0.592,0.99926,0.58601,0.9938,0.000297125,0.000297125,0.000297125,,
yolo_v12n_20260718_005333,yolo,yolo_v12n_20260718_005333,yolo12n.pt,/root/autodl-fs/datasets/UA-DETRAC_YOLO/data.yaml,train,79,4792.654023647308,0.65115,0.35081,0.86153,0.82703,0.69542,0.79522,0.58901,0.99611,0.58318,0.99079,0.00028474999999999996,0.00028474999999999996,0.00028474999999999996,,
yolo_v12n_20260718_005333,yolo,yolo_v12n_20260718_005333,yolo12n.pt,/root/autodl-fs/datasets/UA-DETRAC_YOLO/data.yaml,train,80,4853.164863824844,0.64845,0.34852,0.85971,0.84112,0.6914,0.79391,0.5884,0.99455,0.59562,0.98872,0.000272375,0.000272375,0.000272375,,
yolo_v12n_20260718_005333,yolo,yolo_v12n_20260718_005333,yolo12n.pt,/root/autodl-fs/datasets/UA-DETRAC_YOLO/data.yaml,train,81,4913.421035289764,0.64358,0.34643,0.85991,0.82904,0.71159,0.80417,0.59677,0.99284,0.59028,0.99016,0.00026,0.00026,0.00026,,
yolo_v12n_20260718_005333,yolo,yolo_v12n_20260718_005333,yolo12n.pt,/root/autodl-fs/datasets/UA-DETRAC_YOLO/data.yaml,train,82,4973.681430578232,0.64552,0.3451,0.85837,0.85169,0.69682,0.80882,0.59753,0.99499,0.5894,0.99016,0.0002476249999999999,0.0002476249999999999,0.0002476249999999999,,
yolo_v12n_20260718_005333,yolo,yolo_v12n_20260718_005333,yolo12n.pt,/root/autodl-fs/datasets/UA-DETRAC_YOLO/data.yaml,train,83,5034.301491260529,0.64277,0.3442,0.85758,0.81882,0.70816,0.79128,0.58257,0.99956,0.59533,0.99399,0.00023525000000000008,0.00023525000000000008,0.00023525000000000008,,
yolo_v12n_20260718_005333,yolo,yolo_v12n_20260718_005333,yolo12n.pt,/root/autodl-fs/datasets/UA-DETRAC_YOLO/data.yaml,train,84,5094.496496677399,0.63923,0.34148,0.85834,0.78534,0.72673,0.78914,0.5822,1.00059,0.59868,0.99365,0.00022287500000000006,0.00022287500000000006,0.00022287500000000006,,
yolo_v12n_20260718_005333,yolo,yolo_v12n_20260718_005333,yolo12n.pt,/root/autodl-fs/datasets/UA-DETRAC_YOLO/data.yaml,train,85,5155.516753196716,0.63965,0.3406,0.85778,0.78586,0.73696,0.79731,0.58777,0.99617,0.60235,0.99299,0.00021050000000000008,0.00021050000000000008,0.00021050000000000008,,
yolo_v12n_20260718_005333,yolo,yolo_v12n_20260718_005333,yolo12n.pt,/root/autodl-fs/datasets/UA-DETRAC_YOLO/data.yaml,train,86,5216.323478937149,0.63505,0.33979,0.8568,0.79204,0.73618,0.79498,0.58589,0.99438,0.60087,0.99153,0.00019812500000000003,0.00019812500000000003,0.00019812500000000003,,
yolo_v12n_20260718_005333,yolo,yolo_v12n_20260718_005333,yolo12n.pt,/root/autodl-fs/datasets/UA-DETRAC_YOLO/data.yaml,train,87,5277.156460285187,0.63423,0.33731,0.85661,0.78649,0.72673,0.7914,0.58669,0.99736,0.59147,0.99348,0.00018575000000000002,0.00018575000000000002,0.00018575000000000002,,
yolo_v12n_20260718_005333,yolo,yolo_v12n_20260718_005333,yolo12n.pt,/root/autodl-fs/datasets/UA-DETRAC_YOLO/data.yaml,train,88,5337.675429344177,0.63585,0.33671,0.85751,0.7699,0.74425,0.79998,0.5946,0.99556,0.58901,0.99158,0.00017337500000000003,0.00017337500000000003,0.00017337500000000003,,
yolo_v12n_20260718_005333,yolo,yolo_v12n_20260718_005333,yolo12n.pt,/root/autodl-fs/datasets/UA-DETRAC_YOLO/data.yaml,train,89,5397.671549081802,0.63557,0.33707,0.85608,0.79658,0.71122,0.79441,0.58746,0.99983,0.59904,0.99257,0.000161,0.000161,0.000161,,
yolo_v12n_20260718_005333,yolo,yolo_v12n_20260718_005333,yolo12n.pt,/root/autodl-fs/datasets/UA-DETRAC_YOLO/data.yaml,train,90,5458.01878786087,0.63068,0.33456,0.85732,0.77004,0.74247,0.79927,0.59377,0.99404,0.59951,0.99024,0.00014862499999999997,0.00014862499999999997,0.00014862499999999997,,
yolo_v12n_20260718_005333,yolo,yolo_v12n_20260718_005333,yolo12n.pt,/root/autodl-fs/datasets/UA-DETRAC_YOLO/data.yaml,train,91,5517.860320091248,0.62197,0.31287,0.84883,0.81741,0.70394,0.80171,0.5878,1.00068,0.60148,0.99639,0.00013624999999999998,0.00013624999999999998,0.00013624999999999998,,
yolo_v12n_20260718_005333,yolo,yolo_v12n_20260718_005333,yolo12n.pt,/root/autodl-fs/datasets/UA-DETRAC_YOLO/data.yaml,train,92,5576.898834228516,0.61194,0.30545,0.84567,0.78938,0.73944,0.79963,0.58546,1.0017,0.60416,0.99634,0.00012387499999999996,0.00012387499999999996,0.00012387499999999996,,
yolo_v12n_20260718_005333,yolo,yolo_v12n_20260718_005333,yolo12n.pt,/root/autodl-fs/datasets/UA-DETRAC_YOLO/data.yaml,train,93,5636.310574293137,0.60764,0.30331,0.84586,0.7916,0.73521,0.8012,0.58742,1.00222,0.60372,0.99802,0.00011149999999999995,0.00011149999999999995,0.00011149999999999995,,
yolo_v12n_20260718_005333,yolo,yolo_v12n_20260718_005333,yolo12n.pt,/root/autodl-fs/datasets/UA-DETRAC_YOLO/data.yaml,train,94,5694.847443819046,0.60165,0.2994,0.84381,0.79378,0.72255,0.79398,0.58723,1.00005,0.61293,0.9976,9.912499999999993e-05,9.912499999999993e-05,9.912499999999993e-05,,
yolo_v12n_20260718_005333,yolo,yolo_v12n_20260718_005333,yolo12n.pt,/root/autodl-fs/datasets/UA-DETRAC_YOLO/data.yaml,train,95,5754.139647722244,0.60116,0.29823,0.84359,0.84157,0.68707,0.7938,0.58619,0.99755,0.61335,0.99687,8.675000000000006e-05,8.675000000000006e-05,8.675000000000006e-05,,
yolo_v12n_20260718_005333,yolo,yolo_v12n_20260718_005333,yolo12n.pt,/root/autodl-fs/datasets/UA-DETRAC_YOLO/data.yaml,train,96,5813.050515174866,0.59704,0.29468,0.84211,0.79368,0.70241,0.78723,0.5809,0.99979,0.62321,0.99762,7.437500000000006e-05,7.437500000000006e-05,7.437500000000006e-05,,
yolo_v12n_20260718_005333,yolo,yolo_v12n_20260718_005333,yolo12n.pt,/root/autodl-fs/datasets/UA-DETRAC_YOLO/data.yaml,train,97,5872.103896856308,0.5949,0.29371,0.84147,0.81373,0.70051,0.78629,0.581,0.99944,0.63323,0.99682,6.200000000000006e-05,6.200000000000006e-05,6.200000000000006e-05,,
yolo_v12n_20260718_005333,yolo,yolo_v12n_20260718_005333,yolo12n.pt,/root/autodl-fs/datasets/UA-DETRAC_YOLO/data.yaml,train,98,5931.327188253403,0.59402,0.29346,0.84134,0.8201,0.69755,0.78631,0.58184,0.99784,0.63005,0.99651,4.9625000000000034e-05,4.9625000000000034e-05,4.9625000000000034e-05,,
yolo_v12n_20260718_005333,yolo,yolo_v12n_20260718_005333,yolo12n.pt,/root/autodl-fs/datasets/UA-DETRAC_YOLO/data.yaml,train,99,5990.553414344788,0.59337,0.29125,0.84005,0.80297,0.70309,0.78415,0.57954,0.99795,0.63233,0.9956,3.7250000000000025e-05,3.7250000000000025e-05,3.7250000000000025e-05,,
yolo_v12n_20260718_005333,yolo,yolo_v12n_20260718_005333,yolo12n.pt,/root/autodl-fs/datasets/UA-DETRAC_YOLO/data.yaml,train,100,6049.340834140778,0.58932,0.28917,0.84102,0.84319,0.66587,0.78324,0.57852,0.99949,0.63483,0.99609,2.4875000000000012e-05,2.4875000000000012e-05,2.4875000000000012e-05,,
yolo_v12m_20260718_024608,yolo,yolo_v12m_20260718_024608,yolo12m.pt,/root/autodl-fs/datasets/UA-DETRAC_YOLO/data.yaml,train,1,218.5368194580078,0.97042,0.81936,0.98766,0.6028,0.65894,0.65571,0.44478,1.16225,0.88182,1.10564,0.00041600106496272627,0.00041600106496272627,0.00041600106496272627,,
yolo_v12m_20260718_024608,yolo,yolo_v12m_20260718_024608,yolo12m.pt,/root/autodl-fs/datasets/UA-DETRAC_YOLO/data.yaml,train,2,415.8705463409424,0.98106,0.7343,1.00487,0.83926,0.67355,0.74478,0.4875,1.14524,0.82789,1.10736,0.000824424321086262,0.000824424321086262,0.000824424321086262,,
yolo_v12m_20260718_024608,yolo,yolo_v12m_20260718_024608,yolo12m.pt,/root/autodl-fs/datasets/UA-DETRAC_YOLO/data.yaml,train,3,611.737547159195,0.96058,0.69537,0.99527,0.80544,0.63447,0.7516,0.53572,1.06196,0.74555,1.06429,0.0012245975772097975,0.0012245975772097975,0.0012245975772097975,,
yolo_v12m_20260718_024608,yolo,yolo_v12m_20260718_024608,yolo12m.pt,/root/autodl-fs/datasets/UA-DETRAC_YOLO/data.yaml,train,4,807.1044340133667,0.91808,0.62535,0.97394,0.8037,0.63543,0.71387,0.49707,1.06941,0.84581,1.06647,0.001212875,0.001212875,0.001212875,,
yolo_v12m_20260718_024608,yolo,yolo_v12m_20260718_024608,yolo12m.pt,/root/autodl-fs/datasets/UA-DETRAC_YOLO/data.yaml,train,5,1002.3812417984009,0.90088,0.60148,0.97145,0.80773,0.66323,0.70937,0.51193,1.03981,0.67419,1.04272,0.0012005,0.0012005,0.0012005,,
yolo_v12m_20260718_024608,yolo,yolo_v12m_20260718_024608,yolo12m.pt,/root/autodl-fs/datasets/UA-DETRAC_YOLO/data.yaml,train,6,1196.8486940860748,0.87042,0.5713,0.95637,0.82061,0.65988,0.77343,0.55584,1.03797,0.65877,1.05186,0.001188125,0.001188125,0.001188125,,
yolo_v12m_20260718_024608,yolo,yolo_v12m_20260718_024608,yolo12m.pt,/root/autodl-fs/datasets/UA-DETRAC_YOLO/data.yaml,train,7,1392.4162108898163,0.85431,0.55614,0.95121,0.84485,0.66635,0.7779,0.54943,1.04557,0.62571,1.04353,0.00117575,0.00117575,0.00117575,,
yolo_v12m_20260718_024608,yolo,yolo_v12m_20260718_024608,yolo12m.pt,/root/autodl-fs/datasets/UA-DETRAC_YOLO/data.yaml,train,8,1586.935007095337,0.83128,0.52676,0.94213,0.77276,0.72941,0.78908,0.55747,1.06238,0.63752,1.0671,0.001163375,0.001163375,0.001163375,,
yolo_v12m_20260718_024608,yolo,yolo_v12m_20260718_024608,yolo12m.pt,/root/autodl-fs/datasets/UA-DETRAC_YOLO/data.yaml,train,9,1782.7214958667755,0.81396,0.51189,0.9377,0.80972,0.67749,0.75019,0.54916,1.03046,0.65442,1.03947,0.0011510000000000001,0.0011510000000000001,0.0011510000000000001,,
yolo_v12m_20260718_024608,yolo,yolo_v12m_20260718_024608,yolo12m.pt,/root/autodl-fs/datasets/UA-DETRAC_YOLO/data.yaml,train,10,1977.2045485973358,0.79741,0.49878,0.92844,0.8798,0.65002,0.7662,0.55187,1.05365,0.63454,1.06072,0.001138625,0.001138625,0.001138625,,
yolo_v12m_20260718_024608,yolo,yolo_v12m_20260718_024608,yolo12m.pt,/root/autodl-fs/datasets/UA-DETRAC_YOLO/data.yaml,train,11,2172.6285746097565,0.78743,0.48997,0.92655,0.81327,0.68845,0.80901,0.57948,1.01847,0.66395,1.04064,0.00112625,0.00112625,0.00112625,,
yolo_v12m_20260718_024608,yolo,yolo_v12m_20260718_024608,yolo12m.pt,/root/autodl-fs/datasets/UA-DETRAC_YOLO/data.yaml,train,12,2368.2291350364685,0.77193,0.47486,0.92193,0.84173,0.69467,0.78695,0.58645,1.00842,0.61982,1.03772,0.001113875,0.001113875,0.001113875,,
yolo_v12m_20260718_024608,yolo,yolo_v12m_20260718_024608,yolo12m.pt,/root/autodl-fs/datasets/UA-DETRAC_YOLO/data.yaml,train,13,2563.2383093833923,0.77121,0.47178,0.92067,0.864,0.71203,0.80842,0.57805,1.01837,0.60815,1.04267,0.0011015,0.0011015,0.0011015,,
yolo_v12m_20260718_024608,yolo,yolo_v12m_20260718_024608,yolo12m.pt,/root/autodl-fs/datasets/UA-DETRAC_YOLO/data.yaml,train,14,2758.3858206272125,0.76795,0.46621,0.91771,0.81966,0.7252,0.80893,0.59253,1.00358,0.60074,1.03179,0.001089125,0.001089125,0.001089125,,
yolo_v12m_20260718_024608,yolo,yolo_v12m_20260718_024608,yolo12m.pt,/root/autodl-fs/datasets/UA-DETRAC_YOLO/data.yaml,train,15,2953.08323431015,0.75356,0.45649,0.91233,0.85531,0.70232,0.79096,0.57125,1.02574,0.62242,1.03568,0.00107675,0.00107675,0.00107675,,
yolo_v12m_20260718_024608,yolo,yolo_v12m_20260718_024608,yolo12m.pt,/root/autodl-fs/datasets/UA-DETRAC_YOLO/data.yaml,train,16,3148.0270771980286,0.75374,0.4552,0.91329,0.87884,0.69916,0.82122,0.59336,1.03671,0.59674,1.04584,0.001064375,0.001064375,0.001064375,,
yolo_v12m_20260718_024608,yolo,yolo_v12m_20260718_024608,yolo12m.pt,/root/autodl-fs/datasets/UA-DETRAC_YOLO/data.yaml,train,17,3342.411937236786,0.74741,0.44466,0.91007,0.83412,0.70866,0.82252,0.60774,0.99753,0.61628,1.03161,0.001052,0.001052,0.001052,,
yolo_v12m_20260718_024608,yolo,yolo_v12m_20260718_024608,yolo12m.pt,/root/autodl-fs/datasets/UA-DETRAC_YOLO/data.yaml,train,18,3538.009377479553,0.73867,0.43889,0.90942,0.83106,0.72857,0.82249,0.60532,1.0218,0.58898,1.04583,0.001039625,0.001039625,0.001039625,,
yolo_v12m_20260718_024608,yolo,yolo_v12m_20260718_024608,yolo12m.pt,/root/autodl-fs/datasets/UA-DETRAC_YOLO/data.yaml,train,19,3732.87956738472,0.73881,0.43488,0.90954,0.83686,0.69802,0.80854,0.59993,0.99563,0.60301,1.02463,0.0010272500000000002,0.0010272500000000002,0.0010272500000000002,,
yolo_v12m_20260718_024608,yolo,yolo_v12m_20260718_024608,yolo12m.pt,/root/autodl-fs/datasets/UA-DETRAC_YOLO/data.yaml,train,20,3928.538909435272,0.72971,0.42555,0.90334,0.85777,0.7172,0.822,0.60752,0.99739,0.60807,1.02908,0.0010148750000000002,0.0010148750000000002,0.0010148750000000002,,
yolo_v12m_20260718_024608,yolo,yolo_v12m_20260718_024608,yolo12m.pt,/root/autodl-fs/datasets/UA-DETRAC_YOLO/data.yaml,train,21,4122.840243339539,0.7233,0.42444,0.90294,0.8225,0.73572,0.80773,0.59945,1.00218,0.60427,1.03828,0.0010025000000000001,0.0010025000000000001,0.0010025000000000001,,
yolo_v12m_20260718_024608,yolo,yolo_v12m_20260718_024608,yolo12m.pt,/root/autodl-fs/datasets/UA-DETRAC_YOLO/data.yaml,train,22,4318.209662914276,0.72614,0.42035,0.90334,0.87188,0.74016,0.8205,0.59458,1.01502,0.58172,1.03929,0.0009901250000000001,0.0009901250000000001,0.0009901250000000001,,
yolo_v12m_20260718_024608,yolo,yolo_v12m_20260718_024608,yolo12m.pt,/root/autodl-fs/datasets/UA-DETRAC_YOLO/data.yaml,train,23,4513.434803247452,0.72121,0.41512,0.90172,0.87941,0.71111,0.81998,0.60269,0.98267,0.58944,1.02299,0.00097775,0.00097775,0.00097775,,
yolo_v12m_20260718_024608,yolo,yolo_v12m_20260718_024608,yolo12m.pt,/root/autodl-fs/datasets/UA-DETRAC_YOLO/data.yaml,train,24,4708.76465678215,0.7171,0.41057,0.89837,0.88447,0.73671,0.8401,0.62588,0.977,0.57395,1.01159,0.000965375,0.000965375,0.000965375,,
yolo_v12m_20260718_024608,yolo,yolo_v12m_20260718_024608,yolo12m.pt,/root/autodl-fs/datasets/UA-DETRAC_YOLO/data.yaml,train,25,4903.992201805115,0.71388,0.40824,0.90067,0.83078,0.74649,0.83307,0.61159,1.02884,0.60444,1.05226,0.000953,0.000953,0.000953,,
yolo_v12m_20260718_024608,yolo,yolo_v12m_20260718_024608,yolo12m.pt,/root/autodl-fs/datasets/UA-DETRAC_YOLO/data.yaml,train,26,5098.706310272217,0.7105,0.40552,0.89789,0.81634,0.76269,0.83217,0.61557,0.99149,0.61406,1.0272,0.000940625,0.000940625,0.000940625,,
yolo_v12m_20260718_024608,yolo,yolo_v12m_20260718_024608,yolo12m.pt,/root/autodl-fs/datasets/UA-DETRAC_YOLO/data.yaml,train,27,5293.880991697311,0.70364,0.39739,0.89552,0.8544,0.75728,0.83146,0.61621,0.99157,0.57729,1.03306,0.00092825,0.00092825,0.00092825,,
yolo_v12m_20260718_024608,yolo,yolo_v12m_20260718_024608,yolo12m.pt,/root/autodl-fs/datasets/UA-DETRAC_YOLO/data.yaml,train,28,5488.4815175533295,0.70117,0.39557,0.89415,0.90484,0.73441,0.84023,0.62589,0.99341,0.56885,1.04055,0.000915875,0.000915875,0.000915875,,
yolo_v12m_20260718_024608,yolo,yolo_v12m_20260718_024608,yolo12m.pt,/root/autodl-fs/datasets/UA-DETRAC_YOLO/data.yaml,train,29,5683.996874809265,0.70294,0.39209,0.89506,0.82654,0.74646,0.82206,0.61064,1.01242,0.57429,1.04561,0.0009035,0.0009035,0.0009035,,
yolo_v12m_20260718_024608,yolo,yolo_v12m_20260718_024608,yolo12m.pt,/root/autodl-fs/datasets/UA-DETRAC_YOLO/data.yaml,train,30,5878.416294336319,0.69203,0.38842,0.8923,0.86879,0.71678,0.82129,0.61155,0.99986,0.58868,1.02483,0.000891125,0.000891125,0.000891125,,
yolo_v12m_20260718_024608,yolo,yolo_v12m_20260718_024608,yolo12m.pt,/root/autodl-fs/datasets/UA-DETRAC_YOLO/data.yaml,train,31,6073.856555938721,0.68994,0.38327,0.89048,0.81836,0.74647,0.83592,0.62156,1.00189,0.55891,1.0301,0.00087875,0.00087875,0.00087875,,
yolo_v12m_20260718_024608,yolo,yolo_v12m_20260718_024608,yolo12m.pt,/root/autodl-fs/datasets/UA-DETRAC_YOLO/data.yaml,train,32,6268.421579837799,0.68869,0.3837,0.89039,0.83424,0.70233,0.81878,0.61664,0.9812,0.56409,1.02728,0.000866375,0.000866375,0.000866375,,
yolo_v12m_20260718_024608,yolo,yolo_v12m_20260718_024608,yolo12m.pt,/root/autodl-fs/datasets/UA-DETRAC_YOLO/data.yaml,train,33,6464.015664577484,0.68737,0.37855,0.88765,0.84653,0.75592,0.84662,0.63848,1.00976,0.55238,1.04074,0.0008539999999999999,0.0008539999999999999,0.0008539999999999999,,
yolo_v12m_20260718_024608,yolo,yolo_v12m_20260718_024608,yolo12m.pt,/root/autodl-fs/datasets/UA-DETRAC_YOLO/data.yaml,train,34,6658.413638591766,0.68712,0.37817,0.89142,0.81435,0.75771,0.83023,0.62134,0.99405,0.54401,1.0367,0.0008416249999999999,0.0008416249999999999,0.0008416249999999999,,
yolo_v12m_20260718_024608,yolo,yolo_v12m_20260718_024608,yolo12m.pt,/root/autodl-fs/datasets/UA-DETRAC_YOLO/data.yaml,train,35,6853.32568693161,0.6827,0.37738,0.88926,0.86625,0.73405,0.84381,0.63009,0.99808,0.56479,1.03855,0.0008292499999999999,0.0008292499999999999,0.0008292499999999999,,
yolo_v12m_20260718_024608,yolo,yolo_v12m_20260718_024608,yolo12m.pt,/root/autodl-fs/datasets/UA-DETRAC_YOLO/data.yaml,train,36,7048.624794006348,0.68096,0.37325,0.88915,0.83112,0.75435,0.83883,0.62386,1.0084,0.55052,1.03758,0.000816875,0.000816875,0.000816875,,
yolo_v12m_20260718_024608,yolo,yolo_v12m_20260718_024608,yolo12m.pt,/root/autodl-fs/datasets/UA-DETRAC_YOLO/data.yaml,train,37,7243.303136348724,0.67982,0.36887,0.88686,0.90128,0.68176,0.81635,0.61117,0.98515,0.57823,1.0323,0.0008045000000000001,0.0008045000000000001,0.0008045000000000001,,
yolo_v12m_20260718_024608,yolo,yolo_v12m_20260718_024608,yolo12m.pt,/root/autodl-fs/datasets/UA-DETRAC_YOLO/data.yaml,train,38,7438.191479206085,0.67314,0.36852,0.88577,0.79055,0.70246,0.79572,0.60178,0.98924,0.59232,1.03771,0.0007921250000000001,0.0007921250000000001,0.0007921250000000001,,
yolo_v12m_20260718_024608,yolo,yolo_v12m_20260718_024608,yolo12m.pt,/root/autodl-fs/datasets/UA-DETRAC_YOLO/data.yaml,train,39,7633.3033175468445,0.67291,0.36568,0.88606,0.8124,0.73518,0.83323,0.62355,1.00098,0.56791,1.03139,0.0007797500000000001,0.0007797500000000001,0.0007797500000000001,,
yolo_v12m_20260718_024608,yolo,yolo_v12m_20260718_024608,yolo12m.pt,/root/autodl-fs/datasets/UA-DETRAC_YOLO/data.yaml,train,40,7828.86044883728,0.67403,0.36326,0.88516,0.81888,0.72285,0.82656,0.61729,1.00007,0.57246,1.03794,0.000767375,0.000767375,0.000767375,,
yolo_v12m_20260718_024608,yolo,yolo_v12m_20260718_024608,yolo12m.pt,/root/autodl-fs/datasets/UA-DETRAC_YOLO/data.yaml,train,41,8023.648941993713,0.66582,0.3592,0.88457,0.85485,0.73344,0.83244,0.62485,0.98585,0.56262,1.0327,0.000755,0.000755,0.000755,,
yolo_v12m_20260718_024608,yolo,yolo_v12m_20260718_024608,yolo12m.pt,/root/autodl-fs/datasets/UA-DETRAC_YOLO/data.yaml,train,42,8218.714858293533,0.66714,0.35819,0.88419,0.88171,0.72214,0.82465,0.61889,0.99316,0.55254,1.02888,0.0007426250000000001,0.0007426250000000001,0.0007426250000000001,,
yolo_v12m_20260718_024608,yolo,yolo_v12m_20260718_024608,yolo12m.pt,/root/autodl-fs/datasets/UA-DETRAC_YOLO/data.yaml,train,43,8413.093903541565,0.66126,0.35632,0.88093,0.8519,0.70606,0.81447,0.6071,0.99688,0.56412,1.02795,0.0007302500000000001,0.0007302500000000001,0.0007302500000000001,,
yolo_v12m_20260718_024608,yolo,yolo_v12m_20260718_024608,yolo12m.pt,/root/autodl-fs/datasets/UA-DETRAC_YOLO/data.yaml,train,44,8608.722007751465,0.66231,0.35324,0.88227,0.85646,0.72664,0.81783,0.62011,0.99183,0.55271,1.02621,0.0007178750000000001,0.0007178750000000001,0.0007178750000000001,,
yolo_v12m_20260718_024608,yolo,yolo_v12m_20260718_024608,yolo12m.pt,/root/autodl-fs/datasets/UA-DETRAC_YOLO/data.yaml,train,45,8803.351796627045,0.65612,0.34951,0.87773,0.84266,0.72961,0.82406,0.62008,0.99951,0.5815,1.03413,0.0007055000000000001,0.0007055000000000001,0.0007055000000000001,,
yolo_v12m_20260718_024608,yolo,yolo_v12m_20260718_024608,yolo12m.pt,/root/autodl-fs/datasets/UA-DETRAC_YOLO/data.yaml,train,46,8998.912555932999,0.65718,0.34852,0.87809,0.85865,0.73583,0.82206,0.61805,0.99866,0.56898,1.03364,0.0006931250000000001,0.0006931250000000001,0.0006931250000000001,,
yolo_v12m_20260718_024608,yolo,yolo_v12m_20260718_024608,yolo12m.pt,/root/autodl-fs/datasets/UA-DETRAC_YOLO/data.yaml,train,47,9193.710899829865,0.65106,0.34517,0.87745,0.88746,0.70153,0.82407,0.61927,0.98645,0.60355,1.0261,0.0006807500000000001,0.0006807500000000001,0.0006807500000000001,,
yolo_v12m_20260718_024608,yolo,yolo_v12m_20260718_024608,yolo12m.pt,/root/autodl-fs/datasets/UA-DETRAC_YOLO/data.yaml,train,48,9388.772131681442,0.65322,0.34341,0.88053,0.87092,0.70274,0.82,0.62663,0.97218,0.55922,1.02164,0.0006683750000000001,0.0006683750000000001,0.0006683750000000001,,
yolo_v12m_20260718_024608,yolo,yolo_v12m_20260718_024608,yolo12m.pt,/root/autodl-fs/datasets/UA-DETRAC_YOLO/data.yaml,train,49,9583.98807477951,0.65066,0.3451,0.87701,0.87471,0.7207,0.82904,0.62741,0.97239,0.56424,1.01907,0.0006560000000000001,0.0006560000000000001,0.0006560000000000001,,
yolo_v12m_20260718_024608,yolo,yolo_v12m_20260718_024608,yolo12m.pt,/root/autodl-fs/datasets/UA-DETRAC_YOLO/data.yaml,train,50,9778.50791835785,0.64093,0.33803,0.87527,0.9046,0.69179,0.82193,0.62102,0.99114,0.58406,1.02454,0.000643625,0.000643625,0.000643625,,
yolo_v12m_20260718_024608,yolo,yolo_v12m_20260718_024608,yolo12m.pt,/root/autodl-fs/datasets/UA-DETRAC_YOLO/data.yaml,train,51,9973.85907959938,0.6476,0.34057,0.8754,0.85701,0.736,0.84132,0.63598,0.98609,0.56106,1.03088,0.00063125,0.00063125,0.00063125,,
yolo_v12m_20260718_024608,yolo,yolo_v12m_20260718_024608,yolo12m.pt,/root/autodl-fs/datasets/UA-DETRAC_YOLO/data.yaml,train,52,10168.58036494255,0.642,0.33452,0.87647,0.88917,0.74629,0.8484,0.64266,1.00156,0.58857,1.03482,0.000618875,0.000618875,0.000618875,,
yolo_v12m_20260718_024608,yolo,yolo_v12m_20260718_024608,yolo12m.pt,/root/autodl-fs/datasets/UA-DETRAC_YOLO/data.yaml,train,53,10364.218132257462,0.639,0.33473,0.87452,0.86962,0.73709,0.83739,0.62627,0.99585,0.57715,1.02844,0.0006064999999999999,0.0006064999999999999,0.0006064999999999999,,
yolo_v12m_20260718_024608,yolo,yolo_v12m_20260718_024608,yolo12m.pt,/root/autodl-fs/datasets/UA-DETRAC_YOLO/data.yaml,train,54,10558.872203826904,0.63686,0.33084,0.87202,0.85623,0.76398,0.84505,0.63885,0.98679,0.56885,1.03274,0.000594125,0.000594125,0.000594125,,
yolo_v12m_20260718_024608,yolo,yolo_v12m_20260718_024608,yolo12m.pt,/root/autodl-fs/datasets/UA-DETRAC_YOLO/data.yaml,train,55,10754.331008195877,0.63282,0.32803,0.87224,0.83306,0.76969,0.84394,0.63592,0.99574,0.57811,1.03346,0.00058175,0.00058175,0.00058175,,
yolo_v12m_20260718_024608,yolo,yolo_v12m_20260718_024608,yolo12m.pt,/root/autodl-fs/datasets/UA-DETRAC_YOLO/data.yaml,train,56,10948.856433391571,0.63144,0.32525,0.87251,0.82438,0.75827,0.83961,0.63458,0.99486,0.57405,1.03321,0.000569375,0.000569375,0.000569375,,
yolo_v12m_20260718_024608,yolo,yolo_v12m_20260718_024608,yolo12m.pt,/root/autodl-fs/datasets/UA-DETRAC_YOLO/data.yaml,train,57,11144.287014722824,0.6294,0.32571,0.86985,0.84759,0.74706,0.83909,0.63826,0.98805,0.56808,1.03066,0.000557,0.000557,0.000557,,
yolo_v12m_20260718_024608,yolo,yolo_v12m_20260718_024608,yolo12m.pt,/root/autodl-fs/datasets/UA-DETRAC_YOLO/data.yaml,train,58,11338.604960918427,0.62541,0.32213,0.86707,0.85901,0.73703,0.84665,0.64277,0.98186,0.56694,1.02288,0.0005446250000000001,0.0005446250000000001,0.0005446250000000001,,
yolo_v12m_20260718_024608,yolo,yolo_v12m_20260718_024608,yolo12m.pt,/root/autodl-fs/datasets/UA-DETRAC_YOLO/data.yaml,train,59,11534.205956935883,0.62951,0.3221,0.86827,0.83703,0.75622,0.84438,0.63641,0.99013,0.56509,1.02407,0.0005322500000000001,0.0005322500000000001,0.0005322500000000001,,
yolo_v12m_20260718_024608,yolo,yolo_v12m_20260718_024608,yolo12m.pt,/root/autodl-fs/datasets/UA-DETRAC_YOLO/data.yaml,train,60,11729.746503353119,0.62427,0.32036,0.87028,0.8514,0.73709,0.83617,0.63283,0.99904,0.56812,1.03817,0.000519875,0.000519875,0.000519875,,
yolo_v12m_20260718_024608,yolo,yolo_v12m_20260718_024608,yolo12m.pt,/root/autodl-fs/datasets/UA-DETRAC_YOLO/data.yaml,train,61,11924.389605283737,0.62326,0.31665,0.8692,0.87268,0.73387,0.8353,0.6358,0.97758,0.54624,1.031,0.0005075,0.0005075,0.0005075,,
yolo_v12m_20260718_024608,yolo,yolo_v12m_20260718_024608,yolo12m.pt,/root/autodl-fs/datasets/UA-DETRAC_YOLO/data.yaml,train,62,12119.359759807587,0.62147,0.3171,0.86973,0.85744,0.75138,0.84143,0.63834,0.98252,0.55962,1.02387,0.000495125,0.000495125,0.000495125,,
yolo_v12m_20260718_024608,yolo,yolo_v12m_20260718_024608,yolo12m.pt,/root/autodl-fs/datasets/UA-DETRAC_YOLO/data.yaml,train,63,12313.945165395737,0.61963,0.31719,0.86696,0.86844,0.72938,0.82507,0.6261,0.9877,0.56302,1.0303,0.00048275,0.00048275,0.00048275,,
yolo_v12m_20260718_024608,yolo,yolo_v12m_20260718_024608,yolo12m.pt,/root/autodl-fs/datasets/UA-DETRAC_YOLO/data.yaml,train,64,12509.36036324501,0.61406,0.31075,0.86597,0.83749,0.76112,0.84039,0.63761,0.98884,0.5752,1.0347,0.00047037500000000004,0.00047037500000000004,0.00047037500000000004,,
yolo_v12m_20260718_024608,yolo,yolo_v12m_20260718_024608,yolo12m.pt,/root/autodl-fs/datasets/UA-DETRAC_YOLO/data.yaml,train,65,12703.989239931107,0.61316,0.31191,0.86449,0.82937,0.73976,0.83255,0.62838,0.98543,0.56195,1.03419,0.000458,0.000458,0.000458,,
yolo_v12m_20260718_024608,yolo,yolo_v12m_20260718_024608,yolo12m.pt,/root/autodl-fs/datasets/UA-DETRAC_YOLO/data.yaml,train,66,12899.629329919815,0.60784,0.30757,0.86573,0.84599,0.77516,0.84169,0.63809,1.00021,0.57302,1.04125,0.000445625,0.000445625,0.000445625,,
yolo_v12m_20260718_024608,yolo,yolo_v12m_20260718_024608,yolo12m.pt,/root/autodl-fs/datasets/UA-DETRAC_YOLO/data.yaml,train,67,13094.040672540665,0.60886,0.30539,0.86595,0.81568,0.78089,0.84856,0.64105,0.99016,0.57807,1.04428,0.00043325,0.00043325,0.00043325,,
yolo_v12m_20260718_024608,yolo,yolo_v12m_20260718_024608,yolo12m.pt,/root/autodl-fs/datasets/UA-DETRAC_YOLO/data.yaml,train,68,13289.825132369995,0.60531,0.30621,0.8643,0.85266,0.74811,0.84008,0.63268,1.00016,0.56734,1.03993,0.0004208749999999999,0.0004208749999999999,0.0004208749999999999,,
yolo_v12m_20260718_024608,yolo,yolo_v12m_20260718_024608,yolo12m.pt,/root/autodl-fs/datasets/UA-DETRAC_YOLO/data.yaml,train,69,13484.388100624084,0.60653,0.3041,0.8639,0.87795,0.72023,0.83216,0.63119,1.0007,0.58641,1.04279,0.0004085,0.0004085,0.0004085,,
yolo_v12m_20260718_024608,yolo,yolo_v12m_20260718_024608,yolo12m.pt,/root/autodl-fs/datasets/UA-DETRAC_YOLO/data.yaml,train,70,13680.201451301575,0.60605,0.30406,0.8652,0.86715,0.73855,0.83857,0.63876,0.97408,0.56321,1.03147,0.0003961250000000001,0.0003961250000000001,0.0003961250000000001,,
yolo_v12m_20260718_024608,yolo,yolo_v12m_20260718_024608,yolo12m.pt,/root/autodl-fs/datasets/UA-DETRAC_YOLO/data.yaml,train,71,13875.109208345413,0.59982,0.29816,0.86162,0.85512,0.74734,0.83959,0.63877,0.98238,0.5702,1.04141,0.0003837500000000001,0.0003837500000000001,0.0003837500000000001,,
yolo_v12m_20260718_024608,yolo,yolo_v12m_20260718_024608,yolo12m.pt,/root/autodl-fs/datasets/UA-DETRAC_YOLO/data.yaml,train,72,14070.217969179153,0.5972,0.29807,0.86257,0.85107,0.73578,0.83677,0.63169,0.99273,0.56507,1.04732,0.00037137500000000007,0.00037137500000000007,0.00037137500000000007,,
yolo_v12m_20260718_024608,yolo,yolo_v12m_20260718_024608,yolo12m.pt,/root/autodl-fs/datasets/UA-DETRAC_YOLO/data.yaml,train,73,14265.120118141174,0.5977,0.2972,0.86344,0.86595,0.71556,0.84004,0.6395,0.98991,0.56887,1.04936,0.000359,0.000359,0.000359,,
yolo_v12m_20260718_024608,yolo,yolo_v12m_20260718_024608,yolo12m.pt,/root/autodl-fs/datasets/UA-DETRAC_YOLO/data.yaml,train,74,14459.770899534225,0.59371,0.29414,0.86064,0.83477,0.74736,0.83462,0.63398,0.98737,0.58257,1.03923,0.0003466250000000001,0.0003466250000000001,0.0003466250000000001,,
yolo_v12m_20260718_024608,yolo,yolo_v12m_20260718_024608,yolo12m.pt,/root/autodl-fs/datasets/UA-DETRAC_YOLO/data.yaml,train,75,14654.84755563736,0.5905,0.29239,0.85966,0.84274,0.72597,0.83085,0.63495,0.97902,0.57687,1.0269,0.00033425,0.00033425,0.00033425,,
yolo_v12m_20260718_024608,yolo,yolo_v12m_20260718_024608,yolo12m.pt,/root/autodl-fs/datasets/UA-DETRAC_YOLO/data.yaml,train,76,14849.401174783707,0.5884,0.29077,0.85839,0.8422,0.7407,0.83324,0.63972,0.97326,0.57125,1.02144,0.000321875,0.000321875,0.000321875,,
yolo_v12m_20260718_024608,yolo,yolo_v12m_20260718_024608,yolo12m.pt,/root/autodl-fs/datasets/UA-DETRAC_YOLO/data.yaml,train,77,15044.497490882874,0.58709,0.29058,0.85825,0.85558,0.73071,0.8343,0.63657,0.97873,0.5801,1.02851,0.0003095,0.0003095,0.0003095,,
yolo_v12m_20260718_024608,yolo,yolo_v12m_20260718_024608,yolo12m.pt,/root/autodl-fs/datasets/UA-DETRAC_YOLO/data.yaml,train,78,15239.587646007538,0.58326,0.28842,0.85538,0.83391,0.74465,0.83923,0.642,0.9731,0.5737,1.02835,0.000297125,0.000297125,0.000297125,,
yolo_v12m_20260718_024608,yolo,yolo_v12m_20260718_024608,yolo12m.pt,/root/autodl-fs/datasets/UA-DETRAC_YOLO/data.yaml,train,79,15434.756532430649,0.58208,0.285,0.85737,0.87977,0.71573,0.83484,0.63375,0.99031,0.57875,1.03828,0.00028474999999999996,0.00028474999999999996,0.00028474999999999996,,
yolo_v12m_20260718_024608,yolo,yolo_v12m_20260718_024608,yolo12m.pt,/root/autodl-fs/datasets/UA-DETRAC_YOLO/data.yaml,train,80,15628.875786781311,0.57963,0.28336,0.85837,0.84508,0.7346,0.83516,0.63627,0.98717,0.56402,1.04253,0.000272375,0.000272375,0.000272375,,
yolo_v12m_20260718_024608,yolo,yolo_v12m_20260718_024608,yolo12m.pt,/root/autodl-fs/datasets/UA-DETRAC_YOLO/data.yaml,train,81,15824.305412530899,0.57748,0.28159,0.85699,0.85433,0.72192,0.83396,0.63917,0.98676,0.57068,1.04615,0.00026,0.00026,0.00026,,
yolo_v12m_20260718_024608,yolo,yolo_v12m_20260718_024608,yolo12m.pt,/root/autodl-fs/datasets/UA-DETRAC_YOLO/data.yaml,train,82,16018.928004980087,0.57793,0.28117,0.85823,0.84881,0.71969,0.83101,0.63373,0.98751,0.57998,1.0448,0.0002476249999999999,0.0002476249999999999,0.0002476249999999999,,
yolo_v12m_20260718_024608,yolo,yolo_v12m_20260718_024608,yolo12m.pt,/root/autodl-fs/datasets/UA-DETRAC_YOLO/data.yaml,train,83,16214.468945503235,0.57487,0.27849,0.85492,0.81968,0.73165,0.82342,0.62721,0.98755,0.57815,1.03673,0.00023525000000000008,0.00023525000000000008,0.00023525000000000008,,
yolo_v12m_20260718_024608,yolo,yolo_v12m_20260718_024608,yolo12m.pt,/root/autodl-fs/datasets/UA-DETRAC_YOLO/data.yaml,train,84,16409.114420890808,0.57272,0.27669,0.85363,0.8664,0.70937,0.82943,0.63522,0.97968,0.58428,1.03441,0.00022287500000000006,0.00022287500000000006,0.00022287500000000006,,
yolo_v12m_20260718_024608,yolo,yolo_v12m_20260718_024608,yolo12m.pt,/root/autodl-fs/datasets/UA-DETRAC_YOLO/data.yaml,train,85,16603.97517848015,0.57246,0.27523,0.85476,0.85628,0.72241,0.82641,0.63376,0.9862,0.58715,1.04282,0.00021050000000000008,0.00021050000000000008,0.00021050000000000008,,
yolo_v12m_20260718_024608,yolo,yolo_v12m_20260718_024608,yolo12m.pt,/root/autodl-fs/datasets/UA-DETRAC_YOLO/data.yaml,train,86,16798.656265974045,0.56605,0.27297,0.85413,0.86811,0.72657,0.83121,0.63282,0.98574,0.57748,1.0437,0.00019812500000000003,0.00019812500000000003,0.00019812500000000003,,
yolo_v12m_20260718_024608,yolo,yolo_v12m_20260718_024608,yolo12m.pt,/root/autodl-fs/datasets/UA-DETRAC_YOLO/data.yaml,train,87,16993.55419921875,0.56595,0.27215,0.85377,0.87367,0.71764,0.83135,0.63157,0.98963,0.59184,1.04706,0.00018575000000000002,0.00018575000000000002,0.00018575000000000002,,
yolo_v12m_20260718_024608,yolo,yolo_v12m_20260718_024608,yolo12m.pt,/root/autodl-fs/datasets/UA-DETRAC_YOLO/data.yaml,train,88,17188.77754998207,0.56347,0.27207,0.85299,0.8713,0.71584,0.83219,0.63393,0.99665,0.59884,1.04726,0.00017337500000000003,0.00017337500000000003,0.00017337500000000003,,
yolo_v12m_20260718_024608,yolo,yolo_v12m_20260718_024608,yolo12m.pt,/root/autodl-fs/datasets/UA-DETRAC_YOLO/data.yaml,train,89,17383.488932609558,0.56044,0.2699,0.8523,0.86746,0.72592,0.83613,0.63364,0.99848,0.59313,1.04382,0.000161,0.000161,0.000161,,
yolo_v12m_20260718_024608,yolo,yolo_v12m_20260718_024608,yolo12m.pt,/root/autodl-fs/datasets/UA-DETRAC_YOLO/data.yaml,train,90,17578.6635491848,0.55819,0.26852,0.85034,0.87242,0.71883,0.82879,0.63227,0.99455,0.59732,1.03882,0.00014862499999999997,0.00014862499999999997,0.00014862499999999997,,
yolo_v12m_20260718_024608,yolo,yolo_v12m_20260718_024608,yolo12m.pt,/root/autodl-fs/datasets/UA-DETRAC_YOLO/data.yaml,train,91,17772.851989507675,0.55754,0.25232,0.84486,0.86175,0.70835,0.81877,0.627,0.99554,0.60399,1.03499,0.00013624999999999998,0.00013624999999999998,0.00013624999999999998,,
yolo_v12m_20260718_024608,yolo,yolo_v12m_20260718_024608,yolo12m.pt,/root/autodl-fs/datasets/UA-DETRAC_YOLO/data.yaml,train,92,17967.292197942734,0.55022,0.24814,0.8408,0.83989,0.72096,0.82615,0.6324,0.99328,0.59623,1.03475,0.00012387499999999996,0.00012387499999999996,0.00012387499999999996,,
yolo_v12m_20260718_024608,yolo,yolo_v12m_20260718_024608,yolo12m.pt,/root/autodl-fs/datasets/UA-DETRAC_YOLO/data.yaml,train,93,18160.82201242447,0.54956,0.24641,0.84169,0.87149,0.69562,0.82565,0.63321,0.99372,0.60642,1.03819,0.00011149999999999995,0.00011149999999999995,0.00011149999999999995,,
yolo_v12m_20260718_024608,yolo,yolo_v12m_20260718_024608,yolo12m.pt,/root/autodl-fs/datasets/UA-DETRAC_YOLO/data.yaml,train,94,18355.346736431122,0.54513,0.24437,0.83965,0.83601,0.72595,0.82841,0.63548,0.98793,0.61218,1.03546,9.912499999999993e-05,9.912499999999993e-05,9.912499999999993e-05,,
yolo_v12m_20260718_024608,yolo,yolo_v12m_20260718_024608,yolo12m.pt,/root/autodl-fs/datasets/UA-DETRAC_YOLO/data.yaml,train,95,18550.168203115463,0.54074,0.24188,0.84063,0.85142,0.71407,0.83099,0.63659,0.98996,0.60826,1.04048,8.675000000000006e-05,8.675000000000006e-05,8.675000000000006e-05,,
yolo_v12m_20260718_024608,yolo,yolo_v12m_20260718_024608,yolo12m.pt,/root/autodl-fs/datasets/UA-DETRAC_YOLO/data.yaml,train,96,18744.760952711105,0.53876,0.24088,0.84004,0.85795,0.71357,0.83209,0.63847,0.99388,0.61109,1.04551,7.437500000000006e-05,7.437500000000006e-05,7.437500000000006e-05,,
yolo_v12m_20260718_024608,yolo,yolo_v12m_20260718_024608,yolo12m.pt,/root/autodl-fs/datasets/UA-DETRAC_YOLO/data.yaml,train,97,18939.758246660233,0.53728,0.23874,0.84146,0.85056,0.72293,0.83477,0.63952,0.99291,0.61399,1.04802,6.200000000000006e-05,6.200000000000006e-05,6.200000000000006e-05,,
yolo_v12m_20260718_024608,yolo,yolo_v12m_20260718_024608,yolo12m.pt,/root/autodl-fs/datasets/UA-DETRAC_YOLO/data.yaml,train,98,19134.012093305588,0.53464,0.23857,0.84126,0.86926,0.70901,0.83139,0.63595,0.99251,0.61146,1.05398,4.9625000000000034e-05,4.9625000000000034e-05,4.9625000000000034e-05,,
yolo_v12m_20260718_024608,yolo,yolo_v12m_20260718_024608,yolo12m.pt,/root/autodl-fs/datasets/UA-DETRAC_YOLO/data.yaml,train,99,19328.321675777435,0.53383,0.2376,0.84075,0.84559,0.72386,0.8314,0.6344,0.99193,0.60786,1.05463,3.7250000000000025e-05,3.7250000000000025e-05,3.7250000000000025e-05,,
yolo_v12m_20260718_024608,yolo,yolo_v12m_20260718_024608,yolo12m.pt,/root/autodl-fs/datasets/UA-DETRAC_YOLO/data.yaml,train,100,19522.328815221786,0.52826,0.23426,0.83819,0.83644,0.72485,0.82907,0.63378,0.98969,0.61017,1.0527,2.4875000000000012e-05,2.4875000000000012e-05,2.4875000000000012e-05,,
yolo_yolov5n_20260720_105447,yolo,yolo_yolov5n_20260720_105447,yolov5n.pt,/root/autodl-fs/datasets/DAIR-V2X_YOLO/dairv2x.yaml,train,1,53.46727418899536,1.521,1.83389,0.98078,0.57607,0.5584,0.55137,0.3313,1.24639,0.91495,0.89923,0.0002767879746835443,0.0002767879746835443,0.0002767879746835443,,
yolo_yolov5n_20260720_105447,yolo,yolo_yolov5n_20260720_105447,yolov5n.pt,/root/autodl-fs/datasets/DAIR-V2X_YOLO/dairv2x.yaml,train,2,101.12432074546814,1.26563,0.95339,0.90524,0.70298,0.61666,0.66063,0.40412,1.15496,0.80546,0.87645,0.0005489655404008439,0.0005489655404008439,0.0005489655404008439,,
yolo_yolov5n_20260720_105447,yolo,yolo_yolov5n_20260720_105447,yolov5n.pt,/root/autodl-fs/datasets/DAIR-V2X_YOLO/dairv2x.yaml,train,3,147.14438724517822,1.21073,0.86259,0.89131,0.73619,0.65316,0.70876,0.44047,1.09736,0.73713,0.86703,0.0008156453061181434,0.0008156453061181434,0.0008156453061181434,,
yolo_yolov5n_20260720_105447,yolo,yolo_yolov5n_20260720_105447,yolov5n.pt,/root/autodl-fs/datasets/DAIR-V2X_YOLO/dairv2x.yaml,train,4,192.999205827713,1.16077,0.80359,0.88158,0.78785,0.6562,0.72758,0.46566,1.08532,0.70454,0.86239,0.0008082599,0.0008082599,0.0008082599,,
yolo_yolov5n_20260720_105447,yolo,yolo_yolov5n_20260720_105447,yolov5n.pt,/root/autodl-fs/datasets/DAIR-V2X_YOLO/dairv2x.yaml,train,5,238.8609914779663,1.13077,0.76568,0.87741,0.78789,0.67739,0.74204,0.48383,1.05102,0.68411,0.85681,0.0008000131999999999,0.0008000131999999999,0.0008000131999999999,,
yolo_yolov5n_20260720_105447,yolo,yolo_yolov5n_20260720_105447,yolov5n.pt,/root/autodl-fs/datasets/DAIR-V2X_YOLO/dairv2x.yaml,train,6,284.6896107196808,1.11619,0.73741,0.87372,0.81124,0.66962,0.75519,0.49294,1.02389,0.65874,0.85513,0.0007917665,0.0007917665,0.0007917665,,
yolo_yolov5n_20260720_105447,yolo,yolo_yolov5n_20260720_105447,yolov5n.pt,/root/autodl-fs/datasets/DAIR-V2X_YOLO/dairv2x.yaml,train,7,330.05999875068665,1.09743,0.71396,0.87026,0.80264,0.68441,0.76737,0.50487,1.01722,0.63856,0.85396,0.0007835197999999999,0.0007835197999999999,0.0007835197999999999,,
yolo_yolov5n_20260720_105447,yolo,yolo_yolov5n_20260720_105447,yolov5n.pt,/root/autodl-fs/datasets/DAIR-V2X_YOLO/dairv2x.yaml,train,8,375.01915192604065,1.07742,0.69414,0.86721,0.77272,0.71356,0.76976,0.5107,1.00156,0.63428,0.85082,0.0007752731,0.0007752731,0.0007752731,,
yolo_yolov5n_20260720_105447,yolo,yolo_yolov5n_20260720_105447,yolov5n.pt,/root/autodl-fs/datasets/DAIR-V2X_YOLO/dairv2x.yaml,train,9,419.72931718826294,1.06288,0.6819,0.86449,0.79327,0.70592,0.77844,0.51826,0.98755,0.62418,0.84918,0.0007670264,0.0007670264,0.0007670264,,
yolo_yolov5n_20260720_105447,yolo,yolo_yolov5n_20260720_105447,yolov5n.pt,/root/autodl-fs/datasets/DAIR-V2X_YOLO/dairv2x.yaml,train,10,465.16432785987854,1.0527,0.66764,0.86381,0.79143,0.72522,0.7867,0.52642,0.9925,0.60767,0.84919,0.0007587797,0.0007587797,0.0007587797,,
yolo_yolov5n_20260720_105447,yolo,yolo_yolov5n_20260720_105447,yolov5n.pt,/root/autodl-fs/datasets/DAIR-V2X_YOLO/dairv2x.yaml,train,11,510.39007019996643,1.04593,0.66072,0.86178,0.80366,0.72326,0.79104,0.53273,0.97123,0.59512,0.84532,0.000750533,0.000750533,0.000750533,,
yolo_yolov5n_20260720_105447,yolo,yolo_yolov5n_20260720_105447,yolov5n.pt,/root/autodl-fs/datasets/DAIR-V2X_YOLO/dairv2x.yaml,train,12,556.6630749702454,1.03429,0.64536,0.85982,0.80476,0.72559,0.78992,0.53067,0.96685,0.59175,0.84543,0.0007422863,0.0007422863,0.0007422863,,
yolo_yolov5n_20260720_105447,yolo,yolo_yolov5n_20260720_105447,yolov5n.pt,/root/autodl-fs/datasets/DAIR-V2X_YOLO/dairv2x.yaml,train,13,602.6965289115906,1.02885,0.63983,0.85938,0.81429,0.73397,0.80251,0.54729,0.95976,0.58589,0.84402,0.0007340396,0.0007340396,0.0007340396,,
yolo_yolov5n_20260720_105447,yolo,yolo_yolov5n_20260720_105447,yolov5n.pt,/root/autodl-fs/datasets/DAIR-V2X_YOLO/dairv2x.yaml,train,14,648.2164981365204,1.02524,0.6359,0.85797,0.81068,0.72719,0.79687,0.53338,0.96996,0.59798,0.84631,0.0007257928999999999,0.0007257928999999999,0.0007257928999999999,,
yolo_yolov5n_20260720_105447,yolo,yolo_yolov5n_20260720_105447,yolov5n.pt,/root/autodl-fs/datasets/DAIR-V2X_YOLO/dairv2x.yaml,train,15,694.6740050315857,1.01946,0.62874,0.85546,0.81192,0.74082,0.80652,0.54788,0.95006,0.57659,0.84152,0.0007175462,0.0007175462,0.0007175462,,
yolo_yolov5n_20260720_105447,yolo,yolo_yolov5n_20260720_105447,yolov5n.pt,/root/autodl-fs/datasets/DAIR-V2X_YOLO/dairv2x.yaml,train,16,740.953227519989,1.00896,0.62125,0.85613,0.80093,0.74444,0.80408,0.54877,0.9432,0.57808,0.84061,0.0007092995,0.0007092995,0.0007092995,,
yolo_yolov5n_20260720_105447,yolo,yolo_yolov5n_20260720_105447,yolov5n.pt,/root/autodl-fs/datasets/DAIR-V2X_YOLO/dairv2x.yaml,train,17,787.3384125232697,1.0021,0.61339,0.8539,0.8339,0.73781,0.81471,0.56019,0.9318,0.56372,0.83795,0.0007010528,0.0007010528,0.0007010528,,
yolo_yolov5n_20260720_105447,yolo,yolo_yolov5n_20260720_105447,yolov5n.pt,/root/autodl-fs/datasets/DAIR-V2X_YOLO/dairv2x.yaml,train,18,833.8513646125793,1.00195,0.61236,0.85369,0.82141,0.7473,0.81388,0.55795,0.93592,0.56013,0.83808,0.0006928061,0.0006928061,0.0006928061,,
yolo_yolov5n_20260720_105447,yolo,yolo_yolov5n_20260720_105447,yolov5n.pt,/root/autodl-fs/datasets/DAIR-V2X_YOLO/dairv2x.yaml,train,19,879.8814089298248,0.99363,0.60811,0.8531,0.82785,0.73945,0.8105,0.55519,0.93789,0.56407,0.8396,0.0006845594000000001,0.0006845594000000001,0.0006845594000000001,,
yolo_yolov5n_20260720_105447,yolo,yolo_yolov5n_20260720_105447,yolov5n.pt,/root/autodl-fs/datasets/DAIR-V2X_YOLO/dairv2x.yaml,train,20,929.4266862869263,0.98891,0.60253,0.85164,0.83443,0.74488,0.81404,0.55813,0.92136,0.55758,0.83677,0.0006763127,0.0006763127,0.0006763127,,
yolo_yolov5n_20260720_105447,yolo,yolo_yolov5n_20260720_105447,yolov5n.pt,/root/autodl-fs/datasets/DAIR-V2X_YOLO/dairv2x.yaml,train,21,974.911922454834,0.98772,0.60214,0.85094,0.8222,0.748,0.82159,0.56403,0.93193,0.559,0.83762,0.000668066,0.000668066,0.000668066,,
yolo_yolov5n_20260720_105447,yolo,yolo_yolov5n_20260720_105447,yolov5n.pt,/root/autodl-fs/datasets/DAIR-V2X_YOLO/dairv2x.yaml,train,22,1026.6090502738953,0.98182,0.59508,0.8505,0.82382,0.75727,0.82328,0.5637,0.92202,0.55175,0.83629,0.0006598193,0.0006598193,0.0006598193,,
yolo_yolov5n_20260720_105447,yolo,yolo_yolov5n_20260720_105447,yolov5n.pt,/root/autodl-fs/datasets/DAIR-V2X_YOLO/dairv2x.yaml,train,23,1076.7907464504242,0.9797,0.59304,0.8494,0.82314,0.74325,0.81829,0.55947,0.92418,0.55399,0.83798,0.0006515726,0.0006515726,0.0006515726,,
yolo_yolov5n_20260720_105447,yolo,yolo_yolov5n_20260720_105447,yolov5n.pt,/root/autodl-fs/datasets/DAIR-V2X_YOLO/dairv2x.yaml,train,24,1122.4442229270935,0.97492,0.59194,0.85033,0.83354,0.74593,0.82345,0.56554,0.91621,0.5498,0.83657,0.0006433259,0.0006433259,0.0006433259,,
yolo_yolov5n_20260720_105447,yolo,yolo_yolov5n_20260720_105447,yolov5n.pt,/root/autodl-fs/datasets/DAIR-V2X_YOLO/dairv2x.yaml,train,25,1167.9487345218658,0.97375,0.58733,0.84903,0.83644,0.75003,0.82148,0.57131,0.90825,0.54742,0.83508,0.0006350791999999999,0.0006350791999999999,0.0006350791999999999,,
yolo_yolov5n_20260720_105447,yolo,yolo_yolov5n_20260720_105447,yolov5n.pt,/root/autodl-fs/datasets/DAIR-V2X_YOLO/dairv2x.yaml,train,26,1212.993833065033,0.96976,0.5861,0.8485,0.82938,0.75766,0.8242,0.57249,0.91134,0.54636,0.83453,0.0006268325,0.0006268325,0.0006268325,,
yolo_yolov5n_20260720_105447,yolo,yolo_yolov5n_20260720_105447,yolov5n.pt,/root/autodl-fs/datasets/DAIR-V2X_YOLO/dairv2x.yaml,train,27,1258.0594227313995,0.96735,0.58281,0.84724,0.83033,0.75531,0.82382,0.56855,0.90922,0.54401,0.83431,0.0006185858,0.0006185858,0.0006185858,,
yolo_yolov5n_20260720_105447,yolo,yolo_yolov5n_20260720_105447,yolov5n.pt,/root/autodl-fs/datasets/DAIR-V2X_YOLO/dairv2x.yaml,train,28,1303.7699921131134,0.97133,0.58731,0.84912,0.82599,0.75742,0.82945,0.56747,0.91303,0.54781,0.83485,0.0006103391,0.0006103391,0.0006103391,,
yolo_yolov5n_20260720_105447,yolo,yolo_yolov5n_20260720_105447,yolov5n.pt,/root/autodl-fs/datasets/DAIR-V2X_YOLO/dairv2x.yaml,train,29,1351.5735132694244,0.96205,0.57948,0.84705,0.83093,0.76217,0.82509,0.57182,0.90516,0.54151,0.83418,0.0006020924,0.0006020924,0.0006020924,,
yolo_yolov5n_20260720_105447,yolo,yolo_yolov5n_20260720_105447,yolov5n.pt,/root/autodl-fs/datasets/DAIR-V2X_YOLO/dairv2x.yaml,train,30,1397.979876756668,0.95642,0.57415,0.84588,0.82924,0.76024,0.82864,0.57757,0.8943,0.53336,0.83323,0.0005938457,0.0005938457,0.0005938457,,
yolo_yolov5n_20260720_105447,yolo,yolo_yolov5n_20260720_105447,yolov5n.pt,/root/autodl-fs/datasets/DAIR-V2X_YOLO/dairv2x.yaml,train,31,1444.7876205444336,0.95542,0.57414,0.84597,0.84521,0.75463,0.83081,0.58465,0.89637,0.52988,0.83236,0.0005855989999999999,0.0005855989999999999,0.0005855989999999999,,
yolo_yolov5n_20260720_105447,yolo,yolo_yolov5n_20260720_105447,yolov5n.pt,/root/autodl-fs/datasets/DAIR-V2X_YOLO/dairv2x.yaml,train,32,1489.7639770507812,0.94933,0.57039,0.84507,0.83074,0.75975,0.83322,0.58153,0.90127,0.53351,0.83254,0.0005773522999999999,0.0005773522999999999,0.0005773522999999999,,
yolo_yolov5n_20260720_105447,yolo,yolo_yolov5n_20260720_105447,yolov5n.pt,/root/autodl-fs/datasets/DAIR-V2X_YOLO/dairv2x.yaml,train,33,1537.1544420719147,0.94847,0.56766,0.84499,0.84757,0.75933,0.83185,0.58296,0.89451,0.5291,0.8325,0.0005691056,0.0005691056,0.0005691056,,
yolo_yolov5n_20260720_105447,yolo,yolo_yolov5n_20260720_105447,yolov5n.pt,/root/autodl-fs/datasets/DAIR-V2X_YOLO/dairv2x.yaml,train,34,1584.0964136123657,0.94728,0.56828,0.84473,0.84031,0.75718,0.82908,0.57797,0.89457,0.53027,0.83161,0.0005608588999999999,0.0005608588999999999,0.0005608588999999999,,
yolo_yolov5n_20260720_105447,yolo,yolo_yolov5n_20260720_105447,yolov5n.pt,/root/autodl-fs/datasets/DAIR-V2X_YOLO/dairv2x.yaml,train,35,1630.381713628769,0.94204,0.56416,0.84406,0.83472,0.7583,0.82548,0.57626,0.89393,0.53172,0.83243,0.0005526121999999999,0.0005526121999999999,0.0005526121999999999,,
yolo_yolov5n_20260720_105447,yolo,yolo_yolov5n_20260720_105447,yolov5n.pt,/root/autodl-fs/datasets/DAIR-V2X_YOLO/dairv2x.yaml,train,36,1677.0046923160553,0.94355,0.56393,0.84402,0.83529,0.76528,0.83215,0.58058,0.89277,0.5289,0.83136,0.0005443655,0.0005443655,0.0005443655,,
yolo_yolov5n_20260720_105447,yolo,yolo_yolov5n_20260720_105447,yolov5n.pt,/root/autodl-fs/datasets/DAIR-V2X_YOLO/dairv2x.yaml,train,37,1724.3041207790375,0.94197,0.56221,0.84285,0.83333,0.77276,0.83582,0.58582,0.88853,0.52422,0.83195,0.0005361188,0.0005361188,0.0005361188,,
yolo_yolov5n_20260720_105447,yolo,yolo_yolov5n_20260720_105447,yolov5n.pt,/root/autodl-fs/datasets/DAIR-V2X_YOLO/dairv2x.yaml,train,38,1771.2121613025665,0.94038,0.56085,0.84297,0.83875,0.77002,0.8334,0.58381,0.88612,0.52289,0.83072,0.0005278721,0.0005278721,0.0005278721,,
yolo_yolov5n_20260720_105447,yolo,yolo_yolov5n_20260720_105447,yolov5n.pt,/root/autodl-fs/datasets/DAIR-V2X_YOLO/dairv2x.yaml,train,39,1818.143481016159,0.93519,0.56053,0.84266,0.83875,0.76339,0.83444,0.58686,0.88211,0.52177,0.83034,0.0005196254,0.0005196254,0.0005196254,,
yolo_yolov5n_20260720_105447,yolo,yolo_yolov5n_20260720_105447,yolov5n.pt,/root/autodl-fs/datasets/DAIR-V2X_YOLO/dairv2x.yaml,train,40,1864.7781801223755,0.93756,0.55834,0.84183,0.84058,0.76891,0.83503,0.58791,0.88088,0.51944,0.83048,0.0005113787,0.0005113787,0.0005113787,,
yolo_yolov5n_20260720_105447,yolo,yolo_yolov5n_20260720_105447,yolov5n.pt,/root/autodl-fs/datasets/DAIR-V2X_YOLO/dairv2x.yaml,train,41,1910.8793640136719,0.93262,0.55474,0.84294,0.83998,0.76983,0.83307,0.58292,0.88156,0.51881,0.82919,0.000503132,0.000503132,0.000503132,,
yolo_yolov5n_20260720_105447,yolo,yolo_yolov5n_20260720_105447,yolov5n.pt,/root/autodl-fs/datasets/DAIR-V2X_YOLO/dairv2x.yaml,train,42,1956.4908561706543,0.93246,0.55306,0.84124,0.84124,0.775,0.83828,0.58992,0.87418,0.51078,0.82878,0.0004948853,0.0004948853,0.0004948853,,
yolo_yolov5n_20260720_105447,yolo,yolo_yolov5n_20260720_105447,yolov5n.pt,/root/autodl-fs/datasets/DAIR-V2X_YOLO/dairv2x.yaml,train,43,2002.1413135528564,0.92825,0.55144,0.8414,0.84625,0.77252,0.83644,0.58954,0.87499,0.51558,0.82899,0.00048663860000000005,0.00048663860000000005,0.00048663860000000005,,
yolo_yolov5n_20260720_105447,yolo,yolo_yolov5n_20260720_105447,yolov5n.pt,/root/autodl-fs/datasets/DAIR-V2X_YOLO/dairv2x.yaml,train,44,2048.057728290558,0.92955,0.55205,0.84039,0.83377,0.77515,0.83936,0.59017,0.87472,0.51488,0.82855,0.00047839190000000003,0.00047839190000000003,0.00047839190000000003,,
yolo_yolov5n_20260720_105447,yolo,yolo_yolov5n_20260720_105447,yolov5n.pt,/root/autodl-fs/datasets/DAIR-V2X_YOLO/dairv2x.yaml,train,45,2093.5993089675903,0.92687,0.55089,0.84008,0.83531,0.77443,0.83907,0.59,0.8755,0.51454,0.82914,0.0004701452,0.0004701452,0.0004701452,,
yolo_yolov5n_20260720_105447,yolo,yolo_yolov5n_20260720_105447,yolov5n.pt,/root/autodl-fs/datasets/DAIR-V2X_YOLO/dairv2x.yaml,train,46,2138.903305530548,0.92335,0.54773,0.8406,0.84287,0.77395,0.8402,0.5953,0.8702,0.50957,0.82793,0.0004618985,0.0004618985,0.0004618985,,
yolo_yolov5n_20260720_105447,yolo,yolo_yolov5n_20260720_105447,yolov5n.pt,/root/autodl-fs/datasets/DAIR-V2X_YOLO/dairv2x.yaml,train,47,2185.1410014629364,0.92157,0.54537,0.83931,0.83963,0.77858,0.84199,0.59777,0.865,0.51052,0.82733,0.00045365180000000007,0.00045365180000000007,0.00045365180000000007,,
yolo_yolov5n_20260720_105447,yolo,yolo_yolov5n_20260720_105447,yolov5n.pt,/root/autodl-fs/datasets/DAIR-V2X_YOLO/dairv2x.yaml,train,48,2232.391653060913,0.92178,0.54739,0.84057,0.84645,0.7755,0.83979,0.59779,0.86416,0.50746,0.82768,0.00044540510000000004,0.00044540510000000004,0.00044540510000000004,,
yolo_yolov5n_20260720_105447,yolo,yolo_yolov5n_20260720_105447,yolov5n.pt,/root/autodl-fs/datasets/DAIR-V2X_YOLO/dairv2x.yaml,train,49,2278.255930662155,0.92025,0.54426,0.84007,0.83883,0.78244,0.83954,0.59471,0.86476,0.50894,0.82727,0.0004371584,0.0004371584,0.0004371584,,
yolo_yolov5n_20260720_105447,yolo,yolo_yolov5n_20260720_105447,yolov5n.pt,/root/autodl-fs/datasets/DAIR-V2X_YOLO/dairv2x.yaml,train,50,2323.9003479480743,0.91513,0.54221,0.8392,0.83996,0.7823,0.84469,0.59696,0.86357,0.50821,0.82671,0.0004289117,0.0004289117,0.0004289117,,
yolo_yolov5n_20260720_105447,yolo,yolo_yolov5n_20260720_105447,yolov5n.pt,/root/autodl-fs/datasets/DAIR-V2X_YOLO/dairv2x.yaml,train,51,2370.139167070389,0.91402,0.54079,0.83834,0.8389,0.77829,0.84618,0.59779,0.8639,0.50656,0.82722,0.00042066499999999997,0.00042066499999999997,0.00042066499999999997,,
yolo_yolov5n_20260720_105447,yolo,yolo_yolov5n_20260720_105447,yolov5n.pt,/root/autodl-fs/datasets/DAIR-V2X_YOLO/dairv2x.yaml,train,52,2418.3938624858856,0.91334,0.53972,0.83865,0.84097,0.77753,0.84289,0.59744,0.86215,0.50562,0.82697,0.00041241829999999995,0.00041241829999999995,0.00041241829999999995,,
yolo_yolov5n_20260720_105447,yolo,yolo_yolov5n_20260720_105447,yolov5n.pt,/root/autodl-fs/datasets/DAIR-V2X_YOLO/dairv2x.yaml,train,53,2465.76549744606,0.91377,0.54135,0.83846,0.83408,0.78751,0.84407,0.59802,0.86297,0.50614,0.82689,0.0004041716,0.0004041716,0.0004041716,,
yolo_yolov5n_20260720_105447,yolo,yolo_yolov5n_20260720_105447,yolov5n.pt,/root/autodl-fs/datasets/DAIR-V2X_YOLO/dairv2x.yaml,train,54,2513.3236026763916,0.91265,0.53747,0.83924,0.842,0.77978,0.84877,0.60261,0.86135,0.50343,0.82667,0.0003959249,0.0003959249,0.0003959249,,
yolo_yolov5n_20260720_105447,yolo,yolo_yolov5n_20260720_105447,yolov5n.pt,/root/autodl-fs/datasets/DAIR-V2X_YOLO/dairv2x.yaml,train,55,2560.853556394577,0.90996,0.53702,0.83729,0.84499,0.7775,0.84457,0.59854,0.85619,0.5044,0.82628,0.0003876782,0.0003876782,0.0003876782,,
yolo_yolov5n_20260720_105447,yolo,yolo_yolov5n_20260720_105447,yolov5n.pt,/root/autodl-fs/datasets/DAIR-V2X_YOLO/dairv2x.yaml,train,56,2605.830066919327,0.90697,0.53481,0.83748,0.84352,0.77935,0.84526,0.5999,0.85875,0.5014,0.82613,0.00037943149999999996,0.00037943149999999996,0.00037943149999999996,,
yolo_yolov5n_20260720_105447,yolo,yolo_yolov5n_20260720_105447,yolov5n.pt,/root/autodl-fs/datasets/DAIR-V2X_YOLO/dairv2x.yaml,train,57,2650.9913606643677,0.90812,0.53471,0.83796,0.84164,0.78598,0.84618,0.60134,0.85624,0.50022,0.82602,0.00037118479999999994,0.00037118479999999994,0.00037118479999999994,,
yolo_yolov5n_20260720_105447,yolo,yolo_yolov5n_20260720_105447,yolov5n.pt,/root/autodl-fs/datasets/DAIR-V2X_YOLO/dairv2x.yaml,train,58,2697.1204557418823,0.90255,0.531,0.83712,0.84697,0.78229,0.8478,0.60285,0.85246,0.49824,0.82538,0.0003629381,0.0003629381,0.0003629381,,
yolo_yolov5n_20260720_105447,yolo,yolo_yolov5n_20260720_105447,yolov5n.pt,/root/autodl-fs/datasets/DAIR-V2X_YOLO/dairv2x.yaml,train,59,2742.493726015091,0.90619,0.5329,0.83733,0.84882,0.78082,0.84897,0.60423,0.8531,0.49766,0.82592,0.00035469140000000005,0.00035469140000000005,0.00035469140000000005,,
yolo_yolov5n_20260720_105447,yolo,yolo_yolov5n_20260720_105447,yolov5n.pt,/root/autodl-fs/datasets/DAIR-V2X_YOLO/dairv2x.yaml,train,60,2788.238562822342,0.90175,0.53017,0.83658,0.84491,0.78612,0.84785,0.6039,0.85275,0.49798,0.82543,0.00034644470000000003,0.00034644470000000003,0.00034644470000000003,,
yolo_yolov5n_20260720_105447,yolo,yolo_yolov5n_20260720_105447,yolov5n.pt,/root/autodl-fs/datasets/DAIR-V2X_YOLO/dairv2x.yaml,train,61,2834.2396578788757,0.90098,0.53121,0.83614,0.84888,0.78073,0.84755,0.60449,0.85283,0.49705,0.82514,0.000338198,0.000338198,0.000338198,,
yolo_yolov5n_20260720_105447,yolo,yolo_yolov5n_20260720_105447,yolov5n.pt,/root/autodl-fs/datasets/DAIR-V2X_YOLO/dairv2x.yaml,train,62,2880.804481983185,0.89746,0.52867,0.83731,0.85017,0.78511,0.85211,0.608,0.85047,0.49539,0.82474,0.0003299513,0.0003299513,0.0003299513,,
yolo_yolov5n_20260720_105447,yolo,yolo_yolov5n_20260720_105447,yolov5n.pt,/root/autodl-fs/datasets/DAIR-V2X_YOLO/dairv2x.yaml,train,63,2928.0738639831543,0.8988,0.52805,0.83564,0.85098,0.78402,0.85104,0.60586,0.84967,0.49651,0.825,0.00032170459999999996,0.00032170459999999996,0.00032170459999999996,,
yolo_yolov5n_20260720_105447,yolo,yolo_yolov5n_20260720_105447,yolov5n.pt,/root/autodl-fs/datasets/DAIR-V2X_YOLO/dairv2x.yaml,train,64,2977.176884174347,0.89971,0.52831,0.8356,0.84684,0.78344,0.84998,0.60506,0.85095,0.49577,0.82497,0.0003134579,0.0003134579,0.0003134579,,
yolo_yolov5n_20260720_105447,yolo,yolo_yolov5n_20260720_105447,yolov5n.pt,/root/autodl-fs/datasets/DAIR-V2X_YOLO/dairv2x.yaml,train,65,3029.734797000885,0.89298,0.52394,0.83569,0.84302,0.7908,0.85011,0.6075,0.84854,0.49456,0.82446,0.0003052112,0.0003052112,0.0003052112,,
yolo_yolov5n_20260720_105447,yolo,yolo_yolov5n_20260720_105447,yolov5n.pt,/root/autodl-fs/datasets/DAIR-V2X_YOLO/dairv2x.yaml,train,66,3076.8726329803467,0.89334,0.52472,0.83568,0.84697,0.78582,0.84975,0.60789,0.84754,0.49346,0.82434,0.0002969645,0.0002969645,0.0002969645,,
yolo_yolov5n_20260720_105447,yolo,yolo_yolov5n_20260720_105447,yolov5n.pt,/root/autodl-fs/datasets/DAIR-V2X_YOLO/dairv2x.yaml,train,67,3121.136337041855,0.89435,0.52318,0.83477,0.85467,0.77987,0.85049,0.60667,0.84706,0.49295,0.82441,0.00028871779999999997,0.00028871779999999997,0.00028871779999999997,,
yolo_yolov5n_20260720_105447,yolo,yolo_yolov5n_20260720_105447,yolov5n.pt,/root/autodl-fs/datasets/DAIR-V2X_YOLO/dairv2x.yaml,train,68,3166.863096475601,0.89186,0.52228,0.83481,0.85146,0.78525,0.85081,0.60678,0.84685,0.49295,0.82426,0.00028047109999999994,0.00028047109999999994,0.00028047109999999994,,
yolo_yolov5n_20260720_105447,yolo,yolo_yolov5n_20260720_105447,yolov5n.pt,/root/autodl-fs/datasets/DAIR-V2X_YOLO/dairv2x.yaml,train,69,3212.3530325889587,0.88803,0.5205,0.83499,0.85365,0.78257,0.85095,0.60931,0.84443,0.49147,0.82415,0.0002722244,0.0002722244,0.0002722244,,
yolo_yolov5n_20260720_105447,yolo,yolo_yolov5n_20260720_105447,yolov5n.pt,/root/autodl-fs/datasets/DAIR-V2X_YOLO/dairv2x.yaml,train,70,3257.6546828746796,0.88767,0.51854,0.83394,0.84567,0.78955,0.85124,0.60643,0.84701,0.49171,0.82444,0.00026397770000000006,0.00026397770000000006,0.00026397770000000006,,
yolo_yolov5n_20260720_105447,yolo,yolo_yolov5n_20260720_105447,yolov5n.pt,/root/autodl-fs/datasets/DAIR-V2X_YOLO/dairv2x.yaml,train,71,3303.907191991806,0.89154,0.52223,0.83501,0.84564,0.78811,0.85156,0.60728,0.84366,0.4904,0.82405,0.00025573100000000004,0.00025573100000000004,0.00025573100000000004,,
yolo_yolov5n_20260720_105447,yolo,yolo_yolov5n_20260720_105447,yolov5n.pt,/root/autodl-fs/datasets/DAIR-V2X_YOLO/dairv2x.yaml,train,72,3349.979744911194,0.88749,0.51765,0.83361,0.84725,0.78999,0.85072,0.60728,0.84161,0.48797,0.82374,0.0002474843,0.0002474843,0.0002474843,,
yolo_yolov5n_20260720_105447,yolo,yolo_yolov5n_20260720_105447,yolov5n.pt,/root/autodl-fs/datasets/DAIR-V2X_YOLO/dairv2x.yaml,train,73,3395.3902564048767,0.88554,0.51714,0.83393,0.85569,0.78692,0.85544,0.61131,0.84203,0.48768,0.82362,0.0002392376,0.0002392376,0.0002392376,,
yolo_yolov5n_20260720_105447,yolo,yolo_yolov5n_20260720_105447,yolov5n.pt,/root/autodl-fs/datasets/DAIR-V2X_YOLO/dairv2x.yaml,train,74,3440.2401161193848,0.88381,0.51721,0.83351,0.84473,0.78928,0.85032,0.60915,0.84108,0.48766,0.82349,0.00023099090000000002,0.00023099090000000002,0.00023099090000000002,,
yolo_yolov5n_20260720_105447,yolo,yolo_yolov5n_20260720_105447,yolov5n.pt,/root/autodl-fs/datasets/DAIR-V2X_YOLO/dairv2x.yaml,train,75,3485.2066752910614,0.88316,0.51522,0.83297,0.84808,0.78868,0.85467,0.61097,0.84156,0.48783,0.82357,0.00022274420000000002,0.00022274420000000002,0.00022274420000000002,,
yolo_yolov5n_20260720_105447,yolo,yolo_yolov5n_20260720_105447,yolov5n.pt,/root/autodl-fs/datasets/DAIR-V2X_YOLO/dairv2x.yaml,train,76,3529.6544506549835,0.88177,0.51387,0.83389,0.85659,0.78729,0.854,0.61256,0.83826,0.48646,0.82328,0.0002144975,0.0002144975,0.0002144975,,
yolo_yolov5n_20260720_105447,yolo,yolo_yolov5n_20260720_105447,yolov5n.pt,/root/autodl-fs/datasets/DAIR-V2X_YOLO/dairv2x.yaml,train,77,3574.599005460739,0.88058,0.51429,0.83407,0.85386,0.78665,0.85031,0.60888,0.83934,0.48778,0.82347,0.00020625079999999997,0.00020625079999999997,0.00020625079999999997,,
yolo_yolov5n_20260720_105447,yolo,yolo_yolov5n_20260720_105447,yolov5n.pt,/root/autodl-fs/datasets/DAIR-V2X_YOLO/dairv2x.yaml,train,78,3619.4116377830505,0.87951,0.51363,0.83367,0.85256,0.78924,0.85388,0.61212,0.84016,0.48755,0.82338,0.00019800409999999998,0.00019800409999999998,0.00019800409999999998,,
yolo_yolov5n_20260720_105447,yolo,yolo_yolov5n_20260720_105447,yolov5n.pt,/root/autodl-fs/datasets/DAIR-V2X_YOLO/dairv2x.yaml,train,79,3665.258884906769,0.8755,0.51077,0.8316,0.85581,0.78198,0.85292,0.61052,0.8388,0.48733,0.8234,0.00018975739999999998,0.00018975739999999998,0.00018975739999999998,,
yolo_yolov5n_20260720_105447,yolo,yolo_yolov5n_20260720_105447,yolov5n.pt,/root/autodl-fs/datasets/DAIR-V2X_YOLO/dairv2x.yaml,train,80,3711.4247102737427,0.87759,0.51153,0.83203,0.85327,0.78706,0.85324,0.61112,0.83864,0.48522,0.82337,0.00018151069999999998,0.00018151069999999998,0.00018151069999999998,,
yolo_yolov5n_20260720_105447,yolo,yolo_yolov5n_20260720_105447,yolov5n.pt,/root/autodl-fs/datasets/DAIR-V2X_YOLO/dairv2x.yaml,train,81,3755.9977028369904,0.87167,0.50823,0.83225,0.85964,0.78183,0.85437,0.61171,0.83782,0.48572,0.82322,0.00017326399999999996,0.00017326399999999996,0.00017326399999999996,,
yolo_yolov5n_20260720_105447,yolo,yolo_yolov5n_20260720_105447,yolov5n.pt,/root/autodl-fs/datasets/DAIR-V2X_YOLO/dairv2x.yaml,train,82,3801.1620647907257,0.87394,0.50837,0.83227,0.85511,0.78773,0.85454,0.61336,0.8379,0.48517,0.82298,0.00016501729999999994,0.00016501729999999994,0.00016501729999999994,,
yolo_yolov5n_20260720_105447,yolo,yolo_yolov5n_20260720_105447,yolov5n.pt,/root/autodl-fs/datasets/DAIR-V2X_YOLO/dairv2x.yaml,train,83,3846.382449865341,0.87161,0.50783,0.8321,0.84968,0.79251,0.85499,0.61372,0.83631,0.48314,0.82262,0.00015677060000000005,0.00015677060000000005,0.00015677060000000005,,
yolo_yolov5n_20260720_105447,yolo,yolo_yolov5n_20260720_105447,yolov5n.pt,/root/autodl-fs/datasets/DAIR-V2X_YOLO/dairv2x.yaml,train,84,3891.462403535843,0.87222,0.50847,0.8318,0.85629,0.78615,0.8551,0.6136,0.83648,0.48419,0.82273,0.00014852390000000002,0.00014852390000000002,0.00014852390000000002,,
yolo_yolov5n_20260720_105447,yolo,yolo_yolov5n_20260720_105447,yolov5n.pt,/root/autodl-fs/datasets/DAIR-V2X_YOLO/dairv2x.yaml,train,85,3936.718120098114,0.87042,0.50593,0.83183,0.85364,0.7894,0.85597,0.61365,0.83599,0.4834,0.823,0.00014027720000000003,0.00014027720000000003,0.00014027720000000003,,
yolo_yolov5n_20260720_105447,yolo,yolo_yolov5n_20260720_105447,yolov5n.pt,/root/autodl-fs/datasets/DAIR-V2X_YOLO/dairv2x.yaml,train,86,3981.877907514572,0.87024,0.5056,0.83096,0.85104,0.79079,0.85496,0.6123,0.83568,0.48316,0.82284,0.00013203050000000003,0.00013203050000000003,0.00013203050000000003,,
yolo_yolov5n_20260720_105447,yolo,yolo_yolov5n_20260720_105447,yolov5n.pt,/root/autodl-fs/datasets/DAIR-V2X_YOLO/dairv2x.yaml,train,87,4026.8513612747192,0.86728,0.5042,0.83126,0.84766,0.79218,0.85601,0.61347,0.83671,0.48251,0.82299,0.0001237838,0.0001237838,0.0001237838,,
yolo_yolov5n_20260720_105447,yolo,yolo_yolov5n_20260720_105447,yolov5n.pt,/root/autodl-fs/datasets/DAIR-V2X_YOLO/dairv2x.yaml,train,88,4072.5850138664246,0.86559,0.50263,0.83131,0.85563,0.7877,0.85555,0.61413,0.83523,0.48228,0.82287,0.00011553710000000001,0.00011553710000000001,0.00011553710000000001,,
yolo_yolov5n_20260720_105447,yolo,yolo_yolov5n_20260720_105447,yolov5n.pt,/root/autodl-fs/datasets/DAIR-V2X_YOLO/dairv2x.yaml,train,89,4118.1104056835175,0.86332,0.50158,0.83134,0.85234,0.78835,0.85501,0.61218,0.83594,0.48298,0.82278,0.0001072904,0.0001072904,0.0001072904,,
yolo_yolov5n_20260720_105447,yolo,yolo_yolov5n_20260720_105447,yolov5n.pt,/root/autodl-fs/datasets/DAIR-V2X_YOLO/dairv2x.yaml,train,90,4162.8438811302185,0.86451,0.50309,0.83161,0.85421,0.78903,0.85438,0.61348,0.83426,0.48144,0.82247,9.904369999999997e-05,9.904369999999997e-05,9.904369999999997e-05,,
yolo_yolov5n_20260720_105447,yolo,yolo_yolov5n_20260720_105447,yolov5n.pt,/root/autodl-fs/datasets/DAIR-V2X_YOLO/dairv2x.yaml,train,91,4203.789821147919,0.83634,0.48892,0.82637,0.84913,0.78734,0.85202,0.60691,0.84781,0.48974,0.82414,9.079699999999998e-05,9.079699999999998e-05,9.079699999999998e-05,,
yolo_yolov5n_20260720_105447,yolo,yolo_yolov5n_20260720_105447,yolov5n.pt,/root/autodl-fs/datasets/DAIR-V2X_YOLO/dairv2x.yaml,train,92,4243.476012706757,0.83051,0.48355,0.82439,0.85373,0.78693,0.85253,0.60863,0.84577,0.48879,0.82385,8.255029999999997e-05,8.255029999999997e-05,8.255029999999997e-05,,
yolo_yolov5n_20260720_105447,yolo,yolo_yolov5n_20260720_105447,yolov5n.pt,/root/autodl-fs/datasets/DAIR-V2X_YOLO/dairv2x.yaml,train,93,4282.954797506332,0.82408,0.48012,0.8243,0.84806,0.7891,0.85237,0.60781,0.8446,0.48738,0.82382,7.430359999999997e-05,7.430359999999997e-05,7.430359999999997e-05,,
yolo_yolov5n_20260720_105447,yolo,yolo_yolov5n_20260720_105447,yolov5n.pt,/root/autodl-fs/datasets/DAIR-V2X_YOLO/dairv2x.yaml,train,94,4322.185039758682,0.8207,0.47847,0.82462,0.84987,0.78951,0.85237,0.6082,0.84295,0.48705,0.82358,6.605689999999995e-05,6.605689999999995e-05,6.605689999999995e-05,,
yolo_yolov5n_20260720_105447,yolo,yolo_yolov5n_20260720_105447,yolov5n.pt,/root/autodl-fs/datasets/DAIR-V2X_YOLO/dairv2x.yaml,train,95,4363.189190626144,0.81987,0.47672,0.82369,0.85084,0.78745,0.85338,0.60904,0.84185,0.48726,0.82341,5.781020000000004e-05,5.781020000000004e-05,5.781020000000004e-05,,
yolo_yolov5n_20260720_105447,yolo,yolo_yolov5n_20260720_105447,yolov5n.pt,/root/autodl-fs/datasets/DAIR-V2X_YOLO/dairv2x.yaml,train,96,4402.945194005966,0.81768,0.47454,0.82352,0.85021,0.78547,0.85289,0.60851,0.84092,0.48584,0.82327,4.9563500000000035e-05,4.9563500000000035e-05,4.9563500000000035e-05,,
yolo_yolov5n_20260720_105447,yolo,yolo_yolov5n_20260720_105447,yolov5n.pt,/root/autodl-fs/datasets/DAIR-V2X_YOLO/dairv2x.yaml,train,97,4443.83940076828,0.81766,0.47425,0.82323,0.85158,0.78833,0.85316,0.60986,0.84093,0.48585,0.82327,4.131680000000003e-05,4.131680000000003e-05,4.131680000000003e-05,,
yolo_yolov5n_20260720_105447,yolo,yolo_yolov5n_20260720_105447,yolov5n.pt,/root/autodl-fs/datasets/DAIR-V2X_YOLO/dairv2x.yaml,train,98,4484.237138748169,0.81679,0.47489,0.82298,0.85225,0.78881,0.85319,0.6101,0.8401,0.48501,0.82322,3.307010000000002e-05,3.307010000000002e-05,3.307010000000002e-05,,
yolo_yolov5n_20260720_105447,yolo,yolo_yolov5n_20260720_105447,yolov5n.pt,/root/autodl-fs/datasets/DAIR-V2X_YOLO/dairv2x.yaml,train,99,4524.875765323639,0.81298,0.47234,0.82268,0.85208,0.7871,0.85235,0.60954,0.83962,0.48494,0.82308,2.4823400000000017e-05,2.4823400000000017e-05,2.4823400000000017e-05,,
yolo_yolov5n_20260720_105447,yolo,yolo_yolov5n_20260720_105447,yolov5n.pt,/root/autodl-fs/datasets/DAIR-V2X_YOLO/dairv2x.yaml,train,100,4564.672097682953,0.81303,0.4718,0.82288,0.85228,0.78687,0.85428,0.61048,0.83956,0.48449,0.82307,1.6576700000000007e-05,1.6576700000000007e-05,1.6576700000000007e-05,,
yolo_yolov5n_20260720_121934,yolo,yolo_yolov5n_20260720_121934,yolov5n.pt,/root/autodl-fs/datasets/UA-DETRAC_YOLO/data.yaml,train,1,50.4687705039978,1.09626,1.43758,0.97929,0.668,0.54766,0.57895,0.37054,1.13809,0.97241,0.97329,0.00041533546325878595,0.00041533546325878595,0.00041533546325878595,,
yolo_yolov5n_20260720_121934,yolo,yolo_yolov5n_20260720_121934,yolov5n.pt,/root/autodl-fs/datasets/UA-DETRAC_YOLO/data.yaml,train,2,88.06578946113586,0.99955,0.86555,0.94765,0.72019,0.65824,0.69296,0.47517,1.09764,0.84236,0.98169,0.0008237653088391906,0.0008237653088391906,0.0008237653088391906,,
yolo_yolov5n_20260720_121934,yolo,yolo_yolov5n_20260720_121934,yolov5n.pt,/root/autodl-fs/datasets/UA-DETRAC_YOLO/data.yaml,train,3,125.78532576560974,0.972,0.76978,0.94002,0.62534,0.63832,0.66789,0.46139,1.1066,0.76756,0.98171,0.0012239451544195953,0.0012239451544195953,0.0012239451544195953,,
yolo_yolov5n_20260720_121934,yolo,yolo_yolov5n_20260720_121934,yolov5n.pt,/root/autodl-fs/datasets/UA-DETRAC_YOLO/data.yaml,train,4,162.45640063285828,0.95247,0.71448,0.93512,0.66626,0.57325,0.66153,0.46333,1.07511,0.77486,0.97264,0.001212875,0.001212875,0.001212875,,
yolo_yolov5n_20260720_121934,yolo,yolo_yolov5n_20260720_121934,yolov5n.pt,/root/autodl-fs/datasets/UA-DETRAC_YOLO/data.yaml,train,5,199.1167573928833,0.92413,0.67021,0.93022,0.78948,0.59318,0.70186,0.50022,1.07,0.72257,0.97202,0.0012005,0.0012005,0.0012005,,
yolo_yolov5n_20260720_121934,yolo,yolo_yolov5n_20260720_121934,yolov5n.pt,/root/autodl-fs/datasets/UA-DETRAC_YOLO/data.yaml,train,6,235.50961470603943,0.90564,0.63924,0.92379,0.77404,0.65277,0.7116,0.48942,1.0753,0.78151,0.98035,0.001188125,0.001188125,0.001188125,,
yolo_yolov5n_20260720_121934,yolo,yolo_yolov5n_20260720_121934,yolov5n.pt,/root/autodl-fs/datasets/UA-DETRAC_YOLO/data.yaml,train,7,272.0456352233887,0.88685,0.62145,0.91997,0.81618,0.67189,0.74901,0.523,1.06848,0.71462,0.97565,0.00117575,0.00117575,0.00117575,,
yolo_yolov5n_20260720_121934,yolo,yolo_yolov5n_20260720_121934,yolov5n.pt,/root/autodl-fs/datasets/UA-DETRAC_YOLO/data.yaml,train,8,308.3389730453491,0.87872,0.60238,0.91732,0.81255,0.62563,0.71607,0.49899,1.06624,0.74987,0.9763,0.001163375,0.001163375,0.001163375,,
yolo_yolov5n_20260720_121934,yolo,yolo_yolov5n_20260720_121934,yolov5n.pt,/root/autodl-fs/datasets/UA-DETRAC_YOLO/data.yaml,train,9,345.31439685821533,0.86454,0.58766,0.91359,0.83416,0.68694,0.76561,0.5238,1.08888,0.71556,0.99032,0.0011510000000000001,0.0011510000000000001,0.0011510000000000001,,
yolo_yolov5n_20260720_121934,yolo,yolo_yolov5n_20260720_121934,yolov5n.pt,/root/autodl-fs/datasets/UA-DETRAC_YOLO/data.yaml,train,10,381.95908641815186,0.8542,0.5765,0.91055,0.83456,0.64524,0.73184,0.53516,1.03191,0.70839,0.96602,0.001138625,0.001138625,0.001138625,,
yolo_yolov5n_20260720_121934,yolo,yolo_yolov5n_20260720_121934,yolov5n.pt,/root/autodl-fs/datasets/UA-DETRAC_YOLO/data.yaml,train,11,418.31505250930786,0.84456,0.56747,0.9095,0.8577,0.6028,0.73843,0.52201,1.06172,0.7042,0.98067,0.00112625,0.00112625,0.00112625,,
yolo_yolov5n_20260720_121934,yolo,yolo_yolov5n_20260720_121934,yolov5n.pt,/root/autodl-fs/datasets/UA-DETRAC_YOLO/data.yaml,train,12,454.7832601070404,0.83598,0.55651,0.90577,0.84054,0.68821,0.78441,0.55023,1.09472,0.68154,0.99054,0.001113875,0.001113875,0.001113875,,
yolo_yolov5n_20260720_121934,yolo,yolo_yolov5n_20260720_121934,yolov5n.pt,/root/autodl-fs/datasets/UA-DETRAC_YOLO/data.yaml,train,13,491.114634513855,0.8336,0.5509,0.90462,0.82045,0.68854,0.76855,0.55545,1.02924,0.7019,0.96777,0.0011015,0.0011015,0.0011015,,
yolo_yolov5n_20260720_121934,yolo,yolo_yolov5n_20260720_121934,yolov5n.pt,/root/autodl-fs/datasets/UA-DETRAC_YOLO/data.yaml,train,14,527.4213244915009,0.82442,0.53987,0.90209,0.79103,0.66959,0.75917,0.55417,1.04738,0.69114,0.97094,0.001089125,0.001089125,0.001089125,,
yolo_yolov5n_20260720_121934,yolo,yolo_yolov5n_20260720_121934,yolov5n.pt,/root/autodl-fs/datasets/UA-DETRAC_YOLO/data.yaml,train,15,563.6188242435455,0.81613,0.53312,0.89797,0.83431,0.68067,0.76674,0.53624,1.05327,0.67163,0.97436,0.00107675,0.00107675,0.00107675,,
yolo_yolov5n_20260720_121934,yolo,yolo_yolov5n_20260720_121934,yolov5n.pt,/root/autodl-fs/datasets/UA-DETRAC_YOLO/data.yaml,train,16,599.691324710846,0.81341,0.52646,0.89895,0.85499,0.63662,0.76272,0.54772,1.06142,0.69311,0.97614,0.001064375,0.001064375,0.001064375,,
yolo_yolov5n_20260720_121934,yolo,yolo_yolov5n_20260720_121934,yolov5n.pt,/root/autodl-fs/datasets/UA-DETRAC_YOLO/data.yaml,train,17,635.978274345398,0.80611,0.52039,0.89623,0.86289,0.67463,0.77566,0.55686,1.01923,0.68317,0.96938,0.001052,0.001052,0.001052,,
yolo_yolov5n_20260720_121934,yolo,yolo_yolov5n_20260720_121934,yolov5n.pt,/root/autodl-fs/datasets/UA-DETRAC_YOLO/data.yaml,train,18,672.1582534313202,0.80421,0.51686,0.89577,0.83347,0.69363,0.76381,0.54938,1.04983,0.67604,0.97536,0.001039625,0.001039625,0.001039625,,
yolo_yolov5n_20260720_121934,yolo,yolo_yolov5n_20260720_121934,yolov5n.pt,/root/autodl-fs/datasets/UA-DETRAC_YOLO/data.yaml,train,19,708.2202262878418,0.79737,0.51114,0.89329,0.84147,0.68404,0.7769,0.55611,1.06526,0.67943,0.97912,0.0010272500000000002,0.0010272500000000002,0.0010272500000000002,,
yolo_yolov5n_20260720_121934,yolo,yolo_yolov5n_20260720_121934,yolov5n.pt,/root/autodl-fs/datasets/UA-DETRAC_YOLO/data.yaml,train,20,744.4366097450256,0.79341,0.50139,0.89382,0.815,0.65749,0.75525,0.53423,1.05989,0.65959,0.98037,0.0010148750000000002,0.0010148750000000002,0.0010148750000000002,,
yolo_yolov5n_20260720_121934,yolo,yolo_yolov5n_20260720_121934,yolov5n.pt,/root/autodl-fs/datasets/UA-DETRAC_YOLO/data.yaml,train,21,780.6659693717957,0.79109,0.50365,0.89283,0.79556,0.6635,0.77257,0.56616,1.03119,0.66291,0.97059,0.0010025000000000001,0.0010025000000000001,0.0010025000000000001,,
yolo_yolov5n_20260720_121934,yolo,yolo_yolov5n_20260720_121934,yolov5n.pt,/root/autodl-fs/datasets/UA-DETRAC_YOLO/data.yaml,train,22,816.8469157218933,0.78564,0.49538,0.89098,0.78522,0.68062,0.77248,0.55817,1.02059,0.70426,0.964,0.0009901250000000001,0.0009901250000000001,0.0009901250000000001,,
yolo_yolov5n_20260720_121934,yolo,yolo_yolov5n_20260720_121934,yolov5n.pt,/root/autodl-fs/datasets/UA-DETRAC_YOLO/data.yaml,train,23,852.7717378139496,0.7841,0.49678,0.89026,0.77718,0.64746,0.75162,0.54019,1.04854,0.69513,0.97762,0.00097775,0.00097775,0.00097775,,
yolo_yolov5n_20260720_121934,yolo,yolo_yolov5n_20260720_121934,yolov5n.pt,/root/autodl-fs/datasets/UA-DETRAC_YOLO/data.yaml,train,24,889.0151216983795,0.77993,0.4919,0.89059,0.81205,0.70181,0.77328,0.56501,1.02035,0.69481,0.96793,0.000965375,0.000965375,0.000965375,,
yolo_yolov5n_20260720_121934,yolo,yolo_yolov5n_20260720_121934,yolov5n.pt,/root/autodl-fs/datasets/UA-DETRAC_YOLO/data.yaml,train,25,924.8609220981598,0.77622,0.4889,0.88919,0.75243,0.70621,0.77658,0.56283,1.03961,0.68307,0.97597,0.000953,0.000953,0.000953,,
yolo_yolov5n_20260720_121934,yolo,yolo_yolov5n_20260720_121934,yolov5n.pt,/root/autodl-fs/datasets/UA-DETRAC_YOLO/data.yaml,train,26,960.7139225006104,0.77637,0.4851,0.88698,0.85959,0.6743,0.79898,0.57138,1.04381,0.65826,0.98242,0.000940625,0.000940625,0.000940625,,
yolo_yolov5n_20260720_121934,yolo,yolo_yolov5n_20260720_121934,yolov5n.pt,/root/autodl-fs/datasets/UA-DETRAC_YOLO/data.yaml,train,27,996.9360389709473,0.77136,0.48151,0.88772,0.79825,0.67805,0.76508,0.5557,1.0337,0.66383,0.97189,0.00092825,0.00092825,0.00092825,,
yolo_yolov5n_20260720_121934,yolo,yolo_yolov5n_20260720_121934,yolov5n.pt,/root/autodl-fs/datasets/UA-DETRAC_YOLO/data.yaml,train,28,1033.116956949234,0.7676,0.47791,0.88428,0.82253,0.67833,0.78297,0.5562,1.03476,0.63521,0.96981,0.000915875,0.000915875,0.000915875,,
yolo_yolov5n_20260720_121934,yolo,yolo_yolov5n_20260720_121934,yolov5n.pt,/root/autodl-fs/datasets/UA-DETRAC_YOLO/data.yaml,train,29,1069.5823533535004,0.76207,0.46937,0.88406,0.85143,0.66427,0.77133,0.55793,1.02497,0.63501,0.97003,0.0009035,0.0009035,0.0009035,,
yolo_yolov5n_20260720_121934,yolo,yolo_yolov5n_20260720_121934,yolov5n.pt,/root/autodl-fs/datasets/UA-DETRAC_YOLO/data.yaml,train,30,1106.48175573349,0.75949,0.46692,0.88455,0.80179,0.72233,0.78307,0.56572,1.02558,0.64384,0.97276,0.000891125,0.000891125,0.000891125,,
yolo_yolov5n_20260720_121934,yolo,yolo_yolov5n_20260720_121934,yolov5n.pt,/root/autodl-fs/datasets/UA-DETRAC_YOLO/data.yaml,train,31,1143.1684112548828,0.75936,0.46682,0.88244,0.88363,0.64099,0.77451,0.57106,1.03941,0.65206,0.9787,0.00087875,0.00087875,0.00087875,,
yolo_yolov5n_20260720_121934,yolo,yolo_yolov5n_20260720_121934,yolov5n.pt,/root/autodl-fs/datasets/UA-DETRAC_YOLO/data.yaml,train,32,1183.2376852035522,0.76113,0.46661,0.8839,0.86634,0.66699,0.78555,0.56172,1.02635,0.61342,0.96989,0.000866375,0.000866375,0.000866375,,
yolo_yolov5n_20260720_121934,yolo,yolo_yolov5n_20260720_121934,yolov5n.pt,/root/autodl-fs/datasets/UA-DETRAC_YOLO/data.yaml,train,33,1222.7660217285156,0.75519,0.46378,0.88232,0.86918,0.6539,0.78728,0.57363,1.02279,0.65616,0.96548,0.0008539999999999999,0.0008539999999999999,0.0008539999999999999,,
yolo_yolov5n_20260720_121934,yolo,yolo_yolov5n_20260720_121934,yolov5n.pt,/root/autodl-fs/datasets/UA-DETRAC_YOLO/data.yaml,train,34,1259.2657697200775,0.7484,0.45689,0.88173,0.82366,0.6739,0.78194,0.56403,1.03099,0.64174,0.97018,0.0008416249999999999,0.0008416249999999999,0.0008416249999999999,,
yolo_yolov5n_20260720_121934,yolo,yolo_yolov5n_20260720_121934,yolov5n.pt,/root/autodl-fs/datasets/UA-DETRAC_YOLO/data.yaml,train,35,1297.0001168251038,0.75057,0.45867,0.88274,0.79895,0.66453,0.76278,0.55531,1.02934,0.6668,0.9717,0.0008292499999999999,0.0008292499999999999,0.0008292499999999999,,
yolo_yolov5n_20260720_121934,yolo,yolo_yolov5n_20260720_121934,yolov5n.pt,/root/autodl-fs/datasets/UA-DETRAC_YOLO/data.yaml,train,36,1334.9910995960236,0.74561,0.45583,0.87968,0.87576,0.66458,0.78781,0.56819,1.02644,0.62512,0.96982,0.000816875,0.000816875,0.000816875,,
yolo_yolov5n_20260720_121934,yolo,yolo_yolov5n_20260720_121934,yolov5n.pt,/root/autodl-fs/datasets/UA-DETRAC_YOLO/data.yaml,train,37,1371.5564334392548,0.74724,0.45309,0.87915,0.88984,0.65572,0.77638,0.55585,1.04103,0.63605,0.97409,0.0008045000000000001,0.0008045000000000001,0.0008045000000000001,,
yolo_yolov5n_20260720_121934,yolo,yolo_yolov5n_20260720_121934,yolov5n.pt,/root/autodl-fs/datasets/UA-DETRAC_YOLO/data.yaml,train,38,1409.3710281848907,0.74499,0.45055,0.87843,0.78716,0.70523,0.7917,0.5741,1.02694,0.65984,0.96883,0.0007921250000000001,0.0007921250000000001,0.0007921250000000001,,
yolo_yolov5n_20260720_121934,yolo,yolo_yolov5n_20260720_121934,yolov5n.pt,/root/autodl-fs/datasets/UA-DETRAC_YOLO/data.yaml,train,39,1447.7319934368134,0.73906,0.44701,0.87833,0.85552,0.68469,0.79352,0.58197,1.00374,0.60929,0.96358,0.0007797500000000001,0.0007797500000000001,0.0007797500000000001,,
yolo_yolov5n_20260720_121934,yolo,yolo_yolov5n_20260720_121934,yolov5n.pt,/root/autodl-fs/datasets/UA-DETRAC_YOLO/data.yaml,train,40,1486.5620956420898,0.73931,0.44748,0.87725,0.76902,0.72801,0.79374,0.57245,1.01054,0.61297,0.96265,0.000767375,0.000767375,0.000767375,,
yolo_yolov5n_20260720_121934,yolo,yolo_yolov5n_20260720_121934,yolov5n.pt,/root/autodl-fs/datasets/UA-DETRAC_YOLO/data.yaml,train,41,1525.6808869838715,0.73919,0.44415,0.87728,0.7989,0.67928,0.7761,0.56743,1.03637,0.62606,0.97081,0.000755,0.000755,0.000755,,
yolo_yolov5n_20260720_121934,yolo,yolo_yolov5n_20260720_121934,yolov5n.pt,/root/autodl-fs/datasets/UA-DETRAC_YOLO/data.yaml,train,42,1562.1239104270935,0.73363,0.43996,0.87636,0.79484,0.6971,0.77769,0.56541,1.02605,0.65544,0.97276,0.0007426250000000001,0.0007426250000000001,0.0007426250000000001,,
yolo_yolov5n_20260720_121934,yolo,yolo_yolov5n_20260720_121934,yolov5n.pt,/root/autodl-fs/datasets/UA-DETRAC_YOLO/data.yaml,train,43,1599.8538565635681,0.73423,0.43929,0.87542,0.76774,0.69188,0.76337,0.55964,1.02412,0.63163,0.96637,0.0007302500000000001,0.0007302500000000001,0.0007302500000000001,,
yolo_yolov5n_20260720_121934,yolo,yolo_yolov5n_20260720_121934,yolov5n.pt,/root/autodl-fs/datasets/UA-DETRAC_YOLO/data.yaml,train,44,1641.4801909923553,0.73001,0.43897,0.87497,0.79558,0.69249,0.7753,0.56803,1.0217,0.69202,0.97112,0.0007178750000000001,0.0007178750000000001,0.0007178750000000001,,
yolo_yolov5n_20260720_121934,yolo,yolo_yolov5n_20260720_121934,yolov5n.pt,/root/autodl-fs/datasets/UA-DETRAC_YOLO/data.yaml,train,45,1683.1619112491608,0.73398,0.43814,0.8748,0.80608,0.71823,0.7933,0.57985,1.01923,0.62188,0.9658,0.0007055000000000001,0.0007055000000000001,0.0007055000000000001,,
yolo_yolov5n_20260720_121934,yolo,yolo_yolov5n_20260720_121934,yolov5n.pt,/root/autodl-fs/datasets/UA-DETRAC_YOLO/data.yaml,train,46,1724.8737902641296,0.72667,0.43313,0.87404,0.77966,0.71546,0.77815,0.56294,1.03028,0.68146,0.97736,0.0006931250000000001,0.0006931250000000001,0.0006931250000000001,,
yolo_yolov5n_20260720_121934,yolo,yolo_yolov5n_20260720_121934,yolov5n.pt,/root/autodl-fs/datasets/UA-DETRAC_YOLO/data.yaml,train,47,1768.3954091072083,0.72505,0.43056,0.87449,0.83076,0.68799,0.79309,0.58415,1.00959,0.62384,0.96774,0.0006807500000000001,0.0006807500000000001,0.0006807500000000001,,
yolo_yolov5n_20260720_121934,yolo,yolo_yolov5n_20260720_121934,yolov5n.pt,/root/autodl-fs/datasets/UA-DETRAC_YOLO/data.yaml,train,48,1804.9673609733582,0.72243,0.43271,0.87372,0.76205,0.70388,0.78626,0.57485,1.01697,0.66032,0.96689,0.0006683750000000001,0.0006683750000000001,0.0006683750000000001,,
yolo_yolov5n_20260720_121934,yolo,yolo_yolov5n_20260720_121934,yolov5n.pt,/root/autodl-fs/datasets/UA-DETRAC_YOLO/data.yaml,train,49,1841.9951672554016,0.72445,0.42814,0.87287,0.78298,0.70341,0.77986,0.57099,1.00689,0.62651,0.96445,0.0006560000000000001,0.0006560000000000001,0.0006560000000000001,,
yolo_yolov5n_20260720_121934,yolo,yolo_yolov5n_20260720_121934,yolov5n.pt,/root/autodl-fs/datasets/UA-DETRAC_YOLO/data.yaml,train,50,1879.1494660377502,0.72183,0.42468,0.87208,0.80145,0.71704,0.80144,0.58267,1.01462,0.63887,0.96753,0.000643625,0.000643625,0.000643625,,
yolo_yolov5n_20260720_121934,yolo,yolo_yolov5n_20260720_121934,yolov5n.pt,/root/autodl-fs/datasets/UA-DETRAC_YOLO/data.yaml,train,51,1920.5310089588165,0.72196,0.42611,0.87234,0.78553,0.70866,0.78892,0.58009,1.01981,0.6278,0.97114,0.00063125,0.00063125,0.00063125,,
yolo_yolov5n_20260720_121934,yolo,yolo_yolov5n_20260720_121934,yolov5n.pt,/root/autodl-fs/datasets/UA-DETRAC_YOLO/data.yaml,train,52,1961.6824238300323,0.71569,0.42189,0.87198,0.82414,0.69327,0.78121,0.56557,1.02353,0.59622,0.96965,0.000618875,0.000618875,0.000618875,,
yolo_yolov5n_20260720_121934,yolo,yolo_yolov5n_20260720_121934,yolov5n.pt,/root/autodl-fs/datasets/UA-DETRAC_YOLO/data.yaml,train,53,2000.4004666805267,0.71721,0.42033,0.87069,0.81561,0.67324,0.78083,0.5725,1.01789,0.63423,0.97034,0.0006064999999999999,0.0006064999999999999,0.0006064999999999999,,
yolo_yolov5n_20260720_121934,yolo,yolo_yolov5n_20260720_121934,yolov5n.pt,/root/autodl-fs/datasets/UA-DETRAC_YOLO/data.yaml,train,54,2041.0717260837555,0.71302,0.41778,0.87015,0.79772,0.71083,0.80381,0.59271,1.00969,0.62209,0.96482,0.000594125,0.000594125,0.000594125,,
yolo_yolov5n_20260720_121934,yolo,yolo_yolov5n_20260720_121934,yolov5n.pt,/root/autodl-fs/datasets/UA-DETRAC_YOLO/data.yaml,train,55,2079.206460952759,0.71208,0.4154,0.86989,0.79767,0.69688,0.79878,0.58765,1.0134,0.61446,0.9671,0.00058175,0.00058175,0.00058175,,
yolo_yolov5n_20260720_121934,yolo,yolo_yolov5n_20260720_121934,yolov5n.pt,/root/autodl-fs/datasets/UA-DETRAC_YOLO/data.yaml,train,56,2120.376231431961,0.71007,0.4139,0.86782,0.78787,0.72447,0.78024,0.56593,1.02525,0.59641,0.97152,0.000569375,0.000569375,0.000569375,,
yolo_yolov5n_20260720_121934,yolo,yolo_yolov5n_20260720_121934,yolov5n.pt,/root/autodl-fs/datasets/UA-DETRAC_YOLO/data.yaml,train,57,2162.399591445923,0.70997,0.41549,0.86995,0.82141,0.72302,0.81536,0.59856,1.00857,0.59865,0.96555,0.000557,0.000557,0.000557,,
yolo_yolov5n_20260720_121934,yolo,yolo_yolov5n_20260720_121934,yolov5n.pt,/root/autodl-fs/datasets/UA-DETRAC_YOLO/data.yaml,train,58,2203.104480981827,0.70558,0.41094,0.86807,0.82271,0.6981,0.79861,0.58238,1.02133,0.60817,0.96856,0.0005446250000000001,0.0005446250000000001,0.0005446250000000001,,
yolo_yolov5n_20260720_121934,yolo,yolo_yolov5n_20260720_121934,yolov5n.pt,/root/autodl-fs/datasets/UA-DETRAC_YOLO/data.yaml,train,59,2244.179110765457,0.70646,0.40937,0.86844,0.80484,0.71048,0.79571,0.58386,1.01822,0.61978,0.97006,0.0005322500000000001,0.0005322500000000001,0.0005322500000000001,,
yolo_yolov5n_20260720_121934,yolo,yolo_yolov5n_20260720_121934,yolov5n.pt,/root/autodl-fs/datasets/UA-DETRAC_YOLO/data.yaml,train,60,2281.3297457695007,0.70353,0.40965,0.86789,0.82086,0.70786,0.7854,0.57706,1.02281,0.6197,0.97246,0.000519875,0.000519875,0.000519875,,
yolo_yolov5n_20260720_121934,yolo,yolo_yolov5n_20260720_121934,yolov5n.pt,/root/autodl-fs/datasets/UA-DETRAC_YOLO/data.yaml,train,61,2319.1303215026855,0.70061,0.40445,0.86656,0.82369,0.6928,0.79054,0.58006,1.0319,0.61783,0.97224,0.0005075,0.0005075,0.0005075,,
yolo_yolov5n_20260720_121934,yolo,yolo_yolov5n_20260720_121934,yolov5n.pt,/root/autodl-fs/datasets/UA-DETRAC_YOLO/data.yaml,train,62,2357.273275613785,0.70399,0.40659,0.86776,0.82645,0.70613,0.7991,0.58746,1.00345,0.62207,0.9674,0.000495125,0.000495125,0.000495125,,
yolo_yolov5n_20260720_121934,yolo,yolo_yolov5n_20260720_121934,yolov5n.pt,/root/autodl-fs/datasets/UA-DETRAC_YOLO/data.yaml,train,63,2397.355886697769,0.70046,0.40318,0.86661,0.82665,0.68626,0.79807,0.58108,1.02181,0.63492,0.96952,0.00048275,0.00048275,0.00048275,,
yolo_yolov5n_20260720_121934,yolo,yolo_yolov5n_20260720_121934,yolov5n.pt,/root/autodl-fs/datasets/UA-DETRAC_YOLO/data.yaml,train,64,2438.8427696228027,0.69632,0.40348,0.86425,0.80945,0.71039,0.79792,0.58772,1.00947,0.61696,0.96635,0.00047037500000000004,0.00047037500000000004,0.00047037500000000004,,
yolo_yolov5n_20260720_121934,yolo,yolo_yolov5n_20260720_121934,yolov5n.pt,/root/autodl-fs/datasets/UA-DETRAC_YOLO/data.yaml,train,65,2480.618405342102,0.69609,0.40009,0.86557,0.78404,0.71509,0.77635,0.5736,1.018,0.65198,0.9704,0.000458,0.000458,0.000458,,
yolo_yolov5n_20260720_121934,yolo,yolo_yolov5n_20260720_121934,yolov5n.pt,/root/autodl-fs/datasets/UA-DETRAC_YOLO/data.yaml,train,66,2522.6980109214783,0.69343,0.40073,0.86588,0.81687,0.70667,0.7922,0.581,1.01024,0.63255,0.96631,0.000445625,0.000445625,0.000445625,,
yolo_yolov5n_20260720_121934,yolo,yolo_yolov5n_20260720_121934,yolov5n.pt,/root/autodl-fs/datasets/UA-DETRAC_YOLO/data.yaml,train,67,2563.435075044632,0.68932,0.39678,0.86302,0.79993,0.69472,0.78603,0.57927,1.01115,0.62975,0.97006,0.00043325,0.00043325,0.00043325,,
yolo_yolov5n_20260720_121934,yolo,yolo_yolov5n_20260720_121934,yolov5n.pt,/root/autodl-fs/datasets/UA-DETRAC_YOLO/data.yaml,train,68,2606.749053478241,0.69337,0.39685,0.86489,0.82408,0.69922,0.79476,0.58479,1.01052,0.62423,0.96714,0.0004208749999999999,0.0004208749999999999,0.0004208749999999999,,
yolo_yolov5n_20260720_121934,yolo,yolo_yolov5n_20260720_121934,yolov5n.pt,/root/autodl-fs/datasets/UA-DETRAC_YOLO/data.yaml,train,69,2647.8647961616516,0.69197,0.39747,0.86425,0.79718,0.70232,0.78436,0.57648,1.02668,0.63602,0.97016,0.0004085,0.0004085,0.0004085,,
yolo_yolov5n_20260720_121934,yolo,yolo_yolov5n_20260720_121934,yolov5n.pt,/root/autodl-fs/datasets/UA-DETRAC_YOLO/data.yaml,train,70,2684.867418050766,0.68671,0.39194,0.86323,0.78335,0.71802,0.8026,0.58775,1.0122,0.62379,0.96561,0.0003961250000000001,0.0003961250000000001,0.0003961250000000001,,
yolo_yolov5n_20260720_121934,yolo,yolo_yolov5n_20260720_121934,yolov5n.pt,/root/autodl-fs/datasets/UA-DETRAC_YOLO/data.yaml,train,71,2724.3600585460663,0.68471,0.39074,0.86272,0.84782,0.68165,0.79118,0.58029,1.01687,0.62945,0.97238,0.0003837500000000001,0.0003837500000000001,0.0003837500000000001,,
yolo_yolov5n_20260720_121934,yolo,yolo_yolov5n_20260720_121934,yolov5n.pt,/root/autodl-fs/datasets/UA-DETRAC_YOLO/data.yaml,train,72,2764.0384180545807,0.68635,0.38834,0.86105,0.84222,0.68197,0.78902,0.58485,1.02706,0.64499,0.97499,0.00037137500000000007,0.00037137500000000007,0.00037137500000000007,,
yolo_yolov5n_20260720_121934,yolo,yolo_yolov5n_20260720_121934,yolov5n.pt,/root/autodl-fs/datasets/UA-DETRAC_YOLO/data.yaml,train,73,2801.586836576462,0.68729,0.38881,0.86311,0.83337,0.68109,0.78281,0.57904,1.02286,0.62483,0.97452,0.000359,0.000359,0.000359,,
yolo_yolov5n_20260720_121934,yolo,yolo_yolov5n_20260720_121934,yolov5n.pt,/root/autodl-fs/datasets/UA-DETRAC_YOLO/data.yaml,train,74,2842.9622695446014,0.68192,0.38663,0.86022,0.80651,0.69656,0.77165,0.56571,1.01075,0.62203,0.97011,0.0003466250000000001,0.0003466250000000001,0.0003466250000000001,,
yolo_yolov5n_20260720_121934,yolo,yolo_yolov5n_20260720_121934,yolov5n.pt,/root/autodl-fs/datasets/UA-DETRAC_YOLO/data.yaml,train,75,2884.4130845069885,0.68496,0.38775,0.86191,0.82108,0.69939,0.79273,0.58426,1.01598,0.62621,0.97212,0.00033425,0.00033425,0.00033425,,
yolo_yolov5n_20260720_121934,yolo,yolo_yolov5n_20260720_121934,yolov5n.pt,/root/autodl-fs/datasets/UA-DETRAC_YOLO/data.yaml,train,76,2925.9663569927216,0.67938,0.38417,0.86069,0.81412,0.71169,0.79354,0.58063,1.02248,0.62576,0.97503,0.000321875,0.000321875,0.000321875,,
yolo_yolov5n_20260720_121934,yolo,yolo_yolov5n_20260720_121934,yolov5n.pt,/root/autodl-fs/datasets/UA-DETRAC_YOLO/data.yaml,train,77,2968.368590116501,0.67723,0.38543,0.85997,0.81449,0.71008,0.78172,0.56903,1.01906,0.6212,0.97239,0.0003095,0.0003095,0.0003095,,
yolo_yolov5n_20260720_121934,yolo,yolo_yolov5n_20260720_121934,yolov5n.pt,/root/autodl-fs/datasets/UA-DETRAC_YOLO/data.yaml,train,78,3009.9760308265686,0.67713,0.38278,0.86087,0.81162,0.70217,0.79041,0.5817,1.02437,0.61967,0.97407,0.000297125,0.000297125,0.000297125,,
yolo_yolov5n_20260720_121934,yolo,yolo_yolov5n_20260720_121934,yolov5n.pt,/root/autodl-fs/datasets/UA-DETRAC_YOLO/data.yaml,train,79,3052.509370803833,0.67712,0.38226,0.86128,0.81961,0.7088,0.79152,0.57962,1.01774,0.62387,0.97033,0.00028474999999999996,0.00028474999999999996,0.00028474999999999996,,
yolo_yolov5n_20260720_121934,yolo,yolo_yolov5n_20260720_121934,yolov5n.pt,/root/autodl-fs/datasets/UA-DETRAC_YOLO/data.yaml,train,80,3091.138256788254,0.67306,0.37932,0.85903,0.82291,0.70931,0.78719,0.58007,1.01115,0.62348,0.96526,0.000272375,0.000272375,0.000272375,,
yolo_yolov5n_20260720_121934,yolo,yolo_yolov5n_20260720_121934,yolov5n.pt,/root/autodl-fs/datasets/UA-DETRAC_YOLO/data.yaml,train,81,3131.6188027858734,0.66943,0.37729,0.85889,0.80929,0.70642,0.79454,0.58451,1.01663,0.62251,0.9701,0.00026,0.00026,0.00026,,
yolo_yolov5n_20260720_121934,yolo,yolo_yolov5n_20260720_121934,yolov5n.pt,/root/autodl-fs/datasets/UA-DETRAC_YOLO/data.yaml,train,82,3172.470188140869,0.67077,0.37534,0.85785,0.8336,0.70482,0.79786,0.5884,1.01179,0.62734,0.96922,0.0002476249999999999,0.0002476249999999999,0.0002476249999999999,,
yolo_yolov5n_20260720_121934,yolo,yolo_yolov5n_20260720_121934,yolov5n.pt,/root/autodl-fs/datasets/UA-DETRAC_YOLO/data.yaml,train,83,3212.235263824463,0.6711,0.37653,0.85814,0.82436,0.70736,0.79253,0.58242,1.01533,0.62408,0.9697,0.00023525000000000008,0.00023525000000000008,0.00023525000000000008,,
yolo_yolov5n_20260720_121934,yolo,yolo_yolov5n_20260720_121934,yolov5n.pt,/root/autodl-fs/datasets/UA-DETRAC_YOLO/data.yaml,train,84,3253.694218158722,0.66658,0.37257,0.85903,0.8202,0.70007,0.77819,0.57425,1.01479,0.63042,0.97088,0.00022287500000000006,0.00022287500000000006,0.00022287500000000006,,
yolo_yolov5n_20260720_121934,yolo,yolo_yolov5n_20260720_121934,yolov5n.pt,/root/autodl-fs/datasets/UA-DETRAC_YOLO/data.yaml,train,85,3295.8768215179443,0.66685,0.37304,0.85768,0.84104,0.69351,0.79404,0.58427,1.0134,0.61531,0.97042,0.00021050000000000008,0.00021050000000000008,0.00021050000000000008,,
yolo_yolov5n_20260720_121934,yolo,yolo_yolov5n_20260720_121934,yolov5n.pt,/root/autodl-fs/datasets/UA-DETRAC_YOLO/data.yaml,train,86,3337.5953092575073,0.66356,0.37141,0.8568,0.81593,0.70832,0.7989,0.58647,1.01455,0.61764,0.97122,0.00019812500000000003,0.00019812500000000003,0.00019812500000000003,,
yolo_yolov5n_20260720_121934,yolo,yolo_yolov5n_20260720_121934,yolov5n.pt,/root/autodl-fs/datasets/UA-DETRAC_YOLO/data.yaml,train,87,3378.9536592960358,0.66264,0.36951,0.85772,0.81633,0.7006,0.79156,0.58337,1.01294,0.62484,0.97009,0.00018575000000000002,0.00018575000000000002,0.00018575000000000002,,
yolo_yolov5n_20260720_121934,yolo,yolo_yolov5n_20260720_121934,yolov5n.pt,/root/autodl-fs/datasets/UA-DETRAC_YOLO/data.yaml,train,88,3420.6714537143707,0.66373,0.36937,0.85763,0.83114,0.6936,0.78974,0.58064,1.01464,0.61572,0.9715,0.00017337500000000003,0.00017337500000000003,0.00017337500000000003,,
yolo_yolov5n_20260720_121934,yolo,yolo_yolov5n_20260720_121934,yolov5n.pt,/root/autodl-fs/datasets/UA-DETRAC_YOLO/data.yaml,train,89,3461.764124393463,0.66409,0.36941,0.85674,0.83583,0.69891,0.79355,0.58427,1.01412,0.62265,0.96894,0.000161,0.000161,0.000161,,
yolo_yolov5n_20260720_121934,yolo,yolo_yolov5n_20260720_121934,yolov5n.pt,/root/autodl-fs/datasets/UA-DETRAC_YOLO/data.yaml,train,90,3503.517816543579,0.65858,0.36644,0.85737,0.82667,0.69659,0.78732,0.58103,1.01876,0.63262,0.97247,0.00014862499999999997,0.00014862499999999997,0.00014862499999999997,,
yolo_yolov5n_20260720_121934,yolo,yolo_yolov5n_20260720_121934,yolov5n.pt,/root/autodl-fs/datasets/UA-DETRAC_YOLO/data.yaml,train,91,3541.4710187911987,0.65373,0.34726,0.84903,0.8201,0.69826,0.78699,0.57942,1.0211,0.63335,0.97338,0.00013624999999999998,0.00013624999999999998,0.00013624999999999998,,
yolo_yolov5n_20260720_121934,yolo,yolo_yolov5n_20260720_121934,yolov5n.pt,/root/autodl-fs/datasets/UA-DETRAC_YOLO/data.yaml,train,92,3580.2962703704834,0.64355,0.33793,0.84655,0.83832,0.68311,0.78551,0.57846,1.01822,0.64248,0.97248,0.00012387499999999996,0.00012387499999999996,0.00012387499999999996,,
yolo_yolov5n_20260720_121934,yolo,yolo_yolov5n_20260720_121934,yolov5n.pt,/root/autodl-fs/datasets/UA-DETRAC_YOLO/data.yaml,train,93,3619.776632785797,0.64058,0.33675,0.8453,0.81504,0.69274,0.78446,0.5781,1.01726,0.64821,0.97186,0.00011149999999999995,0.00011149999999999995,0.00011149999999999995,,
yolo_yolov5n_20260720_121934,yolo,yolo_yolov5n_20260720_121934,yolov5n.pt,/root/autodl-fs/datasets/UA-DETRAC_YOLO/data.yaml,train,94,3657.7827513217926,0.63614,0.33217,0.84451,0.81047,0.70168,0.78525,0.5761,1.01688,0.64329,0.97134,9.912499999999993e-05,9.912499999999993e-05,9.912499999999993e-05,,
yolo_yolov5n_20260720_121934,yolo,yolo_yolov5n_20260720_121934,yolov5n.pt,/root/autodl-fs/datasets/UA-DETRAC_YOLO/data.yaml,train,95,3695.6075932979584,0.63279,0.33124,0.8438,0.82224,0.69614,0.78321,0.57567,1.01612,0.64421,0.97139,8.675000000000006e-05,8.675000000000006e-05,8.675000000000006e-05,,
yolo_yolov5n_20260720_121934,yolo,yolo_yolov5n_20260720_121934,yolov5n.pt,/root/autodl-fs/datasets/UA-DETRAC_YOLO/data.yaml,train,96,3734.2211179733276,0.63225,0.32927,0.8437,0.81792,0.70167,0.78158,0.57511,1.01846,0.64227,0.97232,7.437500000000006e-05,7.437500000000006e-05,7.437500000000006e-05,,
yolo_yolov5n_20260720_121934,yolo,yolo_yolov5n_20260720_121934,yolov5n.pt,/root/autodl-fs/datasets/UA-DETRAC_YOLO/data.yaml,train,97,3772.229512691498,0.63008,0.32793,0.84304,0.81135,0.70081,0.77971,0.57352,1.01649,0.65423,0.97162,6.200000000000006e-05,6.200000000000006e-05,6.200000000000006e-05,,
yolo_yolov5n_20260720_121934,yolo,yolo_yolov5n_20260720_121934,yolov5n.pt,/root/autodl-fs/datasets/UA-DETRAC_YOLO/data.yaml,train,98,3810.8254675865173,0.6306,0.32747,0.84248,0.8208,0.70079,0.78458,0.57622,1.01848,0.6554,0.97143,4.9625000000000034e-05,4.9625000000000034e-05,4.9625000000000034e-05,,
yolo_yolov5n_20260720_121934,yolo,yolo_yolov5n_20260720_121934,yolov5n.pt,/root/autodl-fs/datasets/UA-DETRAC_YOLO/data.yaml,train,99,3848.217252254486,0.62878,0.32505,0.84147,0.81718,0.70921,0.78791,0.57885,1.01879,0.65305,0.97112,3.7250000000000025e-05,3.7250000000000025e-05,3.7250000000000025e-05,,
yolo_yolov5n_20260720_121934,yolo,yolo_yolov5n_20260720_121934,yolov5n.pt,/root/autodl-fs/datasets/UA-DETRAC_YOLO/data.yaml,train,100,3886.2387721538544,0.62429,0.32176,0.8421,0.81996,0.70266,0.78559,0.57839,1.01872,0.65224,0.97134,2.4875000000000012e-05,2.4875000000000012e-05,2.4875000000000012e-05,,
yolo_yolov5s_20260720_133246,yolo,yolo_yolov5s_20260720_133246,yolov5s.pt,/root/autodl-fs/datasets/DAIR-V2X_YOLO/dairv2x.yaml,train,1,75.80329823493958,1.23251,1.10056,0.92564,0.77137,0.68535,0.74634,0.48074,1.02865,0.6559,0.86261,0.0002767879746835443,0.0002767879746835443,0.0002767879746835443,,
yolo_yolov5s_20260720_133246,yolo,yolo_yolov5s_20260720_133246,yolov5s.pt,/root/autodl-fs/datasets/DAIR-V2X_YOLO/dairv2x.yaml,train,2,145.53307151794434,1.07024,0.68561,0.87297,0.80295,0.72203,0.79137,0.52506,0.97729,0.60046,0.84875,0.0005489655404008439,0.0005489655404008439,0.0005489655404008439,,
yolo_yolov5s_20260720_133246,yolo,yolo_yolov5s_20260720_133246,yolov5s.pt,/root/autodl-fs/datasets/DAIR-V2X_YOLO/dairv2x.yaml,train,3,215.9917438030243,1.03152,0.64024,0.86367,0.81385,0.73766,0.80312,0.5433,0.95497,0.58032,0.84601,0.0008156453061181434,0.0008156453061181434,0.0008156453061181434,,
yolo_yolov5s_20260720_133246,yolo,yolo_yolov5s_20260720_133246,yolov5s.pt,/root/autodl-fs/datasets/DAIR-V2X_YOLO/dairv2x.yaml,train,4,286.2307765483856,1.0044,0.61442,0.85822,0.82468,0.74112,0.80744,0.55109,0.93989,0.56377,0.84332,0.0008082599,0.0008082599,0.0008082599,,
yolo_yolov5s_20260720_133246,yolo,yolo_yolov5s_20260720_133246,yolov5s.pt,/root/autodl-fs/datasets/DAIR-V2X_YOLO/dairv2x.yaml,train,5,356.77568459510803,0.98503,0.59821,0.85544,0.8149,0.7497,0.80757,0.55172,0.93559,0.56197,0.84194,0.0008000131999999999,0.0008000131999999999,0.0008000131999999999,,
yolo_yolov5s_20260720_133246,yolo,yolo_yolov5s_20260720_133246,yolov5s.pt,/root/autodl-fs/datasets/DAIR-V2X_YOLO/dairv2x.yaml,train,6,427.13787364959717,0.96444,0.57857,0.85084,0.80627,0.77763,0.82757,0.57102,0.90194,0.53675,0.83737,0.0007917665,0.0007917665,0.0007917665,,
yolo_yolov5s_20260720_133246,yolo,yolo_yolov5s_20260720_133246,yolov5s.pt,/root/autodl-fs/datasets/DAIR-V2X_YOLO/dairv2x.yaml,train,7,498.1668565273285,0.9565,0.57368,0.84978,0.82102,0.77426,0.82329,0.57336,0.89185,0.5297,0.83703,0.0007835197999999999,0.0007835197999999999,0.0007835197999999999,,
yolo_yolov5s_20260720_133246,yolo,yolo_yolov5s_20260720_133246,yolov5s.pt,/root/autodl-fs/datasets/DAIR-V2X_YOLO/dairv2x.yaml,train,8,566.8081023693085,0.94269,0.562,0.84767,0.84467,0.76523,0.83792,0.59102,0.8788,0.51458,0.83296,0.0007752731,0.0007752731,0.0007752731,,
yolo_yolov5s_20260720_133246,yolo,yolo_yolov5s_20260720_133246,yolov5s.pt,/root/autodl-fs/datasets/DAIR-V2X_YOLO/dairv2x.yaml,train,9,637.0527603626251,0.93307,0.5571,0.84531,0.83204,0.78065,0.83805,0.59076,0.87797,0.51923,0.83309,0.0007670264,0.0007670264,0.0007670264,,
yolo_yolov5s_20260720_133246,yolo,yolo_yolov5s_20260720_133246,yolov5s.pt,/root/autodl-fs/datasets/DAIR-V2X_YOLO/dairv2x.yaml,train,10,709.3527085781097,0.92853,0.55326,0.84511,0.83086,0.78484,0.84199,0.59209,0.87395,0.51189,0.83155,0.0007587797,0.0007587797,0.0007587797,,
yolo_yolov5s_20260720_133246,yolo,yolo_yolov5s_20260720_133246,yolov5s.pt,/root/autodl-fs/datasets/DAIR-V2X_YOLO/dairv2x.yaml,train,11,781.7112212181091,0.91997,0.54701,0.84361,0.84034,0.77421,0.8366,0.59094,0.87693,0.51077,0.83318,0.000750533,0.000750533,0.000750533,,
yolo_yolov5s_20260720_133246,yolo,yolo_yolov5s_20260720_133246,yolov5s.pt,/root/autodl-fs/datasets/DAIR-V2X_YOLO/dairv2x.yaml,train,12,854.2317366600037,0.90928,0.53728,0.84159,0.84416,0.78553,0.84921,0.60208,0.85843,0.49957,0.82812,0.0007422863,0.0007422863,0.0007422863,,
yolo_yolov5s_20260720_133246,yolo,yolo_yolov5s_20260720_133246,yolov5s.pt,/root/autodl-fs/datasets/DAIR-V2X_YOLO/dairv2x.yaml,train,13,922.8959562778473,0.90553,0.53863,0.84152,0.8339,0.79461,0.84859,0.59455,0.86941,0.50908,0.83243,0.0007340396,0.0007340396,0.0007340396,,
yolo_yolov5s_20260720_133246,yolo,yolo_yolov5s_20260720_133246,yolov5s.pt,/root/autodl-fs/datasets/DAIR-V2X_YOLO/dairv2x.yaml,train,14,991.8703618049622,0.90184,0.53153,0.84015,0.82421,0.7916,0.84471,0.60432,0.85748,0.50322,0.82948,0.0007257928999999999,0.0007257928999999999,0.0007257928999999999,,
yolo_yolov5s_20260720_133246,yolo,yolo_yolov5s_20260720_133246,yolov5s.pt,/root/autodl-fs/datasets/DAIR-V2X_YOLO/dairv2x.yaml,train,15,1060.4367425441742,0.89528,0.52752,0.83734,0.85043,0.78816,0.85328,0.61067,0.85002,0.49449,0.82918,0.0007175462,0.0007175462,0.0007175462,,
yolo_yolov5s_20260720_133246,yolo,yolo_yolov5s_20260720_133246,yolov5s.pt,/root/autodl-fs/datasets/DAIR-V2X_YOLO/dairv2x.yaml,train,16,1129.1896097660065,0.88942,0.52017,0.83824,0.847,0.79861,0.85894,0.61832,0.83478,0.4828,0.82595,0.0007092995,0.0007092995,0.0007092995,,
yolo_yolov5s_20260720_133246,yolo,yolo_yolov5s_20260720_133246,yolov5s.pt,/root/autodl-fs/datasets/DAIR-V2X_YOLO/dairv2x.yaml,train,17,1197.733500957489,0.87853,0.51321,0.83627,0.85193,0.7952,0.85908,0.61841,0.83524,0.48166,0.82536,0.0007010528,0.0007010528,0.0007010528,,
yolo_yolov5s_20260720_133246,yolo,yolo_yolov5s_20260720_133246,yolov5s.pt,/root/autodl-fs/datasets/DAIR-V2X_YOLO/dairv2x.yaml,train,18,1266.4282789230347,0.88416,0.51769,0.8366,0.848,0.80278,0.86022,0.61799,0.84222,0.48883,0.82628,0.0006928061,0.0006928061,0.0006928061,,
yolo_yolov5s_20260720_133246,yolo,yolo_yolov5s_20260720_133246,yolov5s.pt,/root/autodl-fs/datasets/DAIR-V2X_YOLO/dairv2x.yaml,train,19,1335.0842866897583,0.87437,0.51372,0.83569,0.85216,0.79686,0.85997,0.62083,0.8272,0.47908,0.82477,0.0006845594000000001,0.0006845594000000001,0.0006845594000000001,,
yolo_yolov5s_20260720_133246,yolo,yolo_yolov5s_20260720_133246,yolov5s.pt,/root/autodl-fs/datasets/DAIR-V2X_YOLO/dairv2x.yaml,train,20,1404.043578863144,0.87197,0.51188,0.8349,0.84691,0.80743,0.85938,0.61352,0.83308,0.48587,0.82451,0.0006763127,0.0006763127,0.0006763127,,
yolo_yolov5s_20260720_133246,yolo,yolo_yolov5s_20260720_133246,yolov5s.pt,/root/autodl-fs/datasets/DAIR-V2X_YOLO/dairv2x.yaml,train,21,1472.749766588211,0.87112,0.51165,0.83415,0.85056,0.79783,0.86079,0.62468,0.82616,0.48113,0.82345,0.000668066,0.000668066,0.000668066,,
yolo_yolov5s_20260720_133246,yolo,yolo_yolov5s_20260720_133246,yolov5s.pt,/root/autodl-fs/datasets/DAIR-V2X_YOLO/dairv2x.yaml,train,22,1541.2678792476654,0.86209,0.50304,0.83313,0.85191,0.80679,0.86125,0.62129,0.82426,0.4773,0.8238,0.0006598193,0.0006598193,0.0006598193,,
yolo_yolov5s_20260720_133246,yolo,yolo_yolov5s_20260720_133246,yolov5s.pt,/root/autodl-fs/datasets/DAIR-V2X_YOLO/dairv2x.yaml,train,23,1609.9588332176208,0.86094,0.50067,0.83245,0.85833,0.80431,0.86501,0.62207,0.82974,0.47869,0.82424,0.0006515726,0.0006515726,0.0006515726,,
yolo_yolov5s_20260720_133246,yolo,yolo_yolov5s_20260720_133246,yolov5s.pt,/root/autodl-fs/datasets/DAIR-V2X_YOLO/dairv2x.yaml,train,24,1678.7234737873077,0.8572,0.50083,0.83295,0.83551,0.81387,0.86278,0.62633,0.8136,0.47462,0.82139,0.0006433259,0.0006433259,0.0006433259,,
yolo_yolov5s_20260720_133246,yolo,yolo_yolov5s_20260720_133246,yolov5s.pt,/root/autodl-fs/datasets/DAIR-V2X_YOLO/dairv2x.yaml,train,25,1749.8392951488495,0.85992,0.50244,0.83259,0.84311,0.81033,0.8628,0.62243,0.82347,0.47843,0.82324,0.0006350791999999999,0.0006350791999999999,0.0006350791999999999,,
yolo_yolov5s_20260720_133246,yolo,yolo_yolov5s_20260720_133246,yolov5s.pt,/root/autodl-fs/datasets/DAIR-V2X_YOLO/dairv2x.yaml,train,26,1822.6642010211945,0.85344,0.49632,0.83176,0.85761,0.80703,0.86423,0.62828,0.81349,0.4698,0.821,0.0006268325,0.0006268325,0.0006268325,,
yolo_yolov5s_20260720_133246,yolo,yolo_yolov5s_20260720_133246,yolov5s.pt,/root/autodl-fs/datasets/DAIR-V2X_YOLO/dairv2x.yaml,train,27,1891.478451013565,0.85056,0.49534,0.8303,0.86434,0.80234,0.86601,0.62591,0.81693,0.46976,0.82199,0.0006185858,0.0006185858,0.0006185858,,
yolo_yolov5s_20260720_133246,yolo,yolo_yolov5s_20260720_133246,yolov5s.pt,/root/autodl-fs/datasets/DAIR-V2X_YOLO/dairv2x.yaml,train,28,1961.7012898921967,0.85381,0.49819,0.83197,0.86238,0.8162,0.86938,0.63467,0.80546,0.4645,0.82086,0.0006103391,0.0006103391,0.0006103391,,
yolo_yolov5s_20260720_133246,yolo,yolo_yolov5s_20260720_133246,yolov5s.pt,/root/autodl-fs/datasets/DAIR-V2X_YOLO/dairv2x.yaml,train,29,2034.3059146404266,0.84656,0.49266,0.83038,0.86738,0.80576,0.86916,0.63523,0.80874,0.46194,0.82063,0.0006020924,0.0006020924,0.0006020924,,
yolo_yolov5s_20260720_133246,yolo,yolo_yolov5s_20260720_133246,yolov5s.pt,/root/autodl-fs/datasets/DAIR-V2X_YOLO/dairv2x.yaml,train,30,2110.3005023002625,0.84073,0.48766,0.82924,0.86273,0.80158,0.86832,0.63724,0.80073,0.46368,0.82046,0.0005938457,0.0005938457,0.0005938457,,
yolo_yolov5s_20260720_133246,yolo,yolo_yolov5s_20260720_133246,yolov5s.pt,/root/autodl-fs/datasets/DAIR-V2X_YOLO/dairv2x.yaml,train,31,2180.6867809295654,0.84256,0.48894,0.82944,0.85146,0.81539,0.86942,0.63747,0.80385,0.46235,0.82005,0.0005855989999999999,0.0005855989999999999,0.0005855989999999999,,
yolo_yolov5s_20260720_133246,yolo,yolo_yolov5s_20260720_133246,yolov5s.pt,/root/autodl-fs/datasets/DAIR-V2X_YOLO/dairv2x.yaml,train,32,2249.9142577648163,0.83614,0.48567,0.8286,0.85664,0.80963,0.87077,0.63747,0.80909,0.4649,0.8201,0.0005773522999999999,0.0005773522999999999,0.0005773522999999999,,
yolo_yolov5s_20260720_133246,yolo,yolo_yolov5s_20260720_133246,yolov5s.pt,/root/autodl-fs/datasets/DAIR-V2X_YOLO/dairv2x.yaml,train,33,2320.670690059662,0.83557,0.48402,0.82853,0.86833,0.80114,0.87023,0.63653,0.80924,0.46272,0.82063,0.0005691056,0.0005691056,0.0005691056,,
yolo_yolov5s_20260720_133246,yolo,yolo_yolov5s_20260720_133246,yolov5s.pt,/root/autodl-fs/datasets/DAIR-V2X_YOLO/dairv2x.yaml,train,34,2392.4457178115845,0.83271,0.48492,0.82834,0.86368,0.81257,0.87374,0.63982,0.80173,0.46021,0.81833,0.0005608588999999999,0.0005608588999999999,0.0005608588999999999,,
yolo_yolov5s_20260720_133246,yolo,yolo_yolov5s_20260720_133246,yolov5s.pt,/root/autodl-fs/datasets/DAIR-V2X_YOLO/dairv2x.yaml,train,35,2462.7076041698456,0.82973,0.47956,0.82798,0.85866,0.81255,0.87126,0.64405,0.79531,0.4556,0.81867,0.0005526121999999999,0.0005526121999999999,0.0005526121999999999,,
yolo_yolov5s_20260720_133246,yolo,yolo_yolov5s_20260720_133246,yolov5s.pt,/root/autodl-fs/datasets/DAIR-V2X_YOLO/dairv2x.yaml,train,36,2532.886590719223,0.82866,0.48048,0.82736,0.85591,0.81335,0.87182,0.64019,0.79646,0.45512,0.819,0.0005443655,0.0005443655,0.0005443655,,
yolo_yolov5s_20260720_133246,yolo,yolo_yolov5s_20260720_133246,yolov5s.pt,/root/autodl-fs/datasets/DAIR-V2X_YOLO/dairv2x.yaml,train,37,2603.003100633621,0.82901,0.48033,0.82675,0.85123,0.81768,0.86774,0.63736,0.79521,0.45668,0.81893,0.0005361188,0.0005361188,0.0005361188,,
yolo_yolov5s_20260720_133246,yolo,yolo_yolov5s_20260720_133246,yolov5s.pt,/root/autodl-fs/datasets/DAIR-V2X_YOLO/dairv2x.yaml,train,38,2674.266480922699,0.82883,0.47849,0.82706,0.86642,0.80877,0.87067,0.64034,0.7959,0.45504,0.81861,0.0005278721,0.0005278721,0.0005278721,,
yolo_yolov5s_20260720_133246,yolo,yolo_yolov5s_20260720_133246,yolov5s.pt,/root/autodl-fs/datasets/DAIR-V2X_YOLO/dairv2x.yaml,train,39,2745.128655910492,0.82311,0.47723,0.82663,0.85955,0.81807,0.87439,0.64265,0.79137,0.45305,0.81781,0.0005196254,0.0005196254,0.0005196254,,
yolo_yolov5s_20260720_133246,yolo,yolo_yolov5s_20260720_133246,yolov5s.pt,/root/autodl-fs/datasets/DAIR-V2X_YOLO/dairv2x.yaml,train,40,2816.065021753311,0.82379,0.47639,0.82558,0.8575,0.81509,0.87201,0.63848,0.79363,0.45399,0.81819,0.0005113787,0.0005113787,0.0005113787,,
yolo_yolov5s_20260720_133246,yolo,yolo_yolov5s_20260720_133246,yolov5s.pt,/root/autodl-fs/datasets/DAIR-V2X_YOLO/dairv2x.yaml,train,41,2887.082891225815,0.81984,0.47178,0.82675,0.86451,0.81573,0.87359,0.64251,0.79065,0.45097,0.81751,0.000503132,0.000503132,0.000503132,,
yolo_yolov5s_20260720_133246,yolo,yolo_yolov5s_20260720_133246,yolov5s.pt,/root/autodl-fs/datasets/DAIR-V2X_YOLO/dairv2x.yaml,train,42,2958.054129600525,0.81794,0.47037,0.82512,0.86184,0.81865,0.87233,0.64427,0.78845,0.44892,0.81764,0.0004948853,0.0004948853,0.0004948853,,
yolo_yolov5s_20260720_133246,yolo,yolo_yolov5s_20260720_133246,yolov5s.pt,/root/autodl-fs/datasets/DAIR-V2X_YOLO/dairv2x.yaml,train,43,3029.0300674438477,0.81434,0.46739,0.82506,0.86516,0.8159,0.87016,0.64405,0.78673,0.44861,0.81695,0.00048663860000000005,0.00048663860000000005,0.00048663860000000005,,
yolo_yolov5s_20260720_133246,yolo,yolo_yolov5s_20260720_133246,yolov5s.pt,/root/autodl-fs/datasets/DAIR-V2X_YOLO/dairv2x.yaml,train,44,3100.9947559833527,0.81447,0.46794,0.82425,0.86866,0.81786,0.87591,0.64612,0.78317,0.44478,0.81667,0.00047839190000000003,0.00047839190000000003,0.00047839190000000003,,
yolo_yolov5s_20260720_133246,yolo,yolo_yolov5s_20260720_133246,yolov5s.pt,/root/autodl-fs/datasets/DAIR-V2X_YOLO/dairv2x.yaml,train,45,3171.3168144226074,0.811,0.46634,0.82366,0.8624,0.8208,0.87684,0.64613,0.7866,0.44563,0.81676,0.0004701452,0.0004701452,0.0004701452,,
yolo_yolov5s_20260720_133246,yolo,yolo_yolov5s_20260720_133246,yolov5s.pt,/root/autodl-fs/datasets/DAIR-V2X_YOLO/dairv2x.yaml,train,46,3241.0503253936768,0.80873,0.46373,0.82443,0.8645,0.82302,0.88009,0.64944,0.78487,0.44478,0.81602,0.0004618985,0.0004618985,0.0004618985,,
yolo_yolov5s_20260720_133246,yolo,yolo_yolov5s_20260720_133246,yolov5s.pt,/root/autodl-fs/datasets/DAIR-V2X_YOLO/dairv2x.yaml,train,47,3311.928256750107,0.80946,0.46417,0.8231,0.85709,0.82184,0.87527,0.64626,0.78117,0.4448,0.81621,0.00045365180000000007,0.00045365180000000007,0.00045365180000000007,,
yolo_yolov5s_20260720_133246,yolo,yolo_yolov5s_20260720_133246,yolov5s.pt,/root/autodl-fs/datasets/DAIR-V2X_YOLO/dairv2x.yaml,train,48,3382.8415513038635,0.80863,0.46504,0.82432,0.87165,0.81743,0.87597,0.6493,0.7798,0.445,0.81577,0.00044540510000000004,0.00044540510000000004,0.00044540510000000004,,
yolo_yolov5s_20260720_133246,yolo,yolo_yolov5s_20260720_133246,yolov5s.pt,/root/autodl-fs/datasets/DAIR-V2X_YOLO/dairv2x.yaml,train,49,3455.2719395160675,0.80749,0.46181,0.82393,0.8646,0.82604,0.87792,0.65315,0.77388,0.43878,0.8153,0.0004371584,0.0004371584,0.0004371584,,
yolo_yolov5s_20260720_133246,yolo,yolo_yolov5s_20260720_133246,yolov5s.pt,/root/autodl-fs/datasets/DAIR-V2X_YOLO/dairv2x.yaml,train,50,3526.6523637771606,0.80274,0.45973,0.82318,0.86076,0.82168,0.87892,0.65252,0.77596,0.44088,0.8155,0.0004289117,0.0004289117,0.0004289117,,
yolo_yolov5s_20260720_133246,yolo,yolo_yolov5s_20260720_133246,yolov5s.pt,/root/autodl-fs/datasets/DAIR-V2X_YOLO/dairv2x.yaml,train,51,3595.442458629608,0.80286,0.45919,0.82283,0.86335,0.8158,0.88004,0.65101,0.77541,0.43893,0.81559,0.00042066499999999997,0.00042066499999999997,0.00042066499999999997,,
yolo_yolov5s_20260720_133246,yolo,yolo_yolov5s_20260720_133246,yolov5s.pt,/root/autodl-fs/datasets/DAIR-V2X_YOLO/dairv2x.yaml,train,52,3667.784989595413,0.79906,0.45652,0.82256,0.85974,0.82516,0.87852,0.65276,0.77457,0.43853,0.81552,0.00041241829999999995,0.00041241829999999995,0.00041241829999999995,,
yolo_yolov5s_20260720_133246,yolo,yolo_yolov5s_20260720_133246,yolov5s.pt,/root/autodl-fs/datasets/DAIR-V2X_YOLO/dairv2x.yaml,train,53,3738.462107181549,0.79963,0.45889,0.82215,0.86439,0.82056,0.87639,0.65093,0.77668,0.44034,0.81515,0.0004041716,0.0004041716,0.0004041716,,
yolo_yolov5s_20260720_133246,yolo,yolo_yolov5s_20260720_133246,yolov5s.pt,/root/autodl-fs/datasets/DAIR-V2X_YOLO/dairv2x.yaml,train,54,3808.6133918762207,0.79943,0.45548,0.82299,0.86855,0.81875,0.87977,0.65307,0.77179,0.44061,0.81511,0.0003959249,0.0003959249,0.0003959249,,
yolo_yolov5s_20260720_133246,yolo,yolo_yolov5s_20260720_133246,yolov5s.pt,/root/autodl-fs/datasets/DAIR-V2X_YOLO/dairv2x.yaml,train,55,3879.848804473877,0.7966,0.45503,0.82154,0.86001,0.82535,0.87904,0.65222,0.77239,0.43813,0.81545,0.0003876782,0.0003876782,0.0003876782,,
yolo_yolov5s_20260720_133246,yolo,yolo_yolov5s_20260720_133246,yolov5s.pt,/root/autodl-fs/datasets/DAIR-V2X_YOLO/dairv2x.yaml,train,56,3950.4628913402557,0.79607,0.45475,0.82208,0.87223,0.81725,0.87853,0.65373,0.77048,0.43762,0.81501,0.00037943149999999996,0.00037943149999999996,0.00037943149999999996,,
yolo_yolov5s_20260720_133246,yolo,yolo_yolov5s_20260720_133246,yolov5s.pt,/root/autodl-fs/datasets/DAIR-V2X_YOLO/dairv2x.yaml,train,57,4021.3743262290955,0.79579,0.45141,0.8217,0.86591,0.82158,0.88148,0.6556,0.76922,0.43653,0.81508,0.00037118479999999994,0.00037118479999999994,0.00037118479999999994,,
yolo_yolov5s_20260720_133246,yolo,yolo_yolov5s_20260720_133246,yolov5s.pt,/root/autodl-fs/datasets/DAIR-V2X_YOLO/dairv2x.yaml,train,58,4091.134762763977,0.789,0.44882,0.82098,0.86609,0.82299,0.88351,0.65976,0.7696,0.43447,0.8143,0.0003629381,0.0003629381,0.0003629381,,
yolo_yolov5s_20260720_133246,yolo,yolo_yolov5s_20260720_133246,yolov5s.pt,/root/autodl-fs/datasets/DAIR-V2X_YOLO/dairv2x.yaml,train,59,4161.44472193718,0.78996,0.44977,0.82081,0.8599,0.82517,0.8815,0.65788,0.76774,0.43309,0.81451,0.00035469140000000005,0.00035469140000000005,0.00035469140000000005,,
yolo_yolov5s_20260720_133246,yolo,yolo_yolov5s_20260720_133246,yolov5s.pt,/root/autodl-fs/datasets/DAIR-V2X_YOLO/dairv2x.yaml,train,60,4232.1236979961395,0.79015,0.44868,0.82098,0.865,0.82382,0.88098,0.65654,0.7695,0.4343,0.8149,0.00034644470000000003,0.00034644470000000003,0.00034644470000000003,,
yolo_yolov5s_20260720_133246,yolo,yolo_yolov5s_20260720_133246,yolov5s.pt,/root/autodl-fs/datasets/DAIR-V2X_YOLO/dairv2x.yaml,train,61,4302.367301464081,0.78717,0.44722,0.82006,0.86262,0.82913,0.88081,0.65755,0.76515,0.43033,0.81414,0.000338198,0.000338198,0.000338198,,
yolo_yolov5s_20260720_133246,yolo,yolo_yolov5s_20260720_133246,yolov5s.pt,/root/autodl-fs/datasets/DAIR-V2X_YOLO/dairv2x.yaml,train,62,4373.192733049393,0.78501,0.44547,0.82101,0.8688,0.8258,0.88015,0.65785,0.7634,0.4314,0.81379,0.0003299513,0.0003299513,0.0003299513,,
yolo_yolov5s_20260720_133246,yolo,yolo_yolov5s_20260720_133246,yolov5s.pt,/root/autodl-fs/datasets/DAIR-V2X_YOLO/dairv2x.yaml,train,63,4443.612840414047,0.78475,0.44589,0.81967,0.86757,0.82766,0.8822,0.65835,0.76419,0.43196,0.81394,0.00032170459999999996,0.00032170459999999996,0.00032170459999999996,,
yolo_yolov5s_20260720_133246,yolo,yolo_yolov5s_20260720_133246,yolov5s.pt,/root/autodl-fs/datasets/DAIR-V2X_YOLO/dairv2x.yaml,train,64,4514.736306667328,0.78443,0.44484,0.81933,0.86265,0.82893,0.88021,0.65637,0.76425,0.43172,0.81386,0.0003134579,0.0003134579,0.0003134579,,
yolo_yolov5s_20260720_133246,yolo,yolo_yolov5s_20260720_133246,yolov5s.pt,/root/autodl-fs/datasets/DAIR-V2X_YOLO/dairv2x.yaml,train,65,4586.766756296158,0.78061,0.44234,0.8201,0.86357,0.82465,0.87753,0.65585,0.76381,0.43095,0.81408,0.0003052112,0.0003052112,0.0003052112,,
yolo_yolov5s_20260720_133246,yolo,yolo_yolov5s_20260720_133246,yolov5s.pt,/root/autodl-fs/datasets/DAIR-V2X_YOLO/dairv2x.yaml,train,66,4657.606541395187,0.77997,0.44217,0.81953,0.8636,0.82747,0.88087,0.6586,0.76272,0.42957,0.81395,0.0002969645,0.0002969645,0.0002969645,,
yolo_yolov5s_20260720_133246,yolo,yolo_yolov5s_20260720_133246,yolov5s.pt,/root/autodl-fs/datasets/DAIR-V2X_YOLO/dairv2x.yaml,train,67,4727.097710609436,0.77933,0.43896,0.81877,0.86367,0.82666,0.88071,0.6609,0.76054,0.42881,0.81345,0.00028871779999999997,0.00028871779999999997,0.00028871779999999997,,
yolo_yolov5s_20260720_133246,yolo,yolo_yolov5s_20260720_133246,yolov5s.pt,/root/autodl-fs/datasets/DAIR-V2X_YOLO/dairv2x.yaml,train,68,4796.428379535675,0.77807,0.43935,0.81879,0.87029,0.82744,0.88327,0.66037,0.76124,0.42848,0.81358,0.00028047109999999994,0.00028047109999999994,0.00028047109999999994,,
yolo_yolov5s_20260720_133246,yolo,yolo_yolov5s_20260720_133246,yolov5s.pt,/root/autodl-fs/datasets/DAIR-V2X_YOLO/dairv2x.yaml,train,69,4866.503151416779,0.77576,0.43751,0.81908,0.86953,0.82813,0.88221,0.6593,0.76142,0.42833,0.81364,0.0002722244,0.0002722244,0.0002722244,,
yolo_yolov5s_20260720_133246,yolo,yolo_yolov5s_20260720_133246,yolov5s.pt,/root/autodl-fs/datasets/DAIR-V2X_YOLO/dairv2x.yaml,train,70,4936.178950071335,0.7756,0.43696,0.81849,0.87594,0.82092,0.88129,0.66101,0.76122,0.42774,0.81315,0.00026397770000000006,0.00026397770000000006,0.00026397770000000006,,
yolo_yolov5s_20260720_133246,yolo,yolo_yolov5s_20260720_133246,yolov5s.pt,/root/autodl-fs/datasets/DAIR-V2X_YOLO/dairv2x.yaml,train,71,5006.119007587433,0.77681,0.43846,0.81866,0.86767,0.82484,0.88291,0.66133,0.76134,0.42764,0.81321,0.00025573100000000004,0.00025573100000000004,0.00025573100000000004,,
yolo_yolov5s_20260720_133246,yolo,yolo_yolov5s_20260720_133246,yolov5s.pt,/root/autodl-fs/datasets/DAIR-V2X_YOLO/dairv2x.yaml,train,72,5076.128969192505,0.77276,0.43406,0.81744,0.87055,0.82719,0.88375,0.66257,0.75978,0.42697,0.81331,0.0002474843,0.0002474843,0.0002474843,,
yolo_yolov5s_20260720_133246,yolo,yolo_yolov5s_20260720_133246,yolov5s.pt,/root/autodl-fs/datasets/DAIR-V2X_YOLO/dairv2x.yaml,train,73,5146.275629281998,0.76945,0.43284,0.81762,0.87428,0.82291,0.88497,0.66495,0.75671,0.4246,0.81269,0.0002392376,0.0002392376,0.0002392376,,
yolo_yolov5s_20260720_133246,yolo,yolo_yolov5s_20260720_133246,yolov5s.pt,/root/autodl-fs/datasets/DAIR-V2X_YOLO/dairv2x.yaml,train,74,5215.365583181381,0.77065,0.43459,0.81788,0.86607,0.83229,0.88358,0.66323,0.75561,0.42376,0.81253,0.00023099090000000002,0.00023099090000000002,0.00023099090000000002,,
yolo_yolov5s_20260720_133246,yolo,yolo_yolov5s_20260720_133246,yolov5s.pt,/root/autodl-fs/datasets/DAIR-V2X_YOLO/dairv2x.yaml,train,75,5285.264857530594,0.7694,0.43184,0.81711,0.86728,0.82748,0.88645,0.6659,0.75677,0.42365,0.81252,0.00022274420000000002,0.00022274420000000002,0.00022274420000000002,,
yolo_yolov5s_20260720_133246,yolo,yolo_yolov5s_20260720_133246,yolov5s.pt,/root/autodl-fs/datasets/DAIR-V2X_YOLO/dairv2x.yaml,train,76,5357.195886850357,0.76895,0.43128,0.81809,0.87466,0.82165,0.88366,0.66539,0.75656,0.42361,0.81307,0.0002144975,0.0002144975,0.0002144975,,
yolo_yolov5s_20260720_133246,yolo,yolo_yolov5s_20260720_133246,yolov5s.pt,/root/autodl-fs/datasets/DAIR-V2X_YOLO/dairv2x.yaml,train,77,5428.152947902679,0.76469,0.42997,0.8178,0.8682,0.82581,0.88425,0.66312,0.75703,0.42352,0.81322,0.00020625079999999997,0.00020625079999999997,0.00020625079999999997,,
yolo_yolov5s_20260720_133246,yolo,yolo_yolov5s_20260720_133246,yolov5s.pt,/root/autodl-fs/datasets/DAIR-V2X_YOLO/dairv2x.yaml,train,78,5498.811136484146,0.76457,0.42964,0.81765,0.86132,0.83627,0.88434,0.66393,0.75652,0.42372,0.81307,0.00019800409999999998,0.00019800409999999998,0.00019800409999999998,,
yolo_yolov5s_20260720_133246,yolo,yolo_yolov5s_20260720_133246,yolov5s.pt,/root/autodl-fs/datasets/DAIR-V2X_YOLO/dairv2x.yaml,train,79,5568.5636947155,0.76221,0.42718,0.81586,0.87222,0.82574,0.88539,0.66529,0.75386,0.42377,0.81254,0.00018975739999999998,0.00018975739999999998,0.00018975739999999998,,
yolo_yolov5s_20260720_133246,yolo,yolo_yolov5s_20260720_133246,yolov5s.pt,/root/autodl-fs/datasets/DAIR-V2X_YOLO/dairv2x.yaml,train,80,5639.253740310669,0.76277,0.42754,0.81626,0.87022,0.82903,0.88463,0.6647,0.75452,0.42288,0.81235,0.00018151069999999998,0.00018151069999999998,0.00018151069999999998,,
yolo_yolov5s_20260720_133246,yolo,yolo_yolov5s_20260720_133246,yolov5s.pt,/root/autodl-fs/datasets/DAIR-V2X_YOLO/dairv2x.yaml,train,81,5709.072469711304,0.75848,0.42463,0.81647,0.85833,0.83609,0.8824,0.66328,0.75506,0.42387,0.8127,0.00017326399999999996,0.00017326399999999996,0.00017326399999999996,,
yolo_yolov5s_20260720_133246,yolo,yolo_yolov5s_20260720_133246,yolov5s.pt,/root/autodl-fs/datasets/DAIR-V2X_YOLO/dairv2x.yaml,train,82,5779.549447059631,0.75786,0.42378,0.81624,0.86616,0.8318,0.88354,0.6657,0.75236,0.42119,0.81223,0.00016501729999999994,0.00016501729999999994,0.00016501729999999994,,
yolo_yolov5s_20260720_133246,yolo,yolo_yolov5s_20260720_133246,yolov5s.pt,/root/autodl-fs/datasets/DAIR-V2X_YOLO/dairv2x.yaml,train,83,5849.5722143650055,0.75752,0.42419,0.81634,0.85948,0.83481,0.88439,0.66619,0.75147,0.42112,0.81213,0.00015677060000000005,0.00015677060000000005,0.00015677060000000005,,
yolo_yolov5s_20260720_133246,yolo,yolo_yolov5s_20260720_133246,yolov5s.pt,/root/autodl-fs/datasets/DAIR-V2X_YOLO/dairv2x.yaml,train,84,5919.696257352829,0.75661,0.42302,0.81578,0.871,0.82812,0.8852,0.66677,0.7512,0.42026,0.81227,0.00014852390000000002,0.00014852390000000002,0.00014852390000000002,,
yolo_yolov5s_20260720_133246,yolo,yolo_yolov5s_20260720_133246,yolov5s.pt,/root/autodl-fs/datasets/DAIR-V2X_YOLO/dairv2x.yaml,train,85,5990.175072431564,0.75514,0.42165,0.81611,0.87851,0.82296,0.88615,0.66599,0.74978,0.42003,0.81216,0.00014027720000000003,0.00014027720000000003,0.00014027720000000003,,
yolo_yolov5s_20260720_133246,yolo,yolo_yolov5s_20260720_133246,yolov5s.pt,/root/autodl-fs/datasets/DAIR-V2X_YOLO/dairv2x.yaml,train,86,6060.541832208633,0.75455,0.4201,0.81483,0.86687,0.83154,0.88688,0.66766,0.74957,0.42017,0.81239,0.00013203050000000003,0.00013203050000000003,0.00013203050000000003,,
yolo_yolov5s_20260720_133246,yolo,yolo_yolov5s_20260720_133246,yolov5s.pt,/root/autodl-fs/datasets/DAIR-V2X_YOLO/dairv2x.yaml,train,87,6130.121447563171,0.75419,0.41982,0.8157,0.86982,0.82989,0.88548,0.66626,0.75077,0.42105,0.81218,0.0001237838,0.0001237838,0.0001237838,,
yolo_yolov5s_20260720_133246,yolo,yolo_yolov5s_20260720_133246,yolov5s.pt,/root/autodl-fs/datasets/DAIR-V2X_YOLO/dairv2x.yaml,train,88,6199.741211891174,0.74943,0.4181,0.8151,0.86575,0.82965,0.8858,0.66681,0.75068,0.41931,0.81212,0.00011553710000000001,0.00011553710000000001,0.00011553710000000001,,
yolo_yolov5s_20260720_133246,yolo,yolo_yolov5s_20260720_133246,yolov5s.pt,/root/autodl-fs/datasets/DAIR-V2X_YOLO/dairv2x.yaml,train,89,6269.804164886475,0.74853,0.4171,0.81544,0.86781,0.82898,0.88546,0.66797,0.75008,0.41907,0.81201,0.0001072904,0.0001072904,0.0001072904,,
yolo_yolov5s_20260720_133246,yolo,yolo_yolov5s_20260720_133246,yolov5s.pt,/root/autodl-fs/datasets/DAIR-V2X_YOLO/dairv2x.yaml,train,90,6338.5066010952,0.74984,0.41715,0.81557,0.87034,0.82674,0.88496,0.66742,0.7493,0.41877,0.81201,9.904369999999997e-05,9.904369999999997e-05,9.904369999999997e-05,,
yolo_yolov5s_20260720_133246,yolo,yolo_yolov5s_20260720_133246,yolov5s.pt,/root/autodl-fs/datasets/DAIR-V2X_YOLO/dairv2x.yaml,train,91,6404.32093334198,0.72586,0.40567,0.81078,0.86361,0.82621,0.88289,0.66404,0.75528,0.42276,0.81264,9.079699999999998e-05,9.079699999999998e-05,9.079699999999998e-05,,
yolo_yolov5s_20260720_133246,yolo,yolo_yolov5s_20260720_133246,yolov5s.pt,/root/autodl-fs/datasets/DAIR-V2X_YOLO/dairv2x.yaml,train,92,6468.045379638672,0.72293,0.40217,0.80933,0.86499,0.82868,0.88296,0.66407,0.75587,0.4222,0.8128,8.255029999999997e-05,8.255029999999997e-05,8.255029999999997e-05,,
yolo_yolov5s_20260720_133246,yolo,yolo_yolov5s_20260720_133246,yolov5s.pt,/root/autodl-fs/datasets/DAIR-V2X_YOLO/dairv2x.yaml,train,93,6533.225202083588,0.71822,0.39999,0.80924,0.86732,0.82786,0.88172,0.66385,0.7558,0.42192,0.81283,7.430359999999997e-05,7.430359999999997e-05,7.430359999999997e-05,,
yolo_yolov5s_20260720_133246,yolo,yolo_yolov5s_20260720_133246,yolov5s.pt,/root/autodl-fs/datasets/DAIR-V2X_YOLO/dairv2x.yaml,train,94,6602.659003019333,0.71603,0.39886,0.80977,0.86521,0.83022,0.88167,0.66292,0.75479,0.42083,0.81269,6.605689999999995e-05,6.605689999999995e-05,6.605689999999995e-05,,
yolo_yolov5s_20260720_133246,yolo,yolo_yolov5s_20260720_133246,yolov5s.pt,/root/autodl-fs/datasets/DAIR-V2X_YOLO/dairv2x.yaml,train,95,6672.14391875267,0.71465,0.39702,0.80863,0.86971,0.82612,0.88112,0.66307,0.75335,0.42097,0.81257,5.781020000000004e-05,5.781020000000004e-05,5.781020000000004e-05,,
yolo_yolov5s_20260720_133246,yolo,yolo_yolov5s_20260720_133246,yolov5s.pt,/root/autodl-fs/datasets/DAIR-V2X_YOLO/dairv2x.yaml,train,96,6737.819327831268,0.71241,0.39512,0.80873,0.8706,0.82333,0.88198,0.66299,0.75245,0.421,0.81255,4.9563500000000035e-05,4.9563500000000035e-05,4.9563500000000035e-05,,
yolo_yolov5s_20260720_133246,yolo,yolo_yolov5s_20260720_133246,yolov5s.pt,/root/autodl-fs/datasets/DAIR-V2X_YOLO/dairv2x.yaml,train,97,6802.709973335266,0.71075,0.39418,0.8082,0.86673,0.82834,0.88263,0.66396,0.7523,0.42137,0.81247,4.131680000000003e-05,4.131680000000003e-05,4.131680000000003e-05,,
yolo_yolov5s_20260720_133246,yolo,yolo_yolov5s_20260720_133246,yolov5s.pt,/root/autodl-fs/datasets/DAIR-V2X_YOLO/dairv2x.yaml,train,98,6866.814356088638,0.71045,0.39334,0.80802,0.8661,0.82786,0.88257,0.66442,0.75201,0.42075,0.81239,3.307010000000002e-05,3.307010000000002e-05,3.307010000000002e-05,,
yolo_yolov5s_20260720_133246,yolo,yolo_yolov5s_20260720_133246,yolov5s.pt,/root/autodl-fs/datasets/DAIR-V2X_YOLO/dairv2x.yaml,train,99,6931.309232711792,0.70703,0.39113,0.80777,0.86765,0.82739,0.88268,0.66478,0.75181,0.42023,0.81227,2.4823400000000017e-05,2.4823400000000017e-05,2.4823400000000017e-05,,
yolo_yolov5s_20260720_133246,yolo,yolo_yolov5s_20260720_133246,yolov5s.pt,/root/autodl-fs/datasets/DAIR-V2X_YOLO/dairv2x.yaml,train,100,6995.901804924011,0.70834,0.39157,0.80796,0.86506,0.82714,0.88307,0.66533,0.75141,0.4196,0.81223,1.6576700000000007e-05,1.6576700000000007e-05,1.6576700000000007e-05,,
yolo_yolov5s_20260720_153909,yolo,yolo_yolov5s_20260720_153909,yolov5s.pt,/root/autodl-fs/datasets/UA-DETRAC_YOLO/data.yaml,train,1,70.58565258979797,0.98251,0.9255,0.96023,0.69238,0.63068,0.67146,0.46804,1.08813,0.94287,0.99137,0.00041533546325878595,0.00041533546325878595,0.00041533546325878595,,
yolo_yolov5s_20260720_153909,yolo,yolo_yolov5s_20260720_153909,yolov5s.pt,/root/autodl-fs/datasets/UA-DETRAC_YOLO/data.yaml,train,2,133.62027430534363,0.9359,0.68548,0.94452,0.69858,0.70813,0.74603,0.50943,1.11406,0.77372,1.01633,0.0008237653088391906,0.0008237653088391906,0.0008237653088391906,,
yolo_yolov5s_20260720_153909,yolo,yolo_yolov5s_20260720_153909,yolov5s.pt,/root/autodl-fs/datasets/UA-DETRAC_YOLO/data.yaml,train,3,195.30543208122253,0.92029,0.65117,0.93929,0.80897,0.64101,0.73041,0.51326,1.06178,0.75036,0.99629,0.0012239451544195953,0.0012239451544195953,0.0012239451544195953,,
yolo_yolov5s_20260720_153909,yolo,yolo_yolov5s_20260720_153909,yolov5s.pt,/root/autodl-fs/datasets/UA-DETRAC_YOLO/data.yaml,train,4,257.16668701171875,0.89116,0.61462,0.92976,0.72902,0.6549,0.7447,0.51952,1.10214,0.76528,1.01147,0.001212875,0.001212875,0.001212875,,
yolo_yolov5s_20260720_153909,yolo,yolo_yolov5s_20260720_153909,yolov5s.pt,/root/autodl-fs/datasets/UA-DETRAC_YOLO/data.yaml,train,5,318.7176821231842,0.8619,0.58453,0.92282,0.79217,0.66002,0.73769,0.51296,1.07161,0.71582,1.00367,0.0012005,0.0012005,0.0012005,,
yolo_yolov5s_20260720_153909,yolo,yolo_yolov5s_20260720_153909,yolov5s.pt,/root/autodl-fs/datasets/UA-DETRAC_YOLO/data.yaml,train,6,380.2761561870575,0.8433,0.56033,0.91565,0.82504,0.69465,0.77697,0.54445,1.0495,0.69091,0.99009,0.001188125,0.001188125,0.001188125,,
yolo_yolov5s_20260720_153909,yolo,yolo_yolov5s_20260720_153909,yolov5s.pt,/root/autodl-fs/datasets/UA-DETRAC_YOLO/data.yaml,train,7,442.6447563171387,0.82259,0.54707,0.90916,0.81682,0.71875,0.79184,0.55701,1.03268,0.66302,0.98782,0.00117575,0.00117575,0.00117575,,
yolo_yolov5s_20260720_153909,yolo,yolo_yolov5s_20260720_153909,yolov5s.pt,/root/autodl-fs/datasets/UA-DETRAC_YOLO/data.yaml,train,8,504.13037157058716,0.81206,0.52632,0.90593,0.85452,0.65669,0.76587,0.54982,1.04005,0.64771,0.9794,0.001163375,0.001163375,0.001163375,,
yolo_yolov5s_20260720_153909,yolo,yolo_yolov5s_20260720_153909,yolov5s.pt,/root/autodl-fs/datasets/UA-DETRAC_YOLO/data.yaml,train,9,565.6148331165314,0.80095,0.51933,0.90231,0.847,0.65351,0.76688,0.55426,1.0232,0.65987,0.97896,0.0011510000000000001,0.0011510000000000001,0.0011510000000000001,,
yolo_yolov5s_20260720_153909,yolo,yolo_yolov5s_20260720_153909,yolov5s.pt,/root/autodl-fs/datasets/UA-DETRAC_YOLO/data.yaml,train,10,627.9682288169861,0.78952,0.50725,0.89907,0.85239,0.66778,0.7473,0.55055,1.01008,0.69832,0.97667,0.001138625,0.001138625,0.001138625,,
yolo_yolov5s_20260720_153909,yolo,yolo_yolov5s_20260720_153909,yolov5s.pt,/root/autodl-fs/datasets/UA-DETRAC_YOLO/data.yaml,train,11,689.7852017879486,0.78361,0.49975,0.89698,0.8271,0.68327,0.77673,0.56794,1.03025,0.64583,0.98009,0.00112625,0.00112625,0.00112625,,
yolo_yolov5s_20260720_153909,yolo,yolo_yolov5s_20260720_153909,yolov5s.pt,/root/autodl-fs/datasets/UA-DETRAC_YOLO/data.yaml,train,12,751.0256338119507,0.77543,0.49052,0.89389,0.78762,0.72058,0.7864,0.55472,1.04967,0.63654,0.98397,0.001113875,0.001113875,0.001113875,,
yolo_yolov5s_20260720_153909,yolo,yolo_yolov5s_20260720_153909,yolov5s.pt,/root/autodl-fs/datasets/UA-DETRAC_YOLO/data.yaml,train,13,812.1250030994415,0.77178,0.48288,0.89236,0.87007,0.70812,0.81913,0.59167,1.0249,0.63787,0.98412,0.0011015,0.0011015,0.0011015,,
yolo_yolov5s_20260720_153909,yolo,yolo_yolov5s_20260720_153909,yolov5s.pt,/root/autodl-fs/datasets/UA-DETRAC_YOLO/data.yaml,train,14,874.2271268367767,0.76066,0.47586,0.88922,0.84569,0.68129,0.78826,0.57264,1.02751,0.66101,0.97588,0.001089125,0.001089125,0.001089125,,
yolo_yolov5s_20260720_153909,yolo,yolo_yolov5s_20260720_153909,yolov5s.pt,/root/autodl-fs/datasets/UA-DETRAC_YOLO/data.yaml,train,15,936.1396932601929,0.75528,0.46949,0.88617,0.85729,0.69349,0.77912,0.57174,1.0281,0.62348,0.97662,0.00107675,0.00107675,0.00107675,,
yolo_yolov5s_20260720_153909,yolo,yolo_yolov5s_20260720_153909,yolov5s.pt,/root/autodl-fs/datasets/UA-DETRAC_YOLO/data.yaml,train,16,997.8616795539856,0.75307,0.46344,0.88657,0.86596,0.73488,0.81579,0.59823,1.0227,0.62074,0.97837,0.001064375,0.001064375,0.001064375,,
yolo_yolov5s_20260720_153909,yolo,yolo_yolov5s_20260720_153909,yolov5s.pt,/root/autodl-fs/datasets/UA-DETRAC_YOLO/data.yaml,train,17,1059.5008325576782,0.74391,0.45681,0.88391,0.82831,0.75505,0.81957,0.59933,1.00119,0.62839,0.96854,0.001052,0.001052,0.001052,,
yolo_yolov5s_20260720_153909,yolo,yolo_yolov5s_20260720_153909,yolov5s.pt,/root/autodl-fs/datasets/UA-DETRAC_YOLO/data.yaml,train,18,1122.6302864551544,0.74524,0.45346,0.88488,0.83056,0.72353,0.80058,0.58855,1.02676,0.60163,0.98089,0.001039625,0.001039625,0.001039625,,
yolo_yolov5s_20260720_153909,yolo,yolo_yolov5s_20260720_153909,yolov5s.pt,/root/autodl-fs/datasets/UA-DETRAC_YOLO/data.yaml,train,19,1187.2864654064178,0.73857,0.44991,0.88207,0.80056,0.73501,0.80916,0.58651,1.01006,0.65163,0.97622,0.0010272500000000002,0.0010272500000000002,0.0010272500000000002,,
yolo_yolov5s_20260720_153909,yolo,yolo_yolov5s_20260720_153909,yolov5s.pt,/root/autodl-fs/datasets/UA-DETRAC_YOLO/data.yaml,train,20,1253.5232577323914,0.73558,0.44271,0.88183,0.83888,0.7069,0.80831,0.58553,1.01082,0.62319,0.97556,0.0010148750000000002,0.0010148750000000002,0.0010148750000000002,,
yolo_yolov5s_20260720_153909,yolo,yolo_yolov5s_20260720_153909,yolov5s.pt,/root/autodl-fs/datasets/UA-DETRAC_YOLO/data.yaml,train,21,1319.2659912109375,0.73098,0.44365,0.88009,0.85603,0.78092,0.86081,0.63062,1.0133,0.58803,0.97275,0.0010025000000000001,0.0010025000000000001,0.0010025000000000001,,
yolo_yolov5s_20260720_153909,yolo,yolo_yolov5s_20260720_153909,yolov5s.pt,/root/autodl-fs/datasets/UA-DETRAC_YOLO/data.yaml,train,22,1384.6473512649536,0.72795,0.43815,0.87917,0.86878,0.70164,0.80583,0.5962,1.00041,0.63463,0.96827,0.0009901250000000001,0.0009901250000000001,0.0009901250000000001,,
yolo_yolov5s_20260720_153909,yolo,yolo_yolov5s_20260720_153909,yolov5s.pt,/root/autodl-fs/datasets/UA-DETRAC_YOLO/data.yaml,train,23,1452.0325899124146,0.72366,0.43715,0.87786,0.84183,0.7354,0.8267,0.60541,1.0212,0.59942,0.96927,0.00097775,0.00097775,0.00097775,,
yolo_yolov5s_20260720_153909,yolo,yolo_yolov5s_20260720_153909,yolov5s.pt,/root/autodl-fs/datasets/UA-DETRAC_YOLO/data.yaml,train,24,1518.3532395362854,0.71951,0.43152,0.87812,0.82253,0.74809,0.823,0.60691,1.00157,0.624,0.97337,0.000965375,0.000965375,0.000965375,,
yolo_yolov5s_20260720_153909,yolo,yolo_yolov5s_20260720_153909,yolov5s.pt,/root/autodl-fs/datasets/UA-DETRAC_YOLO/data.yaml,train,25,1585.0014388561249,0.71483,0.42776,0.8761,0.8009,0.72008,0.80112,0.58145,0.99814,0.62547,0.97508,0.000953,0.000953,0.000953,,
yolo_yolov5s_20260720_153909,yolo,yolo_yolov5s_20260720_153909,yolov5s.pt,/root/autodl-fs/datasets/UA-DETRAC_YOLO/data.yaml,train,26,1649.3776149749756,0.71366,0.42364,0.87352,0.82242,0.72994,0.82373,0.59237,1.02484,0.60363,0.97852,0.000940625,0.000940625,0.000940625,,
yolo_yolov5s_20260720_153909,yolo,yolo_yolov5s_20260720_153909,yolov5s.pt,/root/autodl-fs/datasets/UA-DETRAC_YOLO/data.yaml,train,27,1713.3784341812134,0.71033,0.42123,0.87491,0.88232,0.72135,0.8335,0.60725,1.02747,0.59473,0.97922,0.00092825,0.00092825,0.00092825,,
yolo_yolov5s_20260720_153909,yolo,yolo_yolov5s_20260720_153909,yolov5s.pt,/root/autodl-fs/datasets/UA-DETRAC_YOLO/data.yaml,train,28,1777.2296512126923,0.70586,0.41375,0.87144,0.87333,0.7124,0.83814,0.61448,1.00439,0.5832,0.97074,0.000915875,0.000915875,0.000915875,,
yolo_yolov5s_20260720_153909,yolo,yolo_yolov5s_20260720_153909,yolov5s.pt,/root/autodl-fs/datasets/UA-DETRAC_YOLO/data.yaml,train,29,1840.6125693321228,0.70159,0.4111,0.87197,0.87628,0.73741,0.84849,0.61843,1.0131,0.59573,0.97296,0.0009035,0.0009035,0.0009035,,
yolo_yolov5s_20260720_153909,yolo,yolo_yolov5s_20260720_153909,yolov5s.pt,/root/autodl-fs/datasets/UA-DETRAC_YOLO/data.yaml,train,30,1903.3627712726593,0.7005,0.40771,0.87334,0.85584,0.70025,0.81554,0.59681,1.00029,0.61435,0.97606,0.000891125,0.000891125,0.000891125,,
yolo_yolov5s_20260720_153909,yolo,yolo_yolov5s_20260720_153909,yolov5s.pt,/root/autodl-fs/datasets/UA-DETRAC_YOLO/data.yaml,train,31,1965.6331837177277,0.69758,0.40558,0.86989,0.84087,0.74961,0.83049,0.60829,1.01595,0.56808,0.97762,0.00087875,0.00087875,0.00087875,,
yolo_yolov5s_20260720_153909,yolo,yolo_yolov5s_20260720_153909,yolov5s.pt,/root/autodl-fs/datasets/UA-DETRAC_YOLO/data.yaml,train,32,2030.7179107666016,0.69733,0.40539,0.87071,0.81887,0.75489,0.83474,0.61816,0.99332,0.58465,0.96828,0.000866375,0.000866375,0.000866375,,
yolo_yolov5s_20260720_153909,yolo,yolo_yolov5s_20260720_153909,yolov5s.pt,/root/autodl-fs/datasets/UA-DETRAC_YOLO/data.yaml,train,33,2094.127607822418,0.69485,0.40387,0.86971,0.85263,0.70821,0.82534,0.61231,0.99767,0.60457,0.96766,0.0008539999999999999,0.0008539999999999999,0.0008539999999999999,,
yolo_yolov5s_20260720_153909,yolo,yolo_yolov5s_20260720_153909,yolov5s.pt,/root/autodl-fs/datasets/UA-DETRAC_YOLO/data.yaml,train,34,2155.7704763412476,0.68864,0.39985,0.86964,0.79862,0.71451,0.80428,0.59457,1.00838,0.59168,0.97669,0.0008416249999999999,0.0008416249999999999,0.0008416249999999999,,
yolo_yolov5s_20260720_153909,yolo,yolo_yolov5s_20260720_153909,yolov5s.pt,/root/autodl-fs/datasets/UA-DETRAC_YOLO/data.yaml,train,35,2218.3987860679626,0.68798,0.39806,0.87024,0.88998,0.70026,0.83452,0.6102,1.00163,0.58997,0.97617,0.0008292499999999999,0.0008292499999999999,0.0008292499999999999,,
yolo_yolov5s_20260720_153909,yolo,yolo_yolov5s_20260720_153909,yolov5s.pt,/root/autodl-fs/datasets/UA-DETRAC_YOLO/data.yaml,train,36,2280.3518199920654,0.68511,0.39515,0.86775,0.83192,0.71485,0.81802,0.60466,1.02051,0.59445,0.9843,0.000816875,0.000816875,0.000816875,,
yolo_yolov5s_20260720_153909,yolo,yolo_yolov5s_20260720_153909,yolov5s.pt,/root/autodl-fs/datasets/UA-DETRAC_YOLO/data.yaml,train,37,2342.7947075366974,0.68424,0.39108,0.86569,0.77978,0.71538,0.79858,0.59215,1.01409,0.58571,0.97665,0.0008045000000000001,0.0008045000000000001,0.0008045000000000001,,
yolo_yolov5s_20260720_153909,yolo,yolo_yolov5s_20260720_153909,yolov5s.pt,/root/autodl-fs/datasets/UA-DETRAC_YOLO/data.yaml,train,38,2405.6813917160034,0.68041,0.38892,0.86474,0.84848,0.70765,0.83123,0.61385,1.01235,0.58011,0.97328,0.0007921250000000001,0.0007921250000000001,0.0007921250000000001,,
yolo_yolov5s_20260720_153909,yolo,yolo_yolov5s_20260720_153909,yolov5s.pt,/root/autodl-fs/datasets/UA-DETRAC_YOLO/data.yaml,train,39,2470.568756580353,0.67429,0.38466,0.86445,0.81942,0.67471,0.80487,0.60115,0.97675,0.56551,0.97085,0.0007797500000000001,0.0007797500000000001,0.0007797500000000001,,
yolo_yolov5s_20260720_153909,yolo,yolo_yolov5s_20260720_153909,yolov5s.pt,/root/autodl-fs/datasets/UA-DETRAC_YOLO/data.yaml,train,40,2535.299103975296,0.67421,0.38343,0.86365,0.83974,0.70781,0.82443,0.611,1.00813,0.58059,0.97676,0.000767375,0.000767375,0.000767375,,
yolo_yolov5s_20260720_153909,yolo,yolo_yolov5s_20260720_153909,yolov5s.pt,/root/autodl-fs/datasets/UA-DETRAC_YOLO/data.yaml,train,41,2598.6891865730286,0.67414,0.38251,0.86404,0.8483,0.71956,0.81868,0.60957,1.01406,0.5994,0.9814,0.000755,0.000755,0.000755,,
yolo_yolov5s_20260720_153909,yolo,yolo_yolov5s_20260720_153909,yolov5s.pt,/root/autodl-fs/datasets/UA-DETRAC_YOLO/data.yaml,train,42,2660.6933755874634,0.66936,0.37802,0.86288,0.85826,0.72779,0.8197,0.6123,1.01522,0.577,0.98042,0.0007426250000000001,0.0007426250000000001,0.0007426250000000001,,
yolo_yolov5s_20260720_153909,yolo,yolo_yolov5s_20260720_153909,yolov5s.pt,/root/autodl-fs/datasets/UA-DETRAC_YOLO/data.yaml,train,43,2722.436684370041,0.67036,0.37892,0.8616,0.84385,0.67625,0.80857,0.60803,0.98741,0.61906,0.96357,0.0007302500000000001,0.0007302500000000001,0.0007302500000000001,,
yolo_yolov5s_20260720_153909,yolo,yolo_yolov5s_20260720_153909,yolov5s.pt,/root/autodl-fs/datasets/UA-DETRAC_YOLO/data.yaml,train,44,2786.5456824302673,0.66618,0.37644,0.8613,0.84885,0.69703,0.80351,0.60235,0.99843,0.6293,0.97511,0.0007178750000000001,0.0007178750000000001,0.0007178750000000001,,
yolo_yolov5s_20260720_153909,yolo,yolo_yolov5s_20260720_153909,yolov5s.pt,/root/autodl-fs/datasets/UA-DETRAC_YOLO/data.yaml,train,45,2848.1939327716827,0.66795,0.37563,0.86069,0.83914,0.67208,0.79483,0.59549,1.00418,0.58544,0.97686,0.0007055000000000001,0.0007055000000000001,0.0007055000000000001,,
yolo_yolov5s_20260720_153909,yolo,yolo_yolov5s_20260720_153909,yolov5s.pt,/root/autodl-fs/datasets/UA-DETRAC_YOLO/data.yaml,train,46,2912.0803837776184,0.66243,0.37131,0.86012,0.84543,0.68803,0.81243,0.60458,0.99677,0.60083,0.97288,0.0006931250000000001,0.0006931250000000001,0.0006931250000000001,,
yolo_yolov5s_20260720_153909,yolo,yolo_yolov5s_20260720_153909,yolov5s.pt,/root/autodl-fs/datasets/UA-DETRAC_YOLO/data.yaml,train,47,2975.1337337493896,0.65897,0.3686,0.85981,0.85551,0.71842,0.82432,0.61765,0.98881,0.576,0.9678,0.0006807500000000001,0.0006807500000000001,0.0006807500000000001,,
yolo_yolov5s_20260720_153909,yolo,yolo_yolov5s_20260720_153909,yolov5s.pt,/root/autodl-fs/datasets/UA-DETRAC_YOLO/data.yaml,train,48,3038.0527658462524,0.65782,0.37104,0.86014,0.84333,0.70609,0.80655,0.60863,1.00053,0.58427,0.97206,0.0006683750000000001,0.0006683750000000001,0.0006683750000000001,,
yolo_yolov5s_20260720_153909,yolo,yolo_yolov5s_20260720_153909,yolov5s.pt,/root/autodl-fs/datasets/UA-DETRAC_YOLO/data.yaml,train,49,3101.737135887146,0.65623,0.36592,0.85897,0.8781,0.71528,0.81509,0.60426,1.01089,0.58271,0.97963,0.0006560000000000001,0.0006560000000000001,0.0006560000000000001,,
yolo_yolov5s_20260720_153909,yolo,yolo_yolov5s_20260720_153909,yolov5s.pt,/root/autodl-fs/datasets/UA-DETRAC_YOLO/data.yaml,train,50,3163.7639605998993,0.65654,0.36387,0.85888,0.84263,0.72315,0.82457,0.61827,1.00246,0.58223,0.97294,0.000643625,0.000643625,0.000643625,,
yolo_yolov5s_20260720_153909,yolo,yolo_yolov5s_20260720_153909,yolov5s.pt,/root/autodl-fs/datasets/UA-DETRAC_YOLO/data.yaml,train,51,3225.7190058231354,0.65669,0.36392,0.85825,0.81444,0.71907,0.80975,0.6093,1.00099,0.59569,0.97555,0.00063125,0.00063125,0.00063125,,
yolo_yolov5s_20260720_153909,yolo,yolo_yolov5s_20260720_153909,yolov5s.pt,/root/autodl-fs/datasets/UA-DETRAC_YOLO/data.yaml,train,52,3288.2779417037964,0.64994,0.36094,0.858,0.84996,0.7236,0.83691,0.62279,0.99839,0.56878,0.97081,0.000618875,0.000618875,0.000618875,,
yolo_yolov5s_20260720_153909,yolo,yolo_yolov5s_20260720_153909,yolov5s.pt,/root/autodl-fs/datasets/UA-DETRAC_YOLO/data.yaml,train,53,3351.0359828472137,0.65017,0.35861,0.85737,0.86018,0.71541,0.82111,0.60296,1.00569,0.57441,0.97581,0.0006064999999999999,0.0006064999999999999,0.0006064999999999999,,
yolo_yolov5s_20260720_153909,yolo,yolo_yolov5s_20260720_153909,yolov5s.pt,/root/autodl-fs/datasets/UA-DETRAC_YOLO/data.yaml,train,54,3416.270405769348,0.64412,0.35527,0.85677,0.84202,0.71001,0.81342,0.61311,0.99865,0.57496,0.97614,0.000594125,0.000594125,0.000594125,,
yolo_yolov5s_20260720_153909,yolo,yolo_yolov5s_20260720_153909,yolov5s.pt,/root/autodl-fs/datasets/UA-DETRAC_YOLO/data.yaml,train,55,3481.7050383090973,0.64277,0.35358,0.85528,0.86251,0.71719,0.8205,0.6144,0.99848,0.56772,0.97445,0.00058175,0.00058175,0.00058175,,
yolo_yolov5s_20260720_153909,yolo,yolo_yolov5s_20260720_153909,yolov5s.pt,/root/autodl-fs/datasets/UA-DETRAC_YOLO/data.yaml,train,56,3545.526703596115,0.64349,0.35444,0.85429,0.85484,0.69546,0.81656,0.61552,0.99527,0.57147,0.96864,0.000569375,0.000569375,0.000569375,,
yolo_yolov5s_20260720_153909,yolo,yolo_yolov5s_20260720_153909,yolov5s.pt,/root/autodl-fs/datasets/UA-DETRAC_YOLO/data.yaml,train,57,3610.40465760231,0.64146,0.35317,0.85544,0.89003,0.70047,0.82815,0.62299,0.99388,0.5505,0.97157,0.000557,0.000557,0.000557,,
yolo_yolov5s_20260720_153909,yolo,yolo_yolov5s_20260720_153909,yolov5s.pt,/root/autodl-fs/datasets/UA-DETRAC_YOLO/data.yaml,train,58,3678.4224750995636,0.63687,0.34679,0.85331,0.85469,0.69601,0.80622,0.60548,1.00374,0.58559,0.97238,0.0005446250000000001,0.0005446250000000001,0.0005446250000000001,,
yolo_yolov5s_20260720_153909,yolo,yolo_yolov5s_20260720_153909,yolov5s.pt,/root/autodl-fs/datasets/UA-DETRAC_YOLO/data.yaml,train,59,3743.638110637665,0.63778,0.34715,0.85395,0.87371,0.69756,0.80739,0.60416,1.01178,0.58815,0.98114,0.0005322500000000001,0.0005322500000000001,0.0005322500000000001,,
yolo_yolov5s_20260720_153909,yolo,yolo_yolov5s_20260720_153909,yolov5s.pt,/root/autodl-fs/datasets/UA-DETRAC_YOLO/data.yaml,train,60,3810.7795865535736,0.63633,0.34775,0.8541,0.87464,0.68849,0.81135,0.6115,0.9877,0.57875,0.96839,0.000519875,0.000519875,0.000519875,,
yolo_yolov5s_20260720_153909,yolo,yolo_yolov5s_20260720_153909,yolov5s.pt,/root/autodl-fs/datasets/UA-DETRAC_YOLO/data.yaml,train,61,3873.4128742218018,0.6306,0.34136,0.85288,0.88139,0.69383,0.81404,0.61385,1.00145,0.56984,0.97511,0.0005075,0.0005075,0.0005075,,
yolo_yolov5s_20260720_153909,yolo,yolo_yolov5s_20260720_153909,yolov5s.pt,/root/autodl-fs/datasets/UA-DETRAC_YOLO/data.yaml,train,62,3935.261910676956,0.6318,0.3434,0.85307,0.86801,0.6959,0.80538,0.60828,0.98608,0.58847,0.97128,0.000495125,0.000495125,0.000495125,,
yolo_yolov5s_20260720_153909,yolo,yolo_yolov5s_20260720_153909,yolov5s.pt,/root/autodl-fs/datasets/UA-DETRAC_YOLO/data.yaml,train,63,3996.9984686374664,0.63085,0.34122,0.85281,0.85276,0.70966,0.81785,0.61429,0.99563,0.5872,0.97277,0.00048275,0.00048275,0.00048275,,
yolo_yolov5s_20260720_153909,yolo,yolo_yolov5s_20260720_153909,yolov5s.pt,/root/autodl-fs/datasets/UA-DETRAC_YOLO/data.yaml,train,64,4060.083832502365,0.62618,0.34019,0.84988,0.85359,0.7221,0.82235,0.61917,0.99617,0.57892,0.97322,0.00047037500000000004,0.00047037500000000004,0.00047037500000000004,,
yolo_yolov5s_20260720_153909,yolo,yolo_yolov5s_20260720_153909,yolov5s.pt,/root/autodl-fs/datasets/UA-DETRAC_YOLO/data.yaml,train,65,4124.093179225922,0.62171,0.33493,0.84993,0.88155,0.70251,0.80925,0.60577,1.0009,0.59718,0.9749,0.000458,0.000458,0.000458,,
yolo_yolov5s_20260720_153909,yolo,yolo_yolov5s_20260720_153909,yolov5s.pt,/root/autodl-fs/datasets/UA-DETRAC_YOLO/data.yaml,train,66,4186.186174631119,0.62218,0.33646,0.8517,0.85198,0.72376,0.82473,0.61649,1.00148,0.61077,0.97514,0.000445625,0.000445625,0.000445625,,
yolo_yolov5s_20260720_153909,yolo,yolo_yolov5s_20260720_153909,yolov5s.pt,/root/autodl-fs/datasets/UA-DETRAC_YOLO/data.yaml,train,67,4249.418900728226,0.61865,0.33361,0.84815,0.89404,0.67318,0.81806,0.61636,0.98764,0.58784,0.96907,0.00043325,0.00043325,0.00043325,,
yolo_yolov5s_20260720_153909,yolo,yolo_yolov5s_20260720_153909,yolov5s.pt,/root/autodl-fs/datasets/UA-DETRAC_YOLO/data.yaml,train,68,4312.6461935043335,0.62051,0.33191,0.85071,0.83006,0.70003,0.80818,0.60624,0.99328,0.58284,0.97239,0.0004208749999999999,0.0004208749999999999,0.0004208749999999999,,
yolo_yolov5s_20260720_153909,yolo,yolo_yolov5s_20260720_153909,yolov5s.pt,/root/autodl-fs/datasets/UA-DETRAC_YOLO/data.yaml,train,69,4376.283692598343,0.62013,0.33332,0.8497,0.85536,0.6993,0.81066,0.61052,1.00081,0.57683,0.97321,0.0004085,0.0004085,0.0004085,,
yolo_yolov5s_20260720_153909,yolo,yolo_yolov5s_20260720_153909,yolov5s.pt,/root/autodl-fs/datasets/UA-DETRAC_YOLO/data.yaml,train,70,4438.036691904068,0.61271,0.32939,0.84901,0.87647,0.6854,0.80886,0.60889,0.99217,0.58717,0.97389,0.0003961250000000001,0.0003961250000000001,0.0003961250000000001,,
yolo_yolov5s_20260720_153909,yolo,yolo_yolov5s_20260720_153909,yolov5s.pt,/root/autodl-fs/datasets/UA-DETRAC_YOLO/data.yaml,train,71,4501.290158510208,0.60959,0.32529,0.84793,0.89151,0.6846,0.81395,0.61455,0.99403,0.58453,0.97501,0.0003837500000000001,0.0003837500000000001,0.0003837500000000001,,
yolo_yolov5s_20260720_153909,yolo,yolo_yolov5s_20260720_153909,yolov5s.pt,/root/autodl-fs/datasets/UA-DETRAC_YOLO/data.yaml,train,72,4562.834021568298,0.61403,0.32468,0.84729,0.89601,0.67784,0.81798,0.61457,0.9962,0.58014,0.97718,0.00037137500000000007,0.00037137500000000007,0.00037137500000000007,,
yolo_yolov5s_20260720_153909,yolo,yolo_yolov5s_20260720_153909,yolov5s.pt,/root/autodl-fs/datasets/UA-DETRAC_YOLO/data.yaml,train,73,4628.470358133316,0.61063,0.3231,0.84868,0.88877,0.70005,0.81724,0.61471,0.99613,0.57055,0.97516,0.000359,0.000359,0.000359,,
yolo_yolov5s_20260720_153909,yolo,yolo_yolov5s_20260720_153909,yolov5s.pt,/root/autodl-fs/datasets/UA-DETRAC_YOLO/data.yaml,train,74,4693.231465578079,0.60719,0.32225,0.84655,0.89314,0.70655,0.83246,0.62673,0.98976,0.56956,0.97157,0.0003466250000000001,0.0003466250000000001,0.0003466250000000001,,
yolo_yolov5s_20260720_153909,yolo,yolo_yolov5s_20260720_153909,yolov5s.pt,/root/autodl-fs/datasets/UA-DETRAC_YOLO/data.yaml,train,75,4755.543188095093,0.60942,0.32238,0.84657,0.8546,0.71871,0.82353,0.62275,0.99096,0.57256,0.9711,0.00033425,0.00033425,0.00033425,,
yolo_yolov5s_20260720_153909,yolo,yolo_yolov5s_20260720_153909,yolov5s.pt,/root/autodl-fs/datasets/UA-DETRAC_YOLO/data.yaml,train,76,4817.985332489014,0.60257,0.31823,0.84579,0.83458,0.72299,0.81985,0.61513,1.00151,0.57748,0.97661,0.000321875,0.000321875,0.000321875,,
yolo_yolov5s_20260720_153909,yolo,yolo_yolov5s_20260720_153909,yolov5s.pt,/root/autodl-fs/datasets/UA-DETRAC_YOLO/data.yaml,train,77,4879.339058160782,0.60101,0.32018,0.84556,0.86978,0.7121,0.81255,0.61556,0.99199,0.57817,0.97417,0.0003095,0.0003095,0.0003095,,
yolo_yolov5s_20260720_153909,yolo,yolo_yolov5s_20260720_153909,yolov5s.pt,/root/autodl-fs/datasets/UA-DETRAC_YOLO/data.yaml,train,78,4942.226868152618,0.59888,0.31617,0.845,0.89422,0.68582,0.80518,0.60696,0.99192,0.57719,0.97318,0.000297125,0.000297125,0.000297125,,
yolo_yolov5s_20260720_153909,yolo,yolo_yolov5s_20260720_153909,yolov5s.pt,/root/autodl-fs/datasets/UA-DETRAC_YOLO/data.yaml,train,79,5004.626873731613,0.59874,0.31697,0.84555,0.88899,0.68909,0.81118,0.61216,0.99512,0.57474,0.97376,0.00028474999999999996,0.00028474999999999996,0.00028474999999999996,,
yolo_yolov5s_20260720_153909,yolo,yolo_yolov5s_20260720_153909,yolov5s.pt,/root/autodl-fs/datasets/UA-DETRAC_YOLO/data.yaml,train,80,5066.736875295639,0.59609,0.31526,0.84377,0.86682,0.70842,0.81539,0.61413,0.99486,0.58254,0.97424,0.000272375,0.000272375,0.000272375,,
yolo_yolov5s_20260720_153909,yolo,yolo_yolov5s_20260720_153909,yolov5s.pt,/root/autodl-fs/datasets/UA-DETRAC_YOLO/data.yaml,train,81,5128.66615986824,0.59199,0.31254,0.84353,0.87762,0.69719,0.81308,0.61318,0.99799,0.56609,0.97484,0.00026,0.00026,0.00026,,
yolo_yolov5s_20260720_153909,yolo,yolo_yolov5s_20260720_153909,yolov5s.pt,/root/autodl-fs/datasets/UA-DETRAC_YOLO/data.yaml,train,82,5190.44979095459,0.59237,0.31036,0.84303,0.86348,0.69567,0.81331,0.61278,0.99461,0.5688,0.9743,0.0002476249999999999,0.0002476249999999999,0.0002476249999999999,,
yolo_yolov5s_20260720_153909,yolo,yolo_yolov5s_20260720_153909,yolov5s.pt,/root/autodl-fs/datasets/UA-DETRAC_YOLO/data.yaml,train,83,5252.827090978622,0.58966,0.3085,0.842,0.87374,0.67544,0.80927,0.61235,0.99503,0.57539,0.97316,0.00023525000000000008,0.00023525000000000008,0.00023525000000000008,,
yolo_yolov5s_20260720_153909,yolo,yolo_yolov5s_20260720_153909,yolov5s.pt,/root/autodl-fs/datasets/UA-DETRAC_YOLO/data.yaml,train,84,5315.135291814804,0.58748,0.30738,0.84279,0.86969,0.68892,0.81458,0.61393,0.99643,0.56494,0.97416,0.00022287500000000006,0.00022287500000000006,0.00022287500000000006,,
yolo_yolov5s_20260720_153909,yolo,yolo_yolov5s_20260720_153909,yolov5s.pt,/root/autodl-fs/datasets/UA-DETRAC_YOLO/data.yaml,train,85,5376.901834964752,0.58651,0.30749,0.842,0.85475,0.68985,0.81255,0.61393,0.99469,0.57979,0.97537,0.00021050000000000008,0.00021050000000000008,0.00021050000000000008,,
yolo_yolov5s_20260720_153909,yolo,yolo_yolov5s_20260720_153909,yolov5s.pt,/root/autodl-fs/datasets/UA-DETRAC_YOLO/data.yaml,train,86,5440.002884626389,0.58236,0.30479,0.84104,0.84464,0.70886,0.80932,0.60952,0.99481,0.57374,0.97507,0.00019812500000000003,0.00019812500000000003,0.00019812500000000003,,
yolo_yolov5s_20260720_153909,yolo,yolo_yolov5s_20260720_153909,yolov5s.pt,/root/autodl-fs/datasets/UA-DETRAC_YOLO/data.yaml,train,87,5502.227740287781,0.58229,0.30385,0.84199,0.83815,0.69753,0.80468,0.60771,0.99789,0.5775,0.97742,0.00018575000000000002,0.00018575000000000002,0.00018575000000000002,,
yolo_yolov5s_20260720_153909,yolo,yolo_yolov5s_20260720_153909,yolov5s.pt,/root/autodl-fs/datasets/UA-DETRAC_YOLO/data.yaml,train,88,5563.435076951981,0.58251,0.30167,0.84235,0.85953,0.69219,0.80556,0.60932,0.99769,0.57664,0.97708,0.00017337500000000003,0.00017337500000000003,0.00017337500000000003,,
yolo_yolov5s_20260720_153909,yolo,yolo_yolov5s_20260720_153909,yolov5s.pt,/root/autodl-fs/datasets/UA-DETRAC_YOLO/data.yaml,train,89,5625.352586984634,0.58216,0.30234,0.84064,0.84009,0.6937,0.80082,0.60692,0.99446,0.58574,0.97581,0.000161,0.000161,0.000161,,
yolo_yolov5s_20260720_153909,yolo,yolo_yolov5s_20260720_153909,yolov5s.pt,/root/autodl-fs/datasets/UA-DETRAC_YOLO/data.yaml,train,90,5687.048761367798,0.57693,0.30008,0.84095,0.84201,0.70042,0.80106,0.60705,0.99657,0.58556,0.97605,0.00014862499999999997,0.00014862499999999997,0.00014862499999999997,,
yolo_yolov5s_20260720_153909,yolo,yolo_yolov5s_20260720_153909,yolov5s.pt,/root/autodl-fs/datasets/UA-DETRAC_YOLO/data.yaml,train,91,5748.738795042038,0.5735,0.28429,0.8327,0.8595,0.70426,0.80802,0.61085,0.99545,0.57949,0.97653,0.00013624999999999998,0.00013624999999999998,0.00013624999999999998,,
yolo_yolov5s_20260720_153909,yolo,yolo_yolov5s_20260720_153909,yolov5s.pt,/root/autodl-fs/datasets/UA-DETRAC_YOLO/data.yaml,train,92,5810.254370689392,0.56646,0.27769,0.83131,0.8382,0.70993,0.80362,0.60781,0.99707,0.58259,0.97865,0.00012387499999999996,0.00012387499999999996,0.00012387499999999996,,
yolo_yolov5s_20260720_153909,yolo,yolo_yolov5s_20260720_153909,yolov5s.pt,/root/autodl-fs/datasets/UA-DETRAC_YOLO/data.yaml,train,93,5872.589750289917,0.56203,0.27524,0.83019,0.84617,0.72103,0.81192,0.61424,0.99532,0.57875,0.9767,0.00011149999999999995,0.00011149999999999995,0.00011149999999999995,,
yolo_yolov5s_20260720_153909,yolo,yolo_yolov5s_20260720_153909,yolov5s.pt,/root/autodl-fs/datasets/UA-DETRAC_YOLO/data.yaml,train,94,5937.53475856781,0.55694,0.27213,0.82873,0.86733,0.70002,0.81078,0.61531,0.99342,0.57948,0.97421,9.912499999999993e-05,9.912499999999993e-05,9.912499999999993e-05,,
yolo_yolov5s_20260720_153909,yolo,yolo_yolov5s_20260720_153909,yolov5s.pt,/root/autodl-fs/datasets/UA-DETRAC_YOLO/data.yaml,train,95,5999.128309011459,0.55588,0.2716,0.829,0.85282,0.71022,0.81394,0.61674,0.99155,0.57759,0.97256,8.675000000000006e-05,8.675000000000006e-05,8.675000000000006e-05,,
yolo_yolov5s_20260720_153909,yolo,yolo_yolov5s_20260720_153909,yolov5s.pt,/root/autodl-fs/datasets/UA-DETRAC_YOLO/data.yaml,train,96,6060.885915756226,0.55285,0.26941,0.82767,0.85402,0.7061,0.81418,0.6178,0.99096,0.57687,0.97297,7.437500000000006e-05,7.437500000000006e-05,7.437500000000006e-05,,
yolo_yolov5s_20260720_153909,yolo,yolo_yolov5s_20260720_153909,yolov5s.pt,/root/autodl-fs/datasets/UA-DETRAC_YOLO/data.yaml,train,97,6121.928286552429,0.5519,0.26849,0.82733,0.8326,0.71404,0.80865,0.61529,0.99067,0.58291,0.97235,6.200000000000006e-05,6.200000000000006e-05,6.200000000000006e-05,,
yolo_yolov5s_20260720_153909,yolo,yolo_yolov5s_20260720_153909,yolov5s.pt,/root/autodl-fs/datasets/UA-DETRAC_YOLO/data.yaml,train,98,6181.968687295914,0.55008,0.26734,0.82702,0.85241,0.70207,0.80801,0.61434,0.9894,0.58326,0.97206,4.9625000000000034e-05,4.9625000000000034e-05,4.9625000000000034e-05,,
yolo_yolov5s_20260720_153909,yolo,yolo_yolov5s_20260720_153909,yolov5s.pt,/root/autodl-fs/datasets/UA-DETRAC_YOLO/data.yaml,train,99,6241.898495674133,0.54876,0.2656,0.82589,0.86006,0.6919,0.80849,0.61459,0.99144,0.58748,0.97325,3.7250000000000025e-05,3.7250000000000025e-05,3.7250000000000025e-05,,
yolo_yolov5s_20260720_153909,yolo,yolo_yolov5s_20260720_153909,yolov5s.pt,/root/autodl-fs/datasets/UA-DETRAC_YOLO/data.yaml,train,100,6302.765578985214,0.54378,0.26331,0.8269,0.83843,0.7099,0.80767,0.6141,0.99264,0.58899,0.97363,2.4875000000000012e-05,2.4875000000000012e-05,2.4875000000000012e-05,,
yolo_yolov5m_20260720_173356,yolo,yolo_yolov5m_20260720_173356,yolov5m.pt,/root/autodl-fs/datasets/UA-DETRAC_YOLO/data.yaml,train,1,140.04714632034302,0.95494,0.83982,0.97178,0.57442,0.63703,0.64944,0.4522,1.06833,0.81035,1.02829,0.00041600106496272627,0.00041600106496272627,0.00041600106496272627,,
yolo_yolov5m_20260720_173356,yolo,yolo_yolov5m_20260720_173356,yolov5m.pt,/root/autodl-fs/datasets/UA-DETRAC_YOLO/data.yaml,train,2,272.77985167503357,0.93697,0.6838,0.96497,0.81562,0.64852,0.71886,0.50212,1.10555,0.82829,1.05023,0.000824424321086262,0.000824424321086262,0.000824424321086262,,
yolo_yolov8m_20260720_174036,yolo,yolo_yolov8m_20260720_174036,yolov8m.pt,/root/autodl-fs/datasets/DAIR-V2X_YOLO/dairv2x.yaml,train,1,165.42100739479065,1.0527,0.82897,0.89134,0.81661,0.74262,0.8073,0.55749,0.91344,0.54188,0.8453,0.00027722662440570525,0.00027722662440570525,0.00027722662440570525,,
yolo_yolov8m_20260720_174036,yolo,yolo_yolov8m_20260720_174036,yolov8m.pt,/root/autodl-fs/datasets/DAIR-V2X_YOLO/dairv2x.yaml,train,2,314.6898424625397,0.95742,0.5864,0.86316,0.81626,0.77198,0.83151,0.57734,0.90258,0.53486,0.84162,0.0005493998474907554,0.0005493998474907554,0.0005493998474907554,,
yolo_yolov8m_20260720_174036,yolo,yolo_yolov8m_20260720_174036,yolov8m.pt,/root/autodl-fs/datasets/DAIR-V2X_YOLO/dairv2x.yaml,train,3,455.34785079956055,0.93157,0.56345,0.85771,0.82513,0.78175,0.8402,0.59114,0.8817,0.51867,0.83831,0.0008160752705758056,0.0008160752705758056,0.0008160752705758056,,
yolo_yolov8m_20260720_174036,yolo,yolo_yolov8m_20260720_174036,yolov8m.pt,/root/autodl-fs/datasets/DAIR-V2X_YOLO/dairv2x.yaml,train,4,595.809182882309,0.91301,0.54133,0.85161,0.82277,0.78964,0.83922,0.59635,0.86479,0.50631,0.8355,0.0008082599,0.0008082599,0.0008082599,,
yolo_yolov8m_20260720_174036,yolo,yolo_yolov8m_20260720_174036,yolov8m.pt,/root/autodl-fs/datasets/DAIR-V2X_YOLO/dairv2x.yaml,train,5,734.2085964679718,0.8891,0.52535,0.84907,0.85163,0.78903,0.85322,0.61292,0.84177,0.48004,0.83173,0.0008000131999999999,0.0008000131999999999,0.0008000131999999999,,
yolo_yolov8m_20260720_174036,yolo,yolo_yolov8m_20260720_174036,yolov8m.pt,/root/autodl-fs/datasets/DAIR-V2X_YOLO/dairv2x.yaml,train,6,877.5499501228333,0.87496,0.5143,0.84577,0.83711,0.81201,0.85779,0.62185,0.82715,0.47793,0.8314,0.0007917665,0.0007917665,0.0007917665,,
yolo_yolov8m_20260720_174036,yolo,yolo_yolov8m_20260720_174036,yolov8m.pt,/root/autodl-fs/datasets/DAIR-V2X_YOLO/dairv2x.yaml,train,7,1016.2713761329651,0.86456,0.506,0.84405,0.84673,0.80743,0.86783,0.62676,0.82282,0.46808,0.82963,0.0007835197999999999,0.0007835197999999999,0.0007835197999999999,,
yolo_yolov8m_20260720_174036,yolo,yolo_yolov8m_20260720_174036,yolov8m.pt,/root/autodl-fs/datasets/DAIR-V2X_YOLO/dairv2x.yaml,train,8,1152.5120203495026,0.8526,0.49588,0.84136,0.83794,0.8154,0.86383,0.62837,0.82067,0.46991,0.82742,0.0007752731,0.0007752731,0.0007752731,,
yolo_yolov8m_20260720_174036,yolo,yolo_yolov8m_20260720_174036,yolov8m.pt,/root/autodl-fs/datasets/DAIR-V2X_YOLO/dairv2x.yaml,train,9,1291.079392671585,0.84506,0.49129,0.83982,0.85653,0.80986,0.87076,0.63632,0.80315,0.46207,0.8259,0.0007670264,0.0007670264,0.0007670264,,
yolo_yolov8m_20260720_174036,yolo,yolo_yolov8m_20260720_174036,yolov8m.pt,/root/autodl-fs/datasets/DAIR-V2X_YOLO/dairv2x.yaml,train,10,1429.5553798675537,0.84736,0.49443,0.83978,0.85258,0.80855,0.86087,0.62923,0.80983,0.46557,0.82598,0.0007587797,0.0007587797,0.0007587797,,
yolo_yolov8m_20260720_174036,yolo,yolo_yolov8m_20260720_174036,yolov8m.pt,/root/autodl-fs/datasets/DAIR-V2X_YOLO/dairv2x.yaml,train,11,1567.4898352622986,0.84258,0.48559,0.83938,0.84713,0.81228,0.86193,0.63385,0.79477,0.45759,0.82394,0.000750533,0.000750533,0.000750533,,
yolo_yolov8m_20260720_174036,yolo,yolo_yolov8m_20260720_174036,yolov8m.pt,/root/autodl-fs/datasets/DAIR-V2X_YOLO/dairv2x.yaml,train,12,1704.6938333511353,0.8295,0.47816,0.83671,0.84633,0.82346,0.87174,0.63722,0.80802,0.4624,0.82693,0.0007422863,0.0007422863,0.0007422863,,
yolo_yolov8m_20260720_174036,yolo,yolo_yolov8m_20260720_174036,yolov8m.pt,/root/autodl-fs/datasets/DAIR-V2X_YOLO/dairv2x.yaml,train,13,1844.3930497169495,0.82494,0.47736,0.83707,0.8463,0.81989,0.86934,0.63985,0.79366,0.45624,0.82311,0.0007340396,0.0007340396,0.0007340396,,
yolo_yolov8m_20260720_174036,yolo,yolo_yolov8m_20260720_174036,yolov8m.pt,/root/autodl-fs/datasets/DAIR-V2X_YOLO/dairv2x.yaml,train,14,1982.680692911148,0.82314,0.47607,0.83572,0.85729,0.81587,0.8719,0.64678,0.79098,0.45256,0.82371,0.0007257928999999999,0.0007257928999999999,0.0007257928999999999,,
yolo_yolov8m_20260720_174036,yolo,yolo_yolov8m_20260720_174036,yolov8m.pt,/root/autodl-fs/datasets/DAIR-V2X_YOLO/dairv2x.yaml,train,15,2122.6010212898254,0.81547,0.46546,0.83332,0.86303,0.81901,0.87861,0.65432,0.78522,0.44307,0.82182,0.0007175462,0.0007175462,0.0007175462,,
yolo_yolov8m_20260720_174036,yolo,yolo_yolov8m_20260720_174036,yolov8m.pt,/root/autodl-fs/datasets/DAIR-V2X_YOLO/dairv2x.yaml,train,16,2261.6350712776184,0.80895,0.46082,0.83187,0.85615,0.8219,0.87594,0.65373,0.77916,0.43977,0.82014,0.0007092995,0.0007092995,0.0007092995,,
yolo_yolov8m_20260720_174036,yolo,yolo_yolov8m_20260720_174036,yolov8m.pt,/root/autodl-fs/datasets/DAIR-V2X_YOLO/dairv2x.yaml,train,17,2401.59206032753,0.80928,0.46251,0.83331,0.86378,0.81811,0.8732,0.65055,0.77853,0.44076,0.82146,0.0007010528,0.0007010528,0.0007010528,,
yolo_yolov8m_20260720_174036,yolo,yolo_yolov8m_20260720_174036,yolov8m.pt,/root/autodl-fs/datasets/DAIR-V2X_YOLO/dairv2x.yaml,train,18,2540.758629798889,0.79878,0.45566,0.83021,0.8664,0.81832,0.87943,0.65884,0.77143,0.43851,0.82017,0.0006928061,0.0006928061,0.0006928061,,
yolo_yolov8m_20260720_174036,yolo,yolo_yolov8m_20260720_174036,yolov8m.pt,/root/autodl-fs/datasets/DAIR-V2X_YOLO/dairv2x.yaml,train,19,2676.7205033302307,0.79998,0.4575,0.83093,0.8662,0.82138,0.88055,0.6587,0.77152,0.43468,0.81893,0.0006845594000000001,0.0006845594000000001,0.0006845594000000001,,
yolo_yolov8m_20260720_174036,yolo,yolo_yolov8m_20260720_174036,yolov8m.pt,/root/autodl-fs/datasets/DAIR-V2X_YOLO/dairv2x.yaml,train,20,2813.054561138153,0.7929,0.45225,0.82964,0.86064,0.82407,0.88334,0.65969,0.77079,0.43832,0.8203,0.0006763127,0.0006763127,0.0006763127,,
yolo_yolov8m_20260720_174036,yolo,yolo_yolov8m_20260720_174036,yolov8m.pt,/root/autodl-fs/datasets/DAIR-V2X_YOLO/dairv2x.yaml,train,21,2948.9764873981476,0.79426,0.45137,0.83027,0.84755,0.83446,0.87755,0.65866,0.76311,0.43389,0.8188,0.000668066,0.000668066,0.000668066,,
yolo_yolov8m_20260720_174036,yolo,yolo_yolov8m_20260720_174036,yolov8m.pt,/root/autodl-fs/datasets/DAIR-V2X_YOLO/dairv2x.yaml,train,22,3083.8901958465576,0.78702,0.44727,0.82909,0.85733,0.82796,0.87929,0.65911,0.76309,0.43113,0.81843,0.0006598193,0.0006598193,0.0006598193,,
yolo_yolov8m_20260720_174036,yolo,yolo_yolov8m_20260720_174036,yolov8m.pt,/root/autodl-fs/datasets/DAIR-V2X_YOLO/dairv2x.yaml,train,23,3219.233908176422,0.78661,0.44912,0.82905,0.86861,0.82307,0.88282,0.66043,0.76754,0.43052,0.81811,0.0006515726,0.0006515726,0.0006515726,,
yolo_yolov8m_20260720_174036,yolo,yolo_yolov8m_20260720_174036,yolov8m.pt,/root/autodl-fs/datasets/DAIR-V2X_YOLO/dairv2x.yaml,train,24,3354.0993041992188,0.78709,0.44929,0.8283,0.85811,0.82737,0.88044,0.6567,0.76844,0.43439,0.81831,0.0006433259,0.0006433259,0.0006433259,,
yolo_yolov8m_20260720_174036,yolo,yolo_yolov8m_20260720_174036,yolov8m.pt,/root/autodl-fs/datasets/DAIR-V2X_YOLO/dairv2x.yaml,train,25,3489.1535999774933,0.78252,0.44667,0.82858,0.8649,0.82713,0.88523,0.66421,0.75881,0.42833,0.81779,0.0006350791999999999,0.0006350791999999999,0.0006350791999999999,,
yolo_yolov8m_20260720_174036,yolo,yolo_yolov8m_20260720_174036,yolov8m.pt,/root/autodl-fs/datasets/DAIR-V2X_YOLO/dairv2x.yaml,train,26,3623.862711429596,0.7783,0.44061,0.82712,0.86486,0.83246,0.8851,0.66647,0.75537,0.42318,0.81665,0.0006268325,0.0006268325,0.0006268325,,
yolo_yolov8m_20260720_174036,yolo,yolo_yolov8m_20260720_174036,yolov8m.pt,/root/autodl-fs/datasets/DAIR-V2X_YOLO/dairv2x.yaml,train,27,3758.0949985980988,0.77925,0.4395,0.82679,0.86172,0.8325,0.88741,0.66514,0.75816,0.42298,0.81736,0.0006185858,0.0006185858,0.0006185858,,
yolo_yolov8m_20260720_174036,yolo,yolo_yolov8m_20260720_174036,yolov8m.pt,/root/autodl-fs/datasets/DAIR-V2X_YOLO/dairv2x.yaml,train,28,3892.5808713436127,0.77435,0.43934,0.82694,0.8655,0.82556,0.88517,0.66888,0.75304,0.42137,0.8175,0.0006103391,0.0006103391,0.0006103391,,
yolo_yolov8m_20260720_174036,yolo,yolo_yolov8m_20260720_174036,yolov8m.pt,/root/autodl-fs/datasets/DAIR-V2X_YOLO/dairv2x.yaml,train,29,4027.85516166687,0.77399,0.43757,0.82793,0.84819,0.83637,0.88508,0.6664,0.75493,0.42212,0.81765,0.0006020924,0.0006020924,0.0006020924,,
yolo_yolov8m_20260720_174036,yolo,yolo_yolov8m_20260720_174036,yolov8m.pt,/root/autodl-fs/datasets/DAIR-V2X_YOLO/dairv2x.yaml,train,30,4162.72219824791,0.77094,0.43345,0.82627,0.85755,0.8289,0.88592,0.66293,0.76327,0.4249,0.81811,0.0005938457,0.0005938457,0.0005938457,,
yolo_yolov8m_20260720_174036,yolo,yolo_yolov8m_20260720_174036,yolov8m.pt,/root/autodl-fs/datasets/DAIR-V2X_YOLO/dairv2x.yaml,train,31,4298.188552856445,0.76473,0.43131,0.82382,0.8665,0.83096,0.88555,0.6709,0.74958,0.41689,0.8167,0.0005855989999999999,0.0005855989999999999,0.0005855989999999999,,
yolo_yolov8m_20260720_174036,yolo,yolo_yolov8m_20260720_174036,yolov8m.pt,/root/autodl-fs/datasets/DAIR-V2X_YOLO/dairv2x.yaml,train,32,4432.507436990738,0.76628,0.43112,0.82444,0.85518,0.83518,0.88542,0.67204,0.74404,0.41514,0.8148,0.0005773522999999999,0.0005773522999999999,0.0005773522999999999,,
yolo_yolov8m_20260720_174036,yolo,yolo_yolov8m_20260720_174036,yolov8m.pt,/root/autodl-fs/datasets/DAIR-V2X_YOLO/dairv2x.yaml,train,33,4567.691644906998,0.76154,0.42967,0.82462,0.86329,0.8362,0.88654,0.6716,0.74259,0.41388,0.81528,0.0005691056,0.0005691056,0.0005691056,,
yolo_yolov8m_20260720_174036,yolo,yolo_yolov8m_20260720_174036,yolov8m.pt,/root/autodl-fs/datasets/DAIR-V2X_YOLO/dairv2x.yaml,train,34,4702.682598829269,0.76055,0.42655,0.82424,0.87371,0.82966,0.88834,0.67187,0.7474,0.41433,0.81605,0.0005608588999999999,0.0005608588999999999,0.0005608588999999999,,
yolo_yolov8m_20260720_174036,yolo,yolo_yolov8m_20260720_174036,yolov8m.pt,/root/autodl-fs/datasets/DAIR-V2X_YOLO/dairv2x.yaml,train,35,4837.551276683807,0.76146,0.42594,0.82489,0.85958,0.8405,0.89216,0.67659,0.74134,0.41172,0.8155,0.0005526121999999999,0.0005526121999999999,0.0005526121999999999,,
yolo_yolov8m_20260720_174036,yolo,yolo_yolov8m_20260720_174036,yolov8m.pt,/root/autodl-fs/datasets/DAIR-V2X_YOLO/dairv2x.yaml,train,36,4973.820564508438,0.75672,0.42631,0.82278,0.86128,0.83575,0.88691,0.67382,0.74395,0.41696,0.81483,0.0005443655,0.0005443655,0.0005443655,,
yolo_yolov8m_20260720_174036,yolo,yolo_yolov8m_20260720_174036,yolov8m.pt,/root/autodl-fs/datasets/DAIR-V2X_YOLO/dairv2x.yaml,train,37,5110.619740962982,0.7589,0.42557,0.82369,0.86327,0.84263,0.88913,0.67661,0.74417,0.41357,0.81551,0.0005361188,0.0005361188,0.0005361188,,
yolo_yolov8m_20260720_174036,yolo,yolo_yolov8m_20260720_174036,yolov8m.pt,/root/autodl-fs/datasets/DAIR-V2X_YOLO/dairv2x.yaml,train,38,5251.04437994957,0.75034,0.41793,0.82245,0.87116,0.83486,0.89372,0.67845,0.74152,0.40823,0.81553,0.0005278721,0.0005278721,0.0005278721,,
yolo_yolov8m_20260720_174036,yolo,yolo_yolov8m_20260720_174036,yolov8m.pt,/root/autodl-fs/datasets/DAIR-V2X_YOLO/dairv2x.yaml,train,39,5391.823125123978,0.75333,0.42267,0.82171,0.86502,0.83459,0.88997,0.67735,0.73779,0.40974,0.8152,0.0005196254,0.0005196254,0.0005196254,,
yolo_yolov8m_20260720_174036,yolo,yolo_yolov8m_20260720_174036,yolov8m.pt,/root/autodl-fs/datasets/DAIR-V2X_YOLO/dairv2x.yaml,train,40,5535.472977638245,0.75099,0.42102,0.82302,0.86269,0.83564,0.88953,0.67695,0.7393,0.41324,0.81453,0.0005113787,0.0005113787,0.0005113787,,
yolo_yolov8m_20260720_174036,yolo,yolo_yolov8m_20260720_174036,yolov8m.pt,/root/autodl-fs/datasets/DAIR-V2X_YOLO/dairv2x.yaml,train,41,5677.227205276489,0.74666,0.41674,0.82186,0.86372,0.83649,0.89008,0.6823,0.72994,0.40322,0.81385,0.000503132,0.000503132,0.000503132,,
yolo_yolov8m_20260720_174036,yolo,yolo_yolov8m_20260720_174036,yolov8m.pt,/root/autodl-fs/datasets/DAIR-V2X_YOLO/dairv2x.yaml,train,42,5820.7235424518585,0.74573,0.41497,0.82135,0.86798,0.83242,0.89075,0.6813,0.73776,0.40814,0.81383,0.0004948853,0.0004948853,0.0004948853,,
yolo_yolov8m_20260720_174036,yolo,yolo_yolov8m_20260720_174036,yolov8m.pt,/root/autodl-fs/datasets/DAIR-V2X_YOLO/dairv2x.yaml,train,43,5963.457902431488,0.7467,0.41477,0.82121,0.8617,0.83727,0.88744,0.67814,0.73591,0.40823,0.81519,0.00048663860000000005,0.00048663860000000005,0.00048663860000000005,,
yolo_yolov8m_20260720_174036,yolo,yolo_yolov8m_20260720_174036,yolov8m.pt,/root/autodl-fs/datasets/DAIR-V2X_YOLO/dairv2x.yaml,train,44,6108.58748960495,0.74298,0.41306,0.82162,0.87656,0.82854,0.89136,0.68148,0.733,0.40599,0.81434,0.00047839190000000003,0.00047839190000000003,0.00047839190000000003,,
yolo_yolov8m_20260720_174036,yolo,yolo_yolov8m_20260720_174036,yolov8m.pt,/root/autodl-fs/datasets/DAIR-V2X_YOLO/dairv2x.yaml,train,45,6252.829128026962,0.74363,0.41413,0.82023,0.86723,0.83577,0.89067,0.67927,0.73685,0.40606,0.81543,0.0004701452,0.0004701452,0.0004701452,,
yolo_yolov8m_20260720_174036,yolo,yolo_yolov8m_20260720_174036,yolov8m.pt,/root/autodl-fs/datasets/DAIR-V2X_YOLO/dairv2x.yaml,train,46,6397.559401273727,0.73875,0.41068,0.82041,0.87607,0.83122,0.89203,0.68183,0.73283,0.40265,0.81401,0.0004618985,0.0004618985,0.0004618985,,
yolo_yolov8m_20260720_174036,yolo,yolo_yolov8m_20260720_174036,yolov8m.pt,/root/autodl-fs/datasets/DAIR-V2X_YOLO/dairv2x.yaml,train,47,6534.280499219894,0.73876,0.40815,0.81975,0.86606,0.84653,0.89367,0.68439,0.72685,0.39919,0.81288,0.00045365180000000007,0.00045365180000000007,0.00045365180000000007,,
yolo_yolov8m_20260720_174036,yolo,yolo_yolov8m_20260720_174036,yolov8m.pt,/root/autodl-fs/datasets/DAIR-V2X_YOLO/dairv2x.yaml,train,48,6673.254204034805,0.7363,0.40829,0.82083,0.86676,0.83679,0.89082,0.6809,0.73124,0.40362,0.81446,0.00044540510000000004,0.00044540510000000004,0.00044540510000000004,,
yolo_yolov8m_20260720_174036,yolo,yolo_yolov8m_20260720_174036,yolov8m.pt,/root/autodl-fs/datasets/DAIR-V2X_YOLO/dairv2x.yaml,train,49,6808.51217675209,0.73462,0.40704,0.8209,0.87723,0.83871,0.8935,0.68437,0.72505,0.39779,0.81327,0.0004371584,0.0004371584,0.0004371584,,
yolo_yolov8m_20260720_174036,yolo,yolo_yolov8m_20260720_174036,yolov8m.pt,/root/autodl-fs/datasets/DAIR-V2X_YOLO/dairv2x.yaml,train,50,6944.900012016296,0.72989,0.40321,0.81927,0.86416,0.84145,0.89511,0.68641,0.72538,0.39929,0.81292,0.0004289117,0.0004289117,0.0004289117,,
yolo_yolov8m_20260720_174036,yolo,yolo_yolov8m_20260720_174036,yolov8m.pt,/root/autodl-fs/datasets/DAIR-V2X_YOLO/dairv2x.yaml,train,51,7082.145939588547,0.73065,0.40275,0.8199,0.87263,0.83973,0.89545,0.68789,0.72302,0.40046,0.81187,0.00042066499999999997,0.00042066499999999997,0.00042066499999999997,,
yolo_yolov8m_20260720_174036,yolo,yolo_yolov8m_20260720_174036,yolov8m.pt,/root/autodl-fs/datasets/DAIR-V2X_YOLO/dairv2x.yaml,train,52,7219.570129156113,0.72641,0.39992,0.81833,0.86375,0.84607,0.89534,0.68699,0.72386,0.39914,0.81205,0.00041241829999999995,0.00041241829999999995,0.00041241829999999995,,
yolo_yolov8m_20260720_174036,yolo,yolo_yolov8m_20260720_174036,yolov8m.pt,/root/autodl-fs/datasets/DAIR-V2X_YOLO/dairv2x.yaml,train,53,7356.46541261673,0.72575,0.40151,0.81761,0.87134,0.8435,0.89793,0.68825,0.72351,0.39722,0.81237,0.0004041716,0.0004041716,0.0004041716,,
yolo_yolov8m_20260720_174036,yolo,yolo_yolov8m_20260720_174036,yolov8m.pt,/root/autodl-fs/datasets/DAIR-V2X_YOLO/dairv2x.yaml,train,54,7494.340411663055,0.73031,0.40281,0.82007,0.87564,0.83258,0.89507,0.68705,0.72253,0.39846,0.81259,0.0003959249,0.0003959249,0.0003959249,,
yolo_yolov8m_20260720_174036,yolo,yolo_yolov8m_20260720_174036,yolov8m.pt,/root/autodl-fs/datasets/DAIR-V2X_YOLO/dairv2x.yaml,train,55,7631.667937040329,0.72304,0.39835,0.81663,0.86007,0.84724,0.89672,0.68924,0.72087,0.3959,0.81214,0.0003876782,0.0003876782,0.0003876782,,
yolo_yolov8m_20260720_174036,yolo,yolo_yolov8m_20260720_174036,yolov8m.pt,/root/autodl-fs/datasets/DAIR-V2X_YOLO/dairv2x.yaml,train,56,7768.947936534882,0.72489,0.3998,0.81772,0.86815,0.84206,0.88832,0.68366,0.71895,0.3967,0.81169,0.00037943149999999996,0.00037943149999999996,0.00037943149999999996,,
yolo_yolov8m_20260720_174036,yolo,yolo_yolov8m_20260720_174036,yolov8m.pt,/root/autodl-fs/datasets/DAIR-V2X_YOLO/dairv2x.yaml,train,57,7905.331470966339,0.72253,0.39689,0.81771,0.87402,0.8415,0.89541,0.68797,0.72023,0.39603,0.81159,0.00037118479999999994,0.00037118479999999994,0.00037118479999999994,,
yolo_yolov8m_20260720_174036,yolo,yolo_yolov8m_20260720_174036,yolov8m.pt,/root/autodl-fs/datasets/DAIR-V2X_YOLO/dairv2x.yaml,train,58,8045.008794307709,0.71802,0.39355,0.81688,0.87175,0.84235,0.89503,0.6883,0.71965,0.39638,0.81159,0.0003629381,0.0003629381,0.0003629381,,
yolo_yolov8m_20260720_174036,yolo,yolo_yolov8m_20260720_174036,yolov8m.pt,/root/autodl-fs/datasets/DAIR-V2X_YOLO/dairv2x.yaml,train,59,8179.998318910599,0.72136,0.39531,0.81749,0.86945,0.84389,0.89108,0.68694,0.71919,0.39548,0.81179,0.00035469140000000005,0.00035469140000000005,0.00035469140000000005,,
yolo_yolov8m_20260720_174036,yolo,yolo_yolov8m_20260720_174036,yolov8m.pt,/root/autodl-fs/datasets/DAIR-V2X_YOLO/dairv2x.yaml,train,60,8314.914728403091,0.71507,0.39169,0.81716,0.8723,0.83839,0.89544,0.68975,0.71603,0.3938,0.81109,0.00034644470000000003,0.00034644470000000003,0.00034644470000000003,,
yolo_yolov8m_20260720_174036,yolo,yolo_yolov8m_20260720_174036,yolov8m.pt,/root/autodl-fs/datasets/DAIR-V2X_YOLO/dairv2x.yaml,train,61,8449.8204164505,0.71583,0.39072,0.81689,0.87673,0.83745,0.89341,0.68518,0.72014,0.39612,0.81247,0.000338198,0.000338198,0.000338198,,
yolo_yolov8m_20260720_174036,yolo,yolo_yolov8m_20260720_174036,yolov8m.pt,/root/autodl-fs/datasets/DAIR-V2X_YOLO/dairv2x.yaml,train,62,8584.36712884903,0.71566,0.38995,0.81628,0.8687,0.8416,0.89467,0.68826,0.71664,0.39256,0.81136,0.0003299513,0.0003299513,0.0003299513,,
yolo_yolov8m_20260720_174036,yolo,yolo_yolov8m_20260720_174036,yolov8m.pt,/root/autodl-fs/datasets/DAIR-V2X_YOLO/dairv2x.yaml,train,63,8718.681734323502,0.71222,0.38818,0.81506,0.88054,0.8332,0.89088,0.68926,0.71572,0.39354,0.81139,0.00032170459999999996,0.00032170459999999996,0.00032170459999999996,,
yolo_yolov8m_20260720_174036,yolo,yolo_yolov8m_20260720_174036,yolov8m.pt,/root/autodl-fs/datasets/DAIR-V2X_YOLO/dairv2x.yaml,train,64,8853.393820762634,0.71252,0.38732,0.81495,0.86902,0.84391,0.89317,0.68973,0.71149,0.39175,0.8106,0.0003134579,0.0003134579,0.0003134579,,
yolo_yolov8m_20260720_174036,yolo,yolo_yolov8m_20260720_174036,yolov8m.pt,/root/autodl-fs/datasets/DAIR-V2X_YOLO/dairv2x.yaml,train,65,8988.159811973572,0.70982,0.38738,0.81532,0.872,0.84521,0.89403,0.68984,0.71274,0.3926,0.81131,0.0003052112,0.0003052112,0.0003052112,,
yolo_yolov8m_20260720_174036,yolo,yolo_yolov8m_20260720_174036,yolov8m.pt,/root/autodl-fs/datasets/DAIR-V2X_YOLO/dairv2x.yaml,train,66,9122.316645145416,0.70869,0.3861,0.81577,0.86795,0.84845,0.89637,0.69171,0.71186,0.39118,0.81122,0.0002969645,0.0002969645,0.0002969645,,
yolo_yolov8m_20260720_174036,yolo,yolo_yolov8m_20260720_174036,yolov8m.pt,/root/autodl-fs/datasets/DAIR-V2X_YOLO/dairv2x.yaml,train,67,9257.076287984848,0.7076,0.38441,0.81463,0.87377,0.8429,0.89609,0.69309,0.71046,0.38888,0.81045,0.00028871779999999997,0.00028871779999999997,0.00028871779999999997,,
yolo_yolov8m_20260720_174036,yolo,yolo_yolov8m_20260720_174036,yolov8m.pt,/root/autodl-fs/datasets/DAIR-V2X_YOLO/dairv2x.yaml,train,68,9391.501918077469,0.70674,0.38353,0.81497,0.87288,0.84332,0.89563,0.69316,0.712,0.39095,0.81012,0.00028047109999999994,0.00028047109999999994,0.00028047109999999994,,
yolo_yolov8m_20260720_174036,yolo,yolo_yolov8m_20260720_174036,yolov8m.pt,/root/autodl-fs/datasets/DAIR-V2X_YOLO/dairv2x.yaml,train,69,9526.17760682106,0.70432,0.38183,0.81274,0.87738,0.84047,0.89855,0.69474,0.71135,0.38929,0.80969,0.0002722244,0.0002722244,0.0002722244,,
yolo_yolov8m_20260720_174036,yolo,yolo_yolov8m_20260720_174036,yolov8m.pt,/root/autodl-fs/datasets/DAIR-V2X_YOLO/dairv2x.yaml,train,70,9660.82033085823,0.70261,0.38014,0.81337,0.87152,0.84417,0.89475,0.69278,0.70997,0.38792,0.80986,0.00026397770000000006,0.00026397770000000006,0.00026397770000000006,,
yolo_yolov8m_20260720_174036,yolo,yolo_yolov8m_20260720_174036,yolov8m.pt,/root/autodl-fs/datasets/DAIR-V2X_YOLO/dairv2x.yaml,train,71,9795.279196739197,0.7013,0.37844,0.81306,0.87055,0.84813,0.89929,0.69403,0.71029,0.38701,0.81004,0.00025573100000000004,0.00025573100000000004,0.00025573100000000004,,
yolo_yolov8m_20260720_174036,yolo,yolo_yolov8m_20260720_174036,yolov8m.pt,/root/autodl-fs/datasets/DAIR-V2X_YOLO/dairv2x.yaml,train,72,9929.821297883987,0.70002,0.37701,0.81267,0.87091,0.84681,0.89503,0.69233,0.70918,0.38729,0.80963,0.0002474843,0.0002474843,0.0002474843,,
yolo_yolov8m_20260720_174036,yolo,yolo_yolov8m_20260720_174036,yolov8m.pt,/root/autodl-fs/datasets/DAIR-V2X_YOLO/dairv2x.yaml,train,73,10064.715328454971,0.69981,0.3776,0.81306,0.87145,0.84751,0.89497,0.69107,0.71153,0.3873,0.81039,0.0002392376,0.0002392376,0.0002392376,,
yolo_yolov8m_20260720_174036,yolo,yolo_yolov8m_20260720_174036,yolov8m.pt,/root/autodl-fs/datasets/DAIR-V2X_YOLO/dairv2x.yaml,train,74,10198.777230739594,0.69725,0.37529,0.81242,0.87349,0.84462,0.89667,0.69323,0.70915,0.3877,0.81008,0.00023099090000000002,0.00023099090000000002,0.00023099090000000002,,
yolo_yolov8m_20260720_174036,yolo,yolo_yolov8m_20260720_174036,yolov8m.pt,/root/autodl-fs/datasets/DAIR-V2X_YOLO/dairv2x.yaml,train,75,10333.353135347366,0.69559,0.37377,0.81143,0.87499,0.84378,0.89668,0.69293,0.70811,0.38688,0.80989,0.00022274420000000002,0.00022274420000000002,0.00022274420000000002,,
yolo_yolov8m_20260720_174036,yolo,yolo_yolov8m_20260720_174036,yolov8m.pt,/root/autodl-fs/datasets/DAIR-V2X_YOLO/dairv2x.yaml,train,76,10468.110070705414,0.696,0.37454,0.81267,0.87053,0.84695,0.89847,0.69452,0.70853,0.3864,0.8101,0.0002144975,0.0002144975,0.0002144975,,
yolo_yolov8m_20260720_174036,yolo,yolo_yolov8m_20260720_174036,yolov8m.pt,/root/autodl-fs/datasets/DAIR-V2X_YOLO/dairv2x.yaml,train,77,10602.372948884964,0.6927,0.37269,0.81197,0.86763,0.84754,0.89738,0.69223,0.70875,0.38775,0.81005,0.00020625079999999997,0.00020625079999999997,0.00020625079999999997,,
yolo_yolov8m_20260720_174036,yolo,yolo_yolov8m_20260720_174036,yolov8m.pt,/root/autodl-fs/datasets/DAIR-V2X_YOLO/dairv2x.yaml,train,78,10736.56509900093,0.68945,0.36946,0.81223,0.87259,0.84561,0.89836,0.69577,0.70816,0.38606,0.81002,0.00019800409999999998,0.00019800409999999998,0.00019800409999999998,,
yolo_yolov8m_20260720_174036,yolo,yolo_yolov8m_20260720_174036,yolov8m.pt,/root/autodl-fs/datasets/DAIR-V2X_YOLO/dairv2x.yaml,train,79,10870.702204704285,0.68983,0.36926,0.81246,0.86656,0.85132,0.89676,0.69413,0.70797,0.38576,0.81044,0.00018975739999999998,0.00018975739999999998,0.00018975739999999998,,
yolo_yolov8m_20260720_174036,yolo,yolo_yolov8m_20260720_174036,yolov8m.pt,/root/autodl-fs/datasets/DAIR-V2X_YOLO/dairv2x.yaml,train,80,11004.744936704636,0.68913,0.36941,0.81224,0.87419,0.84484,0.8986,0.69586,0.70697,0.38496,0.81008,0.00018151069999999998,0.00018151069999999998,0.00018151069999999998,,
yolo_yolov8m_20260720_174036,yolo,yolo_yolov8m_20260720_174036,yolov8m.pt,/root/autodl-fs/datasets/DAIR-V2X_YOLO/dairv2x.yaml,train,81,11138.964536428452,0.68715,0.36674,0.81177,0.87088,0.84527,0.89619,0.69491,0.70672,0.38494,0.80974,0.00017326399999999996,0.00017326399999999996,0.00017326399999999996,,
yolo_yolov8m_20260720_174036,yolo,yolo_yolov8m_20260720_174036,yolov8m.pt,/root/autodl-fs/datasets/DAIR-V2X_YOLO/dairv2x.yaml,train,82,11272.769178390503,0.68566,0.36637,0.81155,0.87256,0.84414,0.89696,0.69432,0.70752,0.38569,0.80966,0.00016501729999999994,0.00016501729999999994,0.00016501729999999994,,
yolo_yolov8m_20260720_174036,yolo,yolo_yolov8m_20260720_174036,yolov8m.pt,/root/autodl-fs/datasets/DAIR-V2X_YOLO/dairv2x.yaml,train,83,11407.051275253296,0.6847,0.36557,0.81038,0.8703,0.84741,0.89303,0.69097,0.70889,0.3851,0.80977,0.00015677060000000005,0.00015677060000000005,0.00015677060000000005,,
yolo_yolov8m_20260720_174036,yolo,yolo_yolov8m_20260720_174036,yolov8m.pt,/root/autodl-fs/datasets/DAIR-V2X_YOLO/dairv2x.yaml,train,84,11541.191992759705,0.67999,0.36216,0.81006,0.87122,0.84882,0.89389,0.69233,0.70738,0.38508,0.80951,0.00014852390000000002,0.00014852390000000002,0.00014852390000000002,,
yolo_yolov8m_20260720_174036,yolo,yolo_yolov8m_20260720_174036,yolov8m.pt,/root/autodl-fs/datasets/DAIR-V2X_YOLO/dairv2x.yaml,train,85,11676.42880487442,0.67844,0.36167,0.80989,0.87107,0.84775,0.89443,0.69277,0.70725,0.38456,0.80927,0.00014027720000000003,0.00014027720000000003,0.00014027720000000003,,
yolo_yolov8m_20260720_174036,yolo,yolo_yolov8m_20260720_174036,yolov8m.pt,/root/autodl-fs/datasets/DAIR-V2X_YOLO/dairv2x.yaml,train,86,11813.870949029922,0.6823,0.36189,0.81007,0.86916,0.84981,0.89668,0.69407,0.70602,0.38338,0.80966,0.00013203050000000003,0.00013203050000000003,0.00013203050000000003,,
yolo_yolov8m_20260720_174036,yolo,yolo_yolov8m_20260720_174036,yolov8m.pt,/root/autodl-fs/datasets/DAIR-V2X_YOLO/dairv2x.yaml,train,87,11951.069791793823,0.67492,0.35945,0.80941,0.86934,0.84959,0.89709,0.69469,0.70477,0.38428,0.80931,0.0001237838,0.0001237838,0.0001237838,,
yolo_yolov8m_20260720_174036,yolo,yolo_yolov8m_20260720_174036,yolov8m.pt,/root/autodl-fs/datasets/DAIR-V2X_YOLO/dairv2x.yaml,train,88,12088.717046260834,0.67598,0.35962,0.80986,0.86721,0.85175,0.89743,0.69518,0.70447,0.3856,0.80925,0.00011553710000000001,0.00011553710000000001,0.00011553710000000001,,
yolo_yolov8m_20260720_174036,yolo,yolo_yolov8m_20260720_174036,yolov8m.pt,/root/autodl-fs/datasets/DAIR-V2X_YOLO/dairv2x.yaml,train,89,12226.210355758667,0.67591,0.35777,0.81034,0.86692,0.85524,0.89707,0.69603,0.70451,0.38512,0.80917,0.0001072904,0.0001072904,0.0001072904,,
yolo_yolov8m_20260720_174036,yolo,yolo_yolov8m_20260720_174036,yolov8m.pt,/root/autodl-fs/datasets/DAIR-V2X_YOLO/dairv2x.yaml,train,90,12363.568670749664,0.67472,0.35797,0.8099,0.87033,0.84998,0.89481,0.69328,0.7041,0.38457,0.80959,9.904369999999997e-05,9.904369999999997e-05,9.904369999999997e-05,,
yolo_yolov8m_20260720_174036,yolo,yolo_yolov8m_20260720_174036,yolov8m.pt,/root/autodl-fs/datasets/DAIR-V2X_YOLO/dairv2x.yaml,train,91,12496.146574258804,0.65348,0.34662,0.80606,0.86946,0.84848,0.89255,0.69166,0.70897,0.38681,0.8105,9.079699999999998e-05,9.079699999999998e-05,9.079699999999998e-05,,
yolo_yolov8m_20260720_174036,yolo,yolo_yolov8m_20260720_174036,yolov8m.pt,/root/autodl-fs/datasets/DAIR-V2X_YOLO/dairv2x.yaml,train,92,12627.548520088196,0.65118,0.3449,0.8036,0.87232,0.84742,0.89376,0.69222,0.70823,0.38576,0.81007,8.255029999999997e-05,8.255029999999997e-05,8.255029999999997e-05,,
yolo_yolov8m_20260720_174036,yolo,yolo_yolov8m_20260720_174036,yolov8m.pt,/root/autodl-fs/datasets/DAIR-V2X_YOLO/dairv2x.yaml,train,93,12759.471787929535,0.64897,0.344,0.80258,0.87267,0.84535,0.89347,0.69239,0.70735,0.38726,0.80965,7.430359999999997e-05,7.430359999999997e-05,7.430359999999997e-05,,
yolo_yolov8m_20260720_174036,yolo,yolo_yolov8m_20260720_174036,yolov8m.pt,/root/autodl-fs/datasets/DAIR-V2X_YOLO/dairv2x.yaml,train,94,12891.782342910767,0.64543,0.34122,0.8035,0.87196,0.84804,0.89322,0.69232,0.70779,0.38792,0.80981,6.605689999999995e-05,6.605689999999995e-05,6.605689999999995e-05,,
yolo_yolov8m_20260720_174036,yolo,yolo_yolov8m_20260720_174036,yolov8m.pt,/root/autodl-fs/datasets/DAIR-V2X_YOLO/dairv2x.yaml,train,95,13023.403158903122,0.64401,0.34024,0.80255,0.86836,0.85199,0.89411,0.69274,0.7074,0.38785,0.80987,5.781020000000004e-05,5.781020000000004e-05,5.781020000000004e-05,,
yolo_yolov8m_20260720_174036,yolo,yolo_yolov8m_20260720_174036,yolov8m.pt,/root/autodl-fs/datasets/DAIR-V2X_YOLO/dairv2x.yaml,train,96,13154.711657524109,0.64028,0.3377,0.80197,0.8705,0.84804,0.89414,0.69269,0.70765,0.38709,0.8098,4.9563500000000035e-05,4.9563500000000035e-05,4.9563500000000035e-05,,
yolo_yolov8m_20260720_174036,yolo,yolo_yolov8m_20260720_174036,yolov8m.pt,/root/autodl-fs/datasets/DAIR-V2X_YOLO/dairv2x.yaml,train,97,13287.110471725464,0.6413,0.33674,0.80233,0.86502,0.85212,0.89275,0.69078,0.70738,0.38678,0.80993,4.131680000000003e-05,4.131680000000003e-05,4.131680000000003e-05,,
yolo_yolov8m_20260720_174036,yolo,yolo_yolov8m_20260720_174036,yolov8m.pt,/root/autodl-fs/datasets/DAIR-V2X_YOLO/dairv2x.yaml,train,98,13419.442136526108,0.64004,0.33627,0.80263,0.87018,0.84734,0.89402,0.69061,0.70687,0.38585,0.80992,3.307010000000002e-05,3.307010000000002e-05,3.307010000000002e-05,,
yolo_yolov8m_20260720_174036,yolo,yolo_yolov8m_20260720_174036,yolov8m.pt,/root/autodl-fs/datasets/DAIR-V2X_YOLO/dairv2x.yaml,train,99,13553.252189874649,0.63693,0.33452,0.80151,0.87121,0.84628,0.89346,0.69125,0.70676,0.38642,0.80983,2.4823400000000017e-05,2.4823400000000017e-05,2.4823400000000017e-05,,
yolo_yolov8m_20260720_174036,yolo,yolo_yolov8m_20260720_174036,yolov8m.pt,/root/autodl-fs/datasets/DAIR-V2X_YOLO/dairv2x.yaml,train,100,13685.885053873062,0.6372,0.33396,0.80174,0.86792,0.84875,0.89329,0.69115,0.7072,0.38667,0.80979,1.6576700000000007e-05,1.6576700000000007e-05,1.6576700000000007e-05,,
yolo_v12s_20260720_214000,yolo,yolo_v12s_20260720_214000,yolo12s.pt,/root/autodl-fs/datasets/DAIR-V2X_YOLO/dairv2x.yaml,train,1,126.2457206249237,1.15787,1.03477,0.9103,0.7727,0.71342,0.75424,0.49357,1.01987,0.64663,0.86661,0.0002767879746835443,0.0002767879746835443,0.0002767879746835443,,
yolo_v12s_20260720_214000,yolo,yolo_v12s_20260720_214000,yolo12s.pt,/root/autodl-fs/datasets/DAIR-V2X_YOLO/dairv2x.yaml,train,2,236.25428581237793,1.0443,0.66052,0.87699,0.80592,0.74588,0.80204,0.54653,0.9536,0.59083,0.85102,0.0005489655404008439,0.0005489655404008439,0.0005489655404008439,,
yolo_v12s_20260720_214000,yolo,yolo_v12s_20260720_214000,yolo12s.pt,/root/autodl-fs/datasets/DAIR-V2X_YOLO/dairv2x.yaml,train,3,567.5620460510254,1.02745,0.62602,0.8704,0.79282,0.74708,0.80445,0.54772,0.95276,0.58048,0.85117,0.0008156453061181434,0.0008156453061181434,0.0008156453061181434,,
yolo_v12s_20260720_214000,yolo,yolo_v12s_20260720_214000,yolo12s.pt,/root/autodl-fs/datasets/DAIR-V2X_YOLO/dairv2x.yaml,train,4,677.823478937149,0.99746,0.60595,0.86368,0.83547,0.74217,0.81107,0.55645,0.92826,0.56313,0.84531,0.0008082599,0.0008082599,0.0008082599,,
yolo_v12s_20260720_214000,yolo,yolo_v12s_20260720_214000,yolo12s.pt,/root/autodl-fs/datasets/DAIR-V2X_YOLO/dairv2x.yaml,train,5,786.0725691318512,0.97474,0.58955,0.86111,0.82994,0.76715,0.81514,0.56616,0.90913,0.54578,0.84453,0.0008000131999999999,0.0008000131999999999,0.0008000131999999999,,
yolo_v12s_20260720_214000,yolo,yolo_v12s_20260720_214000,yolo12s.pt,/root/autodl-fs/datasets/DAIR-V2X_YOLO/dairv2x.yaml,train,6,894.5868327617645,0.96101,0.57257,0.85688,0.80579,0.76573,0.82045,0.5636,0.95042,0.54643,0.85066,0.0007917665,0.0007917665,0.0007917665,,
yolo_v12s_20260720_214000,yolo,yolo_v12s_20260720_214000,yolo12s.pt,/root/autodl-fs/datasets/DAIR-V2X_YOLO/dairv2x.yaml,train,7,1024.6633155345917,0.95149,0.56479,0.85516,0.8308,0.76808,0.82952,0.58516,0.88631,0.52282,0.84015,0.0007835197999999999,0.0007835197999999999,0.0007835197999999999,,
yolo_v12s_20260720_214000,yolo,yolo_v12s_20260720_214000,yolo12s.pt,/root/autodl-fs/datasets/DAIR-V2X_YOLO/dairv2x.yaml,train,8,1132.9654788970947,0.93074,0.55083,0.85203,0.81815,0.78228,0.8374,0.59319,0.88211,0.50981,0.83846,0.0007752731,0.0007752731,0.0007752731,,
yolo_v12s_20260720_214000,yolo,yolo_v12s_20260720_214000,yolo12s.pt,/root/autodl-fs/datasets/DAIR-V2X_YOLO/dairv2x.yaml,train,9,1242.0659925937653,0.9256,0.54727,0.85005,0.84033,0.77908,0.84407,0.59886,0.86838,0.50638,0.83619,0.0007670264,0.0007670264,0.0007670264,,
yolo_v12s_20260720_214000,yolo,yolo_v12s_20260720_214000,yolo12s.pt,/root/autodl-fs/datasets/DAIR-V2X_YOLO/dairv2x.yaml,train,10,1414.3657567501068,0.9113,0.53736,0.84883,0.82661,0.78209,0.84143,0.5946,0.8747,0.51148,0.83539,0.0007587797,0.0007587797,0.0007587797,,
yolo_v12s_20260720_214000,yolo,yolo_v12s_20260720_214000,yolo12s.pt,/root/autodl-fs/datasets/DAIR-V2X_YOLO/dairv2x.yaml,train,11,1530.2002408504486,0.91007,0.53603,0.84756,0.84536,0.77749,0.84681,0.60062,0.85646,0.49502,0.83347,0.000750533,0.000750533,0.000750533,,
yolo_v12s_20260720_214000,yolo,yolo_v12s_20260720_214000,yolo12s.pt,/root/autodl-fs/datasets/DAIR-V2X_YOLO/dairv2x.yaml,train,12,1785.588749885559,0.89607,0.52455,0.84544,0.84135,0.79441,0.84649,0.59911,0.86266,0.49539,0.83357,0.0007422863,0.0007422863,0.0007422863,,
yolo_v12s_20260720_214000,yolo,yolo_v12s_20260720_214000,yolo12s.pt,/root/autodl-fs/datasets/DAIR-V2X_YOLO/dairv2x.yaml,train,13,1894.7587175369263,0.89214,0.52059,0.84479,0.84327,0.78502,0.84907,0.60588,0.84657,0.49768,0.83187,0.0007340396,0.0007340396,0.0007340396,,
yolo_v12s_20260720_214000,yolo,yolo_v12s_20260720_214000,yolo12s.pt,/root/autodl-fs/datasets/DAIR-V2X_YOLO/dairv2x.yaml,train,14,2003.143357038498,0.88815,0.52093,0.8435,0.84314,0.79208,0.85324,0.61009,0.85029,0.49076,0.8326,0.0007257928999999999,0.0007257928999999999,0.0007257928999999999,,
yolo_v12s_20260720_214000,yolo,yolo_v12s_20260720_214000,yolo12s.pt,/root/autodl-fs/datasets/DAIR-V2X_YOLO/dairv2x.yaml,train,15,2121.178968191147,0.87871,0.51302,0.83956,0.85925,0.78771,0.85522,0.61442,0.84169,0.48744,0.83015,0.0007175462,0.0007175462,0.0007175462,,
yolo_v12s_20260720_214000,yolo,yolo_v12s_20260720_214000,yolo12s.pt,/root/autodl-fs/datasets/DAIR-V2X_YOLO/dairv2x.yaml,train,16,2255.754485845566,0.87242,0.50817,0.84133,0.85899,0.79312,0.8581,0.62168,0.82789,0.47533,0.82855,0.0007092995,0.0007092995,0.0007092995,,
yolo_v12s_20260720_214000,yolo,yolo_v12s_20260720_214000,yolo12s.pt,/root/autodl-fs/datasets/DAIR-V2X_YOLO/dairv2x.yaml,train,17,2372.5182597637177,0.86619,0.50413,0.83977,0.84789,0.79536,0.85411,0.61814,0.8444,0.48623,0.8297,0.0007010528,0.0007010528,0.0007010528,,
yolo_v12s_20260720_214000,yolo,yolo_v12s_20260720_214000,yolo12s.pt,/root/autodl-fs/datasets/DAIR-V2X_YOLO/dairv2x.yaml,train,18,2522.840878009796,0.86868,0.50496,0.83961,0.8365,0.79945,0.85453,0.61422,0.83788,0.48261,0.82848,0.0006928061,0.0006928061,0.0006928061,,
yolo_v12s_20260720_214000,yolo,yolo_v12s_20260720_214000,yolo12s.pt,/root/autodl-fs/datasets/DAIR-V2X_YOLO/dairv2x.yaml,train,19,2636.4298272132874,0.85957,0.49955,0.83833,0.84997,0.80654,0.86568,0.62933,0.81671,0.469,0.82601,0.0006845594000000001,0.0006845594000000001,0.0006845594000000001,,
yolo_v12s_20260720_214000,yolo,yolo_v12s_20260720_214000,yolo12s.pt,/root/autodl-fs/datasets/DAIR-V2X_YOLO/dairv2x.yaml,train,20,2967.441928625107,0.85506,0.49496,0.83658,0.85144,0.80654,0.86331,0.62928,0.81951,0.47114,0.82561,0.0006763127,0.0006763127,0.0006763127,,
yolo_v12s_20260720_214000,yolo,yolo_v12s_20260720_214000,yolo12s.pt,/root/autodl-fs/datasets/DAIR-V2X_YOLO/dairv2x.yaml,train,21,3076.4989235401154,0.85589,0.49966,0.83653,0.86376,0.79525,0.86221,0.62467,0.82416,0.47547,0.82594,0.000668066,0.000668066,0.000668066,,
yolo_v12s_20260720_214000,yolo,yolo_v12s_20260720_214000,yolo12s.pt,/root/autodl-fs/datasets/DAIR-V2X_YOLO/dairv2x.yaml,train,22,3184.9372766017914,0.85023,0.4927,0.8359,0.85948,0.81058,0.86609,0.63113,0.81035,0.46524,0.82513,0.0006598193,0.0006598193,0.0006598193,,
yolo_v12s_20260720_214000,yolo,yolo_v12s_20260720_214000,yolo12s.pt,/root/autodl-fs/datasets/DAIR-V2X_YOLO/dairv2x.yaml,train,23,3293.3235816955566,0.85085,0.49149,0.83577,0.85235,0.80812,0.86575,0.62954,0.82164,0.46562,0.82605,0.0006515726,0.0006515726,0.0006515726,,
yolo_v12s_20260720_214000,yolo,yolo_v12s_20260720_214000,yolo12s.pt,/root/autodl-fs/datasets/DAIR-V2X_YOLO/dairv2x.yaml,train,24,3401.2882511615753,0.84384,0.48808,0.83616,0.85292,0.80441,0.86426,0.62855,0.81781,0.47029,0.82533,0.0006433259,0.0006433259,0.0006433259,,
yolo_v12s_20260720_214000,yolo,yolo_v12s_20260720_214000,yolo12s.pt,/root/autodl-fs/datasets/DAIR-V2X_YOLO/dairv2x.yaml,train,25,3684.032539367676,0.84147,0.48332,0.83445,0.8536,0.80327,0.86688,0.63463,0.80218,0.46198,0.82456,0.0006350791999999999,0.0006350791999999999,0.0006350791999999999,,
yolo_v12s_20260720_214000,yolo,yolo_v12s_20260720_214000,yolo12s.pt,/root/autodl-fs/datasets/DAIR-V2X_YOLO/dairv2x.yaml,train,26,3800.9118344783783,0.83481,0.48015,0.83355,0.84906,0.8107,0.86334,0.63455,0.80797,0.46445,0.82331,0.0006268325,0.0006268325,0.0006268325,,
yolo_v12s_20260720_214000,yolo,yolo_v12s_20260720_214000,yolo12s.pt,/root/autodl-fs/datasets/DAIR-V2X_YOLO/dairv2x.yaml,train,27,3911.9323098659515,0.83667,0.48105,0.83287,0.84388,0.81466,0.86039,0.63117,0.80889,0.46429,0.82405,0.0006185858,0.0006185858,0.0006185858,,
yolo_v12s_20260720_214000,yolo,yolo_v12s_20260720_214000,yolo12s.pt,/root/autodl-fs/datasets/DAIR-V2X_YOLO/dairv2x.yaml,train,28,4045.9327263832092,0.83961,0.48473,0.83477,0.85034,0.81387,0.86501,0.63387,0.80704,0.46201,0.82286,0.0006103391,0.0006103391,0.0006103391,,
yolo_v12s_20260720_214000,yolo,yolo_v12s_20260720_214000,yolo12s.pt,/root/autodl-fs/datasets/DAIR-V2X_YOLO/dairv2x.yaml,train,29,4157.566378116608,0.83288,0.47873,0.83315,0.84534,0.82298,0.87047,0.64058,0.79675,0.45313,0.822,0.0006020924,0.0006020924,0.0006020924,,
yolo_v12s_20260720_214000,yolo,yolo_v12s_20260720_214000,yolo12s.pt,/root/autodl-fs/datasets/DAIR-V2X_YOLO/dairv2x.yaml,train,30,4268.574325323105,0.82396,0.47188,0.83122,0.8587,0.80826,0.87014,0.63947,0.79853,0.45229,0.82293,0.0005938457,0.0005938457,0.0005938457,,
yolo_v12s_20260720_214000,yolo,yolo_v12s_20260720_214000,yolo12s.pt,/root/autodl-fs/datasets/DAIR-V2X_YOLO/dairv2x.yaml,train,31,4388.00096821785,0.82686,0.47574,0.83177,0.86454,0.80921,0.87267,0.64487,0.79312,0.45021,0.82183,0.0005855989999999999,0.0005855989999999999,0.0005855989999999999,,
yolo_v12s_20260720_214000,yolo,yolo_v12s_20260720_214000,yolo12s.pt,/root/autodl-fs/datasets/DAIR-V2X_YOLO/dairv2x.yaml,train,32,5433.201953411102,0.82251,0.47246,0.83091,0.85294,0.8147,0.87085,0.64386,0.79489,0.45123,0.8211,0.0005773522999999999,0.0005773522999999999,0.0005773522999999999,,
yolo_v12s_20260720_214000,yolo,yolo_v12s_20260720_214000,yolo12s.pt,/root/autodl-fs/datasets/DAIR-V2X_YOLO/dairv2x.yaml,train,33,5545.857882976532,0.81904,0.4709,0.83097,0.8672,0.80887,0.87353,0.64575,0.79091,0.44809,0.82063,0.0005691056,0.0005691056,0.0005691056,,
yolo_v12s_20260720_214000,yolo,yolo_v12s_20260720_214000,yolo12s.pt,/root/autodl-fs/datasets/DAIR-V2X_YOLO/dairv2x.yaml,train,34,5656.505027770996,0.81703,0.4701,0.83054,0.86357,0.8171,0.87607,0.64945,0.78799,0.44661,0.82008,0.0005608588999999999,0.0005608588999999999,0.0005608588999999999,,
yolo_v12s_20260720_214000,yolo,yolo_v12s_20260720_214000,yolo12s.pt,/root/autodl-fs/datasets/DAIR-V2X_YOLO/dairv2x.yaml,train,35,5769.110639810562,0.81166,0.46311,0.82923,0.86216,0.8111,0.87241,0.64872,0.79365,0.44527,0.82103,0.0005526121999999999,0.0005526121999999999,0.0005526121999999999,,
yolo_v12s_20260720_214000,yolo,yolo_v12s_20260720_214000,yolo12s.pt,/root/autodl-fs/datasets/DAIR-V2X_YOLO/dairv2x.yaml,train,36,5879.790511608124,0.81398,0.4648,0.82942,0.86447,0.81935,0.878,0.64774,0.78328,0.44234,0.81939,0.0005443655,0.0005443655,0.0005443655,,
yolo_v12s_20260720_214000,yolo,yolo_v12s_20260720_214000,yolo12s.pt,/root/autodl-fs/datasets/DAIR-V2X_YOLO/dairv2x.yaml,train,37,5997.5154457092285,0.80877,0.46097,0.82814,0.85409,0.82067,0.87263,0.64655,0.78141,0.44365,0.81995,0.0005361188,0.0005361188,0.0005361188,,
yolo_v12s_20260720_214000,yolo,yolo_v12s_20260720_214000,yolo12s.pt,/root/autodl-fs/datasets/DAIR-V2X_YOLO/dairv2x.yaml,train,38,6125.340318918228,0.81204,0.46193,0.829,0.86408,0.81982,0.87633,0.65185,0.78254,0.44132,0.81967,0.0005278721,0.0005278721,0.0005278721,,
yolo_v12s_20260720_214000,yolo,yolo_v12s_20260720_214000,yolo12s.pt,/root/autodl-fs/datasets/DAIR-V2X_YOLO/dairv2x.yaml,train,39,6251.706312179565,0.80799,0.46243,0.82887,0.85906,0.81732,0.87393,0.6487,0.78316,0.44418,0.81895,0.0005196254,0.0005196254,0.0005196254,,
yolo_v12s_20260720_214000,yolo,yolo_v12s_20260720_214000,yolo12s.pt,/root/autodl-fs/datasets/DAIR-V2X_YOLO/dairv2x.yaml,train,40,6423.013431549072,0.80781,0.46013,0.82733,0.85608,0.82202,0.87429,0.64977,0.78099,0.43781,0.81887,0.0005113787,0.0005113787,0.0005113787,,
yolo_v12s_20260720_214000,yolo,yolo_v12s_20260720_214000,yolo12s.pt,/root/autodl-fs/datasets/DAIR-V2X_YOLO/dairv2x.yaml,train,41,6533.712370157242,0.80615,0.45852,0.82909,0.86752,0.81312,0.87525,0.65065,0.77831,0.43883,0.81813,0.000503132,0.000503132,0.000503132,,
yolo_v12s_20260720_214000,yolo,yolo_v12s_20260720_214000,yolo12s.pt,/root/autodl-fs/datasets/DAIR-V2X_YOLO/dairv2x.yaml,train,42,6644.18173122406,0.80352,0.45584,0.82776,0.85862,0.82351,0.88005,0.65414,0.77543,0.438,0.81841,0.0004948853,0.0004948853,0.0004948853,,
yolo_v12s_20260720_214000,yolo,yolo_v12s_20260720_214000,yolo12s.pt,/root/autodl-fs/datasets/DAIR-V2X_YOLO/dairv2x.yaml,train,43,6763.770946741104,0.80071,0.45397,0.82836,0.85822,0.82966,0.88023,0.65957,0.77245,0.43584,0.81818,0.00048663860000000005,0.00048663860000000005,0.00048663860000000005,,
yolo_v12s_20260720_214000,yolo,yolo_v12s_20260720_214000,yolo12s.pt,/root/autodl-fs/datasets/DAIR-V2X_YOLO/dairv2x.yaml,train,44,7211.6036014556885,0.80034,0.45308,0.82658,0.854,0.82398,0.87581,0.65405,0.77274,0.43648,0.81822,0.00047839190000000003,0.00047839190000000003,0.00047839190000000003,,
yolo_v12s_20260720_214000,yolo,yolo_v12s_20260720_214000,yolo12s.pt,/root/autodl-fs/datasets/DAIR-V2X_YOLO/dairv2x.yaml,train,45,7322.03773856163,0.79477,0.44985,0.82547,0.8593,0.82481,0.8775,0.65634,0.77007,0.42995,0.81748,0.0004701452,0.0004701452,0.0004701452,,
yolo_v12s_20260720_214000,yolo,yolo_v12s_20260720_214000,yolo12s.pt,/root/autodl-fs/datasets/DAIR-V2X_YOLO/dairv2x.yaml,train,46,7440.059037923813,0.79474,0.44908,0.82653,0.86153,0.82404,0.87921,0.65384,0.77114,0.43181,0.81775,0.0004618985,0.0004618985,0.0004618985,,
yolo_v12s_20260720_214000,yolo,yolo_v12s_20260720_214000,yolo12s.pt,/root/autodl-fs/datasets/DAIR-V2X_YOLO/dairv2x.yaml,train,47,7551.511396408081,0.7918,0.44815,0.82529,0.85669,0.82499,0.88094,0.65928,0.76695,0.42853,0.81715,0.00045365180000000007,0.00045365180000000007,0.00045365180000000007,,
yolo_v12s_20260720_214000,yolo,yolo_v12s_20260720_214000,yolo12s.pt,/root/autodl-fs/datasets/DAIR-V2X_YOLO/dairv2x.yaml,train,48,7747.682816028595,0.79161,0.44771,0.82649,0.85597,0.83259,0.87652,0.6545,0.76957,0.43044,0.81774,0.00044540510000000004,0.00044540510000000004,0.00044540510000000004,,
yolo_v12s_20260720_214000,yolo,yolo_v12s_20260720_214000,yolo12s.pt,/root/autodl-fs/datasets/DAIR-V2X_YOLO/dairv2x.yaml,train,49,7881.55336523056,0.79286,0.44755,0.82602,0.86513,0.82315,0.87827,0.65696,0.76888,0.42936,0.81752,0.0004371584,0.0004371584,0.0004371584,,
yolo_v12s_20260720_214000,yolo,yolo_v12s_20260720_214000,yolo12s.pt,/root/autodl-fs/datasets/DAIR-V2X_YOLO/dairv2x.yaml,train,50,7992.5166828632355,0.78778,0.44542,0.82526,0.86255,0.82598,0.88148,0.66008,0.76478,0.42869,0.81698,0.0004289117,0.0004289117,0.0004289117,,
yolo_v12s_20260720_214000,yolo,yolo_v12s_20260720_214000,yolo12s.pt,/root/autodl-fs/datasets/DAIR-V2X_YOLO/dairv2x.yaml,train,51,8111.021993160248,0.78765,0.44336,0.8245,0.86777,0.81823,0.87702,0.65826,0.76172,0.42882,0.81695,0.00042066499999999997,0.00042066499999999997,0.00042066499999999997,,
yolo_v12s_20260720_214000,yolo,yolo_v12s_20260720_214000,yolo12s.pt,/root/autodl-fs/datasets/DAIR-V2X_YOLO/dairv2x.yaml,train,52,8228.241647958755,0.78153,0.43935,0.8243,0.86931,0.81573,0.87824,0.65891,0.76138,0.42887,0.81635,0.00041241829999999995,0.00041241829999999995,0.00041241829999999995,,
yolo_v12s_20260720_214000,yolo,yolo_v12s_20260720_214000,yolo12s.pt,/root/autodl-fs/datasets/DAIR-V2X_YOLO/dairv2x.yaml,train,53,8802.013362169266,0.78129,0.44166,0.82363,0.85998,0.82377,0.87851,0.657,0.76519,0.42793,0.8164,0.0004041716,0.0004041716,0.0004041716,,
yolo_v12s_20260720_214000,yolo,yolo_v12s_20260720_214000,yolo12s.pt,/root/autodl-fs/datasets/DAIR-V2X_YOLO/dairv2x.yaml,train,54,8919.070174217224,0.78508,0.43934,0.82503,0.8661,0.82823,0.87972,0.65964,0.75961,0.42714,0.81586,0.0003959249,0.0003959249,0.0003959249,,
yolo_v12s_20260720_214000,yolo,yolo_v12s_20260720_214000,yolo12s.pt,/root/autodl-fs/datasets/DAIR-V2X_YOLO/dairv2x.yaml,train,55,9058.766467809677,0.77993,0.43727,0.82326,0.86589,0.8244,0.87706,0.65807,0.76221,0.42695,0.81614,0.0003876782,0.0003876782,0.0003876782,,
yolo_v12s_20260720_214000,yolo,yolo_v12s_20260720_214000,yolo12s.pt,/root/autodl-fs/datasets/DAIR-V2X_YOLO/dairv2x.yaml,train,56,9169.262461185455,0.78109,0.43928,0.82462,0.86635,0.82137,0.87934,0.66019,0.76313,0.42793,0.81619,0.00037943149999999996,0.00037943149999999996,0.00037943149999999996,,
yolo_v12s_20260720_214000,yolo,yolo_v12s_20260720_214000,yolo12s.pt,/root/autodl-fs/datasets/DAIR-V2X_YOLO/dairv2x.yaml,train,57,9374.09536767006,0.77786,0.43538,0.82303,0.86843,0.82259,0.87985,0.66234,0.757,0.42405,0.81579,0.00037118479999999994,0.00037118479999999994,0.00037118479999999994,,
yolo_v12s_20260720_214000,yolo,yolo_v12s_20260720_214000,yolo12s.pt,/root/autodl-fs/datasets/DAIR-V2X_YOLO/dairv2x.yaml,train,58,9487.825834035873,0.77355,0.4327,0.82278,0.87075,0.81701,0.88123,0.66144,0.75882,0.42197,0.81575,0.0003629381,0.0003629381,0.0003629381,,
yolo_v12s_20260720_214000,yolo,yolo_v12s_20260720_214000,yolo12s.pt,/root/autodl-fs/datasets/DAIR-V2X_YOLO/dairv2x.yaml,train,59,9747.608928442001,0.77457,0.43367,0.82259,0.86633,0.82382,0.88188,0.66373,0.7587,0.42121,0.81606,0.00035469140000000005,0.00035469140000000005,0.00035469140000000005,,
yolo_v12s_20260720_214000,yolo,yolo_v12s_20260720_214000,yolo12s.pt,/root/autodl-fs/datasets/DAIR-V2X_YOLO/dairv2x.yaml,train,60,9859.618122339249,0.77306,0.43167,0.82204,0.87557,0.8127,0.87819,0.66091,0.75396,0.42367,0.81498,0.00034644470000000003,0.00034644470000000003,0.00034644470000000003,,
yolo_v12s_20260720_214000,yolo,yolo_v12s_20260720_214000,yolo12s.pt,/root/autodl-fs/datasets/DAIR-V2X_YOLO/dairv2x.yaml,train,61,9970.363454818726,0.77124,0.43232,0.82144,0.85823,0.83192,0.88225,0.66555,0.75506,0.42013,0.815,0.000338198,0.000338198,0.000338198,,
yolo_v12s_20260720_214000,yolo,yolo_v12s_20260720_214000,yolo12s.pt,/root/autodl-fs/datasets/DAIR-V2X_YOLO/dairv2x.yaml,train,62,10097.222247362137,0.76918,0.42999,0.82234,0.86501,0.8259,0.88287,0.66751,0.75238,0.4203,0.81443,0.0003299513,0.0003299513,0.0003299513,,
yolo_v12s_20260720_214000,yolo,yolo_v12s_20260720_214000,yolo12s.pt,/root/autodl-fs/datasets/DAIR-V2X_YOLO/dairv2x.yaml,train,63,10431.317431688309,0.76747,0.42793,0.82125,0.86139,0.82823,0.88085,0.66461,0.75268,0.42083,0.81493,0.00032170459999999996,0.00032170459999999996,0.00032170459999999996,,
yolo_v12s_20260720_214000,yolo,yolo_v12s_20260720_214000,yolo12s.pt,/root/autodl-fs/datasets/DAIR-V2X_YOLO/dairv2x.yaml,train,64,10581.898146867752,0.76899,0.42906,0.82163,0.8678,0.82154,0.88193,0.66348,0.75349,0.42133,0.81487,0.0003134579,0.0003134579,0.0003134579,,
yolo_v12s_20260720_214000,yolo,yolo_v12s_20260720_214000,yolo12s.pt,/root/autodl-fs/datasets/DAIR-V2X_YOLO/dairv2x.yaml,train,65,10692.917915344238,0.76224,0.42359,0.82124,0.87623,0.81782,0.88122,0.66494,0.75084,0.41842,0.81431,0.0003052112,0.0003052112,0.0003052112,,
yolo_v12s_20260720_214000,yolo,yolo_v12s_20260720_214000,yolo12s.pt,/root/autodl-fs/datasets/DAIR-V2X_YOLO/dairv2x.yaml,train,66,11092.268819570541,0.76447,0.42577,0.82122,0.87358,0.82265,0.8826,0.66655,0.75084,0.41769,0.8145,0.0002969645,0.0002969645,0.0002969645,,
yolo_v12s_20260720_214000,yolo,yolo_v12s_20260720_214000,yolo12s.pt,/root/autodl-fs/datasets/DAIR-V2X_YOLO/dairv2x.yaml,train,67,11204.257125377655,0.76407,0.42349,0.82017,0.86106,0.83263,0.88454,0.66662,0.75096,0.41931,0.81426,0.00028871779999999997,0.00028871779999999997,0.00028871779999999997,,
yolo_v12s_20260720_214000,yolo,yolo_v12s_20260720_214000,yolo12s.pt,/root/autodl-fs/datasets/DAIR-V2X_YOLO/dairv2x.yaml,train,68,12062.227061033249,0.75941,0.42162,0.81984,0.86584,0.82563,0.88301,0.66636,0.75019,0.4179,0.81417,0.00028047109999999994,0.00028047109999999994,0.00028047109999999994,,
yolo_v12s_20260720_214000,yolo,yolo_v12s_20260720_214000,yolo12s.pt,/root/autodl-fs/datasets/DAIR-V2X_YOLO/dairv2x.yaml,train,69,12202.32364487648,0.75757,0.41969,0.8196,0.86521,0.82855,0.88268,0.66597,0.75029,0.41594,0.8143,0.0002722244,0.0002722244,0.0002722244,,
yolo_v12s_20260720_214000,yolo,yolo_v12s_20260720_214000,yolo12s.pt,/root/autodl-fs/datasets/DAIR-V2X_YOLO/dairv2x.yaml,train,70,12323.19968342781,0.75737,0.4194,0.81986,0.8681,0.82514,0.88288,0.66827,0.74877,0.41552,0.81407,0.00026397770000000006,0.00026397770000000006,0.00026397770000000006,,
yolo_v12s_20260720_214000,yolo,yolo_v12s_20260720_214000,yolo12s.pt,/root/autodl-fs/datasets/DAIR-V2X_YOLO/dairv2x.yaml,train,71,12637.120143651962,0.75921,0.42195,0.81981,0.86569,0.82686,0.87896,0.66362,0.74964,0.41651,0.81432,0.00025573100000000004,0.00025573100000000004,0.00025573100000000004,,
yolo_v12s_20260720_214000,yolo,yolo_v12s_20260720_214000,yolo12s.pt,/root/autodl-fs/datasets/DAIR-V2X_YOLO/dairv2x.yaml,train,72,12747.8853058815,0.7561,0.41754,0.8192,0.85876,0.83528,0.8831,0.66619,0.75035,0.41598,0.81402,0.0002474843,0.0002474843,0.0002474843,,
yolo_v12s_20260720_214000,yolo,yolo_v12s_20260720_214000,yolo12s.pt,/root/autodl-fs/datasets/DAIR-V2X_YOLO/dairv2x.yaml,train,73,12872.000185012817,0.75319,0.4156,0.81913,0.86602,0.82874,0.8831,0.66682,0.74722,0.41416,0.8135,0.0002392376,0.0002392376,0.0002392376,,
yolo_v12s_20260720_214000,yolo,yolo_v12s_20260720_214000,yolo12s.pt,/root/autodl-fs/datasets/DAIR-V2X_YOLO/dairv2x.yaml,train,74,13004.99930524826,0.7524,0.41617,0.8191,0.86637,0.82862,0.88149,0.66706,0.74775,0.41462,0.81358,0.00023099090000000002,0.00023099090000000002,0.00023099090000000002,,
yolo_v12s_20260720_214000,yolo,yolo_v12s_20260720_214000,yolo12s.pt,/root/autodl-fs/datasets/DAIR-V2X_YOLO/dairv2x.yaml,train,75,13117.2579164505,0.75087,0.41426,0.81838,0.86708,0.83012,0.88348,0.66871,0.7456,0.41377,0.81379,0.00022274420000000002,0.00022274420000000002,0.00022274420000000002,,
yolo_v12s_20260720_214000,yolo,yolo_v12s_20260720_214000,yolo12s.pt,/root/autodl-fs/datasets/DAIR-V2X_YOLO/dairv2x.yaml,train,76,13306.007997989655,0.74975,0.41296,0.8188,0.86713,0.82805,0.88148,0.66785,0.74505,0.41364,0.81401,0.0002144975,0.0002144975,0.0002144975,,
yolo_v12s_20260720_214000,yolo,yolo_v12s_20260720_214000,yolo12s.pt,/root/autodl-fs/datasets/DAIR-V2X_YOLO/dairv2x.yaml,train,77,13416.620181322098,0.7465,0.41202,0.81863,0.85881,0.83584,0.88333,0.6675,0.74489,0.41185,0.81357,0.00020625079999999997,0.00020625079999999997,0.00020625079999999997,,
yolo_v12s_20260720_214000,yolo,yolo_v12s_20260720_214000,yolo12s.pt,/root/autodl-fs/datasets/DAIR-V2X_YOLO/dairv2x.yaml,train,78,13532.491343975067,0.74662,0.41085,0.81828,0.86024,0.83471,0.88245,0.66877,0.74479,0.41323,0.81346,0.00019800409999999998,0.00019800409999999998,0.00019800409999999998,,
yolo_v12s_20260720_214000,yolo,yolo_v12s_20260720_214000,yolo12s.pt,/root/autodl-fs/datasets/DAIR-V2X_YOLO/dairv2x.yaml,train,79,13642.95879483223,0.74259,0.4083,0.81607,0.86148,0.83332,0.88448,0.66972,0.74211,0.41075,0.81281,0.00018975739999999998,0.00018975739999999998,0.00018975739999999998,,
yolo_v12s_20260720_214000,yolo,yolo_v12s_20260720_214000,yolo12s.pt,/root/autodl-fs/datasets/DAIR-V2X_YOLO/dairv2x.yaml,train,80,13754.943854808807,0.7432,0.40782,0.81685,0.85852,0.83685,0.88449,0.66996,0.74355,0.41161,0.81302,0.00018151069999999998,0.00018151069999999998,0.00018151069999999998,,
yolo_v12s_20260720_214000,yolo,yolo_v12s_20260720_214000,yolo12s.pt,/root/autodl-fs/datasets/DAIR-V2X_YOLO/dairv2x.yaml,train,81,13986.172678232193,0.73986,0.40591,0.81669,0.85879,0.83536,0.88494,0.67163,0.74382,0.41149,0.8131,0.00017326399999999996,0.00017326399999999996,0.00017326399999999996,,
yolo_v12s_20260720_214000,yolo,yolo_v12s_20260720_214000,yolo12s.pt,/root/autodl-fs/datasets/DAIR-V2X_YOLO/dairv2x.yaml,train,82,14109.310074806213,0.73818,0.40489,0.81698,0.85983,0.83253,0.88262,0.6709,0.74111,0.41194,0.81283,0.00016501729999999994,0.00016501729999999994,0.00016501729999999994,,
yolo_v12s_20260720_214000,yolo,yolo_v12s_20260720_214000,yolo12s.pt,/root/autodl-fs/datasets/DAIR-V2X_YOLO/dairv2x.yaml,train,83,14846.701271295547,0.73834,0.40487,0.81714,0.85822,0.83424,0.88193,0.6704,0.74138,0.41046,0.81286,0.00015677060000000005,0.00015677060000000005,0.00015677060000000005,,
yolo_v12s_20260720_214000,yolo,yolo_v12s_20260720_214000,yolo12s.pt,/root/autodl-fs/datasets/DAIR-V2X_YOLO/dairv2x.yaml,train,84,14961.444284439087,0.73778,0.40437,0.81674,0.86165,0.83461,0.88241,0.66901,0.74041,0.41038,0.81295,0.00014852390000000002,0.00014852390000000002,0.00014852390000000002,,
yolo_v12s_20260720_214000,yolo,yolo_v12s_20260720_214000,yolo12s.pt,/root/autodl-fs/datasets/DAIR-V2X_YOLO/dairv2x.yaml,train,85,15083.920305013657,0.73568,0.40189,0.81665,0.85572,0.8391,0.8855,0.67038,0.7408,0.41014,0.81305,0.00014027720000000003,0.00014027720000000003,0.00014027720000000003,,
yolo_v12s_20260720_214000,yolo,yolo_v12s_20260720_214000,yolo12s.pt,/root/autodl-fs/datasets/DAIR-V2X_YOLO/dairv2x.yaml,train,86,15194.374609708786,0.73573,0.4016,0.81583,0.85831,0.83856,0.88494,0.67033,0.74103,0.41015,0.81323,0.00013203050000000003,0.00013203050000000003,0.00013203050000000003,,
yolo_v12s_20260720_214000,yolo,yolo_v12s_20260720_214000,yolo12s.pt,/root/autodl-fs/datasets/DAIR-V2X_YOLO/dairv2x.yaml,train,87,15309.858777284622,0.73514,0.40081,0.81601,0.86437,0.83381,0.88309,0.67092,0.73966,0.40916,0.81294,0.0001237838,0.0001237838,0.0001237838,,
yolo_v12s_20260720_214000,yolo,yolo_v12s_20260720_214000,yolo12s.pt,/root/autodl-fs/datasets/DAIR-V2X_YOLO/dairv2x.yaml,train,88,15457.37150645256,0.73096,0.3991,0.81583,0.86025,0.83463,0.88095,0.67001,0.73995,0.40894,0.81299,0.00011553710000000001,0.00011553710000000001,0.00011553710000000001,,
yolo_v12s_20260720_214000,yolo,yolo_v12s_20260720_214000,yolo12s.pt,/root/autodl-fs/datasets/DAIR-V2X_YOLO/dairv2x.yaml,train,89,15570.200687170029,0.72927,0.39841,0.81614,0.85654,0.83802,0.88314,0.67087,0.74111,0.40879,0.81333,0.0001072904,0.0001072904,0.0001072904,,
yolo_v12s_20260720_214000,yolo,yolo_v12s_20260720_214000,yolo12s.pt,/root/autodl-fs/datasets/DAIR-V2X_YOLO/dairv2x.yaml,train,90,15681.069548606873,0.73089,0.39825,0.81599,0.85464,0.84082,0.88329,0.67186,0.73818,0.4083,0.81303,9.904369999999997e-05,9.904369999999997e-05,9.904369999999997e-05,,
yolo_v12s_20260720_214000,yolo,yolo_v12s_20260720_214000,yolo12s.pt,/root/autodl-fs/datasets/DAIR-V2X_YOLO/dairv2x.yaml,train,91,15788.006648778915,0.70845,0.38656,0.81123,0.85667,0.83483,0.88075,0.66465,0.74744,0.41377,0.8139,9.079699999999998e-05,9.079699999999998e-05,9.079699999999998e-05,,
yolo_v12s_20260720_214000,yolo,yolo_v12s_20260720_214000,yolo12s.pt,/root/autodl-fs/datasets/DAIR-V2X_YOLO/dairv2x.yaml,train,92,15893.36010503769,0.70538,0.38397,0.80974,0.86719,0.82531,0.88094,0.66605,0.74698,0.41366,0.81371,8.255029999999997e-05,8.255029999999997e-05,8.255029999999997e-05,,
yolo_v12s_20260720_214000,yolo,yolo_v12s_20260720_214000,yolo12s.pt,/root/autodl-fs/datasets/DAIR-V2X_YOLO/dairv2x.yaml,train,93,15998.527698516846,0.70085,0.38211,0.80958,0.86338,0.83244,0.88199,0.66833,0.74516,0.41149,0.81363,7.430359999999997e-05,7.430359999999997e-05,7.430359999999997e-05,,
yolo_v12s_20260720_214000,yolo,yolo_v12s_20260720_214000,yolo12s.pt,/root/autodl-fs/datasets/DAIR-V2X_YOLO/dairv2x.yaml,train,94,16104.51458120346,0.69906,0.38094,0.81037,0.86068,0.83477,0.88155,0.66778,0.74395,0.41202,0.81335,6.605689999999995e-05,6.605689999999995e-05,6.605689999999995e-05,,
yolo_v12s_20260720_214000,yolo,yolo_v12s_20260720_214000,yolo12s.pt,/root/autodl-fs/datasets/DAIR-V2X_YOLO/dairv2x.yaml,train,95,16210.030646800995,0.69566,0.37827,0.80843,0.85684,0.83866,0.88057,0.66814,0.74298,0.41111,0.81338,5.781020000000004e-05,5.781020000000004e-05,5.781020000000004e-05,,
yolo_v12s_20260720_214000,yolo,yolo_v12s_20260720_214000,yolo12s.pt,/root/autodl-fs/datasets/DAIR-V2X_YOLO/dairv2x.yaml,train,96,16315.16209077835,0.69381,0.37666,0.80849,0.85923,0.8332,0.87947,0.66668,0.74322,0.41042,0.81348,4.9563500000000035e-05,4.9563500000000035e-05,4.9563500000000035e-05,,
yolo_v12s_20260720_214000,yolo,yolo_v12s_20260720_214000,yolo12s.pt,/root/autodl-fs/datasets/DAIR-V2X_YOLO/dairv2x.yaml,train,97,16421.064709186554,0.69383,0.37518,0.80813,0.86549,0.82856,0.879,0.6673,0.74272,0.40987,0.81358,4.131680000000003e-05,4.131680000000003e-05,4.131680000000003e-05,,
yolo_v12s_20260720_214000,yolo,yolo_v12s_20260720_214000,yolo12s.pt,/root/autodl-fs/datasets/DAIR-V2X_YOLO/dairv2x.yaml,train,98,16526.381899356842,0.69235,0.37446,0.80776,0.85997,0.83319,0.88038,0.66836,0.74234,0.40921,0.81354,3.307010000000002e-05,3.307010000000002e-05,3.307010000000002e-05,,
yolo_v12s_20260720_214000,yolo,yolo_v12s_20260720_214000,yolo12s.pt,/root/autodl-fs/datasets/DAIR-V2X_YOLO/dairv2x.yaml,train,99,16631.697513580322,0.68783,0.37237,0.80731,0.85841,0.8364,0.88129,0.66915,0.74106,0.4091,0.81327,2.4823400000000017e-05,2.4823400000000017e-05,2.4823400000000017e-05,,
yolo_v12s_20260720_214000,yolo,yolo_v12s_20260720_214000,yolo12s.pt,/root/autodl-fs/datasets/DAIR-V2X_YOLO/dairv2x.yaml,train,100,16737.070866584778,0.68977,0.37249,0.80788,0.85685,0.83709,0.88063,0.66976,0.74091,0.40881,0.81331,1.6576700000000007e-05,1.6576700000000007e-05,1.6576700000000007e-05,,
yolo_v12s_20260721_023258,yolo,yolo_v12s_20260721_023258,yolo12s.pt,/root/autodl-fs/datasets/UA-DETRAC_YOLO/data.yaml,train,1,123.79083704948425,0.97291,0.9168,0.97675,0.8034,0.64926,0.73101,0.49875,1.09822,0.82098,1.04279,0.00041533546325878595,0.00041533546325878595,0.00041533546325878595,,
yolo_v12s_20260721_023258,yolo,yolo_v12s_20260721_023258,yolo12s.pt,/root/autodl-fs/datasets/UA-DETRAC_YOLO/data.yaml,train,2,228.14942741394043,0.95986,0.70955,0.9821,0.76254,0.63154,0.70823,0.48418,1.1252,0.7749,1.07145,0.0008237653088391906,0.0008237653088391906,0.0008237653088391906,,
yolo_v12s_20260721_023258,yolo,yolo_v12s_20260721_023258,yolo12s.pt,/root/autodl-fs/datasets/UA-DETRAC_YOLO/data.yaml,train,3,331.9945592880249,0.95783,0.67432,0.97909,0.78033,0.64662,0.75031,0.51651,1.07226,0.80826,1.05188,0.0012239451544195953,0.0012239451544195953,0.0012239451544195953,,
yolo_v12s_20260721_023258,yolo,yolo_v12s_20260721_023258,yolo12s.pt,/root/autodl-fs/datasets/UA-DETRAC_YOLO/data.yaml,train,4,435.5783176422119,0.92912,0.63633,0.96615,0.80143,0.66474,0.74795,0.50572,1.0919,0.79036,1.06292,0.001212875,0.001212875,0.001212875,,
yolo_v12s_20260721_023258,yolo,yolo_v12s_20260721_023258,yolo12s.pt,/root/autodl-fs/datasets/UA-DETRAC_YOLO/data.yaml,train,5,538.3309636116028,0.88652,0.59684,0.955,0.76174,0.62257,0.72057,0.51101,1.03158,0.70061,1.02283,0.0012005,0.0012005,0.0012005,,
yolo_v12s_20260721_023258,yolo,yolo_v12s_20260721_023258,yolo12s.pt,/root/autodl-fs/datasets/UA-DETRAC_YOLO/data.yaml,train,6,641.591757774353,0.85973,0.57504,0.94376,0.84863,0.70302,0.79243,0.55643,1.0119,0.7091,1.02305,0.001188125,0.001188125,0.001188125,,
yolo_v12s_20260721_023258,yolo,yolo_v12s_20260721_023258,yolo12s.pt,/root/autodl-fs/datasets/UA-DETRAC_YOLO/data.yaml,train,7,744.4414186477661,0.83885,0.55513,0.93653,0.78967,0.69334,0.758,0.53852,1.04605,0.67177,1.03115,0.00117575,0.00117575,0.00117575,,
yolo_v12s_20260721_023258,yolo,yolo_v12s_20260721_023258,yolo12s.pt,/root/autodl-fs/datasets/UA-DETRAC_YOLO/data.yaml,train,8,847.0373766422272,0.82221,0.53156,0.93141,0.8075,0.69025,0.78899,0.57023,1.03735,0.62676,1.03508,0.001163375,0.001163375,0.001163375,,
yolo_v12s_20260721_023258,yolo,yolo_v12s_20260721_023258,yolo12s.pt,/root/autodl-fs/datasets/UA-DETRAC_YOLO/data.yaml,train,9,949.7907824516296,0.8116,0.52009,0.92644,0.83096,0.72543,0.79806,0.56716,1.06824,0.63001,1.03869,0.0011510000000000001,0.0011510000000000001,0.0011510000000000001,,
yolo_v12s_20260721_023258,yolo,yolo_v12s_20260721_023258,yolo12s.pt,/root/autodl-fs/datasets/UA-DETRAC_YOLO/data.yaml,train,10,1053.311429977417,0.79753,0.50567,0.92219,0.82141,0.70509,0.78215,0.56389,1.01999,0.63567,1.02276,0.001138625,0.001138625,0.001138625,,
yolo_v12s_20260721_023258,yolo,yolo_v12s_20260721_023258,yolo12s.pt,/root/autodl-fs/datasets/UA-DETRAC_YOLO/data.yaml,train,11,1156.2340989112854,0.79273,0.49972,0.9208,0.85153,0.72333,0.81337,0.57691,1.02946,0.62116,1.02927,0.00112625,0.00112625,0.00112625,,
yolo_v12s_20260721_023258,yolo,yolo_v12s_20260721_023258,yolo12s.pt,/root/autodl-fs/datasets/UA-DETRAC_YOLO/data.yaml,train,12,1258.9333946704865,0.7793,0.48739,0.91482,0.83972,0.72672,0.80677,0.58446,1.01996,0.59275,1.01975,0.001113875,0.001113875,0.001113875,,
yolo_v12s_20260721_023258,yolo,yolo_v12s_20260721_023258,yolo12s.pt,/root/autodl-fs/datasets/UA-DETRAC_YOLO/data.yaml,train,13,1362.1427149772644,0.77765,0.479,0.91375,0.83029,0.67199,0.80453,0.58371,1.01671,0.59504,1.01581,0.0011015,0.0011015,0.0011015,,
yolo_v12s_20260721_023258,yolo,yolo_v12s_20260721_023258,yolo12s.pt,/root/autodl-fs/datasets/UA-DETRAC_YOLO/data.yaml,train,14,1465.1146488189697,0.76872,0.47336,0.91006,0.79296,0.73095,0.80623,0.58517,1.02218,0.61217,1.01897,0.001089125,0.001089125,0.001089125,,
yolo_v12s_20260721_023258,yolo,yolo_v12s_20260721_023258,yolo12s.pt,/root/autodl-fs/datasets/UA-DETRAC_YOLO/data.yaml,train,15,1568.1245820522308,0.76014,0.46336,0.90734,0.84795,0.70519,0.79943,0.58391,1.04947,0.60765,1.04107,0.00107675,0.00107675,0.00107675,,
yolo_v12s_20260721_023258,yolo,yolo_v12s_20260721_023258,yolo12s.pt,/root/autodl-fs/datasets/UA-DETRAC_YOLO/data.yaml,train,16,1670.6753778457642,0.75831,0.46111,0.90614,0.82557,0.71983,0.79751,0.58295,1.03107,0.61415,1.01772,0.001064375,0.001064375,0.001064375,,
yolo_v12s_20260721_023258,yolo,yolo_v12s_20260721_023258,yolo12s.pt,/root/autodl-fs/datasets/UA-DETRAC_YOLO/data.yaml,train,17,1774.3235449790955,0.75253,0.45223,0.90425,0.81426,0.74013,0.82873,0.60672,1.00441,0.61181,1.01725,0.001052,0.001052,0.001052,,
yolo_v12s_20260721_023258,yolo,yolo_v12s_20260721_023258,yolo12s.pt,/root/autodl-fs/datasets/UA-DETRAC_YOLO/data.yaml,train,18,1877.2242033481598,0.74926,0.44525,0.90453,0.87767,0.72852,0.81236,0.59932,0.98736,0.57242,0.9992,0.001039625,0.001039625,0.001039625,,
yolo_v12s_20260721_023258,yolo,yolo_v12s_20260721_023258,yolo12s.pt,/root/autodl-fs/datasets/UA-DETRAC_YOLO/data.yaml,train,19,1979.9536652565002,0.74332,0.44129,0.90163,0.9156,0.69105,0.82012,0.60022,1.00666,0.61198,1.02688,0.0010272500000000002,0.0010272500000000002,0.0010272500000000002,,
yolo_v12s_20260721_023258,yolo,yolo_v12s_20260721_023258,yolo12s.pt,/root/autodl-fs/datasets/UA-DETRAC_YOLO/data.yaml,train,20,2083.0682513713837,0.73991,0.4357,0.90148,0.85444,0.71093,0.80466,0.5933,1.00873,0.57742,1.02082,0.0010148750000000002,0.0010148750000000002,0.0010148750000000002,,
yolo_v12s_20260721_023258,yolo,yolo_v12s_20260721_023258,yolo12s.pt,/root/autodl-fs/datasets/UA-DETRAC_YOLO/data.yaml,train,21,2186.1010274887085,0.73752,0.43565,0.90059,0.78179,0.70297,0.78161,0.57909,1.01098,0.60001,1.0135,0.0010025000000000001,0.0010025000000000001,0.0010025000000000001,,
yolo_v12s_20260721_023258,yolo,yolo_v12s_20260721_023258,yolo12s.pt,/root/autodl-fs/datasets/UA-DETRAC_YOLO/data.yaml,train,22,2288.6440308094025,0.73142,0.42848,0.89833,0.83969,0.68213,0.78218,0.57307,1.01723,0.5907,1.0188,0.0009901250000000001,0.0009901250000000001,0.0009901250000000001,,
yolo_v12s_20260721_023258,yolo,yolo_v12s_20260721_023258,yolo12s.pt,/root/autodl-fs/datasets/UA-DETRAC_YOLO/data.yaml,train,23,2391.354558944702,0.72868,0.42505,0.89774,0.84892,0.72028,0.80605,0.60326,0.98551,0.56988,1.00513,0.00097775,0.00097775,0.00097775,,
yolo_v12s_20260721_023258,yolo,yolo_v12s_20260721_023258,yolo12s.pt,/root/autodl-fs/datasets/UA-DETRAC_YOLO/data.yaml,train,24,2494.5173845291138,0.72405,0.41775,0.89684,0.8583,0.68128,0.80963,0.59805,1.00747,0.58309,1.0169,0.000965375,0.000965375,0.000965375,,
yolo_v12s_20260721_023258,yolo,yolo_v12s_20260721_023258,yolo12s.pt,/root/autodl-fs/datasets/UA-DETRAC_YOLO/data.yaml,train,25,2597.4903733730316,0.71818,0.41712,0.89364,0.76464,0.70857,0.79011,0.5825,0.99268,0.58873,1.01397,0.000953,0.000953,0.000953,,
yolo_v12s_20260721_023258,yolo,yolo_v12s_20260721_023258,yolo12s.pt,/root/autodl-fs/datasets/UA-DETRAC_YOLO/data.yaml,train,26,2700.0771009922028,0.71886,0.4149,0.89194,0.76122,0.74632,0.80193,0.59768,0.9948,0.59701,1.01676,0.000940625,0.000940625,0.000940625,,
yolo_v12s_20260721_023258,yolo,yolo_v12s_20260721_023258,yolo12s.pt,/root/autodl-fs/datasets/UA-DETRAC_YOLO/data.yaml,train,27,2803.3752012252808,0.71506,0.41102,0.89379,0.88583,0.73638,0.80159,0.6039,0.99392,0.59289,1.00547,0.00092825,0.00092825,0.00092825,,
yolo_v12s_20260721_023258,yolo,yolo_v12s_20260721_023258,yolo12s.pt,/root/autodl-fs/datasets/UA-DETRAC_YOLO/data.yaml,train,28,2906.7509768009186,0.71262,0.40549,0.88926,0.86363,0.72636,0.83079,0.61413,0.9999,0.57153,1.00734,0.000915875,0.000915875,0.000915875,,
yolo_v12s_20260721_023258,yolo,yolo_v12s_20260721_023258,yolo12s.pt,/root/autodl-fs/datasets/UA-DETRAC_YOLO/data.yaml,train,29,3009.5429787635803,0.70663,0.40128,0.88889,0.86214,0.7241,0.81103,0.60081,1.01289,0.58112,1.03508,0.0009035,0.0009035,0.0009035,,
yolo_v12s_20260721_023258,yolo,yolo_v12s_20260721_023258,yolo12s.pt,/root/autodl-fs/datasets/UA-DETRAC_YOLO/data.yaml,train,30,3112.214847803116,0.70501,0.40043,0.89132,0.86705,0.756,0.84055,0.6165,1.00249,0.56994,1.02267,0.000891125,0.000891125,0.000891125,,
yolo_v12s_20260721_023258,yolo,yolo_v12s_20260721_023258,yolo12s.pt,/root/autodl-fs/datasets/UA-DETRAC_YOLO/data.yaml,train,31,3215.4916763305664,0.70693,0.39772,0.88876,0.87587,0.72958,0.82293,0.61152,0.96707,0.56782,1.00023,0.00087875,0.00087875,0.00087875,,
yolo_v12s_20260721_023258,yolo,yolo_v12s_20260721_023258,yolo12s.pt,/root/autodl-fs/datasets/UA-DETRAC_YOLO/data.yaml,train,32,3318.512255191803,0.70462,0.39558,0.8897,0.84164,0.77327,0.84245,0.62215,0.99281,0.56687,1.02671,0.000866375,0.000866375,0.000866375,,
yolo_v12s_20260721_023258,yolo,yolo_v12s_20260721_023258,yolo12s.pt,/root/autodl-fs/datasets/UA-DETRAC_YOLO/data.yaml,train,33,3421.2551279067993,0.70069,0.39227,0.88671,0.76538,0.75609,0.81956,0.61126,0.98722,0.588,1.00343,0.0008539999999999999,0.0008539999999999999,0.0008539999999999999,,
yolo_v12s_20260721_023258,yolo,yolo_v12s_20260721_023258,yolo12s.pt,/root/autodl-fs/datasets/UA-DETRAC_YOLO/data.yaml,train,34,3524.1847128868103,0.6924,0.38721,0.88566,0.80864,0.7206,0.81455,0.60608,0.98503,0.56329,1.01263,0.0008416249999999999,0.0008416249999999999,0.0008416249999999999,,
yolo_v12s_20260721_023258,yolo,yolo_v12s_20260721_023258,yolo12s.pt,/root/autodl-fs/datasets/UA-DETRAC_YOLO/data.yaml,train,35,3627.023911714554,0.69426,0.38623,0.88743,0.87515,0.72368,0.81815,0.61478,0.9907,0.56102,1.01649,0.0008292499999999999,0.0008292499999999999,0.0008292499999999999,,
yolo_v12s_20260721_023258,yolo,yolo_v12s_20260721_023258,yolo12s.pt,/root/autodl-fs/datasets/UA-DETRAC_YOLO/data.yaml,train,36,3729.6894810199738,0.68859,0.38271,0.88348,0.81081,0.73155,0.81677,0.60617,1.01347,0.56015,1.01784,0.000816875,0.000816875,0.000816875,,
yolo_v12s_20260721_023258,yolo,yolo_v12s_20260721_023258,yolo12s.pt,/root/autodl-fs/datasets/UA-DETRAC_YOLO/data.yaml,train,37,3832.589955806732,0.6895,0.37925,0.88377,0.8116,0.74306,0.82334,0.61061,1.0115,0.55924,1.02777,0.0008045000000000001,0.0008045000000000001,0.0008045000000000001,,
yolo_v12s_20260721_023258,yolo,yolo_v12s_20260721_023258,yolo12s.pt,/root/autodl-fs/datasets/UA-DETRAC_YOLO/data.yaml,train,38,3935.759061574936,0.68593,0.37592,0.88093,0.79526,0.69934,0.80811,0.60186,1.00367,0.57926,1.02342,0.0007921250000000001,0.0007921250000000001,0.0007921250000000001,,
yolo_v12s_20260721_023258,yolo,yolo_v12s_20260721_023258,yolo12s.pt,/root/autodl-fs/datasets/UA-DETRAC_YOLO/data.yaml,train,39,4038.7245287895203,0.68064,0.3733,0.88189,0.82164,0.7116,0.81879,0.61247,0.97744,0.56054,1.01427,0.0007797500000000001,0.0007797500000000001,0.0007797500000000001,,
yolo_v12s_20260721_023258,yolo,yolo_v12s_20260721_023258,yolo12s.pt,/root/autodl-fs/datasets/UA-DETRAC_YOLO/data.yaml,train,40,4141.229860782623,0.68093,0.37384,0.87969,0.74028,0.74144,0.802,0.60235,0.98419,0.56941,1.00449,0.000767375,0.000767375,0.000767375,,
yolo_v12s_20260721_023258,yolo,yolo_v12s_20260721_023258,yolo12s.pt,/root/autodl-fs/datasets/UA-DETRAC_YOLO/data.yaml,train,41,4244.211823940277,0.67993,0.37179,0.88015,0.85316,0.7004,0.82033,0.61491,0.98617,0.55958,1.00863,0.000755,0.000755,0.000755,,
yolo_v12s_20260721_023258,yolo,yolo_v12s_20260721_023258,yolo12s.pt,/root/autodl-fs/datasets/UA-DETRAC_YOLO/data.yaml,train,42,4347.176694393158,0.67495,0.36625,0.87867,0.81837,0.74211,0.82877,0.62666,0.98713,0.55032,1.00911,0.0007426250000000001,0.0007426250000000001,0.0007426250000000001,,
yolo_v12s_20260721_023258,yolo,yolo_v12s_20260721_023258,yolo12s.pt,/root/autodl-fs/datasets/UA-DETRAC_YOLO/data.yaml,train,43,4449.8211081027985,0.67407,0.36533,0.87688,0.80239,0.69347,0.80433,0.59721,0.98244,0.56707,1.00684,0.0007302500000000001,0.0007302500000000001,0.0007302500000000001,,
yolo_v12s_20260721_023258,yolo,yolo_v12s_20260721_023258,yolo12s.pt,/root/autodl-fs/datasets/UA-DETRAC_YOLO/data.yaml,train,44,4552.439779520035,0.67159,0.36576,0.87694,0.78804,0.71593,0.81104,0.60699,0.98472,0.5614,1.01349,0.0007178750000000001,0.0007178750000000001,0.0007178750000000001,,
yolo_v12s_20260721_023258,yolo,yolo_v12s_20260721_023258,yolo12s.pt,/root/autodl-fs/datasets/UA-DETRAC_YOLO/data.yaml,train,45,4656.146700620651,0.673,0.36307,0.87498,0.87189,0.7626,0.8425,0.62923,0.98389,0.54042,1.0057,0.0007055000000000001,0.0007055000000000001,0.0007055000000000001,,
yolo_v12s_20260721_023258,yolo,yolo_v12s_20260721_023258,yolo12s.pt,/root/autodl-fs/datasets/UA-DETRAC_YOLO/data.yaml,train,46,4758.8346445560455,0.66839,0.35804,0.87596,0.84811,0.71068,0.82781,0.61399,0.99124,0.55392,1.01833,0.0006931250000000001,0.0006931250000000001,0.0006931250000000001,,
yolo_v12s_20260721_023258,yolo,yolo_v12s_20260721_023258,yolo12s.pt,/root/autodl-fs/datasets/UA-DETRAC_YOLO/data.yaml,train,47,4861.547935009003,0.6643,0.35544,0.87559,0.87828,0.74362,0.84783,0.63392,0.95579,0.5362,0.99759,0.0006807500000000001,0.0006807500000000001,0.0006807500000000001,,
yolo_v12s_20260721_023258,yolo,yolo_v12s_20260721_023258,yolo12s.pt,/root/autodl-fs/datasets/UA-DETRAC_YOLO/data.yaml,train,48,4964.725353002548,0.66188,0.35836,0.87555,0.86588,0.74434,0.82214,0.61226,1.00682,0.54996,1.027,0.0006683750000000001,0.0006683750000000001,0.0006683750000000001,,
yolo_v12s_20260721_023258,yolo,yolo_v12s_20260721_023258,yolo12s.pt,/root/autodl-fs/datasets/UA-DETRAC_YOLO/data.yaml,train,49,5067.694734811783,0.66161,0.35343,0.8744,0.81215,0.71312,0.82638,0.6178,1.00087,0.56508,1.02262,0.0006560000000000001,0.0006560000000000001,0.0006560000000000001,,
yolo_v12s_20260721_023258,yolo,yolo_v12s_20260721_023258,yolo12s.pt,/root/autodl-fs/datasets/UA-DETRAC_YOLO/data.yaml,train,50,5170.354736804962,0.6633,0.353,0.87504,0.85511,0.73548,0.83418,0.62238,0.98441,0.55469,1.01635,0.000643625,0.000643625,0.000643625,,
yolo_v12s_20260721_023258,yolo,yolo_v12s_20260721_023258,yolo12s.pt,/root/autodl-fs/datasets/UA-DETRAC_YOLO/data.yaml,train,51,5272.917175292969,0.65973,0.34984,0.8728,0.74479,0.74825,0.80789,0.6009,0.99427,0.59026,1.02439,0.00063125,0.00063125,0.00063125,,
yolo_v12s_20260721_023258,yolo,yolo_v12s_20260721_023258,yolo12s.pt,/root/autodl-fs/datasets/UA-DETRAC_YOLO/data.yaml,train,52,5376.2362694740295,0.65317,0.34766,0.87362,0.77576,0.75047,0.82056,0.61495,0.97365,0.54539,1.01303,0.000618875,0.000618875,0.000618875,,
yolo_v12s_20260721_023258,yolo,yolo_v12s_20260721_023258,yolo12s.pt,/root/autodl-fs/datasets/UA-DETRAC_YOLO/data.yaml,train,53,5479.169373989105,0.65499,0.3471,0.87279,0.82083,0.69956,0.8221,0.6149,0.97246,0.56133,1.00867,0.0006064999999999999,0.0006064999999999999,0.0006064999999999999,,
yolo_v12s_20260721_023258,yolo,yolo_v12s_20260721_023258,yolo12s.pt,/root/autodl-fs/datasets/UA-DETRAC_YOLO/data.yaml,train,54,5581.8974640369415,0.64795,0.34136,0.87066,0.84636,0.70754,0.82884,0.62597,0.97229,0.56295,1.00555,0.000594125,0.000594125,0.000594125,,
yolo_v12s_20260721_023258,yolo,yolo_v12s_20260721_023258,yolo12s.pt,/root/autodl-fs/datasets/UA-DETRAC_YOLO/data.yaml,train,55,5684.9803302288055,0.64704,0.33948,0.86992,0.81888,0.71527,0.82218,0.61931,0.97817,0.553,1.01161,0.00058175,0.00058175,0.00058175,,
yolo_v12s_20260721_023258,yolo,yolo_v12s_20260721_023258,yolo12s.pt,/root/autodl-fs/datasets/UA-DETRAC_YOLO/data.yaml,train,56,5788.271704673767,0.64774,0.33939,0.86982,0.77901,0.74602,0.82443,0.61899,0.97626,0.55334,1.01603,0.000569375,0.000569375,0.000569375,,
yolo_v12s_20260721_023258,yolo,yolo_v12s_20260721_023258,yolo12s.pt,/root/autodl-fs/datasets/UA-DETRAC_YOLO/data.yaml,train,57,5890.953646659851,0.64297,0.3367,0.86973,0.79347,0.73434,0.83749,0.6285,0.97373,0.54074,1.01016,0.000557,0.000557,0.000557,,
yolo_v12s_20260721_023258,yolo,yolo_v12s_20260721_023258,yolo12s.pt,/root/autodl-fs/datasets/UA-DETRAC_YOLO/data.yaml,train,58,5993.587939977646,0.64025,0.33294,0.86761,0.8014,0.75083,0.82904,0.62527,0.9903,0.5509,1.0163,0.0005446250000000001,0.0005446250000000001,0.0005446250000000001,,
yolo_v12s_20260721_023258,yolo,yolo_v12s_20260721_023258,yolo12s.pt,/root/autodl-fs/datasets/UA-DETRAC_YOLO/data.yaml,train,59,6096.963141202927,0.64193,0.33234,0.86866,0.81781,0.73592,0.82838,0.62378,0.99278,0.56578,1.02339,0.0005322500000000001,0.0005322500000000001,0.0005322500000000001,,
yolo_v12s_20260721_023258,yolo,yolo_v12s_20260721_023258,yolo12s.pt,/root/autodl-fs/datasets/UA-DETRAC_YOLO/data.yaml,train,60,6199.68546962738,0.63747,0.33159,0.86736,0.72773,0.77655,0.82051,0.61284,0.98221,0.56444,1.01754,0.000519875,0.000519875,0.000519875,,
yolo_v12s_20260721_023258,yolo,yolo_v12s_20260721_023258,yolo12s.pt,/root/autodl-fs/datasets/UA-DETRAC_YOLO/data.yaml,train,61,6302.187993526459,0.63478,0.32784,0.86786,0.78278,0.72436,0.81079,0.60613,0.98776,0.56416,1.02137,0.0005075,0.0005075,0.0005075,,
yolo_v12s_20260721_023258,yolo,yolo_v12s_20260721_023258,yolo12s.pt,/root/autodl-fs/datasets/UA-DETRAC_YOLO/data.yaml,train,62,6405.357336997986,0.6359,0.32784,0.86789,0.80796,0.70866,0.81619,0.61544,0.97755,0.56162,1.01149,0.000495125,0.000495125,0.000495125,,
yolo_v12s_20260721_023258,yolo,yolo_v12s_20260721_023258,yolo12s.pt,/root/autodl-fs/datasets/UA-DETRAC_YOLO/data.yaml,train,63,6508.616559505463,0.63522,0.32684,0.86859,0.80449,0.72764,0.82852,0.62418,0.96992,0.56295,1.01627,0.00048275,0.00048275,0.00048275,,
yolo_v12s_20260721_023258,yolo,yolo_v12s_20260721_023258,yolo12s.pt,/root/autodl-fs/datasets/UA-DETRAC_YOLO/data.yaml,train,64,6611.507809877396,0.62933,0.32448,0.8657,0.86717,0.7599,0.84247,0.63408,0.97659,0.53726,1.01912,0.00047037500000000004,0.00047037500000000004,0.00047037500000000004,,
yolo_v12s_20260721_023258,yolo,yolo_v12s_20260721_023258,yolo12s.pt,/root/autodl-fs/datasets/UA-DETRAC_YOLO/data.yaml,train,65,6714.291516780853,0.62829,0.32267,0.8667,0.85285,0.70194,0.82143,0.61905,0.9784,0.55763,1.01836,0.000458,0.000458,0.000458,,
yolo_v12s_20260721_023258,yolo,yolo_v12s_20260721_023258,yolo12s.pt,/root/autodl-fs/datasets/UA-DETRAC_YOLO/data.yaml,train,66,6817.4116294384,0.62632,0.32074,0.86612,0.82109,0.73444,0.8324,0.6268,0.97967,0.56417,1.01454,0.000445625,0.000445625,0.000445625,,
yolo_v12s_20260721_023258,yolo,yolo_v12s_20260721_023258,yolo12s.pt,/root/autodl-fs/datasets/UA-DETRAC_YOLO/data.yaml,train,67,6920.097447395325,0.62139,0.32005,0.86167,0.84236,0.72257,0.83585,0.63038,0.9681,0.56111,1.00329,0.00043325,0.00043325,0.00043325,,
yolo_v12s_20260721_023258,yolo,yolo_v12s_20260721_023258,yolo12s.pt,/root/autodl-fs/datasets/UA-DETRAC_YOLO/data.yaml,train,68,7022.733612775803,0.62326,0.31763,0.8622,0.84962,0.70944,0.8222,0.62132,0.97478,0.56942,1.01372,0.0004208749999999999,0.0004208749999999999,0.0004208749999999999,,
yolo_v12s_20260721_023258,yolo,yolo_v12s_20260721_023258,yolo12s.pt,/root/autodl-fs/datasets/UA-DETRAC_YOLO/data.yaml,train,69,7125.626621007919,0.62194,0.31761,0.86207,0.81782,0.71642,0.82246,0.61751,0.99013,0.54772,1.01728,0.0004085,0.0004085,0.0004085,,
yolo_v12s_20260721_023258,yolo,yolo_v12s_20260721_023258,yolo12s.pt,/root/autodl-fs/datasets/UA-DETRAC_YOLO/data.yaml,train,70,7228.500792503357,0.61675,0.3141,0.86075,0.86963,0.71925,0.83614,0.62451,0.97563,0.56201,1.0131,0.0003961250000000001,0.0003961250000000001,0.0003961250000000001,,
yolo_v12s_20260721_023258,yolo,yolo_v12s_20260721_023258,yolo12s.pt,/root/autodl-fs/datasets/UA-DETRAC_YOLO/data.yaml,train,71,7331.0738978385925,0.61366,0.3114,0.86122,0.90056,0.69906,0.83092,0.62684,0.96844,0.56927,1.01376,0.0003837500000000001,0.0003837500000000001,0.0003837500000000001,,
yolo_v12s_20260721_023258,yolo,yolo_v12s_20260721_023258,yolo12s.pt,/root/autodl-fs/datasets/UA-DETRAC_YOLO/data.yaml,train,72,7433.6454882621765,0.61698,0.31122,0.85863,0.848,0.73176,0.83585,0.63369,0.97691,0.57237,1.01008,0.00037137500000000007,0.00037137500000000007,0.00037137500000000007,,
yolo_v12s_20260721_023258,yolo,yolo_v12s_20260721_023258,yolo12s.pt,/root/autodl-fs/datasets/UA-DETRAC_YOLO/data.yaml,train,73,7537.008114337921,0.61156,0.30909,0.8606,0.85895,0.69375,0.82894,0.63102,0.96556,0.55821,1.00966,0.000359,0.000359,0.000359,,
yolo_v12s_20260721_023258,yolo,yolo_v12s_20260721_023258,yolo12s.pt,/root/autodl-fs/datasets/UA-DETRAC_YOLO/data.yaml,train,74,7640.026358127594,0.61014,0.3068,0.85826,0.83531,0.69852,0.82356,0.62519,0.96393,0.56006,1.00459,0.0003466250000000001,0.0003466250000000001,0.0003466250000000001,,
yolo_v12s_20260721_023258,yolo,yolo_v12s_20260721_023258,yolo12s.pt,/root/autodl-fs/datasets/UA-DETRAC_YOLO/data.yaml,train,75,7742.549612998962,0.61175,0.30765,0.85833,0.81442,0.72207,0.82692,0.63129,0.96721,0.5514,1.00697,0.00033425,0.00033425,0.00033425,,
yolo_v12s_20260721_023258,yolo,yolo_v12s_20260721_023258,yolo12s.pt,/root/autodl-fs/datasets/UA-DETRAC_YOLO/data.yaml,train,76,7845.50107717514,0.60572,0.30269,0.85704,0.75658,0.73911,0.81401,0.61928,0.97159,0.56842,1.00819,0.000321875,0.000321875,0.000321875,,
yolo_v12s_20260721_023258,yolo,yolo_v12s_20260721_023258,yolo12s.pt,/root/autodl-fs/datasets/UA-DETRAC_YOLO/data.yaml,train,77,7948.483549356461,0.60289,0.30583,0.85615,0.79752,0.73653,0.82574,0.62644,0.97609,0.55208,1.01052,0.0003095,0.0003095,0.0003095,,
yolo_v12s_20260721_023258,yolo,yolo_v12s_20260721_023258,yolo12s.pt,/root/autodl-fs/datasets/UA-DETRAC_YOLO/data.yaml,train,78,8051.208841085434,0.60144,0.30095,0.85653,0.84019,0.70115,0.82875,0.62441,0.97188,0.54686,1.01416,0.000297125,0.000297125,0.000297125,,
yolo_v12s_20260721_023258,yolo,yolo_v12s_20260721_023258,yolo12s.pt,/root/autodl-fs/datasets/UA-DETRAC_YOLO/data.yaml,train,79,8153.991368293762,0.60004,0.29984,0.85693,0.74482,0.73102,0.81429,0.61639,0.96942,0.57369,1.01237,0.00028474999999999996,0.00028474999999999996,0.00028474999999999996,,
yolo_v12s_20260721_023258,yolo,yolo_v12s_20260721_023258,yolo12s.pt,/root/autodl-fs/datasets/UA-DETRAC_YOLO/data.yaml,train,80,8257.303602218628,0.59735,0.29752,0.85617,0.84111,0.70646,0.82347,0.6241,0.96449,0.56622,1.01201,0.000272375,0.000272375,0.000272375,,
yolo_v12s_20260721_023258,yolo,yolo_v12s_20260721_023258,yolo12s.pt,/root/autodl-fs/datasets/UA-DETRAC_YOLO/data.yaml,train,81,8360.039031028748,0.5939,0.29707,0.85696,0.88136,0.68537,0.82619,0.62279,0.9642,0.57796,1.01278,0.00026,0.00026,0.00026,,
yolo_v12s_20260721_023258,yolo,yolo_v12s_20260721_023258,yolo12s.pt,/root/autodl-fs/datasets/UA-DETRAC_YOLO/data.yaml,train,82,8462.725139141083,0.59501,0.29489,0.85488,0.82143,0.72187,0.82767,0.62355,0.96368,0.57861,1.01345,0.0002476249999999999,0.0002476249999999999,0.0002476249999999999,,
yolo_v12s_20260721_023258,yolo,yolo_v12s_20260721_023258,yolo12s.pt,/root/autodl-fs/datasets/UA-DETRAC_YOLO/data.yaml,train,83,8565.660348653793,0.59141,0.29307,0.85321,0.81905,0.708,0.82757,0.62617,0.97938,0.5723,1.01497,0.00023525000000000008,0.00023525000000000008,0.00023525000000000008,,
yolo_v12s_20260721_023258,yolo,yolo_v12s_20260721_023258,yolo12s.pt,/root/autodl-fs/datasets/UA-DETRAC_YOLO/data.yaml,train,84,8668.62319779396,0.58891,0.29174,0.85354,0.81692,0.70232,0.81766,0.61951,0.97199,0.57368,1.01206,0.00022287500000000006,0.00022287500000000006,0.00022287500000000006,,
yolo_v12s_20260721_023258,yolo,yolo_v12s_20260721_023258,yolo12s.pt,/root/autodl-fs/datasets/UA-DETRAC_YOLO/data.yaml,train,85,8771.386390924454,0.58744,0.29045,0.85305,0.77253,0.75359,0.81937,0.62007,0.96477,0.56728,1.01177,0.00021050000000000008,0.00021050000000000008,0.00021050000000000008,,
yolo_v12s_20260721_023258,yolo,yolo_v12s_20260721_023258,yolo12s.pt,/root/autodl-fs/datasets/UA-DETRAC_YOLO/data.yaml,train,86,8873.947386026382,0.58354,0.28847,0.8515,0.77755,0.74761,0.82455,0.62339,0.96584,0.58078,1.01236,0.00019812500000000003,0.00019812500000000003,0.00019812500000000003,,
yolo_v12s_20260721_023258,yolo,yolo_v12s_20260721_023258,yolo12s.pt,/root/autodl-fs/datasets/UA-DETRAC_YOLO/data.yaml,train,87,8977.131051540375,0.58261,0.28684,0.85235,0.78235,0.74037,0.82154,0.6213,0.96569,0.57751,1.01492,0.00018575000000000002,0.00018575000000000002,0.00018575000000000002,,
yolo_v12s_20260721_023258,yolo,yolo_v12s_20260721_023258,yolo12s.pt,/root/autodl-fs/datasets/UA-DETRAC_YOLO/data.yaml,train,88,9080.017654418945,0.58366,0.28557,0.85409,0.79591,0.72744,0.81992,0.61978,0.9658,0.5774,1.01644,0.00017337500000000003,0.00017337500000000003,0.00017337500000000003,,
yolo_v12s_20260721_023258,yolo,yolo_v12s_20260721_023258,yolo12s.pt,/root/autodl-fs/datasets/UA-DETRAC_YOLO/data.yaml,train,89,9182.711051225662,0.58258,0.28595,0.85264,0.81752,0.71388,0.81995,0.6219,0.96813,0.58072,1.01902,0.000161,0.000161,0.000161,,
yolo_v12s_20260721_023258,yolo,yolo_v12s_20260721_023258,yolo12s.pt,/root/autodl-fs/datasets/UA-DETRAC_YOLO/data.yaml,train,90,9285.450211524963,0.57684,0.2835,0.85449,0.81773,0.71098,0.8174,0.61562,0.96628,0.58792,1.01814,0.00014862499999999997,0.00014862499999999997,0.00014862499999999997,,
yolo_v12s_20260721_023258,yolo,yolo_v12s_20260721_023258,yolo12s.pt,/root/autodl-fs/datasets/UA-DETRAC_YOLO/data.yaml,train,91,9387.93414258957,0.57628,0.26733,0.84698,0.78786,0.69648,0.80905,0.61242,0.96987,0.61023,1.02125,0.00013624999999999998,0.00013624999999999998,0.00013624999999999998,,
yolo_v12s_20260721_023258,yolo,yolo_v12s_20260721_023258,yolo12s.pt,/root/autodl-fs/datasets/UA-DETRAC_YOLO/data.yaml,train,92,9489.714401483536,0.56748,0.26199,0.84395,0.80803,0.68746,0.81275,0.61639,0.97135,0.61066,1.02043,0.00012387499999999996,0.00012387499999999996,0.00012387499999999996,,
yolo_v12s_20260721_023258,yolo,yolo_v12s_20260721_023258,yolo12s.pt,/root/autodl-fs/datasets/UA-DETRAC_YOLO/data.yaml,train,93,9591.23585653305,0.56322,0.26012,0.84288,0.85102,0.69109,0.81944,0.621,0.96995,0.60579,1.01942,0.00011149999999999995,0.00011149999999999995,0.00011149999999999995,,
yolo_v12s_20260721_023258,yolo,yolo_v12s_20260721_023258,yolo12s.pt,/root/autodl-fs/datasets/UA-DETRAC_YOLO/data.yaml,train,94,9693.593351364136,0.55972,0.25701,0.8426,0.84723,0.68606,0.81755,0.6207,0.97182,0.60842,1.02218,9.912499999999993e-05,9.912499999999993e-05,9.912499999999993e-05,,
yolo_v12s_20260721_023258,yolo,yolo_v12s_20260721_023258,yolo12s.pt,/root/autodl-fs/datasets/UA-DETRAC_YOLO/data.yaml,train,95,9795.342551708221,0.55641,0.25502,0.84149,0.8619,0.66952,0.81584,0.61842,0.97364,0.6074,1.02383,8.675000000000006e-05,8.675000000000006e-05,8.675000000000006e-05,,
yolo_v12s_20260721_023258,yolo,yolo_v12s_20260721_023258,yolo12s.pt,/root/autodl-fs/datasets/UA-DETRAC_YOLO/data.yaml,train,96,9896.963160514832,0.55312,0.25251,0.84011,0.77853,0.73101,0.81334,0.61759,0.97141,0.60451,1.02068,7.437500000000006e-05,7.437500000000006e-05,7.437500000000006e-05,,
yolo_v12s_20260721_023258,yolo,yolo_v12s_20260721_023258,yolo12s.pt,/root/autodl-fs/datasets/UA-DETRAC_YOLO/data.yaml,train,97,9999.127220392227,0.55214,0.25183,0.84094,0.77706,0.72418,0.81364,0.61773,0.97658,0.60899,1.02509,6.200000000000006e-05,6.200000000000006e-05,6.200000000000006e-05,,
yolo_v12s_20260721_023258,yolo,yolo_v12s_20260721_023258,yolo12s.pt,/root/autodl-fs/datasets/UA-DETRAC_YOLO/data.yaml,train,98,10101.228818416595,0.55035,0.25169,0.84026,0.77522,0.72962,0.81377,0.61835,0.9758,0.61754,1.0256,4.9625000000000034e-05,4.9625000000000034e-05,4.9625000000000034e-05,,
yolo_v12s_20260721_023258,yolo,yolo_v12s_20260721_023258,yolo12s.pt,/root/autodl-fs/datasets/UA-DETRAC_YOLO/data.yaml,train,99,10202.861331701279,0.54883,0.24971,0.83907,0.75833,0.74299,0.81375,0.61952,0.97436,0.6179,1.02509,3.7250000000000025e-05,3.7250000000000025e-05,3.7250000000000025e-05,,
yolo_v12s_20260721_023258,yolo,yolo_v12s_20260721_023258,yolo12s.pt,/root/autodl-fs/datasets/UA-DETRAC_YOLO/data.yaml,train,100,10304.420807361603,0.54548,0.24798,0.83942,0.76745,0.73716,0.81426,0.61957,0.97643,0.61819,1.02441,2.4875000000000012e-05,2.4875000000000012e-05,2.4875000000000012e-05,,
yolo_yolov5m_20260721_165645,yolo,yolo_yolov5m_20260721_165645,yolov5m.pt,/root/autodl-fs/datasets/UA-DETRAC_YOLO/data.yaml,train,1,125.66685223579407,0.95494,0.83982,0.97178,0.57442,0.63703,0.64944,0.4522,1.06833,0.81035,1.02829,0.00041600106496272627,0.00041600106496272627,0.00041600106496272627,,
yolo_yolov5m_20260721_165645,yolo,yolo_yolov5m_20260721_165645,yolov5m.pt,/root/autodl-fs/datasets/UA-DETRAC_YOLO/data.yaml,train,2,242.1715075969696,0.93697,0.6838,0.96497,0.81562,0.64852,0.71886,0.50212,1.10555,0.82829,1.05023,0.000824424321086262,0.000824424321086262,0.000824424321086262,,
yolo_yolov5m_20260721_165645,yolo,yolo_yolov5m_20260721_165645,yolov5m.pt,/root/autodl-fs/datasets/UA-DETRAC_YOLO/data.yaml,train,3,356.7219479084015,0.922,0.6532,0.95896,0.71809,0.64001,0.71107,0.5039,1.08292,0.7802,1.0356,0.0012245975772097975,0.0012245975772097975,0.0012245975772097975,,
yolo_yolov5m_20260721_165645,yolo,yolo_yolov5m_20260721_165645,yolov5m.pt,/root/autodl-fs/datasets/UA-DETRAC_YOLO/data.yaml,train,4,470.47666478157043,0.88803,0.60635,0.94301,0.82757,0.66736,0.7732,0.53885,1.11509,0.70941,1.04681,0.001212875,0.001212875,0.001212875,,
yolo_yolov5m_20260721_165645,yolo,yolo_yolov5m_20260721_165645,yolov5m.pt,/root/autodl-fs/datasets/UA-DETRAC_YOLO/data.yaml,train,5,584.0395276546478,0.86593,0.58059,0.93914,0.84915,0.67508,0.77926,0.5428,1.06991,0.64958,1.02652,0.0012005,0.0012005,0.0012005,,
yolo_yolov5m_20260721_165645,yolo,yolo_yolov5m_20260721_165645,yolov5m.pt,/root/autodl-fs/datasets/UA-DETRAC_YOLO/data.yaml,train,6,698.1024057865143,0.84228,0.55247,0.92831,0.76431,0.59792,0.69418,0.47347,1.11447,0.74839,1.04739,0.001188125,0.001188125,0.001188125,,
yolo_yolov5m_20260721_165645,yolo,yolo_yolov5m_20260721_165645,yolov5m.pt,/root/autodl-fs/datasets/UA-DETRAC_YOLO/data.yaml,train,7,811.8170711994171,0.823,0.53714,0.92438,0.80255,0.71586,0.8069,0.56996,1.06964,0.71221,1.02413,0.00117575,0.00117575,0.00117575,,
yolo_yolov5m_20260721_165645,yolo,yolo_yolov5m_20260721_165645,yolov5m.pt,/root/autodl-fs/datasets/UA-DETRAC_YOLO/data.yaml,train,8,925.0482828617096,0.81221,0.51362,0.91936,0.80059,0.69939,0.78757,0.57967,1.03921,0.63334,1.01481,0.001163375,0.001163375,0.001163375,,
yolo_yolov5m_20260721_165645,yolo,yolo_yolov5m_20260721_165645,yolov5m.pt,/root/autodl-fs/datasets/UA-DETRAC_YOLO/data.yaml,train,9,1039.541199207306,0.7988,0.50551,0.91713,0.8667,0.7206,0.82665,0.59249,1.03176,0.6687,1.01259,0.0011510000000000001,0.0011510000000000001,0.0011510000000000001,,
yolo_yolov5m_20260721_165645,yolo,yolo_yolov5m_20260721_165645,yolov5m.pt,/root/autodl-fs/datasets/UA-DETRAC_YOLO/data.yaml,train,10,1154.6697471141815,0.78244,0.49059,0.90894,0.8109,0.72022,0.79835,0.56892,1.07527,0.70275,1.03318,0.001138625,0.001138625,0.001138625,,
yolo_yolov5m_20260721_165645,yolo,yolo_yolov5m_20260721_165645,yolov5m.pt,/root/autodl-fs/datasets/UA-DETRAC_YOLO/data.yaml,train,11,1270.0352823734283,0.77871,0.48635,0.90937,0.84321,0.75151,0.82942,0.60649,1.0408,0.63516,1.01382,0.00112625,0.00112625,0.00112625,,
yolo_yolov5m_20260721_165645,yolo,yolo_yolov5m_20260721_165645,yolov5m.pt,/root/autodl-fs/datasets/UA-DETRAC_YOLO/data.yaml,train,12,1384.9188022613525,0.76432,0.47004,0.90523,0.86447,0.71199,0.81068,0.5884,1.04049,0.61402,1.01138,0.001113875,0.001113875,0.001113875,,
yolo_yolov5m_20260721_165645,yolo,yolo_yolov5m_20260721_165645,yolov5m.pt,/root/autodl-fs/datasets/UA-DETRAC_YOLO/data.yaml,train,13,1500.1072936058044,0.76442,0.46874,0.90337,0.84821,0.71451,0.81402,0.59245,1.04602,0.64217,1.0239,0.0011015,0.0011015,0.0011015,,
yolo_yolov5m_20260721_165645,yolo,yolo_yolov5m_20260721_165645,yolov5m.pt,/root/autodl-fs/datasets/UA-DETRAC_YOLO/data.yaml,train,14,1614.0957083702087,0.75912,0.45891,0.89975,0.81574,0.69621,0.78588,0.56763,1.03841,0.62825,1.02145,0.001089125,0.001089125,0.001089125,,
yolo_yolov5m_20260721_165645,yolo,yolo_yolov5m_20260721_165645,yolov5m.pt,/root/autodl-fs/datasets/UA-DETRAC_YOLO/data.yaml,train,15,1731.9663214683533,0.74837,0.45556,0.89743,0.85789,0.72039,0.81231,0.58752,1.05047,0.63007,1.02567,0.00107675,0.00107675,0.00107675,,
yolo_yolov5m_20260721_165645,yolo,yolo_yolov5m_20260721_165645,yolov5m.pt,/root/autodl-fs/datasets/UA-DETRAC_YOLO/data.yaml,train,16,1850.3208875656128,0.74351,0.44648,0.89643,0.88997,0.73004,0.82619,0.58592,1.03944,0.62056,1.01645,0.001064375,0.001064375,0.001064375,,
yolo_yolov5m_20260721_165645,yolo,yolo_yolov5m_20260721_165645,yolov5m.pt,/root/autodl-fs/datasets/UA-DETRAC_YOLO/data.yaml,train,17,1966.634628534317,0.74013,0.44289,0.8943,0.85554,0.74254,0.83362,0.6022,1.01435,0.61004,1.00641,0.001052,0.001052,0.001052,,
yolo_yolov5m_20260721_165645,yolo,yolo_yolov5m_20260721_165645,yolov5m.pt,/root/autodl-fs/datasets/UA-DETRAC_YOLO/data.yaml,train,18,2086.134686946869,0.73109,0.43182,0.89219,0.85164,0.73086,0.8284,0.60429,1.04425,0.612,1.01602,0.001039625,0.001039625,0.001039625,,
yolo_yolov5m_20260721_165645,yolo,yolo_yolov5m_20260721_165645,yolov5m.pt,/root/autodl-fs/datasets/UA-DETRAC_YOLO/data.yaml,train,19,2207.0168550014496,0.73244,0.43135,0.8928,0.84326,0.71877,0.80641,0.59923,0.97979,0.58918,0.98946,0.0010272500000000002,0.0010272500000000002,0.0010272500000000002,,
yolo_yolov5m_20260721_165645,yolo,yolo_yolov5m_20260721_165645,yolov5m.pt,/root/autodl-fs/datasets/UA-DETRAC_YOLO/data.yaml,train,20,2323.267691373825,0.72281,0.42321,0.88865,0.86715,0.71888,0.81308,0.58477,1.02499,0.64345,1.01187,0.0010148750000000002,0.0010148750000000002,0.0010148750000000002,,
yolo_yolov5m_20260721_165645,yolo,yolo_yolov5m_20260721_165645,yolov5m.pt,/root/autodl-fs/datasets/UA-DETRAC_YOLO/data.yaml,train,21,2440.4922425746918,0.71753,0.42095,0.88718,0.84703,0.73315,0.81275,0.59034,1.02519,0.64937,1.00976,0.0010025000000000001,0.0010025000000000001,0.0010025000000000001,,
yolo_yolov5m_20260721_165645,yolo,yolo_yolov5m_20260721_165645,yolov5m.pt,/root/autodl-fs/datasets/UA-DETRAC_YOLO/data.yaml,train,22,2559.1899585723877,0.71852,0.41584,0.88761,0.82364,0.6795,0.80467,0.59062,1.01221,0.62089,1.00538,0.0009901250000000001,0.0009901250000000001,0.0009901250000000001,,
yolo_yolov5m_20260721_165645,yolo,yolo_yolov5m_20260721_165645,yolov5m.pt,/root/autodl-fs/datasets/UA-DETRAC_YOLO/data.yaml,train,23,2675.410881757736,0.71842,0.41247,0.88883,0.84446,0.74117,0.8257,0.61075,0.99166,0.60519,0.99536,0.00097775,0.00097775,0.00097775,,
yolo_yolov5m_20260721_165645,yolo,yolo_yolov5m_20260721_165645,yolov5m.pt,/root/autodl-fs/datasets/UA-DETRAC_YOLO/data.yaml,train,24,2790.911484003067,0.71214,0.41101,0.88502,0.86984,0.71404,0.82377,0.60821,0.98719,0.5877,0.99501,0.000965375,0.000965375,0.000965375,,
yolo_yolov5m_20260721_165645,yolo,yolo_yolov5m_20260721_165645,yolov5m.pt,/root/autodl-fs/datasets/UA-DETRAC_YOLO/data.yaml,train,25,2907.3831627368927,0.70919,0.40862,0.88626,0.82854,0.74922,0.81784,0.60471,1.01154,0.66175,1.00001,0.000953,0.000953,0.000953,,
yolo_yolov5m_20260721_165645,yolo,yolo_yolov5m_20260721_165645,yolov5m.pt,/root/autodl-fs/datasets/UA-DETRAC_YOLO/data.yaml,train,26,3022.166515827179,0.70561,0.40689,0.8835,0.7858,0.77158,0.83675,0.61865,1.01575,0.63878,1.00611,0.000940625,0.000940625,0.000940625,,
yolo_yolov5m_20260721_165645,yolo,yolo_yolov5m_20260721_165645,yolov5m.pt,/root/autodl-fs/datasets/UA-DETRAC_YOLO/data.yaml,train,27,3138.068661928177,0.69934,0.39739,0.88257,0.85582,0.71906,0.8216,0.61299,0.99158,0.59587,0.9981,0.00092825,0.00092825,0.00092825,,
yolo_yolov5m_20260721_165645,yolo,yolo_yolov5m_20260721_165645,yolov5m.pt,/root/autodl-fs/datasets/UA-DETRAC_YOLO/data.yaml,train,28,3254.922127723694,0.69623,0.39791,0.88096,0.84531,0.74371,0.81797,0.60254,0.99976,0.59442,1.00655,0.000915875,0.000915875,0.000915875,,
yolo_yolov5m_20260721_165645,yolo,yolo_yolov5m_20260721_165645,yolov5m.pt,/root/autodl-fs/datasets/UA-DETRAC_YOLO/data.yaml,train,29,3371.0054960250854,0.69734,0.3937,0.88042,0.83264,0.74643,0.79945,0.59371,0.99829,0.58701,1.00066,0.0009035,0.0009035,0.0009035,,
yolo_yolov5m_20260721_165645,yolo,yolo_yolov5m_20260721_165645,yolov5m.pt,/root/autodl-fs/datasets/UA-DETRAC_YOLO/data.yaml,train,30,3485.9662342071533,0.68676,0.3899,0.87733,0.81434,0.68322,0.81453,0.59873,1.00312,0.63505,1.00309,0.000891125,0.000891125,0.000891125,,
yolo_yolov5m_20260721_165645,yolo,yolo_yolov5m_20260721_165645,yolov5m.pt,/root/autodl-fs/datasets/UA-DETRAC_YOLO/data.yaml,train,31,3606.448189020157,0.68507,0.38441,0.87638,0.83121,0.75567,0.82486,0.60702,0.99708,0.57422,1.00467,0.00087875,0.00087875,0.00087875,,
yolo_yolov5m_20260721_165645,yolo,yolo_yolov5m_20260721_165645,yolov5m.pt,/root/autodl-fs/datasets/UA-DETRAC_YOLO/data.yaml,train,32,3725.178855419159,0.68212,0.37964,0.87689,0.83837,0.72077,0.81016,0.59901,1.00731,0.61627,1.0108,0.000866375,0.000866375,0.000866375,,
yolo_yolov5m_20260721_165645,yolo,yolo_yolov5m_20260721_165645,yolov5m.pt,/root/autodl-fs/datasets/UA-DETRAC_YOLO/data.yaml,train,33,3841.3615758419037,0.68253,0.37932,0.87547,0.86293,0.70288,0.80646,0.59357,0.99473,0.60898,1.00105,0.0008539999999999999,0.0008539999999999999,0.0008539999999999999,,
yolo_yolov5m_20260721_165645,yolo,yolo_yolov5m_20260721_165645,yolov5m.pt,/root/autodl-fs/datasets/UA-DETRAC_YOLO/data.yaml,train,34,3956.743726015091,0.68078,0.37903,0.87844,0.82827,0.69447,0.80664,0.59214,1.02011,0.59938,1.01451,0.0008416249999999999,0.0008416249999999999,0.0008416249999999999,,
yolo_yolov5m_20260721_165645,yolo,yolo_yolov5m_20260721_165645,yolov5m.pt,/root/autodl-fs/datasets/UA-DETRAC_YOLO/data.yaml,train,35,4072.1932277679443,0.67734,0.38076,0.87552,0.83474,0.75495,0.8451,0.61797,1.00897,0.56393,1.01084,0.0008292499999999999,0.0008292499999999999,0.0008292499999999999,,
yolo_yolov5m_20260721_165645,yolo,yolo_yolov5m_20260721_165645,yolov5m.pt,/root/autodl-fs/datasets/UA-DETRAC_YOLO/data.yaml,train,36,4186.623002529144,0.67658,0.37357,0.87501,0.82016,0.76959,0.83343,0.61705,1.00565,0.58057,1.00367,0.000816875,0.000816875,0.000816875,,
yolo_yolov5m_20260721_165645,yolo,yolo_yolov5m_20260721_165645,yolov5m.pt,/root/autodl-fs/datasets/UA-DETRAC_YOLO/data.yaml,train,37,4301.3029725551605,0.67275,0.36892,0.87324,0.80279,0.75293,0.82642,0.61561,0.97423,0.5659,0.99896,0.0008045000000000001,0.0008045000000000001,0.0008045000000000001,,
yolo_yolov5m_20260721_165645,yolo,yolo_yolov5m_20260721_165645,yolov5m.pt,/root/autodl-fs/datasets/UA-DETRAC_YOLO/data.yaml,train,38,4415.264830827713,0.66815,0.3702,0.8732,0.79404,0.7412,0.81968,0.60422,0.97988,0.59171,0.99994,0.0007921250000000001,0.0007921250000000001,0.0007921250000000001,,
yolo_yolov5m_20260721_165645,yolo,yolo_yolov5m_20260721_165645,yolov5m.pt,/root/autodl-fs/datasets/UA-DETRAC_YOLO/data.yaml,train,39,4528.930236816406,0.66813,0.36694,0.87275,0.87622,0.72528,0.82895,0.61641,1.00014,0.56088,1.0044,0.0007797500000000001,0.0007797500000000001,0.0007797500000000001,,
yolo_yolov5m_20260721_165645,yolo,yolo_yolov5m_20260721_165645,yolov5m.pt,/root/autodl-fs/datasets/UA-DETRAC_YOLO/data.yaml,train,40,4642.833073377609,0.6651,0.36249,0.87242,0.87192,0.70823,0.82335,0.60724,1.01746,0.59728,1.01658,0.000767375,0.000767375,0.000767375,,
yolo_yolov5m_20260721_165645,yolo,yolo_yolov5m_20260721_165645,yolov5m.pt,/root/autodl-fs/datasets/UA-DETRAC_YOLO/data.yaml,train,41,4756.5757739543915,0.66093,0.36062,0.87098,0.8645,0.7184,0.81848,0.60734,0.97596,0.60413,1.00175,0.000755,0.000755,0.000755,,
yolo_yolov5m_20260721_165645,yolo,yolo_yolov5m_20260721_165645,yolov5m.pt,/root/autodl-fs/datasets/UA-DETRAC_YOLO/data.yaml,train,42,4869.944034814835,0.6613,0.35945,0.87162,0.84176,0.72759,0.81381,0.60446,0.98791,0.5895,1.00211,0.0007426250000000001,0.0007426250000000001,0.0007426250000000001,,
yolo_yolov5m_20260721_165645,yolo,yolo_yolov5m_20260721_165645,yolov5m.pt,/root/autodl-fs/datasets/UA-DETRAC_YOLO/data.yaml,train,43,4983.782177209854,0.65553,0.35579,0.8694,0.84635,0.72238,0.82244,0.61684,0.99071,0.57915,1.00016,0.0007302500000000001,0.0007302500000000001,0.0007302500000000001,,
yolo_yolov5m_20260721_165645,yolo,yolo_yolov5m_20260721_165645,yolov5m.pt,/root/autodl-fs/datasets/UA-DETRAC_YOLO/data.yaml,train,44,5097.623918056488,0.65599,0.35392,0.86917,0.85614,0.71561,0.81795,0.60405,0.99141,0.57522,1.00354,0.0007178750000000001,0.0007178750000000001,0.0007178750000000001,,
yolo_yolov5m_20260721_165645,yolo,yolo_yolov5m_20260721_165645,yolov5m.pt,/root/autodl-fs/datasets/UA-DETRAC_YOLO/data.yaml,train,45,5211.290099620819,0.65119,0.34985,0.86532,0.86667,0.73887,0.836,0.61711,0.99511,0.59634,0.99729,0.0007055000000000001,0.0007055000000000001,0.0007055000000000001,,
yolo_yolov5m_20260721_165645,yolo,yolo_yolov5m_20260721_165645,yolov5m.pt,/root/autodl-fs/datasets/UA-DETRAC_YOLO/data.yaml,train,46,5324.904387712479,0.65339,0.34877,0.86672,0.84005,0.7228,0.82794,0.61228,0.99158,0.63205,1.00682,0.0006931250000000001,0.0006931250000000001,0.0006931250000000001,,
yolo_yolov5m_20260721_165645,yolo,yolo_yolov5m_20260721_165645,yolov5m.pt,/root/autodl-fs/datasets/UA-DETRAC_YOLO/data.yaml,train,47,5438.64511680603,0.64384,0.34852,0.86573,0.82751,0.77123,0.84032,0.62199,0.99106,0.5958,1.00751,0.0006807500000000001,0.0006807500000000001,0.0006807500000000001,,
yolo_yolov5m_20260721_165645,yolo,yolo_yolov5m_20260721_165645,yolov5m.pt,/root/autodl-fs/datasets/UA-DETRAC_YOLO/data.yaml,train,48,5552.210911035538,0.64586,0.344,0.86805,0.82076,0.76333,0.82433,0.61208,0.98595,0.59515,1.00733,0.0006683750000000001,0.0006683750000000001,0.0006683750000000001,,
yolo_yolov5m_20260721_165645,yolo,yolo_yolov5m_20260721_165645,yolov5m.pt,/root/autodl-fs/datasets/UA-DETRAC_YOLO/data.yaml,train,49,5665.789258956909,0.64607,0.34461,0.8675,0.84223,0.74123,0.83759,0.62826,0.98709,0.57925,1.00056,0.0006560000000000001,0.0006560000000000001,0.0006560000000000001,,
yolo_yolov5m_20260721_165645,yolo,yolo_yolov5m_20260721_165645,yolov5m.pt,/root/autodl-fs/datasets/UA-DETRAC_YOLO/data.yaml,train,50,5779.850708246231,0.63561,0.33786,0.86378,0.85303,0.72726,0.81692,0.60624,0.99939,0.57783,0.99898,0.000643625,0.000643625,0.000643625,,
yolo_yolov5m_20260721_165645,yolo,yolo_yolov5m_20260721_165645,yolov5m.pt,/root/autodl-fs/datasets/UA-DETRAC_YOLO/data.yaml,train,51,5893.274186372757,0.64271,0.33922,0.86427,0.86876,0.74143,0.84035,0.62841,0.97999,0.5933,0.9957,0.00063125,0.00063125,0.00063125,,
yolo_yolov5m_20260721_165645,yolo,yolo_yolov5m_20260721_165645,yolov5m.pt,/root/autodl-fs/datasets/UA-DETRAC_YOLO/data.yaml,train,52,6006.755085945129,0.6367,0.33343,0.86325,0.84982,0.74927,0.83582,0.62818,0.98136,0.58958,0.99743,0.000618875,0.000618875,0.000618875,,
yolo_yolov5m_20260721_165645,yolo,yolo_yolov5m_20260721_165645,yolov5m.pt,/root/autodl-fs/datasets/UA-DETRAC_YOLO/data.yaml,train,53,6120.855117082596,0.63158,0.33356,0.86136,0.83854,0.72234,0.82502,0.61968,0.98829,0.59026,1.00208,0.0006064999999999999,0.0006064999999999999,0.0006064999999999999,,
yolo_yolov5m_20260721_165645,yolo,yolo_yolov5m_20260721_165645,yolov5m.pt,/root/autodl-fs/datasets/UA-DETRAC_YOLO/data.yaml,train,54,6234.501548290253,0.63023,0.32964,0.86169,0.84956,0.76632,0.8362,0.63074,0.98272,0.58169,0.9995,0.000594125,0.000594125,0.000594125,,
yolo_yolov5m_20260721_165645,yolo,yolo_yolov5m_20260721_165645,yolov5m.pt,/root/autodl-fs/datasets/UA-DETRAC_YOLO/data.yaml,train,55,6347.621623039246,0.62734,0.32975,0.86059,0.88421,0.7587,0.85095,0.63894,0.99327,0.58034,1.00582,0.00058175,0.00058175,0.00058175,,
yolo_yolov5m_20260721_165645,yolo,yolo_yolov5m_20260721_165645,yolov5m.pt,/root/autodl-fs/datasets/UA-DETRAC_YOLO/data.yaml,train,56,6461.761569261551,0.62435,0.32403,0.86093,0.87364,0.74153,0.84636,0.63333,0.98949,0.60002,1.00006,0.000569375,0.000569375,0.000569375,,
yolo_yolov5m_20260721_165645,yolo,yolo_yolov5m_20260721_165645,yolov5m.pt,/root/autodl-fs/datasets/UA-DETRAC_YOLO/data.yaml,train,57,6575.576008081436,0.62236,0.325,0.85968,0.87743,0.71899,0.83058,0.62329,0.98728,0.60916,1.00742,0.000557,0.000557,0.000557,,
yolo_yolov5m_20260721_165645,yolo,yolo_yolov5m_20260721_165645,yolov5m.pt,/root/autodl-fs/datasets/UA-DETRAC_YOLO/data.yaml,train,58,6688.882593393326,0.61832,0.32233,0.85746,0.83511,0.74887,0.83441,0.62298,0.98762,0.57898,1.00466,0.0005446250000000001,0.0005446250000000001,0.0005446250000000001,,
yolo_yolov5m_20260721_165645,yolo,yolo_yolov5m_20260721_165645,yolov5m.pt,/root/autodl-fs/datasets/UA-DETRAC_YOLO/data.yaml,train,59,6802.788417816162,0.62425,0.3229,0.85951,0.90048,0.73195,0.84667,0.63477,0.98908,0.57687,1.0048,0.0005322500000000001,0.0005322500000000001,0.0005322500000000001,,
yolo_yolov5m_20260721_165645,yolo,yolo_yolov5m_20260721_165645,yolov5m.pt,/root/autodl-fs/datasets/UA-DETRAC_YOLO/data.yaml,train,60,6916.667053461075,0.61724,0.32179,0.85757,0.84691,0.72206,0.83131,0.62137,0.99436,0.58743,1.00701,0.000519875,0.000519875,0.000519875,,
yolo_yolov5m_20260721_165645,yolo,yolo_yolov5m_20260721_165645,yolov5m.pt,/root/autodl-fs/datasets/UA-DETRAC_YOLO/data.yaml,train,61,7030.139969825745,0.61609,0.31804,0.85839,0.84428,0.74904,0.83254,0.62207,0.98976,0.57561,1.00448,0.0005075,0.0005075,0.0005075,,
yolo_fasterrcnn_resnet50_fpn_20260721_195730,fasterrcnn,yolo_fasterrcnn_resnet50_fpn,fasterrcnn_resnet50_fpn,dairv2x,train,1,,,,,,,,,,,,0.0016666666666666666,,,1.2594426008342188,0.9630213706312996
yolo_fasterrcnn_resnet50_fpn_20260721_195730,fasterrcnn,yolo_fasterrcnn_resnet50_fpn,fasterrcnn_resnet50_fpn,dairv2x,train,2,,,,,,,,,,,,0.003333333333333333,,,0.8653756044333494,0.833433339862447
yolo_fasterrcnn_resnet50_fpn_20260721_195730,fasterrcnn,yolo_fasterrcnn_resnet50_fpn,fasterrcnn_resnet50_fpn,dairv2x,train,3,,,,,,,,,,,,0.005,,,0.739229114372519,0.7161870019902524
yolo_fasterrcnn_resnet50_fpn_20260721_195730,fasterrcnn,yolo_fasterrcnn_resnet50_fpn,fasterrcnn_resnet50_fpn,dairv2x,train,4,,,,,,,,,,,,0.005,,,0.6725779160668578,0.6667674483829423
yolo_fasterrcnn_resnet50_fpn_20260721_195730,fasterrcnn,yolo_fasterrcnn_resnet50_fpn,fasterrcnn_resnet50_fpn,dairv2x,train,5,,,,,,,,,,,,0.005,,,0.6302983236463764,0.6245439890281934
yolo_fasterrcnn_resnet50_fpn_20260721_195730,fasterrcnn,yolo_fasterrcnn_resnet50_fpn,fasterrcnn_resnet50_fpn,dairv2x,train,6,,,,,,,,,,,,0.005,,,0.6059094418453265,0.6205044960799185
yolo_fasterrcnn_resnet50_fpn_20260721_195730,fasterrcnn,yolo_fasterrcnn_resnet50_fpn,fasterrcnn_resnet50_fpn,dairv2x,train,7,,,,,,,,,,,,0.005,,,0.5877247926177858,0.6097560764633512
yolo_fasterrcnn_resnet50_fpn_20260721_195730,fasterrcnn,yolo_fasterrcnn_resnet50_fpn,fasterrcnn_resnet50_fpn,dairv2x,train,8,,,,,,,,,,,,0.005,,,0.5699161294894882,0.5851609572081974
yolo_fasterrcnn_resnet50_fpn_20260721_195730,fasterrcnn,yolo_fasterrcnn_resnet50_fpn,fasterrcnn_resnet50_fpn,dairv2x,train,9,,,,,,,,,,,,0.005,,,0.5581194947980628,0.5668206220296653
yolo_fasterrcnn_resnet50_fpn_20260721_195730,fasterrcnn,yolo_fasterrcnn_resnet50_fpn,fasterrcnn_resnet50_fpn,dairv2x,train,10,,,,,,,,,,,,0.005,,,0.5482486919323101,0.5693651198556549
yolo_fasterrcnn_resnet50_fpn_20260721_195730,fasterrcnn,yolo_fasterrcnn_resnet50_fpn,fasterrcnn_resnet50_fpn,dairv2x,train,11,,,,,,,,,,,,0.005,,,0.5374709610131723,0.596395752784845
yolo_fasterrcnn_resnet50_fpn_20260721_195730,fasterrcnn,yolo_fasterrcnn_resnet50_fpn,fasterrcnn_resnet50_fpn,dairv2x,train,12,,,,,,,,,,,,0.005,,,0.5278338645643825,0.5345710316967023
yolo_fasterrcnn_resnet50_fpn_20260721_195730,fasterrcnn,yolo_fasterrcnn_resnet50_fpn,fasterrcnn_resnet50_fpn,dairv2x,train,13,,,,,,,,,,,,0.005,,,0.5209446258937256,0.560846794102537
yolo_fasterrcnn_resnet50_fpn_20260721_195730,fasterrcnn,yolo_fasterrcnn_resnet50_fpn,fasterrcnn_resnet50_fpn,dairv2x,train,14,,,,,,,,,,,,0.005,,,0.5149663407591325,0.5391722181811929
yolo_fasterrcnn_resnet50_fpn_20260721_195730,fasterrcnn,yolo_fasterrcnn_resnet50_fpn,fasterrcnn_resnet50_fpn,dairv2x,train,15,,,,,,,,,,,,0.005,,,0.5087491141844399,0.5280588028560343
yolo_fasterrcnn_resnet50_fpn_20260721_195730,fasterrcnn,yolo_fasterrcnn_resnet50_fpn,fasterrcnn_resnet50_fpn,dairv2x,train,16,,,,,,,,,,,,0.005,,,0.5024061163392248,0.5339494748041034
yolo_fasterrcnn_resnet50_fpn_20260721_195730,fasterrcnn,yolo_fasterrcnn_resnet50_fpn,fasterrcnn_resnet50_fpn,dairv2x,train,17,,,,,,,,,,,,0.005,,,0.4975545181881023,0.5148269427744182
yolo_fasterrcnn_resnet50_fpn_20260721_195730,fasterrcnn,yolo_fasterrcnn_resnet50_fpn,fasterrcnn_resnet50_fpn,dairv2x,train,18,,,,,,,,,,,,0.005,,,0.4935321419299403,0.5149092837481907
yolo_fasterrcnn_resnet50_fpn_20260721_195730,fasterrcnn,yolo_fasterrcnn_resnet50_fpn,fasterrcnn_resnet50_fpn,dairv2x,train,19,,,,,,,,,,,,0.005,,,0.4885701858733274,0.5101724380235139
yolo_fasterrcnn_resnet50_fpn_20260721_195730,fasterrcnn,yolo_fasterrcnn_resnet50_fpn,fasterrcnn_resnet50_fpn,dairv2x,train,20,,,,,,,,,,,,0.005,,,0.4848193150909641,0.5939829980366325
yolo_fasterrcnn_resnet50_fpn_20260721_195730,fasterrcnn,yolo_fasterrcnn_resnet50_fpn,fasterrcnn_resnet50_fpn,dairv2x,train,21,,,,,,,,,,,,0.005,,,0.4823172952555403,0.5177359186897152
yolo_fasterrcnn_resnet50_fpn_20260721_195730,fasterrcnn,yolo_fasterrcnn_resnet50_fpn,fasterrcnn_resnet50_fpn,dairv2x,train,22,,,,,,,,,,,,0.005,,,0.4793226174727271,0.5373229842731043
yolo_fasterrcnn_resnet50_fpn_20260721_195730,fasterrcnn,yolo_fasterrcnn_resnet50_fpn,fasterrcnn_resnet50_fpn,dairv2x,train,23,,,,,,,,,,,,0.005,,,0.47813676429700247,0.5104624365799522
yolo_fasterrcnn_resnet50_fpn_20260721_195730,fasterrcnn,yolo_fasterrcnn_resnet50_fpn,fasterrcnn_resnet50_fpn,dairv2x,train,24,,,,,,,,,,,,0.005,,,0.47291941261744197,0.5385811757786494
yolo_fasterrcnn_resnet50_fpn_20260721_195730,fasterrcnn,yolo_fasterrcnn_resnet50_fpn,fasterrcnn_resnet50_fpn,dairv2x,train,25,,,,,,,,,,,,0.005,,,0.4690924566946452,0.4994968714094476
yolo_fasterrcnn_resnet50_fpn_20260721_195730,fasterrcnn,yolo_fasterrcnn_resnet50_fpn,fasterrcnn_resnet50_fpn,dairv2x,train,26,,,,,,,,,,,,0.005,,,0.4660591134164907,0.4935118002130797
yolo_fasterrcnn_resnet50_fpn_20260721_195730,fasterrcnn,yolo_fasterrcnn_resnet50_fpn,fasterrcnn_resnet50_fpn,dairv2x,train,27,,,,,,,,,,,,0.005,,,0.46426305919885635,0.5215392916120196
yolo_fasterrcnn_resnet50_fpn_20260721_195730,fasterrcnn,yolo_fasterrcnn_resnet50_fpn,fasterrcnn_resnet50_fpn,dairv2x,train,28,,,,,,,,,,,,0.005,,,0.46381227209975445,0.49294572647072765
yolo_fasterrcnn_resnet50_fpn_20260721_195730,fasterrcnn,yolo_fasterrcnn_resnet50_fpn,fasterrcnn_resnet50_fpn,dairv2x,train,29,,,,,,,,,,,,0.005,,,0.46084923787584786,0.5108992565227183
yolo_fasterrcnn_resnet50_fpn_20260721_195730,fasterrcnn,yolo_fasterrcnn_resnet50_fpn,fasterrcnn_resnet50_fpn,dairv2x,train,30,,,,,,,,,,,,0.005,,,0.45496052918554863,0.5055271620911203
yolo_fasterrcnn_resnet50_fpn_20260721_195730,fasterrcnn,yolo_fasterrcnn_resnet50_fpn,fasterrcnn_resnet50_fpn,dairv2x,train,31,,,,,,,,,,,,0.005,,,0.4572537909202938,0.5095172894530391
yolo_fasterrcnn_resnet50_fpn_20260721_195730,fasterrcnn,yolo_fasterrcnn_resnet50_fpn,fasterrcnn_resnet50_fpn,dairv2x,train,32,,,,,,,,,,,,0.005,,,0.45565329737301113,0.48723126506726994
yolo_fasterrcnn_resnet50_fpn_20260721_195730,fasterrcnn,yolo_fasterrcnn_resnet50_fpn,fasterrcnn_resnet50_fpn,dairv2x,train,33,,,,,,,,,,,,0.005,,,0.453547034459778,0.48498649743238564
yolo_fasterrcnn_resnet50_fpn_20260721_195730,fasterrcnn,yolo_fasterrcnn_resnet50_fpn,fasterrcnn_resnet50_fpn,dairv2x,train,34,,,,,,,,,,,,0.005,,,0.449152913086022,0.4832836572374952
yolo_fasterrcnn_resnet50_fpn_20260721_195730,fasterrcnn,yolo_fasterrcnn_resnet50_fpn,fasterrcnn_resnet50_fpn,dairv2x,train,35,,,,,,,,,,,,0.005,,,0.44788442033378384,0.48797495359260784
yolo_fasterrcnn_resnet50_fpn_20260721_195730,fasterrcnn,yolo_fasterrcnn_resnet50_fpn,fasterrcnn_resnet50_fpn,dairv2x,train,36,,,,,,,,,,,,0.005,,,0.44608915597200394,0.4983166586117525
yolo_fasterrcnn_resnet50_fpn_20260721_195730,fasterrcnn,yolo_fasterrcnn_resnet50_fpn,fasterrcnn_resnet50_fpn,dairv2x,train,37,,,,,,,,,,,,0.005,,,0.4454872865654245,0.482362589210664
yolo_fasterrcnn_resnet50_fpn_20260721_195730,fasterrcnn,yolo_fasterrcnn_resnet50_fpn,fasterrcnn_resnet50_fpn,dairv2x,train,38,,,,,,,,,,,,0.005,,,0.4430269668751125,0.48318785404492365
yolo_fasterrcnn_resnet50_fpn_20260721_195730,fasterrcnn,yolo_fasterrcnn_resnet50_fpn,fasterrcnn_resnet50_fpn,dairv2x,train,39,,,,,,,,,,,,0.005,,,0.44190848382967934,0.47142700801946613
yolo_fasterrcnn_resnet50_fpn_20260721_195730,fasterrcnn,yolo_fasterrcnn_resnet50_fpn,fasterrcnn_resnet50_fpn,dairv2x,train,40,,,,,,,,,,,,0.005,,,0.440352669810947,0.480991675861572
yolo_fasterrcnn_resnet50_fpn_20260721_195730,fasterrcnn,yolo_fasterrcnn_resnet50_fpn,fasterrcnn_resnet50_fpn,dairv2x,train,41,,,,,,,,,,,,0.005,,,0.4412328798936892,0.49446604376364695
yolo_fasterrcnn_resnet50_fpn_20260721_195730,fasterrcnn,yolo_fasterrcnn_resnet50_fpn,fasterrcnn_resnet50_fpn,dairv2x,train,42,,,,,,,,,,,,0.005,,,0.4401180945053885,0.4810678133937089
yolo_fasterrcnn_resnet50_fpn_20260721_195730,fasterrcnn,yolo_fasterrcnn_resnet50_fpn,fasterrcnn_resnet50_fpn,dairv2x,train,43,,,,,,,,,,,,0.005,,,0.4378843912029568,0.4703809949324319
yolo_fasterrcnn_resnet50_fpn_20260721_195730,fasterrcnn,yolo_fasterrcnn_resnet50_fpn,fasterrcnn_resnet50_fpn,dairv2x,train,44,,,,,,,,,,,,0.005,,,0.4372998049742059,0.49492363876810197
yolo_fasterrcnn_resnet50_fpn_20260721_195730,fasterrcnn,yolo_fasterrcnn_resnet50_fpn,fasterrcnn_resnet50_fpn,dairv2x,train,45,,,,,,,,,,,,0.005,,,0.4368445031061957,0.4975878419354558
yolo_fasterrcnn_resnet50_fpn_20260721_195730,fasterrcnn,yolo_fasterrcnn_resnet50_fpn,fasterrcnn_resnet50_fpn,dairv2x,train,46,,,,,,,,,,,,0.005,,,0.4338177394451974,0.4843830038352232
yolo_fasterrcnn_resnet50_fpn_20260721_195730,fasterrcnn,yolo_fasterrcnn_resnet50_fpn,fasterrcnn_resnet50_fpn,dairv2x,train,47,,,,,,,,,,,,0.005,,,0.4329378358736823,0.4784425971539397
yolo_fasterrcnn_resnet50_fpn_20260721_195730,fasterrcnn,yolo_fasterrcnn_resnet50_fpn,fasterrcnn_resnet50_fpn,dairv2x,train,48,,,,,,,,,,,,0.005,,,0.4321706575117534,0.4725463355548288
yolo_fasterrcnn_resnet50_fpn_20260721_195730,fasterrcnn,yolo_fasterrcnn_resnet50_fpn,fasterrcnn_resnet50_fpn,dairv2x,train,49,,,,,,,,,,,,0.005,,,0.4317884258454359,0.49377659301420573
yolo_fasterrcnn_resnet50_fpn_20260721_195730,fasterrcnn,yolo_fasterrcnn_resnet50_fpn,fasterrcnn_resnet50_fpn,dairv2x,train,50,,,,,,,,,,,,0.005,,,0.43240722561184364,0.4751968889154102
yolo_fasterrcnn_resnet50_fpn_20260721_195730,fasterrcnn,yolo_fasterrcnn_resnet50_fpn,fasterrcnn_resnet50_fpn,dairv2x,train,51,,,,,,,,,,,,0.005,,,0.4288288493511043,0.4759043916373661
yolo_fasterrcnn_resnet50_fpn_20260721_195730,fasterrcnn,yolo_fasterrcnn_resnet50_fpn,fasterrcnn_resnet50_fpn,dairv2x,train,52,,,,,,,,,,,,0.005,,,0.42762040601500984,0.47515534423291683
yolo_fasterrcnn_resnet50_fpn_20260721_195730,fasterrcnn,yolo_fasterrcnn_resnet50_fpn,fasterrcnn_resnet50_fpn,dairv2x,train,53,,,,,,,,,,,,0.005,,,0.42687862856855874,0.4718847930627434
yolo_fasterrcnn_resnet50_fpn_20260721_195730,fasterrcnn,yolo_fasterrcnn_resnet50_fpn,fasterrcnn_resnet50_fpn,dairv2x,train,54,,,,,,,,,,,,0.005,,,0.42406905649960797,0.4728666277798383
yolo_fasterrcnn_resnet50_fpn_20260721_195730,fasterrcnn,yolo_fasterrcnn_resnet50_fpn,fasterrcnn_resnet50_fpn,dairv2x,train,55,,,,,,,,,,,,0.005,,,0.4248842148086693,0.47183613738927405
yolo_fasterrcnn_resnet50_fpn_20260721_195730,fasterrcnn,yolo_fasterrcnn_resnet50_fpn,fasterrcnn_resnet50_fpn,dairv2x,train,56,,,,,,,,,,,,0.005,,,0.42349953807984725,0.4632882371936974
yolo_fasterrcnn_resnet50_fpn_20260721_195730,fasterrcnn,yolo_fasterrcnn_resnet50_fpn,fasterrcnn_resnet50_fpn,dairv2x,train,57,,,,,,,,,,,,0.005,,,0.42461074822688405,0.4710428782885796
yolo_fasterrcnn_resnet50_fpn_20260721_195730,fasterrcnn,yolo_fasterrcnn_resnet50_fpn,fasterrcnn_resnet50_fpn,dairv2x,train,58,,,,,,,,,,,,0.005,,,0.42226086745533764,0.4559937125856155
yolo_fasterrcnn_resnet50_fpn_20260721_195730,fasterrcnn,yolo_fasterrcnn_resnet50_fpn,fasterrcnn_resnet50_fpn,dairv2x,train,59,,,,,,,,,,,,0.005,,,0.42395896568328517,0.4747341771757132
yolo_fasterrcnn_resnet50_fpn_20260721_195730,fasterrcnn,yolo_fasterrcnn_resnet50_fpn,fasterrcnn_resnet50_fpn,dairv2x,train,60,,,,,,,,,,,,0.005,,,0.4215661669267884,0.46850775280281115
yolo_fasterrcnn_resnet50_fpn_20260721_195730,fasterrcnn,yolo_fasterrcnn_resnet50_fpn,fasterrcnn_resnet50_fpn,dairv2x,train,61,,,,,,,,,,,,0.005,,,0.4205267333154437,0.47591607353502985
yolo_fasterrcnn_resnet50_fpn_20260721_195730,fasterrcnn,yolo_fasterrcnn_resnet50_fpn,fasterrcnn_resnet50_fpn,dairv2x,train,62,,,,,,,,,,,,0.005,,,0.4185292775495143,0.48114504473970127
yolo_fasterrcnn_resnet50_fpn_20260721_195730,fasterrcnn,yolo_fasterrcnn_resnet50_fpn,fasterrcnn_resnet50_fpn,dairv2x,train,63,,,,,,,,,,,,0.0005,,,0.42107611328740663,0.4749925964462914
yolo_fasterrcnn_resnet50_fpn_20260721_195730,fasterrcnn,yolo_fasterrcnn_resnet50_fpn,fasterrcnn_resnet50_fpn,dairv2x,train,64,,,,,,,,,,,,0.0005,,,0.3952005387672895,0.44805807566368266
yolo_fasterrcnn_resnet50_fpn_20260721_195730,fasterrcnn,yolo_fasterrcnn_resnet50_fpn,fasterrcnn_resnet50_fpn,dairv2x,train,65,,,,,,,,,,,,0.0005,,,0.3914824235665647,0.4460396494618372
yolo_fasterrcnn_resnet50_fpn_20260721_195730,fasterrcnn,yolo_fasterrcnn_resnet50_fpn,fasterrcnn_resnet50_fpn,dairv2x,train,66,,,,,,,,,,,,0.0005,,,0.390064291467395,0.4432956707222681
yolo_fasterrcnn_resnet50_fpn_20260721_195730,fasterrcnn,yolo_fasterrcnn_resnet50_fpn,fasterrcnn_resnet50_fpn,dairv2x,train,67,,,,,,,,,,,,0.0005,,,0.3892039698136004,0.44346352879840295
yolo_fasterrcnn_resnet50_fpn_20260721_195730,fasterrcnn,yolo_fasterrcnn_resnet50_fpn,fasterrcnn_resnet50_fpn,dairv2x,train,68,,,,,,,,,,,,0.0005,,,0.38884419646066953,0.4449649421792281
yolo_fasterrcnn_resnet50_fpn_20260721_195730,fasterrcnn,yolo_fasterrcnn_resnet50_fpn,fasterrcnn_resnet50_fpn,dairv2x,train,69,,,,,,,,,,,,0.0005,,,0.38723714725126196,0.44115734963040604
yolo_fasterrcnn_resnet50_fpn_20260721_195730,fasterrcnn,yolo_fasterrcnn_resnet50_fpn,fasterrcnn_resnet50_fpn,dairv2x,train,70,,,,,,,,,,,,0.0005,,,0.38725050642520564,0.4415462943480203
yolo_fasterrcnn_resnet50_fpn_20260721_195730,fasterrcnn,yolo_fasterrcnn_resnet50_fpn,fasterrcnn_resnet50_fpn,dairv2x,train,71,,,,,,,,,,,,0.0005,,,0.3865969023561176,0.44163530996363415
yolo_fasterrcnn_resnet50_fpn_20260721_195730,fasterrcnn,yolo_fasterrcnn_resnet50_fpn,fasterrcnn_resnet50_fpn,dairv2x,train,72,,,,,,,,,,,,0.0005,,,0.38658325675922106,0.44264854137834747
yolo_fasterrcnn_resnet50_fpn_20260721_195730,fasterrcnn,yolo_fasterrcnn_resnet50_fpn,fasterrcnn_resnet50_fpn,dairv2x,train,73,,,,,,,,,,,,0.0005,,,0.38569242988206165,0.444727939259457
yolo_fasterrcnn_resnet50_fpn_20260721_195730,fasterrcnn,yolo_fasterrcnn_resnet50_fpn,fasterrcnn_resnet50_fpn,dairv2x,train,74,,,,,,,,,,,,0.0005,,,0.3861920183783845,0.44364597236639575
yolo_fasterrcnn_resnet50_fpn_20260721_195730,fasterrcnn,yolo_fasterrcnn_resnet50_fpn,fasterrcnn_resnet50_fpn,dairv2x,train,75,,,,,,,,,,,,0.0005,,,0.3857077016860624,0.44284055269274275
yolo_fasterrcnn_resnet50_fpn_20260721_195730,fasterrcnn,yolo_fasterrcnn_resnet50_fpn,fasterrcnn_resnet50_fpn,dairv2x,train,76,,,,,,,,,,,,0.0005,,,0.3851689272854902,0.4423879079618736
yolo_fasterrcnn_resnet50_fpn_20260721_195730,fasterrcnn,yolo_fasterrcnn_resnet50_fpn,fasterrcnn_resnet50_fpn,dairv2x,train,77,,,,,,,,,,,,0.0005,,,0.38559077661248703,0.44380197492673207
yolo_fasterrcnn_resnet50_fpn_20260721_195730,fasterrcnn,yolo_fasterrcnn_resnet50_fpn,fasterrcnn_resnet50_fpn,dairv2x,train,78,,,,,,,,,,,,0.0005,,,0.3846210383727581,0.4425826278319092
yolo_fasterrcnn_resnet50_fpn_20260721_195730,fasterrcnn,yolo_fasterrcnn_resnet50_fpn,fasterrcnn_resnet50_fpn,dairv2x,train,79,,,,,,,,,,,,0.0005,,,0.3842298613884781,0.4447088224421206
yolo_fasterrcnn_resnet50_fpn_20260721_195730,fasterrcnn,yolo_fasterrcnn_resnet50_fpn,fasterrcnn_resnet50_fpn,dairv2x,train,80,,,,,,,,,,,,0.0005,,,0.3845309891466853,0.44521390372201014
yolo_fasterrcnn_resnet50_fpn_20260721_195730,fasterrcnn,yolo_fasterrcnn_resnet50_fpn,fasterrcnn_resnet50_fpn,dairv2x,train,81,,,,,,,,,,,,0.0005,,,0.38462515958125076,0.44084772977389786
yolo_fasterrcnn_resnet50_fpn_20260721_195730,fasterrcnn,yolo_fasterrcnn_resnet50_fpn,fasterrcnn_resnet50_fpn,dairv2x,train,82,,,,,,,,,,,,0.0005,,,0.3837210195539873,0.44452640355417605
yolo_fasterrcnn_resnet50_fpn_20260721_195730,fasterrcnn,yolo_fasterrcnn_resnet50_fpn,fasterrcnn_resnet50_fpn,dairv2x,train,83,,,,,,,,,,,,5e-05,,,0.38359756852629817,0.43977716648461
yolo_fasterrcnn_resnet50_fpn_20260721_195730,fasterrcnn,yolo_fasterrcnn_resnet50_fpn,fasterrcnn_resnet50_fpn,dairv2x,train,84,,,,,,,,,,,,5e-05,,,0.3810799665088895,0.4432555239059423
yolo_fasterrcnn_resnet50_fpn_20260721_195730,fasterrcnn,yolo_fasterrcnn_resnet50_fpn,fasterrcnn_resnet50_fpn,dairv2x,train,85,,,,,,,,,,,,5e-05,,,0.38055205722398394,0.439252894273714
yolo_fasterrcnn_resnet50_fpn_20260721_195730,fasterrcnn,yolo_fasterrcnn_resnet50_fpn,fasterrcnn_resnet50_fpn,dairv2x,train,86,,,,,,,,,,,,5e-05,,,0.380940838516513,0.4394701888147545
yolo_fasterrcnn_resnet50_fpn_20260721_195730,fasterrcnn,yolo_fasterrcnn_resnet50_fpn,fasterrcnn_resnet50_fpn,dairv2x,train,87,,,,,,,,,,,,5e-05,,,0.3803862818057024,0.4420957876565425
yolo_fasterrcnn_resnet50_fpn_20260721_195730,fasterrcnn,yolo_fasterrcnn_resnet50_fpn,fasterrcnn_resnet50_fpn,dairv2x,train,88,,,,,,,,,,,,5e-05,,,0.3801696107168741,0.440330612179088
yolo_fasterrcnn_resnet50_fpn_20260721_195730,fasterrcnn,yolo_fasterrcnn_resnet50_fpn,fasterrcnn_resnet50_fpn,dairv2x,train,89,,,,,,,,,,,,5e-05,,,0.38105329437346397,0.4399072205843894
yolo_fasterrcnn_resnet50_fpn_20260721_195730,fasterrcnn,yolo_fasterrcnn_resnet50_fpn,fasterrcnn_resnet50_fpn,dairv2x,train,90,,,,,,,,,,,,5e-05,,,0.3801347257781632,0.4417104327953176
yolo_fasterrcnn_resnet50_fpn_20260721_195730,fasterrcnn,yolo_fasterrcnn_resnet50_fpn,fasterrcnn_resnet50_fpn,dairv2x,train,91,,,,,,,,,,,,5e-05,,,0.38006470503309103,0.44329751679967894
yolo_fasterrcnn_resnet50_fpn_20260721_195730,fasterrcnn,yolo_fasterrcnn_resnet50_fpn,fasterrcnn_resnet50_fpn,dairv2x,train,92,,,,,,,,,,,,5e-05,,,0.37903224629691884,0.4411250451383622
yolo_fasterrcnn_resnet50_fpn_20260721_195730,fasterrcnn,yolo_fasterrcnn_resnet50_fpn,fasterrcnn_resnet50_fpn,dairv2x,train,93,,,,,,,,,,,,5e-05,,,0.3797762607094608,0.44009629239965425
yolo_fasterrcnn_resnet50_fpn_20260721_195730,fasterrcnn,yolo_fasterrcnn_resnet50_fpn,fasterrcnn_resnet50_fpn,dairv2x,train,94,,,,,,,,,,,,5e-05,,,0.38068781293268444,0.4442369949170633
yolo_fasterrcnn_resnet50_fpn_20260721_195730,fasterrcnn,yolo_fasterrcnn_resnet50_fpn,fasterrcnn_resnet50_fpn,dairv2x,train,95,,,,,,,,,,,,5e-05,,,0.38028831487592263,0.4427005579989207
yolo_fasterrcnn_resnet50_fpn_20260721_195730,fasterrcnn,yolo_fasterrcnn_resnet50_fpn,fasterrcnn_resnet50_fpn,dairv2x,train,96,,,,,,,,,,,,5e-05,,,0.3810966020520729,0.4400035998244819
yolo_fasterrcnn_resnet50_fpn_20260721_195730,fasterrcnn,yolo_fasterrcnn_resnet50_fpn,fasterrcnn_resnet50_fpn,dairv2x,train,97,,,,,,,,,,,,5e-05,,,0.37941846562714515,0.43980158228231103
yolo_fasterrcnn_resnet50_fpn_20260721_195730,fasterrcnn,yolo_fasterrcnn_resnet50_fpn,fasterrcnn_resnet50_fpn,dairv2x,train,98,,,,,,,,,,,,5e-05,,,0.38039680664675146,0.44004875323490095
yolo_fasterrcnn_resnet50_fpn_20260721_195730,fasterrcnn,yolo_fasterrcnn_resnet50_fpn,fasterrcnn_resnet50_fpn,dairv2x,train,99,,,,,,,,,,,,5e-05,,,0.3797490548672555,0.4414814736350979
yolo_fasterrcnn_resnet50_fpn_20260721_195730,fasterrcnn,yolo_fasterrcnn_resnet50_fpn,fasterrcnn_resnet50_fpn,dairv2x,train,100,,,,,,,,,,,,5e-05,,,0.3803240163605424,0.4409457271379468
yolo_fasterrcnn_resnet50_fpn_20260722_083910,fasterrcnn,yolo_fasterrcnn_resnet50_fpn_20260722_083910,fasterrcnn_resnet50_fpn,data,train,35,,,,,,,,,,,,0.005,,,0.13965962767696227,0.6076494441526434
yolo_fasterrcnn_resnet50_fpn_20260722_083910,fasterrcnn,yolo_fasterrcnn_resnet50_fpn_20260722_083910,fasterrcnn_resnet50_fpn,data,train,36,,,,,,,,,,,,0.005,,,0.13822869373300967,0.5976394060469995
yolo_fasterrcnn_resnet50_fpn_20260722_083910,fasterrcnn,yolo_fasterrcnn_resnet50_fpn_20260722_083910,fasterrcnn_resnet50_fpn,data,train,37,,,,,,,,,,,,0.005,,,0.13668021395469246,0.578367986636956
yolo_fasterrcnn_resnet50_fpn_20260722_083910,fasterrcnn,yolo_fasterrcnn_resnet50_fpn_20260722_083910,fasterrcnn_resnet50_fpn,data,train,38,,,,,,,,,,,,0.005,,,0.13504892654312303,0.6499066244445699
yolo_fasterrcnn_resnet50_fpn_20260722_083910,fasterrcnn,yolo_fasterrcnn_resnet50_fpn_20260722_083910,fasterrcnn_resnet50_fpn,data,train,39,,,,,,,,,,,,0.005,,,0.13508772731017762,0.6398234901055482
yolo_fasterrcnn_resnet50_fpn_20260722_083910,fasterrcnn,yolo_fasterrcnn_resnet50_fpn_20260722_083910,fasterrcnn_resnet50_fpn,data,train,40,,,,,,,,,,,,0.005,,,0.13707246243382415,0.5341368151527025
yolo_fasterrcnn_resnet50_fpn_20260722_083910,fasterrcnn,yolo_fasterrcnn_resnet50_fpn_20260722_083910,fasterrcnn_resnet50_fpn,data,train,41,,,,,,,,,,,,0.005,,,0.13295201388315653,0.5571467889240012
yolo_fasterrcnn_resnet50_fpn_20260722_083910,fasterrcnn,yolo_fasterrcnn_resnet50_fpn_20260722_083910,fasterrcnn_resnet50_fpn,data,train,42,,,,,,,,,,,,0.005,,,0.13069659214431104,0.6336729530964724
yolo_fasterrcnn_resnet50_fpn_20260722_083910,fasterrcnn,yolo_fasterrcnn_resnet50_fpn_20260722_083910,fasterrcnn_resnet50_fpn,data,train,43,,,,,,,,,,,,0.005,,,0.13250283975475513,0.6003321068498984
yolo_fasterrcnn_resnet50_fpn_20260722_083910,fasterrcnn,yolo_fasterrcnn_resnet50_fpn_20260722_083910,fasterrcnn_resnet50_fpn,data,train,44,,,,,,,,,,,,0.005,,,0.1273081354535045,0.5785741369340527
yolo_fasterrcnn_resnet50_fpn_20260722_083910,fasterrcnn,yolo_fasterrcnn_resnet50_fpn_20260722_083910,fasterrcnn_resnet50_fpn,data,train,45,,,,,,,,,,,,0.005,,,0.12712000189021752,0.5879610640827608
yolo_fasterrcnn_resnet50_fpn_20260722_083910,fasterrcnn,yolo_fasterrcnn_resnet50_fpn_20260722_083910,fasterrcnn_resnet50_fpn,data,train,46,,,,,,,,,,,,0.005,,,0.12441958182345564,0.5575984585977328
yolo_fasterrcnn_resnet50_fpn_20260722_083910,fasterrcnn,yolo_fasterrcnn_resnet50_fpn_20260722_083910,fasterrcnn_resnet50_fpn,data,train,47,,,,,,,,,,,,0.005,,,0.12661801573757928,0.5798090856141326
yolo_fasterrcnn_resnet50_fpn_20260722_083910,fasterrcnn,yolo_fasterrcnn_resnet50_fpn_20260722_083910,fasterrcnn_resnet50_fpn,data,train,48,,,,,,,,,,,,0.005,,,0.12348955188886807,0.6280949762969447
yolo_fasterrcnn_resnet50_fpn_20260722_083910,fasterrcnn,yolo_fasterrcnn_resnet50_fpn_20260722_083910,fasterrcnn_resnet50_fpn,data,train,49,,,,,,,,,,,,0.005,,,0.12727256726247435,0.6443104810631749
yolo_fasterrcnn_resnet50_fpn_20260722_083910,fasterrcnn,yolo_fasterrcnn_resnet50_fpn_20260722_083910,fasterrcnn_resnet50_fpn,data,train,50,,,,,,,,,,,,0.005,,,0.1227303177784807,0.6009358369126196
yolo_fasterrcnn_resnet50_fpn_20260722_083910,fasterrcnn,yolo_fasterrcnn_resnet50_fpn_20260722_083910,fasterrcnn_resnet50_fpn,data,train,51,,,,,,,,,,,,0.005,,,0.11911650699453231,0.6421150659311521
yolo_fasterrcnn_resnet50_fpn_20260722_083910,fasterrcnn,yolo_fasterrcnn_resnet50_fpn_20260722_083910,fasterrcnn_resnet50_fpn,data,train,52,,,,,,,,,,,,0.005,,,0.1251415527714327,0.621469148844798
yolo_fasterrcnn_resnet50_fpn_20260722_083910,fasterrcnn,yolo_fasterrcnn_resnet50_fpn_20260722_083910,fasterrcnn_resnet50_fpn,data,train,53,,,,,,,,,,,,0.005,,,0.12281669761997442,0.604893996345874
yolo_fasterrcnn_resnet50_fpn_20260722_083910,fasterrcnn,yolo_fasterrcnn_resnet50_fpn_20260722_083910,fasterrcnn_resnet50_fpn,data,train,54,,,,,,,,,,,,0.005,,,0.12012558244763853,0.5857456983662401
yolo_fasterrcnn_resnet50_fpn_20260722_083910,fasterrcnn,yolo_fasterrcnn_resnet50_fpn_20260722_083910,fasterrcnn_resnet50_fpn,data,train,55,,,,,,,,,,,,0.005,,,0.11734878909759247,0.6322628871844658
yolo_fasterrcnn_resnet50_fpn_20260722_083910,fasterrcnn,yolo_fasterrcnn_resnet50_fpn_20260722_083910,fasterrcnn_resnet50_fpn,data,train,56,,,,,,,,,,,,0.005,,,0.11863749524274954,0.6359783425154588
yolo_fasterrcnn_resnet50_fpn_20260722_083910,fasterrcnn,yolo_fasterrcnn_resnet50_fpn_20260722_083910,fasterrcnn_resnet50_fpn,data,train,57,,,,,,,,,,,,0.005,,,0.11630400451132283,0.6213585266060281
yolo_fasterrcnn_resnet50_fpn_20260722_083910,fasterrcnn,yolo_fasterrcnn_resnet50_fpn_20260722_083910,fasterrcnn_resnet50_fpn,data,train,58,,,,,,,,,,,,0.005,,,0.1231485715451332,0.5746475432983558
yolo_fasterrcnn_resnet50_fpn_20260722_083910,fasterrcnn,yolo_fasterrcnn_resnet50_fpn_20260722_083910,fasterrcnn_resnet50_fpn,data,train,59,,,,,,,,,,,,0.005,,,0.11924518230624093,0.5928405591350218
yolo_fasterrcnn_resnet50_fpn_20260722_083910,fasterrcnn,yolo_fasterrcnn_resnet50_fpn_20260722_083910,fasterrcnn_resnet50_fpn,data,train,60,,,,,,,,,,,,0.005,,,0.11408032933934428,0.6016190508883235
yolo_fasterrcnn_resnet50_fpn_20260722_083910,fasterrcnn,yolo_fasterrcnn_resnet50_fpn_20260722_083910,fasterrcnn_resnet50_fpn,data,train,61,,,,,,,,,,,,0.005,,,0.11201139287160228,0.6037026766359552
yolo_fasterrcnn_resnet50_fpn_20260722_083910,fasterrcnn,yolo_fasterrcnn_resnet50_fpn_20260722_083910,fasterrcnn_resnet50_fpn,data,train,62,,,,,,,,,,,,0.005,,,0.11332734690877957,0.6301131189710841
yolo_fasterrcnn_resnet50_fpn_20260722_083910,fasterrcnn,yolo_fasterrcnn_resnet50_fpn_20260722_083910,fasterrcnn_resnet50_fpn,data,train,63,,,,,,,,,,,,0.0005,,,0.11080137287941985,0.6281341028886593
yolo_fasterrcnn_resnet50_fpn_20260722_083910,fasterrcnn,yolo_fasterrcnn_resnet50_fpn_20260722_083910,fasterrcnn_resnet50_fpn,data,train,64,,,,,,,,,,,,0.0005,,,0.09093482148485443,0.624239658375948
yolo_fasterrcnn_resnet50_fpn_20260722_083910,fasterrcnn,yolo_fasterrcnn_resnet50_fpn_20260722_083910,fasterrcnn_resnet50_fpn,data,train,65,,,,,,,,,,,,0.0005,,,0.08587391743549523,0.6306029253279452
yolo_fasterrcnn_resnet50_fpn_20260722_083910,fasterrcnn,yolo_fasterrcnn_resnet50_fpn_20260722_083910,fasterrcnn_resnet50_fpn,data,train,66,,,,,,,,,,,,0.0005,,,0.08422114740545376,0.6369896723984063
yolo_fasterrcnn_resnet50_fpn_20260722_083910,fasterrcnn,yolo_fasterrcnn_resnet50_fpn_20260722_083910,fasterrcnn_resnet50_fpn,data,train,67,,,,,,,,,,,,0.0005,,,0.08287205507818121,0.6447299235151149
yolo_fasterrcnn_resnet50_fpn_20260722_083910,fasterrcnn,yolo_fasterrcnn_resnet50_fpn_20260722_083910,fasterrcnn_resnet50_fpn,data,train,68,,,,,,,,,,,,0.0005,,,0.08127376084891372,0.6444629668284588
yolo_fasterrcnn_resnet50_fpn_20260722_083910,fasterrcnn,yolo_fasterrcnn_resnet50_fpn_20260722_083910,fasterrcnn_resnet50_fpn,data,train,69,,,,,,,,,,,,0.0005,,,0.08079359499505534,0.6360507204266138
yolo_fasterrcnn_resnet50_fpn_20260722_083910,fasterrcnn,yolo_fasterrcnn_resnet50_fpn_20260722_083910,fasterrcnn_resnet50_fpn,data,train,70,,,,,,,,,,,,0.0005,,,0.07971597443849515,0.6512143310498107
yolo_fasterrcnn_resnet50_fpn_20260722_083910,fasterrcnn,yolo_fasterrcnn_resnet50_fpn_20260722_083910,fasterrcnn_resnet50_fpn,data,train,71,,,,,,,,,,,,0.0005,,,0.07942222409878676,0.6483255512800745
yolo_fasterrcnn_resnet50_fpn_20260722_083910,fasterrcnn,yolo_fasterrcnn_resnet50_fpn_20260722_083910,fasterrcnn_resnet50_fpn,data,train,72,,,,,,,,,,,,0.0005,,,0.07865679368805199,0.6517830174098808
yolo_fasterrcnn_resnet50_fpn_20260722_083910,fasterrcnn,yolo_fasterrcnn_resnet50_fpn_20260722_083910,fasterrcnn_resnet50_fpn,data,train,73,,,,,,,,,,,,0.0005,,,0.0779369068436158,0.6597589564044029
yolo_fasterrcnn_resnet50_fpn_20260722_083910,fasterrcnn,yolo_fasterrcnn_resnet50_fpn_20260722_083910,fasterrcnn_resnet50_fpn,data,train,74,,,,,,,,,,,,0.0005,,,0.07747657951741173,0.658060728223063
yolo_fasterrcnn_resnet50_fpn_20260722_083910,fasterrcnn,yolo_fasterrcnn_resnet50_fpn_20260722_083910,fasterrcnn_resnet50_fpn,data,train,75,,,,,,,,,,,,0.0005,,,0.07715891559902853,0.657723607992838
yolo_fasterrcnn_resnet50_fpn_20260722_083910,fasterrcnn,yolo_fasterrcnn_resnet50_fpn_20260722_083910,fasterrcnn_resnet50_fpn,data,train,76,,,,,,,,,,,,0.0005,,,0.07617437927582013,0.6467660684905819
yolo_fasterrcnn_resnet50_fpn_20260722_083910,fasterrcnn,yolo_fasterrcnn_resnet50_fpn_20260722_083910,fasterrcnn_resnet50_fpn,data,train,77,,,,,,,,,,,,0.0005,,,0.07620946447641705,0.6677619785001628
yolo_fasterrcnn_resnet50_fpn_20260722_083910,fasterrcnn,yolo_fasterrcnn_resnet50_fpn_20260722_083910,fasterrcnn_resnet50_fpn,data,train,78,,,,,,,,,,,,0.0005,,,0.0758462901503895,0.6531522347888147
yolo_fasterrcnn_resnet50_fpn_20260722_083910,fasterrcnn,yolo_fasterrcnn_resnet50_fpn_20260722_083910,fasterrcnn_resnet50_fpn,data,train,79,,,,,,,,,,,,0.0005,,,0.07546925250762188,0.6747654429531064
yolo_fasterrcnn_resnet50_fpn_20260722_083910,fasterrcnn,yolo_fasterrcnn_resnet50_fpn_20260722_083910,fasterrcnn_resnet50_fpn,data,train,80,,,,,,,,,,,,0.0005,,,0.07481556439314026,0.6693697883430022
yolo_fasterrcnn_resnet50_fpn_20260722_083910,fasterrcnn,yolo_fasterrcnn_resnet50_fpn_20260722_083910,fasterrcnn_resnet50_fpn,data,train,81,,,,,,,,,,,,0.0005,,,0.0746707089078693,0.6624352320002138
yolo_fasterrcnn_resnet50_fpn_20260722_083910,fasterrcnn,yolo_fasterrcnn_resnet50_fpn_20260722_083910,fasterrcnn_resnet50_fpn,data,train,82,,,,,,,,,,,,0.0005,,,0.07410378181658232,0.6602992782506838
yolo_fasterrcnn_resnet50_fpn_20260722_083910,fasterrcnn,yolo_fasterrcnn_resnet50_fpn_20260722_083910,fasterrcnn_resnet50_fpn,data,train,83,,,,,,,,,,,,5e-05,,,0.07390479121012047,0.6706755290665156
yolo_fasterrcnn_resnet50_fpn_20260722_083910,fasterrcnn,yolo_fasterrcnn_resnet50_fpn_20260722_083910,fasterrcnn_resnet50_fpn,data,train,84,,,,,,,,,,,,5e-05,,,0.07244502507840482,0.6769325698842295
yolo_fasterrcnn_resnet50_fpn_20260722_083910,fasterrcnn,yolo_fasterrcnn_resnet50_fpn_20260722_083910,fasterrcnn_resnet50_fpn,data,train,85,,,,,,,,,,,,5e-05,,,0.07240118335087459,0.6698187444099776
yolo_fasterrcnn_resnet50_fpn_20260722_083910,fasterrcnn,yolo_fasterrcnn_resnet50_fpn_20260722_083910,fasterrcnn_resnet50_fpn,data,train,86,,,,,,,,,,,,5e-05,,,0.07195479572771456,0.6730370352637361
yolo_fasterrcnn_resnet50_fpn_20260722_083910,fasterrcnn,yolo_fasterrcnn_resnet50_fpn_20260722_083910,fasterrcnn_resnet50_fpn,data,train,87,,,,,,,,,,,,5e-05,,,0.07199212632621058,0.6708531888725702
yolo_fasterrcnn_resnet50_fpn_20260722_083910,fasterrcnn,yolo_fasterrcnn_resnet50_fpn_20260722_083910,fasterrcnn_resnet50_fpn,data,train,88,,,,,,,,,,,,5e-05,,,0.07188855666226854,0.6702058278302006
yolo_fasterrcnn_resnet50_fpn_20260722_083910,fasterrcnn,yolo_fasterrcnn_resnet50_fpn_20260722_083910,fasterrcnn_resnet50_fpn,data,train,89,,,,,,,,,,,,5e-05,,,0.07205656668343864,0.6728932328882035
yolo_fasterrcnn_resnet50_fpn_20260722_083910,fasterrcnn,yolo_fasterrcnn_resnet50_fpn_20260722_083910,fasterrcnn_resnet50_fpn,data,train,90,,,,,,,,,,,,5e-05,,,0.07187413186215745,0.6723907373862775
yolo_fasterrcnn_resnet50_fpn_20260722_083910,fasterrcnn,yolo_fasterrcnn_resnet50_fpn_20260722_083910,fasterrcnn_resnet50_fpn,data,train,91,,,,,,,,,,,,5e-05,,,0.07193633514090468,0.6740454571236941
yolo_fasterrcnn_resnet50_fpn_20260722_083910,fasterrcnn,yolo_fasterrcnn_resnet50_fpn_20260722_083910,fasterrcnn_resnet50_fpn,data,train,92,,,,,,,,,,,,5e-05,,,0.07166631973256318,0.6705891972973901
yolo_fasterrcnn_resnet50_fpn_20260722_083910,fasterrcnn,yolo_fasterrcnn_resnet50_fpn_20260722_083910,fasterrcnn_resnet50_fpn,data,train,93,,,,,,,,,,,,5e-05,,,0.0715589500225771,0.6724647967361803
yolo_fasterrcnn_resnet50_fpn_20260722_083910,fasterrcnn,yolo_fasterrcnn_resnet50_fpn_20260722_083910,fasterrcnn_resnet50_fpn,data,train,94,,,,,,,,,,,,5e-05,,,0.07157380133867264,0.675776141510472
yolo_fasterrcnn_resnet50_fpn_20260722_083910,fasterrcnn,yolo_fasterrcnn_resnet50_fpn_20260722_083910,fasterrcnn_resnet50_fpn,data,train,95,,,,,,,,,,,,5e-05,,,0.0716637011629324,0.6755438661864239
yolo_fasterrcnn_resnet50_fpn_20260722_083910,fasterrcnn,yolo_fasterrcnn_resnet50_fpn_20260722_083910,fasterrcnn_resnet50_fpn,data,train,96,,,,,,,,,,,,5e-05,,,0.07166674866463049,0.6733412104817531
yolo_fasterrcnn_resnet50_fpn_20260722_083910,fasterrcnn,yolo_fasterrcnn_resnet50_fpn_20260722_083910,fasterrcnn_resnet50_fpn,data,train,97,,,,,,,,,,,,5e-05,,,0.07177677682746714,0.674583953548625
yolo_fasterrcnn_resnet50_fpn_20260722_083910,fasterrcnn,yolo_fasterrcnn_resnet50_fpn_20260722_083910,fasterrcnn_resnet50_fpn,data,train,98,,,,,,,,,,,,5e-05,,,0.07145761334286711,0.6757546540201557
yolo_fasterrcnn_resnet50_fpn_20260722_083910,fasterrcnn,yolo_fasterrcnn_resnet50_fpn_20260722_083910,fasterrcnn_resnet50_fpn,data,train,99,,,,,,,,,,,,5e-05,,,0.07147807613634073,0.6748951950364492
yolo_fasterrcnn_resnet50_fpn_20260722_083910,fasterrcnn,yolo_fasterrcnn_resnet50_fpn_20260722_083910,fasterrcnn_resnet50_fpn,data,train,100,,,,,,,,,,,,5e-05,,,0.07130389492780256,0.6725175940823234
yolo_yolov5m_20260721_165645,yolo,yolo_yolov5m_20260721_165645,/root/autodl-tmp/CaS_DETR/experiments/yolo/logs/uadetrac/yolo_yolov5m_20260721_165645/weights/last.pt,/root/autodl-fs/datasets/UA-DETRAC_YOLO/data.yaml,train,62,119.15040349960327,0.62585,0.33004,0.85902,0.87302,0.70308,0.81753,0.6143,0.97378,0.58234,0.999,0.000495125,0.000495125,0.000495125,,
yolo_yolov5m_20260721_165645,yolo,yolo_yolov5m_20260721_165645,/root/autodl-tmp/CaS_DETR/experiments/yolo/logs/uadetrac/yolo_yolov5m_20260721_165645/weights/last.pt,/root/autodl-fs/datasets/UA-DETRAC_YOLO/data.yaml,train,63,234.35039353370667,0.62011,0.32177,0.8596,0.86043,0.74288,0.83879,0.62548,0.987,0.5864,1.00846,0.00048275,0.00048275,0.00048275,,
yolo_yolov5m_20260721_165645,yolo,yolo_yolov5m_20260721_165645,/root/autodl-tmp/CaS_DETR/experiments/yolo/logs/uadetrac/yolo_yolov5m_20260721_165645/weights/last.pt,/root/autodl-fs/datasets/UA-DETRAC_YOLO/data.yaml,train,64,350.856157541275,0.61438,0.31633,0.85741,0.82179,0.75601,0.82698,0.61917,0.97996,0.58673,1.00518,0.00047037500000000004,0.00047037500000000004,0.00047037500000000004,,
yolo_yolov5m_20260721_165645,yolo,yolo_yolov5m_20260721_165645,/root/autodl-tmp/CaS_DETR/experiments/yolo/logs/uadetrac/yolo_yolov5m_20260721_165645/weights/last.pt,/root/autodl-fs/datasets/UA-DETRAC_YOLO/data.yaml,train,65,467.20225715637207,0.61041,0.31464,0.85373,0.83854,0.72229,0.82009,0.60879,0.99486,0.57961,1.00686,0.000458,0.000458,0.000458,,
yolo_yolov5m_20260721_165645,yolo,yolo_yolov5m_20260721_165645,/root/autodl-tmp/CaS_DETR/experiments/yolo/logs/uadetrac/yolo_yolov5m_20260721_165645/weights/last.pt,/root/autodl-fs/datasets/UA-DETRAC_YOLO/data.yaml,train,66,581.211451292038,0.60823,0.31288,0.85775,0.84419,0.74074,0.8281,0.62022,0.97676,0.59134,1.0027,0.000445625,0.000445625,0.000445625,,
yolo_yolov5m_20260721_165645,yolo,yolo_yolov5m_20260721_165645,/root/autodl-tmp/CaS_DETR/experiments/yolo/logs/uadetrac/yolo_yolov5m_20260721_165645/weights/last.pt,/root/autodl-fs/datasets/UA-DETRAC_YOLO/data.yaml,train,67,695.7326600551605,0.6033,0.30871,0.855,0.841,0.73394,0.82813,0.62062,0.98023,0.66078,1.00808,0.00043325,0.00043325,0.00043325,,
yolo_yolov5m_20260721_165645,yolo,yolo_yolov5m_20260721_165645,/root/autodl-tmp/CaS_DETR/experiments/yolo/logs/uadetrac/yolo_yolov5m_20260721_165645/weights/last.pt,/root/autodl-fs/datasets/UA-DETRAC_YOLO/data.yaml,train,68,809.4435749053955,0.60033,0.30708,0.85458,0.81228,0.71471,0.81599,0.61478,0.97958,0.61852,1.00563,0.0004208749999999999,0.0004208749999999999,0.0004208749999999999,,
yolo_yolov5m_20260721_165645,yolo,yolo_yolov5m_20260721_165645,/root/autodl-tmp/CaS_DETR/experiments/yolo/logs/uadetrac/yolo_yolov5m_20260721_165645/weights/last.pt,/root/autodl-fs/datasets/UA-DETRAC_YOLO/data.yaml,train,69,922.8516910076141,0.5978,0.30523,0.8526,0.85872,0.71502,0.82038,0.61695,0.9804,0.5999,1.00512,0.0004085,0.0004085,0.0004085,,
yolo_yolov5m_20260721_165645,yolo,yolo_yolov5m_20260721_165645,/root/autodl-tmp/CaS_DETR/experiments/yolo/logs/uadetrac/yolo_yolov5m_20260721_165645/weights/last.pt,/root/autodl-fs/datasets/UA-DETRAC_YOLO/data.yaml,train,70,1037.1751430034637,0.59654,0.30206,0.85277,0.84663,0.72214,0.82373,0.62144,0.97979,0.63413,1.00275,0.0003961250000000001,0.0003961250000000001,0.0003961250000000001,,
yolo_yolov5m_20260721_165645,yolo,yolo_yolov5m_20260721_165645,/root/autodl-tmp/CaS_DETR/experiments/yolo/logs/uadetrac/yolo_yolov5m_20260721_165645/weights/last.pt,/root/autodl-fs/datasets/UA-DETRAC_YOLO/data.yaml,train,71,1150.671507358551,0.5918,0.29967,0.85056,0.832,0.74671,0.82487,0.61799,0.97771,0.62552,1.00273,0.0003837500000000001,0.0003837500000000001,0.0003837500000000001,,
yolo_yolov5m_20260721_165645,yolo,yolo_yolov5m_20260721_165645,/root/autodl-tmp/CaS_DETR/experiments/yolo/logs/uadetrac/yolo_yolov5m_20260721_165645/weights/last.pt,/root/autodl-fs/datasets/UA-DETRAC_YOLO/data.yaml,train,72,1264.0870480537415,0.59148,0.3,0.85188,0.85105,0.72091,0.82643,0.6202,0.99356,0.60806,1.01391,0.00037137500000000007,0.00037137500000000007,0.00037137500000000007,,
yolo_yolov5m_20260721_165645,yolo,yolo_yolov5m_20260721_165645,/root/autodl-tmp/CaS_DETR/experiments/yolo/logs/uadetrac/yolo_yolov5m_20260721_165645/weights/last.pt,/root/autodl-fs/datasets/UA-DETRAC_YOLO/data.yaml,train,73,1377.7868239879608,0.58541,0.29564,0.85091,0.82446,0.7429,0.81128,0.6097,0.97834,0.61379,1.00972,0.000359,0.000359,0.000359,,
yolo_yolov5m_20260721_165645,yolo,yolo_yolov5m_20260721_165645,/root/autodl-tmp/CaS_DETR/experiments/yolo/logs/uadetrac/yolo_yolov5m_20260721_165645/weights/last.pt,/root/autodl-fs/datasets/UA-DETRAC_YOLO/data.yaml,train,74,1491.5628943443298,0.58665,0.29681,0.85004,0.8716,0.70943,0.82781,0.62253,0.98081,0.59558,1.01217,0.0003466250000000001,0.0003466250000000001,0.0003466250000000001,,
yolo_yolov5m_20260721_165645,yolo,yolo_yolov5m_20260721_165645,/root/autodl-tmp/CaS_DETR/experiments/yolo/logs/uadetrac/yolo_yolov5m_20260721_165645/weights/last.pt,/root/autodl-fs/datasets/UA-DETRAC_YOLO/data.yaml,train,75,1607.7603662014008,0.58327,0.2941,0.84853,0.84002,0.73985,0.82447,0.61711,0.98268,0.60656,1.00904,0.00033425,0.00033425,0.00033425,,
yolo_yolov5m_20260721_165645,yolo,yolo_yolov5m_20260721_165645,/root/autodl-tmp/CaS_DETR/experiments/yolo/logs/uadetrac/yolo_yolov5m_20260721_165645/weights/last.pt,/root/autodl-fs/datasets/UA-DETRAC_YOLO/data.yaml,train,76,1727.22101354599,0.57979,0.29081,0.84753,0.827,0.7461,0.82444,0.61814,0.97815,0.62882,1.00815,0.000321875,0.000321875,0.000321875,,
yolo_yolov5m_20260721_165645,yolo,yolo_yolov5m_20260721_165645,/root/autodl-tmp/CaS_DETR/experiments/yolo/logs/uadetrac/yolo_yolov5m_20260721_165645/weights/last.pt,/root/autodl-fs/datasets/UA-DETRAC_YOLO/data.yaml,train,77,1845.7819957733154,0.57905,0.29011,0.84759,0.84993,0.76029,0.8361,0.62567,0.98708,0.58519,1.01423,0.0003095,0.0003095,0.0003095,,
yolo_yolov5m_20260721_165645,yolo,yolo_yolov5m_20260721_165645,/root/autodl-tmp/CaS_DETR/experiments/yolo/logs/uadetrac/yolo_yolov5m_20260721_165645/weights/last.pt,/root/autodl-fs/datasets/UA-DETRAC_YOLO/data.yaml,train,78,1962.8043184280396,0.57832,0.28874,0.84735,0.85457,0.74556,0.83408,0.62792,0.98361,0.59098,1.00787,0.000297125,0.000297125,0.000297125,,
yolo_yolov5m_20260721_165645,yolo,yolo_yolov5m_20260721_165645,/root/autodl-tmp/CaS_DETR/experiments/yolo/logs/uadetrac/yolo_yolov5m_20260721_165645/weights/last.pt,/root/autodl-fs/datasets/UA-DETRAC_YOLO/data.yaml,train,79,2080.9750792980194,0.57339,0.28659,0.84644,0.85365,0.72527,0.82843,0.62285,0.98593,0.60407,1.01484,0.00028474999999999996,0.00028474999999999996,0.00028474999999999996,,
yolo_yolov5m_20260721_165645,yolo,yolo_yolov5m_20260721_165645,/root/autodl-tmp/CaS_DETR/experiments/yolo/logs/uadetrac/yolo_yolov5m_20260721_165645/weights/last.pt,/root/autodl-fs/datasets/UA-DETRAC_YOLO/data.yaml,train,80,2196.2121386528015,0.5709,0.28492,0.84659,0.83457,0.75525,0.82971,0.62487,0.98332,0.6081,1.01448,0.000272375,0.000272375,0.000272375,,
yolo_yolov5m_20260721_165645,yolo,yolo_yolov5m_20260721_165645,/root/autodl-tmp/CaS_DETR/experiments/yolo/logs/uadetrac/yolo_yolov5m_20260721_165645/weights/last.pt,/root/autodl-fs/datasets/UA-DETRAC_YOLO/data.yaml,train,81,2310.227165222168,0.56919,0.2827,0.84409,0.78875,0.76409,0.82242,0.618,0.98174,0.6208,1.01432,0.00026,0.00026,0.00026,,
yolo_yolov5m_20260721_165645,yolo,yolo_yolov5m_20260721_165645,/root/autodl-tmp/CaS_DETR/experiments/yolo/logs/uadetrac/yolo_yolov5m_20260721_165645/weights/last.pt,/root/autodl-fs/datasets/UA-DETRAC_YOLO/data.yaml,train,82,2424.4988961219788,0.56249,0.28023,0.84322,0.82548,0.74971,0.82704,0.62079,0.98691,0.60597,1.01885,0.0002476249999999999,0.0002476249999999999,0.0002476249999999999,,
yolo_yolov5m_20260721_165645,yolo,yolo_yolov5m_20260721_165645,/root/autodl-tmp/CaS_DETR/experiments/yolo/logs/uadetrac/yolo_yolov5m_20260721_165645/weights/last.pt,/root/autodl-fs/datasets/UA-DETRAC_YOLO/data.yaml,train,83,2542.8297061920166,0.56504,0.27913,0.84444,0.8321,0.76218,0.83188,0.6269,0.98399,0.60583,1.01465,0.00023525000000000008,0.00023525000000000008,0.00023525000000000008,,
yolo_yolov5m_20260721_165645,yolo,yolo_yolov5m_20260721_165645,/root/autodl-tmp/CaS_DETR/experiments/yolo/logs/uadetrac/yolo_yolov5m_20260721_165645/weights/last.pt,/root/autodl-fs/datasets/UA-DETRAC_YOLO/data.yaml,train,84,2659.1603479385376,0.5633,0.27843,0.84517,0.8193,0.74665,0.82659,0.62107,0.98933,0.6142,1.01573,0.00022287500000000006,0.00022287500000000006,0.00022287500000000006,,
yolo_yolov5m_20260721_165645,yolo,yolo_yolov5m_20260721_165645,/root/autodl-tmp/CaS_DETR/experiments/yolo/logs/uadetrac/yolo_yolov5m_20260721_165645/weights/last.pt,/root/autodl-fs/datasets/UA-DETRAC_YOLO/data.yaml,train,85,122.83457946777344,0.5519,0.2737,0.84082,0.80982,0.7366,0.82657,0.62504,0.97849,0.6027,1.01728,0.00021050000000000008,0.00021050000000000008,0.00021050000000000008,,
yolo_yolov5m_20260721_165645,yolo,yolo_yolov5m_20260721_165645,/root/autodl-tmp/CaS_DETR/experiments/yolo/logs/uadetrac/yolo_yolov5m_20260721_165645/weights/last.pt,/root/autodl-fs/datasets/UA-DETRAC_YOLO/data.yaml,train,86,241.20906710624695,0.54944,0.27121,0.84138,0.82378,0.74251,0.82598,0.62215,0.98262,0.59799,1.01589,0.00019812500000000003,0.00019812500000000003,0.00019812500000000003,,
yolo_yolov5m_20260721_165645,yolo,yolo_yolov5m_20260721_165645,/root/autodl-tmp/CaS_DETR/experiments/yolo/logs/uadetrac/yolo_yolov5m_20260721_165645/weights/last.pt,/root/autodl-fs/datasets/UA-DETRAC_YOLO/data.yaml,train,87,359.5325753688812,0.54408,0.26789,0.83923,0.83745,0.74388,0.82866,0.62459,0.98247,0.60235,1.01606,0.00018575000000000002,0.00018575000000000002,0.00018575000000000002,,
yolo_yolov5m_20260721_165645,yolo,yolo_yolov5m_20260721_165645,/root/autodl-tmp/CaS_DETR/experiments/yolo/logs/uadetrac/yolo_yolov5m_20260721_165645/weights/last.pt,/root/autodl-fs/datasets/UA-DETRAC_YOLO/data.yaml,train,88,476.42227244377136,0.5408,0.26621,0.8366,0.83058,0.75898,0.82555,0.62086,0.98782,0.59848,1.0183,0.00017337500000000003,0.00017337500000000003,0.00017337500000000003,,
yolo_yolov5m_20260721_165645,yolo,yolo_yolov5m_20260721_165645,/root/autodl-tmp/CaS_DETR/experiments/yolo/logs/uadetrac/yolo_yolov5m_20260721_165645/weights/last.pt,/root/autodl-fs/datasets/UA-DETRAC_YOLO/data.yaml,train,89,593.8478045463562,0.53731,0.26522,0.83952,0.84397,0.73789,0.82717,0.62231,0.98453,0.61539,1.0229,0.000161,0.000161,0.000161,,
yolo_yolov5m_20260721_165645,yolo,yolo_yolov5m_20260721_165645,/root/autodl-tmp/CaS_DETR/experiments/yolo/logs/uadetrac/yolo_yolov5m_20260721_165645/weights/last.pt,/root/autodl-fs/datasets/UA-DETRAC_YOLO/data.yaml,train,90,708.0176417827606,0.5338,0.26164,0.83707,0.86282,0.72749,0.82814,0.62445,0.9882,0.62275,1.01982,0.00014862499999999997,0.00014862499999999997,0.00014862499999999997,,
yolo_yolov5m_20260721_165645,yolo,yolo_yolov5m_20260721_165645,/root/autodl-tmp/CaS_DETR/experiments/yolo/logs/uadetrac/yolo_yolov5m_20260721_165645/weights/last.pt,/root/autodl-fs/datasets/UA-DETRAC_YOLO/data.yaml,train,91,824.6448440551758,0.55046,0.25514,0.83782,0.85422,0.74036,0.8267,0.62385,0.98861,0.61469,1.02171,0.00013624999999999998,0.00013624999999999998,0.00013624999999999998,,
yolo_yolov5m_20260721_165645,yolo,yolo_yolov5m_20260721_165645,/root/autodl-tmp/CaS_DETR/experiments/yolo/logs/uadetrac/yolo_yolov5m_20260721_165645/weights/last.pt,/root/autodl-fs/datasets/UA-DETRAC_YOLO/data.yaml,train,92,939.7676076889038,0.54637,0.25208,0.83592,0.85255,0.74261,0.82837,0.62828,0.98924,0.60707,1.01853,0.00012387499999999996,0.00012387499999999996,0.00012387499999999996,,
yolo_yolov5m_20260721_165645,yolo,yolo_yolov5m_20260721_165645,/root/autodl-tmp/CaS_DETR/experiments/yolo/logs/uadetrac/yolo_yolov5m_20260721_165645/weights/last.pt,/root/autodl-fs/datasets/UA-DETRAC_YOLO/data.yaml,train,93,1055.5023078918457,0.53904,0.24912,0.83278,0.85401,0.74669,0.82153,0.62259,0.99043,0.60371,1.01897,0.00011149999999999995,0.00011149999999999995,0.00011149999999999995,,
yolo_yolov5m_20260721_165645,yolo,yolo_yolov5m_20260721_165645,/root/autodl-tmp/CaS_DETR/experiments/yolo/logs/uadetrac/yolo_yolov5m_20260721_165645/weights/last.pt,/root/autodl-fs/datasets/UA-DETRAC_YOLO/data.yaml,train,94,126.78449845314026,0.51518,0.25328,0.83239,0.83795,0.74802,0.82791,0.62761,0.98256,0.60218,1.01541,9.912499999999993e-05,9.912499999999993e-05,9.912499999999993e-05,,
yolo_yolov5m_20260721_165645,yolo,yolo_yolov5m_20260721_165645,experiments/yolo/logs/uadetrac/yolo_yolov5m_20260721_165645/weights/last.pt,/root/autodl-fs/datasets/UA-DETRAC_YOLO/data.yaml,train,95,124.34064602851868,0.49267,0.24329,0.82737,0.83667,0.75518,0.82994,0.629,0.98407,0.59868,1.01799,8.675000000000006e-05,8.675000000000006e-05,8.675000000000006e-05,,
yolo_yolov5m_20260721_165645,yolo,yolo_yolov5m_20260721_165645,experiments/yolo/logs/uadetrac/yolo_yolov5m_20260721_165645/weights/last.pt,/root/autodl-fs/datasets/UA-DETRAC_YOLO/data.yaml,train,96,244.46577525138855,0.5072,0.24838,0.83148,0.83202,0.75236,0.82462,0.62661,0.98046,0.59769,1.01916,7.437500000000006e-05,7.437500000000006e-05,7.437500000000006e-05,,
yolo_yolov5m_20260721_165645,yolo,yolo_yolov5m_20260721_165645,experiments/yolo/logs/uadetrac/yolo_yolov5m_20260721_165645/weights/last.pt,/root/autodl-fs/datasets/UA-DETRAC_YOLO/data.yaml,train,97,363.7328977584839,0.50377,0.24546,0.83008,0.84692,0.74488,0.82154,0.62323,0.97879,0.59795,1.01912,6.200000000000006e-05,6.200000000000006e-05,6.200000000000006e-05,,
yolo_yolov5m_20260721_165645,yolo,yolo_yolov5m_20260721_165645,experiments/yolo/logs/uadetrac/yolo_yolov5m_20260721_165645/weights/last.pt,/root/autodl-fs/datasets/UA-DETRAC_YOLO/data.yaml,train,98,481.84204053878784,0.4996,0.24419,0.8277,0.85635,0.74641,0.81978,0.62221,0.97929,0.59767,1.01999,4.9625000000000034e-05,4.9625000000000034e-05,4.9625000000000034e-05,,
yolo_yolov5m_20260721_165645,yolo,yolo_yolov5m_20260721_165645,experiments/yolo/logs/uadetrac/yolo_yolov5m_20260721_165645/weights/last.pt,/root/autodl-fs/datasets/UA-DETRAC_YOLO/data.yaml,train,99,600.2827181816101,0.49568,0.2431,0.82925,0.83304,0.7573,0.82031,0.62106,0.98215,0.59837,1.02285,3.7250000000000025e-05,3.7250000000000025e-05,3.7250000000000025e-05,,
yolo_yolov5m_20260721_165645,yolo,yolo_yolov5m_20260721_165645,experiments/yolo/logs/uadetrac/yolo_yolov5m_20260721_165645/weights/last.pt,/root/autodl-fs/datasets/UA-DETRAC_YOLO/data.yaml,train,100,721.2805275917053,0.49603,0.24219,0.82851,0.86057,0.74032,0.82094,0.62188,0.98327,0.60211,1.02403,2.4875000000000012e-05,2.4875000000000012e-05,2.4875000000000012e-05,,
yolo_yolov8n_20260724_175421,yolo,yolo_yolov8n_20260724_175421,yolov8n.pt,/root/autodl-fs/datasets/DAIR-V2X_YOLO/dairv2x.yaml,train,1,56.210405111312866,1.46308,1.73317,0.96242,0.66323,0.56605,0.59285,0.3536,1.19476,0.8678,0.89054,0.0002767879746835443,0.0002767879746835443,0.0002767879746835443,,
yolo_yolov8n_20260724_175421,yolo,yolo_yolov8n_20260724_175421,yolov8n.pt,/root/autodl-fs/datasets/DAIR-V2X_YOLO/dairv2x.yaml,train,2,106.84941577911377,1.22009,0.90525,0.89941,0.73882,0.64691,0.69535,0.42991,1.11406,0.76995,0.87122,0.0005489655404008439,0.0005489655404008439,0.0005489655404008439,,
yolo_yolov8n_20260724_175421,yolo,yolo_yolov8n_20260724_175421,yolov8n.pt,/root/autodl-fs/datasets/DAIR-V2X_YOLO/dairv2x.yaml,train,3,155.0060589313507,1.16436,0.817,0.88597,0.75907,0.66722,0.72311,0.4655,1.06936,0.70123,0.86463,0.0008156453061181434,0.0008156453061181434,0.0008156453061181434,,
yolo_yolov8n_20260724_175421,yolo,yolo_yolov8n_20260724_175421,yolov8n.pt,/root/autodl-fs/datasets/DAIR-V2X_YOLO/dairv2x.yaml,train,4,201.05822014808655,1.12764,0.76637,0.87802,0.79811,0.682,0.75478,0.48883,1.04318,0.66879,0.85769,0.0008082599,0.0008082599,0.0008082599,,
yolo_yolov8n_20260724_175421,yolo,yolo_yolov8n_20260724_175421,yolov8n.pt,/root/autodl-fs/datasets/DAIR-V2X_YOLO/dairv2x.yaml,train,5,246.7409851551056,1.09534,0.72676,0.87354,0.78959,0.70324,0.7682,0.50288,1.01696,0.64362,0.85354,0.0008000131999999999,0.0008000131999999999,0.0008000131999999999,,
yolo_yolov8n_20260724_175421,yolo,yolo_yolov8n_20260724_175421,yolov8n.pt,/root/autodl-fs/datasets/DAIR-V2X_YOLO/dairv2x.yaml,train,6,292.3797903060913,1.07531,0.69829,0.86844,0.81082,0.70324,0.78313,0.51558,0.99365,0.62109,0.85044,0.0007917665,0.0007917665,0.0007917665,,
yolo_yolov8n_20260724_175421,yolo,yolo_yolov8n_20260724_175421,yolov8n.pt,/root/autodl-fs/datasets/DAIR-V2X_YOLO/dairv2x.yaml,train,7,339.34131121635437,1.06515,0.68078,0.86612,0.80861,0.71544,0.78582,0.52333,0.98538,0.61217,0.84882,0.0007835197999999999,0.0007835197999999999,0.0007835197999999999,,
yolo_yolov8n_20260724_175421,yolo,yolo_yolov8n_20260724_175421,yolov8n.pt,/root/autodl-fs/datasets/DAIR-V2X_YOLO/dairv2x.yaml,train,8,385.55900478363037,1.04695,0.66629,0.86386,0.80264,0.72298,0.78709,0.52952,0.97139,0.61145,0.848,0.0007752731,0.0007752731,0.0007752731,,
yolo_yolov8n_20260724_175421,yolo,yolo_yolov8n_20260724_175421,yolov8n.pt,/root/autodl-fs/datasets/DAIR-V2X_YOLO/dairv2x.yaml,train,9,431.2085783481598,1.03184,0.65098,0.86064,0.82187,0.72305,0.79765,0.53556,0.9705,0.59242,0.84746,0.0007670264,0.0007670264,0.0007670264,,
yolo_yolov8n_20260724_175421,yolo,yolo_yolov8n_20260724_175421,yolov8n.pt,/root/autodl-fs/datasets/DAIR-V2X_YOLO/dairv2x.yaml,train,10,477.13928723335266,1.02259,0.64059,0.85999,0.79646,0.73965,0.79895,0.53065,0.96455,0.59033,0.84487,0.0007587797,0.0007587797,0.0007587797,,
yolo_yolov8n_20260724_175421,yolo,yolo_yolov8n_20260724_175421,yolov8n.pt,/root/autodl-fs/datasets/DAIR-V2X_YOLO/dairv2x.yaml,train,11,523.1514670848846,1.02016,0.63356,0.85867,0.82001,0.7306,0.8001,0.53856,0.96118,0.57095,0.84654,0.000750533,0.000750533,0.000750533,,
yolo_yolov8n_20260724_175421,yolo,yolo_yolov8n_20260724_175421,yolov8n.pt,/root/autodl-fs/datasets/DAIR-V2X_YOLO/dairv2x.yaml,train,12,569.3658406734467,1.00412,0.61823,0.85559,0.83509,0.72485,0.80441,0.54036,0.95203,0.57528,0.84356,0.0007422863,0.0007422863,0.0007422863,,
yolo_yolov8n_20260724_175421,yolo,yolo_yolov8n_20260724_175421,yolov8n.pt,/root/autodl-fs/datasets/DAIR-V2X_YOLO/dairv2x.yaml,train,13,614.6752700805664,0.99704,0.61417,0.85474,0.8154,0.73781,0.8067,0.54268,0.95409,0.5744,0.84351,0.0007340396,0.0007340396,0.0007340396,,
yolo_yolov8n_20260724_175421,yolo,yolo_yolov8n_20260724_175421,yolov8n.pt,/root/autodl-fs/datasets/DAIR-V2X_YOLO/dairv2x.yaml,train,14,660.7670636177063,0.99408,0.60784,0.8537,0.81278,0.74593,0.80928,0.55371,0.93104,0.55605,0.83903,0.0007257928999999999,0.0007257928999999999,0.0007257928999999999,,
yolo_yolov8n_20260724_175421,yolo,yolo_yolov8n_20260724_175421,yolov8n.pt,/root/autodl-fs/datasets/DAIR-V2X_YOLO/dairv2x.yaml,train,15,712.3077294826508,0.98868,0.60377,0.85124,0.81712,0.74175,0.81067,0.55439,0.91886,0.55892,0.83925,0.0007175462,0.0007175462,0.0007175462,,
yolo_yolov8n_20260724_175421,yolo,yolo_yolov8n_20260724_175421,yolov8n.pt,/root/autodl-fs/datasets/DAIR-V2X_YOLO/dairv2x.yaml,train,16,757.8452994823456,0.98202,0.59538,0.85252,0.83357,0.74964,0.81828,0.56474,0.91413,0.54833,0.83714,0.0007092995,0.0007092995,0.0007092995,,
yolo_yolov8n_20260724_175421,yolo,yolo_yolov8n_20260724_175421,yolov8n.pt,/root/autodl-fs/datasets/DAIR-V2X_YOLO/dairv2x.yaml,train,17,803.0547575950623,0.97057,0.58874,0.84962,0.81975,0.75903,0.82237,0.56668,0.91608,0.54217,0.83627,0.0007010528,0.0007010528,0.0007010528,,
yolo_yolov8n_20260724_175421,yolo,yolo_yolov8n_20260724_175421,yolov8n.pt,/root/autodl-fs/datasets/DAIR-V2X_YOLO/dairv2x.yaml,train,18,848.2930636405945,0.97463,0.58896,0.85049,0.83104,0.75437,0.8235,0.56986,0.91117,0.54055,0.83605,0.0006928061,0.0006928061,0.0006928061,,
yolo_yolov8n_20260724_175421,yolo,yolo_yolov8n_20260724_175421,yolov8n.pt,/root/autodl-fs/datasets/DAIR-V2X_YOLO/dairv2x.yaml,train,19,893.4415791034698,0.96501,0.58418,0.84912,0.84123,0.75415,0.82772,0.56991,0.91119,0.54272,0.83629,0.0006845594000000001,0.0006845594000000001,0.0006845594000000001,,
yolo_yolov8n_20260724_175421,yolo,yolo_yolov8n_20260724_175421,yolov8n.pt,/root/autodl-fs/datasets/DAIR-V2X_YOLO/dairv2x.yaml,train,20,938.3229281902313,0.96102,0.57855,0.84807,0.83107,0.75486,0.82061,0.5655,0.90472,0.54321,0.83455,0.0006763127,0.0006763127,0.0006763127,,
yolo_yolov8n_20260724_175421,yolo,yolo_yolov8n_20260724_175421,yolov8n.pt,/root/autodl-fs/datasets/DAIR-V2X_YOLO/dairv2x.yaml,train,21,983.3179132938385,0.95935,0.57803,0.84691,0.83173,0.75797,0.8265,0.56932,0.90623,0.5445,0.83432,0.000668066,0.000668066,0.000668066,,
yolo_yolov8n_20260724_175421,yolo,yolo_yolov8n_20260724_175421,yolov8n.pt,/root/autodl-fs/datasets/DAIR-V2X_YOLO/dairv2x.yaml,train,22,1027.7901821136475,0.9522,0.57166,0.84607,0.83735,0.76854,0.8354,0.57917,0.89604,0.52815,0.8342,0.0006598193,0.0006598193,0.0006598193,,
yolo_yolov8n_20260724_175421,yolo,yolo_yolov8n_20260724_175421,yolov8n.pt,/root/autodl-fs/datasets/DAIR-V2X_YOLO/dairv2x.yaml,train,23,1072.8030302524567,0.9525,0.56982,0.8458,0.82969,0.75187,0.82206,0.56569,0.91202,0.54611,0.83565,0.0006515726,0.0006515726,0.0006515726,,
yolo_yolov8n_20260724_175421,yolo,yolo_yolov8n_20260724_175421,yolov8n.pt,/root/autodl-fs/datasets/DAIR-V2X_YOLO/dairv2x.yaml,train,24,1118.0211369991302,0.94626,0.56741,0.84617,0.82765,0.7583,0.82896,0.57498,0.89604,0.53713,0.83424,0.0006433259,0.0006433259,0.0006433259,,
yolo_yolov8n_20260724_175421,yolo,yolo_yolov8n_20260724_175421,yolov8n.pt,/root/autodl-fs/datasets/DAIR-V2X_YOLO/dairv2x.yaml,train,25,1163.1775505542755,0.94304,0.564,0.84493,0.8334,0.76772,0.83299,0.58189,0.88797,0.52616,0.83154,0.0006350791999999999,0.0006350791999999999,0.0006350791999999999,,
yolo_yolov8n_20260724_175421,yolo,yolo_yolov8n_20260724_175421,yolov8n.pt,/root/autodl-fs/datasets/DAIR-V2X_YOLO/dairv2x.yaml,train,26,1208.0037732124329,0.93874,0.55946,0.84404,0.83236,0.75472,0.82321,0.57491,0.90115,0.53631,0.83254,0.0006268325,0.0006268325,0.0006268325,,
yolo_yolov8n_20260724_175421,yolo,yolo_yolov8n_20260724_175421,yolov8n.pt,/root/autodl-fs/datasets/DAIR-V2X_YOLO/dairv2x.yaml,train,27,1252.890721321106,0.94195,0.5604,0.84375,0.83839,0.76585,0.83139,0.58157,0.88443,0.52495,0.83165,0.0006185858,0.0006185858,0.0006185858,,
yolo_yolov8n_20260724_175421,yolo,yolo_yolov8n_20260724_175421,yolov8n.pt,/root/autodl-fs/datasets/DAIR-V2X_YOLO/dairv2x.yaml,train,28,1297.7458295822144,0.94007,0.56022,0.84466,0.8283,0.77117,0.83465,0.58176,0.8858,0.52499,0.83193,0.0006103391,0.0006103391,0.0006103391,,
yolo_yolov8n_20260724_175421,yolo,yolo_yolov8n_20260724_175421,yolov8n.pt,/root/autodl-fs/datasets/DAIR-V2X_YOLO/dairv2x.yaml,train,29,1342.6049144268036,0.93389,0.5576,0.84309,0.83523,0.76175,0.83263,0.58026,0.88398,0.5274,0.83152,0.0006020924,0.0006020924,0.0006020924,,
yolo_yolov8n_20260724_175421,yolo,yolo_yolov8n_20260724_175421,yolov8n.pt,/root/autodl-fs/datasets/DAIR-V2X_YOLO/dairv2x.yaml,train,30,1387.1625907421112,0.92773,0.55108,0.84193,0.83778,0.76577,0.83778,0.588,0.87471,0.51743,0.82975,0.0005938457,0.0005938457,0.0005938457,,
yolo_yolov8n_20260724_175421,yolo,yolo_yolov8n_20260724_175421,yolov8n.pt,/root/autodl-fs/datasets/DAIR-V2X_YOLO/dairv2x.yaml,train,31,1431.9624919891357,0.92985,0.55081,0.84202,0.83725,0.76772,0.83795,0.5916,0.87356,0.51335,0.83018,0.0005855989999999999,0.0005855989999999999,0.0005855989999999999,,
yolo_yolov8n_20260724_175421,yolo,yolo_yolov8n_20260724_175421,yolov8n.pt,/root/autodl-fs/datasets/DAIR-V2X_YOLO/dairv2x.yaml,train,32,1476.7756142616272,0.92309,0.54787,0.84119,0.82885,0.77453,0.83637,0.58838,0.87972,0.51985,0.82936,0.0005773522999999999,0.0005773522999999999,0.0005773522999999999,,
yolo_yolov8n_20260724_175421,yolo,yolo_yolov8n_20260724_175421,yolov8n.pt,/root/autodl-fs/datasets/DAIR-V2X_YOLO/dairv2x.yaml,train,33,1521.3280494213104,0.92087,0.54706,0.84114,0.84251,0.77565,0.84398,0.59374,0.87171,0.51232,0.82963,0.0005691056,0.0005691056,0.0005691056,,
yolo_yolov8n_20260724_175421,yolo,yolo_yolov8n_20260724_175421,yolov8n.pt,/root/autodl-fs/datasets/DAIR-V2X_YOLO/dairv2x.yaml,train,34,1565.9475541114807,0.91758,0.54513,0.8408,0.84831,0.77053,0.83963,0.59263,0.86835,0.51095,0.82824,0.0005608588999999999,0.0005608588999999999,0.0005608588999999999,,
yolo_yolov8n_20260724_175421,yolo,yolo_yolov8n_20260724_175421,yolov8n.pt,/root/autodl-fs/datasets/DAIR-V2X_YOLO/dairv2x.yaml,train,35,1610.3056490421295,0.91377,0.54028,0.83998,0.84486,0.77071,0.84123,0.59341,0.87088,0.51048,0.82889,0.0005526121999999999,0.0005526121999999999,0.0005526121999999999,,
yolo_yolov8n_20260724_175421,yolo,yolo_yolov8n_20260724_175421,yolov8n.pt,/root/autodl-fs/datasets/DAIR-V2X_YOLO/dairv2x.yaml,train,36,1654.8329668045044,0.91337,0.53836,0.83947,0.84942,0.77385,0.84663,0.59828,0.86961,0.50578,0.8281,0.0005443655,0.0005443655,0.0005443655,,
yolo_yolov8n_20260724_175421,yolo,yolo_yolov8n_20260724_175421,yolov8n.pt,/root/autodl-fs/datasets/DAIR-V2X_YOLO/dairv2x.yaml,train,37,1699.4271667003632,0.9128,0.53854,0.83903,0.8307,0.77922,0.84284,0.59533,0.86157,0.505,0.82822,0.0005361188,0.0005361188,0.0005361188,,
yolo_yolov8n_20260724_175421,yolo,yolo_yolov8n_20260724_175421,yolov8n.pt,/root/autodl-fs/datasets/DAIR-V2X_YOLO/dairv2x.yaml,train,38,1743.7713267803192,0.91278,0.53746,0.83934,0.84203,0.7756,0.84454,0.59481,0.86621,0.50632,0.82865,0.0005278721,0.0005278721,0.0005278721,,
yolo_yolov8n_20260724_175421,yolo,yolo_yolov8n_20260724_175421,yolov8n.pt,/root/autodl-fs/datasets/DAIR-V2X_YOLO/dairv2x.yaml,train,39,1787.9718804359436,0.90685,0.53592,0.8384,0.84531,0.77418,0.84283,0.597,0.86282,0.50506,0.82793,0.0005196254,0.0005196254,0.0005196254,,
yolo_yolov8n_20260724_175421,yolo,yolo_yolov8n_20260724_175421,yolov8n.pt,/root/autodl-fs/datasets/DAIR-V2X_YOLO/dairv2x.yaml,train,40,1832.7564549446106,0.90907,0.53583,0.83791,0.84101,0.77052,0.84416,0.59692,0.85645,0.50004,0.82666,0.0005113787,0.0005113787,0.0005113787,,
yolo_yolov8n_20260724_175421,yolo,yolo_yolov8n_20260724_175421,yolov8n.pt,/root/autodl-fs/datasets/DAIR-V2X_YOLO/dairv2x.yaml,train,41,1877.5897028446198,0.90489,0.53203,0.83893,0.84751,0.77439,0.84428,0.60095,0.85322,0.49792,0.82659,0.000503132,0.000503132,0.000503132,,
yolo_yolov8n_20260724_175421,yolo,yolo_yolov8n_20260724_175421,yolov8n.pt,/root/autodl-fs/datasets/DAIR-V2X_YOLO/dairv2x.yaml,train,42,1922.3830819129944,0.90512,0.53175,0.83781,0.83672,0.78411,0.84355,0.59726,0.85339,0.50067,0.82582,0.0004948853,0.0004948853,0.0004948853,,
yolo_yolov8n_20260724_175421,yolo,yolo_yolov8n_20260724_175421,yolov8n.pt,/root/autodl-fs/datasets/DAIR-V2X_YOLO/dairv2x.yaml,train,43,1967.128825187683,0.89983,0.52797,0.8374,0.84215,0.7828,0.8479,0.6022,0.85057,0.4983,0.82582,0.00048663860000000005,0.00048663860000000005,0.00048663860000000005,,
yolo_yolov8n_20260724_175421,yolo,yolo_yolov8n_20260724_175421,yolov8n.pt,/root/autodl-fs/datasets/DAIR-V2X_YOLO/dairv2x.yaml,train,44,2011.6006574630737,0.90233,0.52927,0.83674,0.83565,0.78243,0.8477,0.59956,0.85598,0.49657,0.82624,0.00047839190000000003,0.00047839190000000003,0.00047839190000000003,,
yolo_yolov8n_20260724_175421,yolo,yolo_yolov8n_20260724_175421,yolov8n.pt,/root/autodl-fs/datasets/DAIR-V2X_YOLO/dairv2x.yaml,train,45,2057.092711687088,0.89575,0.5267,0.83601,0.84236,0.78451,0.84435,0.59912,0.85213,0.49559,0.82583,0.0004701452,0.0004701452,0.0004701452,,
yolo_yolov8n_20260724_175421,yolo,yolo_yolov8n_20260724_175421,yolov8n.pt,/root/autodl-fs/datasets/DAIR-V2X_YOLO/dairv2x.yaml,train,46,2102.1801216602325,0.89536,0.5254,0.83686,0.84571,0.77915,0.84687,0.60271,0.852,0.49558,0.82501,0.0004618985,0.0004618985,0.0004618985,,
yolo_yolov8n_20260724_175421,yolo,yolo_yolov8n_20260724_175421,yolov8n.pt,/root/autodl-fs/datasets/DAIR-V2X_YOLO/dairv2x.yaml,train,47,2146.442715406418,0.89346,0.52302,0.83538,0.83723,0.78385,0.84911,0.60414,0.84858,0.49483,0.82524,0.00045365180000000007,0.00045365180000000007,0.00045365180000000007,,
yolo_yolov8n_20260724_175421,yolo,yolo_yolov8n_20260724_175421,yolov8n.pt,/root/autodl-fs/datasets/DAIR-V2X_YOLO/dairv2x.yaml,train,48,2191.1608452796936,0.8942,0.5241,0.83703,0.82722,0.79471,0.8451,0.60145,0.84687,0.49375,0.82528,0.00044540510000000004,0.00044540510000000004,0.00044540510000000004,,
yolo_yolov8n_20260724_175421,yolo,yolo_yolov8n_20260724_175421,yolov8n.pt,/root/autodl-fs/datasets/DAIR-V2X_YOLO/dairv2x.yaml,train,49,2235.8257160186768,0.89143,0.5213,0.83599,0.83502,0.78735,0.8484,0.60444,0.8483,0.4912,0.82531,0.0004371584,0.0004371584,0.0004371584,,
yolo_yolov8n_20260724_175421,yolo,yolo_yolov8n_20260724_175421,yolov8n.pt,/root/autodl-fs/datasets/DAIR-V2X_YOLO/dairv2x.yaml,train,50,2280.641639471054,0.89014,0.52051,0.83579,0.84933,0.78396,0.85119,0.60894,0.84525,0.4924,0.82492,0.0004289117,0.0004289117,0.0004289117,,
yolo_yolov8n_20260724_175421,yolo,yolo_yolov8n_20260724_175421,yolov8n.pt,/root/autodl-fs/datasets/DAIR-V2X_YOLO/dairv2x.yaml,train,51,2325.282491207123,0.88881,0.51835,0.83493,0.85496,0.77921,0.85347,0.6096,0.84385,0.48902,0.82472,0.00042066499999999997,0.00042066499999999997,0.00042066499999999997,,
yolo_yolov8n_20260724_175421,yolo,yolo_yolov8n_20260724_175421,yolov8n.pt,/root/autodl-fs/datasets/DAIR-V2X_YOLO/dairv2x.yaml,train,52,2369.796268224716,0.88412,0.51663,0.83476,0.84401,0.78645,0.8487,0.6067,0.84356,0.48836,0.8244,0.00041241829999999995,0.00041241829999999995,0.00041241829999999995,,
yolo_yolov8n_20260724_175421,yolo,yolo_yolov8n_20260724_175421,yolov8n.pt,/root/autodl-fs/datasets/DAIR-V2X_YOLO/dairv2x.yaml,train,53,2414.543378353119,0.88549,0.51867,0.83472,0.84335,0.79142,0.85473,0.61258,0.84047,0.48487,0.82447,0.0004041716,0.0004041716,0.0004041716,,
yolo_yolov8n_20260724_175421,yolo,yolo_yolov8n_20260724_175421,yolov8n.pt,/root/autodl-fs/datasets/DAIR-V2X_YOLO/dairv2x.yaml,train,54,2459.429130554199,0.88462,0.51503,0.83498,0.84004,0.7883,0.85224,0.60923,0.84038,0.48775,0.82415,0.0003959249,0.0003959249,0.0003959249,,
yolo_yolov8n_20260724_175421,yolo,yolo_yolov8n_20260724_175421,yolov8n.pt,/root/autodl-fs/datasets/DAIR-V2X_YOLO/dairv2x.yaml,train,55,2504.1421592235565,0.88192,0.51416,0.83363,0.8536,0.78527,0.85266,0.60994,0.83885,0.48349,0.82415,0.0003876782,0.0003876782,0.0003876782,,
yolo_yolov8n_20260724_175421,yolo,yolo_yolov8n_20260724_175421,yolov8n.pt,/root/autodl-fs/datasets/DAIR-V2X_YOLO/dairv2x.yaml,train,56,2548.7910873889923,0.87956,0.51289,0.83383,0.84215,0.79239,0.85442,0.6113,0.83615,0.48137,0.82345,0.00037943149999999996,0.00037943149999999996,0.00037943149999999996,,
yolo_yolov8n_20260724_175421,yolo,yolo_yolov8n_20260724_175421,yolov8n.pt,/root/autodl-fs/datasets/DAIR-V2X_YOLO/dairv2x.yaml,train,57,2593.580404281616,0.87993,0.51037,0.83403,0.85031,0.78807,0.85297,0.61244,0.83592,0.48357,0.82337,0.00037118479999999994,0.00037118479999999994,0.00037118479999999994,,
yolo_yolov8n_20260724_175421,yolo,yolo_yolov8n_20260724_175421,yolov8n.pt,/root/autodl-fs/datasets/DAIR-V2X_YOLO/dairv2x.yaml,train,58,2638.7118175029755,0.87467,0.50788,0.83342,0.8552,0.78307,0.85416,0.6112,0.83566,0.48227,0.82288,0.0003629381,0.0003629381,0.0003629381,,
yolo_yolov8n_20260724_175421,yolo,yolo_yolov8n_20260724_175421,yolov8n.pt,/root/autodl-fs/datasets/DAIR-V2X_YOLO/dairv2x.yaml,train,59,2683.5855786800385,0.87689,0.50972,0.83334,0.84562,0.7887,0.85122,0.60949,0.83644,0.48363,0.82321,0.00035469140000000005,0.00035469140000000005,0.00035469140000000005,,
yolo_yolov8n_20260724_175421,yolo,yolo_yolov8n_20260724_175421,yolov8n.pt,/root/autodl-fs/datasets/DAIR-V2X_YOLO/dairv2x.yaml,train,60,2728.107064962387,0.87532,0.50824,0.83292,0.83577,0.79719,0.85391,0.61203,0.83439,0.4803,0.82311,0.00034644470000000003,0.00034644470000000003,0.00034644470000000003,,
yolo_yolov8n_20260724_175421,yolo,yolo_yolov8n_20260724_175421,yolov8n.pt,/root/autodl-fs/datasets/DAIR-V2X_YOLO/dairv2x.yaml,train,61,2772.897390127182,0.8724,0.50769,0.83226,0.84913,0.78674,0.85437,0.61326,0.83277,0.47981,0.82264,0.000338198,0.000338198,0.000338198,,
yolo_yolov8n_20260724_175421,yolo,yolo_yolov8n_20260724_175421,yolov8n.pt,/root/autodl-fs/datasets/DAIR-V2X_YOLO/dairv2x.yaml,train,62,2817.5629439353943,0.86795,0.50358,0.8331,0.84398,0.79453,0.85398,0.61347,0.83144,0.47894,0.82246,0.0003299513,0.0003299513,0.0003299513,,
yolo_yolov8n_20260724_175421,yolo,yolo_yolov8n_20260724_175421,yolov8n.pt,/root/autodl-fs/datasets/DAIR-V2X_YOLO/dairv2x.yaml,train,63,2862.0772635936737,0.86982,0.5039,0.83187,0.84853,0.78566,0.85507,0.61385,0.83381,0.4818,0.82331,0.00032170459999999996,0.00032170459999999996,0.00032170459999999996,,
yolo_yolov8n_20260724_175421,yolo,yolo_yolov8n_20260724_175421,yolov8n.pt,/root/autodl-fs/datasets/DAIR-V2X_YOLO/dairv2x.yaml,train,64,2906.617933511734,0.87007,0.50336,0.83163,0.84641,0.78641,0.85447,0.61297,0.83259,0.47836,0.82264,0.0003134579,0.0003134579,0.0003134579,,
yolo_yolov8n_20260724_175421,yolo,yolo_yolov8n_20260724_175421,yolov8n.pt,/root/autodl-fs/datasets/DAIR-V2X_YOLO/dairv2x.yaml,train,65,2951.2510917186737,0.86597,0.50173,0.83224,0.85417,0.78148,0.85652,0.61554,0.83193,0.47754,0.82244,0.0003052112,0.0003052112,0.0003052112,,
yolo_yolov8n_20260724_175421,yolo,yolo_yolov8n_20260724_175421,yolov8n.pt,/root/autodl-fs/datasets/DAIR-V2X_YOLO/dairv2x.yaml,train,66,2995.719272375107,0.86506,0.50197,0.83171,0.83432,0.79631,0.85597,0.61414,0.82809,0.47739,0.82221,0.0002969645,0.0002969645,0.0002969645,,
yolo_yolov8n_20260724_175421,yolo,yolo_yolov8n_20260724_175421,yolov8n.pt,/root/autodl-fs/datasets/DAIR-V2X_YOLO/dairv2x.yaml,train,67,3040.380937576294,0.86733,0.50035,0.83126,0.8495,0.78664,0.85548,0.61428,0.82865,0.47698,0.8225,0.00028871779999999997,0.00028871779999999997,0.00028871779999999997,,
yolo_yolov8n_20260724_175421,yolo,yolo_yolov8n_20260724_175421,yolov8n.pt,/root/autodl-fs/datasets/DAIR-V2X_YOLO/dairv2x.yaml,train,68,3085.093118906021,0.86349,0.49879,0.83116,0.83769,0.80206,0.85583,0.61489,0.82806,0.47512,0.82223,0.00028047109999999994,0.00028047109999999994,0.00028047109999999994,,
yolo_yolov8n_20260724_175421,yolo,yolo_yolov8n_20260724_175421,yolov8n.pt,/root/autodl-fs/datasets/DAIR-V2X_YOLO/dairv2x.yaml,train,69,3129.4097187519073,0.86005,0.49722,0.83102,0.84018,0.79252,0.85191,0.61137,0.82805,0.47589,0.82213,0.0002722244,0.0002722244,0.0002722244,,
yolo_yolov8n_20260724_175421,yolo,yolo_yolov8n_20260724_175421,yolov8n.pt,/root/autodl-fs/datasets/DAIR-V2X_YOLO/dairv2x.yaml,train,70,3174.072242498398,0.85984,0.49491,0.83045,0.84504,0.78994,0.85617,0.61527,0.82488,0.47317,0.8215,0.00026397770000000006,0.00026397770000000006,0.00026397770000000006,,
yolo_yolov8n_20260724_175421,yolo,yolo_yolov8n_20260724_175421,yolov8n.pt,/root/autodl-fs/datasets/DAIR-V2X_YOLO/dairv2x.yaml,train,71,3218.897957086563,0.86358,0.4984,0.83096,0.84816,0.78967,0.85813,0.61905,0.82693,0.47398,0.82193,0.00025573100000000004,0.00025573100000000004,0.00025573100000000004,,
yolo_yolov8n_20260724_175421,yolo,yolo_yolov8n_20260724_175421,yolov8n.pt,/root/autodl-fs/datasets/DAIR-V2X_YOLO/dairv2x.yaml,train,72,3263.519816637039,0.86076,0.49586,0.82991,0.84001,0.79934,0.85655,0.61685,0.82495,0.4731,0.82151,0.0002474843,0.0002474843,0.0002474843,,
yolo_yolov8n_20260724_175421,yolo,yolo_yolov8n_20260724_175421,yolov8n.pt,/root/autodl-fs/datasets/DAIR-V2X_YOLO/dairv2x.yaml,train,73,3308.316677570343,0.85638,0.49316,0.83004,0.85568,0.78851,0.85587,0.61711,0.82238,0.47026,0.82133,0.0002392376,0.0002392376,0.0002392376,,
yolo_yolov8n_20260724_175421,yolo,yolo_yolov8n_20260724_175421,yolov8n.pt,/root/autodl-fs/datasets/DAIR-V2X_YOLO/dairv2x.yaml,train,74,3353.210789203644,0.85609,0.49382,0.82992,0.85103,0.79018,0.8562,0.61835,0.82183,0.46982,0.82082,0.00023099090000000002,0.00023099090000000002,0.00023099090000000002,,
yolo_yolov8n_20260724_175421,yolo,yolo_yolov8n_20260724_175421,yolov8n.pt,/root/autodl-fs/datasets/DAIR-V2X_YOLO/dairv2x.yaml,train,75,3397.8397364616394,0.85454,0.49174,0.82929,0.84882,0.79101,0.85718,0.61934,0.82161,0.47002,0.82122,0.00022274420000000002,0.00022274420000000002,0.00022274420000000002,,
yolo_yolov8n_20260724_175421,yolo,yolo_yolov8n_20260724_175421,yolov8n.pt,/root/autodl-fs/datasets/DAIR-V2X_YOLO/dairv2x.yaml,train,76,3443.776734352112,0.85349,0.48963,0.83012,0.85583,0.79069,0.86087,0.6204,0.82207,0.46957,0.82118,0.0002144975,0.0002144975,0.0002144975,,
yolo_yolov8n_20260724_175421,yolo,yolo_yolov8n_20260724_175421,yolov8n.pt,/root/autodl-fs/datasets/DAIR-V2X_YOLO/dairv2x.yaml,train,77,3497.2678213119507,0.85084,0.48991,0.82987,0.84728,0.79254,0.85772,0.61864,0.82134,0.46997,0.8211,0.00020625079999999997,0.00020625079999999997,0.00020625079999999997,,
yolo_yolov8n_20260724_175421,yolo,yolo_yolov8n_20260724_175421,yolov8n.pt,/root/autodl-fs/datasets/DAIR-V2X_YOLO/dairv2x.yaml,train,78,3547.837562084198,0.84953,0.48847,0.8297,0.8551,0.7888,0.85668,0.61669,0.82184,0.47033,0.82125,0.00019800409999999998,0.00019800409999999998,0.00019800409999999998,,
yolo_yolov8n_20260724_175421,yolo,yolo_yolov8n_20260724_175421,yolov8n.pt,/root/autodl-fs/datasets/DAIR-V2X_YOLO/dairv2x.yaml,train,79,3592.661135196686,0.84887,0.48746,0.82805,0.85083,0.79039,0.8546,0.61666,0.82025,0.4698,0.82094,0.00018975739999999998,0.00018975739999999998,0.00018975739999999998,,
yolo_yolov8n_20260724_175421,yolo,yolo_yolov8n_20260724_175421,yolov8n.pt,/root/autodl-fs/datasets/DAIR-V2X_YOLO/dairv2x.yaml,train,80,3638.2291452884674,0.84913,0.48757,0.82816,0.84758,0.79057,0.85394,0.61669,0.81983,0.46895,0.82068,0.00018151069999999998,0.00018151069999999998,0.00018151069999999998,,
yolo_yolov8n_20260724_175421,yolo,yolo_yolov8n_20260724_175421,yolov8n.pt,/root/autodl-fs/datasets/DAIR-V2X_YOLO/dairv2x.yaml,train,81,3683.84872341156,0.8431,0.48378,0.82836,0.85307,0.78889,0.85553,0.61818,0.81811,0.46882,0.8207,0.00017326399999999996,0.00017326399999999996,0.00017326399999999996,,
yolo_yolov8n_20260724_175421,yolo,yolo_yolov8n_20260724_175421,yolov8n.pt,/root/autodl-fs/datasets/DAIR-V2X_YOLO/dairv2x.yaml,train,82,3729.567857503891,0.84508,0.48461,0.82836,0.85784,0.78855,0.85549,0.61947,0.81646,0.46839,0.82026,0.00016501729999999994,0.00016501729999999994,0.00016501729999999994,,
yolo_yolov8n_20260724_175421,yolo,yolo_yolov8n_20260724_175421,yolov8n.pt,/root/autodl-fs/datasets/DAIR-V2X_YOLO/dairv2x.yaml,train,83,3775.1764523983,0.84372,0.48342,0.8284,0.84923,0.79435,0.85734,0.62122,0.81699,0.46776,0.82026,0.00015677060000000005,0.00015677060000000005,0.00015677060000000005,,
yolo_yolov8n_20260724_175421,yolo,yolo_yolov8n_20260724_175421,yolov8n.pt,/root/autodl-fs/datasets/DAIR-V2X_YOLO/dairv2x.yaml,train,84,3820.1275491714478,0.84331,0.48404,0.82787,0.84699,0.79468,0.85762,0.62054,0.81749,0.46699,0.82037,0.00014852390000000002,0.00014852390000000002,0.00014852390000000002,,
yolo_yolov8n_20260724_175421,yolo,yolo_yolov8n_20260724_175421,yolov8n.pt,/root/autodl-fs/datasets/DAIR-V2X_YOLO/dairv2x.yaml,train,85,3865.330611228943,0.84125,0.48161,0.82795,0.85188,0.79288,0.8561,0.62022,0.81749,0.46698,0.82044,0.00014027720000000003,0.00014027720000000003,0.00014027720000000003,,
yolo_yolov8n_20260724_175421,yolo,yolo_yolov8n_20260724_175421,yolov8n.pt,/root/autodl-fs/datasets/DAIR-V2X_YOLO/dairv2x.yaml,train,86,3910.6034376621246,0.84165,0.48087,0.82709,0.85038,0.79362,0.85667,0.61969,0.816,0.46616,0.82021,0.00013203050000000003,0.00013203050000000003,0.00013203050000000003,,
yolo_yolov8n_20260724_175421,yolo,yolo_yolov8n_20260724_175421,yolov8n.pt,/root/autodl-fs/datasets/DAIR-V2X_YOLO/dairv2x.yaml,train,87,3955.6908144950867,0.83933,0.47996,0.82765,0.85246,0.79345,0.85648,0.61999,0.81614,0.46684,0.82025,0.0001237838,0.0001237838,0.0001237838,,
yolo_yolov8n_20260724_175421,yolo,yolo_yolov8n_20260724_175421,yolov8n.pt,/root/autodl-fs/datasets/DAIR-V2X_YOLO/dairv2x.yaml,train,88,4002.0250947475433,0.83705,0.47872,0.82717,0.85432,0.78779,0.8562,0.61949,0.81568,0.4656,0.82009,0.00011553710000000001,0.00011553710000000001,0.00011553710000000001,,
yolo_yolov8n_20260724_175421,yolo,yolo_yolov8n_20260724_175421,yolov8n.pt,/root/autodl-fs/datasets/DAIR-V2X_YOLO/dairv2x.yaml,train,89,4047.6836457252502,0.83449,0.47704,0.82769,0.8467,0.79756,0.85807,0.62043,0.81513,0.4654,0.82006,0.0001072904,0.0001072904,0.0001072904,,
yolo_yolov8n_20260724_175421,yolo,yolo_yolov8n_20260724_175421,yolov8n.pt,/root/autodl-fs/datasets/DAIR-V2X_YOLO/dairv2x.yaml,train,90,4093.3770661354065,0.83623,0.47812,0.82759,0.85204,0.79125,0.85871,0.62158,0.81434,0.46502,0.82002,9.904369999999997e-05,9.904369999999997e-05,9.904369999999997e-05,,
yolo_yolov8n_20260724_175421,yolo,yolo_yolov8n_20260724_175421,yolov8n.pt,/root/autodl-fs/datasets/DAIR-V2X_YOLO/dairv2x.yaml,train,91,4133.97642326355,0.80669,0.46367,0.82206,0.84533,0.7928,0.85675,0.61705,0.8252,0.47074,0.82158,9.079699999999998e-05,9.079699999999998e-05,9.079699999999998e-05,,
yolo_yolov8n_20260724_175421,yolo,yolo_yolov8n_20260724_175421,yolov8n.pt,/root/autodl-fs/datasets/DAIR-V2X_YOLO/dairv2x.yaml,train,92,4173.330388069153,0.80291,0.45898,0.82025,0.85114,0.79114,0.85456,0.61607,0.82436,0.47067,0.82136,8.255029999999997e-05,8.255029999999997e-05,8.255029999999997e-05,,
yolo_yolov8n_20260724_175421,yolo,yolo_yolov8n_20260724_175421,yolov8n.pt,/root/autodl-fs/datasets/DAIR-V2X_YOLO/dairv2x.yaml,train,93,4213.613085985184,0.79583,0.45541,0.82004,0.8467,0.79328,0.85548,0.61749,0.8226,0.4699,0.82125,7.430359999999997e-05,7.430359999999997e-05,7.430359999999997e-05,,
yolo_yolov8n_20260724_175421,yolo,yolo_yolov8n_20260724_175421,yolov8n.pt,/root/autodl-fs/datasets/DAIR-V2X_YOLO/dairv2x.yaml,train,94,4255.631142377853,0.79136,0.45338,0.82033,0.852,0.78997,0.85516,0.61779,0.82053,0.46999,0.82081,6.605689999999995e-05,6.605689999999995e-05,6.605689999999995e-05,,
yolo_yolov8n_20260724_175421,yolo,yolo_yolov8n_20260724_175421,yolov8n.pt,/root/autodl-fs/datasets/DAIR-V2X_YOLO/dairv2x.yaml,train,95,4297.15009188652,0.79201,0.45246,0.8194,0.85317,0.79315,0.85638,0.61935,0.81947,0.46896,0.82072,5.781020000000004e-05,5.781020000000004e-05,5.781020000000004e-05,,
yolo_yolov8n_20260724_175421,yolo,yolo_yolov8n_20260724_175421,yolov8n.pt,/root/autodl-fs/datasets/DAIR-V2X_YOLO/dairv2x.yaml,train,96,4337.887379407883,0.79127,0.45078,0.81973,0.84621,0.80103,0.85652,0.61915,0.81912,0.46822,0.82054,4.9563500000000035e-05,4.9563500000000035e-05,4.9563500000000035e-05,,
yolo_yolov8n_20260724_175421,yolo,yolo_yolov8n_20260724_175421,yolov8n.pt,/root/autodl-fs/datasets/DAIR-V2X_YOLO/dairv2x.yaml,train,97,4379.6928968429565,0.79,0.45054,0.81923,0.84559,0.7988,0.85604,0.62002,0.81844,0.4679,0.82041,4.131680000000003e-05,4.131680000000003e-05,4.131680000000003e-05,,
yolo_yolov8n_20260724_175421,yolo,yolo_yolov8n_20260724_175421,yolov8n.pt,/root/autodl-fs/datasets/DAIR-V2X_YOLO/dairv2x.yaml,train,98,4419.908472537994,0.78894,0.45046,0.81892,0.8492,0.79663,0.857,0.62036,0.81799,0.46721,0.82042,3.307010000000002e-05,3.307010000000002e-05,3.307010000000002e-05,,
yolo_yolov8n_20260724_175421,yolo,yolo_yolov8n_20260724_175421,yolov8n.pt,/root/autodl-fs/datasets/DAIR-V2X_YOLO/dairv2x.yaml,train,99,4459.122508764267,0.78595,0.44694,0.81878,0.84994,0.79679,0.85607,0.62024,0.81736,0.46717,0.82046,2.4823400000000017e-05,2.4823400000000017e-05,2.4823400000000017e-05,,
yolo_yolov8n_20260724_175421,yolo,yolo_yolov8n_20260724_175421,yolov8n.pt,/root/autodl-fs/datasets/DAIR-V2X_YOLO/dairv2x.yaml,train,100,4498.812789916992,0.78575,0.44785,0.81879,0.84924,0.79605,0.857,0.62126,0.81662,0.46671,0.82033,1.6576700000000007e-05,1.6576700000000007e-05,1.6576700000000007e-05,,
yolo_yolov8n_20260724_191942,yolo,yolo_yolov8n_20260724_191942,yolov8n.pt,/root/autodl-fs/datasets/UA-DETRAC_YOLO/data.yaml,train,1,51.8625864982605,1.06094,1.39808,0.97214,0.62438,0.50114,0.52958,0.35687,1.07968,0.90069,0.97638,0.00041533546325878595,0.00041533546325878595,0.00041533546325878595,,
yolo_yolov8n_20260724_191942,yolo,yolo_yolov8n_20260724_191942,yolov8n.pt,/root/autodl-fs/datasets/UA-DETRAC_YOLO/data.yaml,train,2,94.75246000289917,0.98008,0.83187,0.94752,0.73523,0.57244,0.66511,0.46423,1.07303,0.82093,0.98956,0.0008237653088391906,0.0008237653088391906,0.0008237653088391906,,
yolo_yolov8n_20260724_191942,yolo,yolo_yolov8n_20260724_191942,yolov8n.pt,/root/autodl-fs/datasets/UA-DETRAC_YOLO/data.yaml,train,3,144.34550881385803,0.95731,0.73858,0.94129,0.71087,0.58979,0.63689,0.43497,1.07424,0.88949,0.9813,0.0012239451544195953,0.0012239451544195953,0.0012239451544195953,,
yolo_yolov8m_20260724_192254,yolo,yolo_yolov8m_20260724_192254,yolov8m.pt,/root/autodl-fs/datasets/UA-DETRAC_YOLO/data.yaml,train,1,145.83312010765076,0.93305,0.80457,0.97389,0.74915,0.636,0.67538,0.46705,1.05817,0.73955,1.04906,0.00041600106496272627,0.00041600106496272627,0.00041600106496272627,,
yolo_v12m_20260724_192608,yolo,yolo_v12m_20260724_192608,yolo12m.pt,/root/autodl-fs/datasets/DAIR-V2X_YOLO/dairv2x.yaml,train,1,231.2920265197754,1.04143,0.81804,0.88939,0.82835,0.73058,0.79209,0.5315,0.95769,0.57852,0.85575,0.00027722662440570525,0.00027722662440570525,0.00027722662440570525,,
yolo_v12m_20260724_192608,yolo,yolo_v12m_20260724_192608,yolo12m.pt,/root/autodl-fs/datasets/DAIR-V2X_YOLO/dairv2x.yaml,train,2,439.8418970108032,0.99041,0.60942,0.87474,0.81277,0.76726,0.81843,0.5668,0.92035,0.54746,0.84897,0.0005493998474907554,0.0005493998474907554,0.0005493998474907554,,
yolo_v12m_20260724_192608,yolo,yolo_v12m_20260724_192608,yolo12m.pt,/root/autodl-fs/datasets/DAIR-V2X_YOLO/dairv2x.yaml,train,3,643.1933448314667,0.96517,0.58473,0.86689,0.82032,0.77142,0.82578,0.57588,0.90337,0.5398,0.8459,0.0008160752705758056,0.0008160752705758056,0.0008160752705758056,,
yolo_v12m_20260724_192608,yolo,yolo_v12m_20260724_192608,yolo12m.pt,/root/autodl-fs/datasets/DAIR-V2X_YOLO/dairv2x.yaml,train,4,846.0303599834442,0.94497,0.56878,0.8624,0.83404,0.77519,0.839,0.5935,0.88229,0.51855,0.84287,0.0008082599,0.0008082599,0.0008082599,,
yolo_v12m_20260724_192608,yolo,yolo_v12m_20260724_192608,yolo12m.pt,/root/autodl-fs/datasets/DAIR-V2X_YOLO/dairv2x.yaml,train,5,1048.8308045864105,0.91872,0.55003,0.85685,0.83055,0.79312,0.84501,0.60409,0.8543,0.50661,0.83629,0.0008000131999999999,0.0008000131999999999,0.0008000131999999999,,
yolo_v12m_20260724_192608,yolo,yolo_v12m_20260724_192608,yolo12m.pt,/root/autodl-fs/datasets/DAIR-V2X_YOLO/dairv2x.yaml,train,6,1249.2291634082794,0.90732,0.53813,0.85361,0.84477,0.78453,0.84807,0.60394,0.85608,0.49743,0.83574,0.0007917665,0.0007917665,0.0007917665,,
yolo_v12m_20260724_192608,yolo,yolo_v12m_20260724_192608,yolo12m.pt,/root/autodl-fs/datasets/DAIR-V2X_YOLO/dairv2x.yaml,train,7,1451.2497553825378,0.8916,0.5288,0.85127,0.84367,0.77852,0.8442,0.59538,0.88507,0.51385,0.84063,0.0007835197999999999,0.0007835197999999999,0.0007835197999999999,,
yolo_v12m_20260724_192608,yolo,yolo_v12m_20260724_192608,yolo12m.pt,/root/autodl-fs/datasets/DAIR-V2X_YOLO/dairv2x.yaml,train,8,1651.0754311084747,0.87677,0.5172,0.8479,0.84489,0.79323,0.85462,0.61845,0.82329,0.48234,0.83056,0.0007752731,0.0007752731,0.0007752731,,
yolo_v12m_20260724_192608,yolo,yolo_v12m_20260724_192608,yolo12m.pt,/root/autodl-fs/datasets/DAIR-V2X_YOLO/dairv2x.yaml,train,9,1850.4009802341461,0.86172,0.50581,0.84493,0.84602,0.8088,0.86357,0.63165,0.81022,0.47063,0.83056,0.0007670264,0.0007670264,0.0007670264,,
yolo_v12m_20260724_192608,yolo,yolo_v12m_20260724_192608,yolo12m.pt,/root/autodl-fs/datasets/DAIR-V2X_YOLO/dairv2x.yaml,train,10,2049.637992620468,0.86056,0.5061,0.84394,0.85095,0.80042,0.85898,0.6231,0.81682,0.47639,0.82786,0.0007587797,0.0007587797,0.0007587797,,
yolo_v12m_20260724_192608,yolo,yolo_v12m_20260724_192608,yolo12m.pt,/root/autodl-fs/datasets/DAIR-V2X_YOLO/dairv2x.yaml,train,11,2249.1387345790863,0.85625,0.49701,0.84394,0.84298,0.80958,0.86583,0.6328,0.80158,0.46531,0.82734,0.000750533,0.000750533,0.000750533,,
yolo_v12m_20260724_192608,yolo,yolo_v12m_20260724_192608,yolo12m.pt,/root/autodl-fs/datasets/DAIR-V2X_YOLO/dairv2x.yaml,train,12,2447.5424432754517,0.83806,0.48677,0.84003,0.83393,0.81728,0.86601,0.63521,0.80518,0.46407,0.82817,0.0007422863,0.0007422863,0.0007422863,,
yolo_v12m_20260724_192608,yolo,yolo_v12m_20260724_192608,yolo12m.pt,/root/autodl-fs/datasets/DAIR-V2X_YOLO/dairv2x.yaml,train,13,2646.8991043567657,0.83897,0.48718,0.84049,0.86655,0.79461,0.86611,0.63555,0.8031,0.46214,0.82643,0.0007340396,0.0007340396,0.0007340396,,
yolo_v12m_20260724_192608,yolo,yolo_v12m_20260724_192608,yolo12m.pt,/root/autodl-fs/datasets/DAIR-V2X_YOLO/dairv2x.yaml,train,14,2845.6145877838135,0.8301,0.48208,0.8382,0.85746,0.81677,0.87396,0.64972,0.78543,0.45368,0.82368,0.0007257928999999999,0.0007257928999999999,0.0007257928999999999,,
yolo_v12m_20260724_192608,yolo,yolo_v12m_20260724_192608,yolo12m.pt,/root/autodl-fs/datasets/DAIR-V2X_YOLO/dairv2x.yaml,train,15,3044.3393244743347,0.82813,0.47959,0.83767,0.85078,0.81988,0.87712,0.64857,0.79082,0.44415,0.82465,0.0007175462,0.0007175462,0.0007175462,,
yolo_v12m_20260724_192608,yolo,yolo_v12m_20260724_192608,yolo12m.pt,/root/autodl-fs/datasets/DAIR-V2X_YOLO/dairv2x.yaml,train,16,3243.1106457710266,0.82335,0.47692,0.83617,0.85823,0.80924,0.87165,0.64719,0.78168,0.45022,0.82322,0.0007092995,0.0007092995,0.0007092995,,
yolo_v12m_20260724_192608,yolo,yolo_v12m_20260724_192608,yolo12m.pt,/root/autodl-fs/datasets/DAIR-V2X_YOLO/dairv2x.yaml,train,17,3441.4028508663177,0.81828,0.47368,0.83661,0.861,0.81254,0.87513,0.6487,0.78193,0.44465,0.82299,0.0007010528,0.0007010528,0.0007010528,,
yolo_v12m_20260724_192608,yolo,yolo_v12m_20260724_192608,yolo12m.pt,/root/autodl-fs/datasets/DAIR-V2X_YOLO/dairv2x.yaml,train,18,3640.3993079662323,0.81243,0.46967,0.83495,0.86141,0.82571,0.87955,0.65709,0.77451,0.4421,0.82129,0.0006928061,0.0006928061,0.0006928061,,
yolo_v12m_20260724_192608,yolo,yolo_v12m_20260724_192608,yolo12m.pt,/root/autodl-fs/datasets/DAIR-V2X_YOLO/dairv2x.yaml,train,19,3839.0709104537964,0.80789,0.46517,0.83387,0.86161,0.8175,0.88081,0.65854,0.76707,0.4367,0.8196,0.0006845594000000001,0.0006845594000000001,0.0006845594000000001,,
yolo_v12m_20260724_192608,yolo,yolo_v12m_20260724_192608,yolo12m.pt,/root/autodl-fs/datasets/DAIR-V2X_YOLO/dairv2x.yaml,train,20,4038.2444999217987,0.8048,0.46429,0.83343,0.86393,0.81858,0.87957,0.65521,0.77686,0.44099,0.82151,0.0006763127,0.0006763127,0.0006763127,,
yolo_v12m_20260724_192608,yolo,yolo_v12m_20260724_192608,yolo12m.pt,/root/autodl-fs/datasets/DAIR-V2X_YOLO/dairv2x.yaml,train,21,4236.2766790390015,0.80098,0.46045,0.83261,0.85346,0.82539,0.87764,0.65448,0.77217,0.44008,0.82085,0.000668066,0.000668066,0.000668066,,
yolo_v12m_20260724_192608,yolo,yolo_v12m_20260724_192608,yolo12m.pt,/root/autodl-fs/datasets/DAIR-V2X_YOLO/dairv2x.yaml,train,22,4435.21289563179,0.79823,0.45973,0.83258,0.85401,0.83113,0.88199,0.66104,0.76752,0.4342,0.82018,0.0006598193,0.0006598193,0.0006598193,,
yolo_v12m_20260724_192608,yolo,yolo_v12m_20260724_192608,yolo12m.pt,/root/autodl-fs/datasets/DAIR-V2X_YOLO/dairv2x.yaml,train,23,4633.811161279678,0.79594,0.45823,0.83162,0.87047,0.81946,0.88123,0.66249,0.75561,0.42559,0.81793,0.0006515726,0.0006515726,0.0006515726,,
yolo_v12m_20260724_192608,yolo,yolo_v12m_20260724_192608,yolo12m.pt,/root/autodl-fs/datasets/DAIR-V2X_YOLO/dairv2x.yaml,train,24,4832.433537244797,0.78981,0.45402,0.83021,0.85416,0.83504,0.8793,0.65842,0.76658,0.43286,0.82012,0.0006433259,0.0006433259,0.0006433259,,
yolo_v12m_20260724_192608,yolo,yolo_v12m_20260724_192608,yolo12m.pt,/root/autodl-fs/datasets/DAIR-V2X_YOLO/dairv2x.yaml,train,25,5033.9936554431915,0.78675,0.45264,0.8303,0.8689,0.82252,0.88059,0.66295,0.7592,0.42834,0.81882,0.0006350791999999999,0.0006350791999999999,0.0006350791999999999,,
yolo_v12m_20260724_192608,yolo,yolo_v12m_20260724_192608,yolo12m.pt,/root/autodl-fs/datasets/DAIR-V2X_YOLO/dairv2x.yaml,train,26,5237.305008649826,0.78523,0.45057,0.82987,0.86247,0.83134,0.88082,0.66397,0.76059,0.42885,0.8195,0.0006268325,0.0006268325,0.0006268325,,
yolo_v12m_20260724_192608,yolo,yolo_v12m_20260724_192608,yolo12m.pt,/root/autodl-fs/datasets/DAIR-V2X_YOLO/dairv2x.yaml,train,27,5440.912916183472,0.78888,0.45001,0.82921,0.86246,0.83229,0.88518,0.66772,0.75411,0.42295,0.81713,0.0006185858,0.0006185858,0.0006185858,,
yolo_v12m_20260724_192608,yolo,yolo_v12m_20260724_192608,yolo12m.pt,/root/autodl-fs/datasets/DAIR-V2X_YOLO/dairv2x.yaml,train,28,5642.908480167389,0.78095,0.4472,0.82866,0.86542,0.83021,0.88838,0.6681,0.75095,0.42443,0.81816,0.0006103391,0.0006103391,0.0006103391,,
yolo_v12m_20260724_192608,yolo,yolo_v12m_20260724_192608,yolo12m.pt,/root/autodl-fs/datasets/DAIR-V2X_YOLO/dairv2x.yaml,train,29,5842.729942560196,0.7805,0.44507,0.82888,0.86238,0.83113,0.88208,0.66678,0.75319,0.41894,0.81826,0.0006020924,0.0006020924,0.0006020924,,
yolo_v12m_20260724_192608,yolo,yolo_v12m_20260724_192608,yolo12m.pt,/root/autodl-fs/datasets/DAIR-V2X_YOLO/dairv2x.yaml,train,30,6041.157072544098,0.77649,0.43885,0.82821,0.85827,0.8399,0.88751,0.67302,0.7495,0.4172,0.81637,0.0005938457,0.0005938457,0.0005938457,,
yolo_v12m_20260724_192608,yolo,yolo_v12m_20260724_192608,yolo12m.pt,/root/autodl-fs/datasets/DAIR-V2X_YOLO/dairv2x.yaml,train,31,6241.021065950394,0.76938,0.43919,0.82562,0.86435,0.83417,0.88288,0.66836,0.75337,0.42055,0.81701,0.0005855989999999999,0.0005855989999999999,0.0005855989999999999,,
yolo_v12m_20260724_192608,yolo,yolo_v12m_20260724_192608,yolo12m.pt,/root/autodl-fs/datasets/DAIR-V2X_YOLO/dairv2x.yaml,train,32,6439.683254480362,0.77222,0.44174,0.82688,0.86673,0.83255,0.88846,0.67524,0.74623,0.41438,0.81597,0.0005773522999999999,0.0005773522999999999,0.0005773522999999999,,
yolo_v12m_20260724_192608,yolo,yolo_v12m_20260724_192608,yolo12m.pt,/root/autodl-fs/datasets/DAIR-V2X_YOLO/dairv2x.yaml,train,33,6638.416376829147,0.76951,0.43559,0.82696,0.86622,0.83505,0.88853,0.67573,0.73997,0.41193,0.81494,0.0005691056,0.0005691056,0.0005691056,,
yolo_v12m_20260724_192608,yolo,yolo_v12m_20260724_192608,yolo12m.pt,/root/autodl-fs/datasets/DAIR-V2X_YOLO/dairv2x.yaml,train,34,6837.289646625519,0.76924,0.43673,0.82689,0.8723,0.82437,0.88476,0.66729,0.75111,0.42424,0.81682,0.0005608588999999999,0.0005608588999999999,0.0005608588999999999,,
yolo_v12m_20260724_192608,yolo,yolo_v12m_20260724_192608,yolo12m.pt,/root/autodl-fs/datasets/DAIR-V2X_YOLO/dairv2x.yaml,train,35,7035.725401639938,0.77004,0.43564,0.82725,0.86333,0.83977,0.89054,0.67543,0.74057,0.41052,0.81559,0.0005526121999999999,0.0005526121999999999,0.0005526121999999999,,
yolo_v12m_20260724_192608,yolo,yolo_v12m_20260724_192608,yolo12m.pt,/root/autodl-fs/datasets/DAIR-V2X_YOLO/dairv2x.yaml,train,36,7234.587413787842,0.76531,0.43531,0.82614,0.86926,0.82539,0.884,0.66922,0.7468,0.41947,0.81613,0.0005443655,0.0005443655,0.0005443655,,
yolo_v12m_20260724_192608,yolo,yolo_v12m_20260724_192608,yolo12m.pt,/root/autodl-fs/datasets/DAIR-V2X_YOLO/dairv2x.yaml,train,37,7433.190145492554,0.76201,0.4311,0.82518,0.87243,0.83513,0.88793,0.67389,0.73756,0.41269,0.8143,0.0005361188,0.0005361188,0.0005361188,,
yolo_v12m_20260724_192608,yolo,yolo_v12m_20260724_192608,yolo12m.pt,/root/autodl-fs/datasets/DAIR-V2X_YOLO/dairv2x.yaml,train,38,7632.383714675903,0.75991,0.42884,0.82498,0.87269,0.83122,0.88683,0.67324,0.73854,0.41058,0.81498,0.0005278721,0.0005278721,0.0005278721,,
yolo_v12m_20260724_192608,yolo,yolo_v12m_20260724_192608,yolo12m.pt,/root/autodl-fs/datasets/DAIR-V2X_YOLO/dairv2x.yaml,train,39,7830.634849786758,0.7588,0.43023,0.8243,0.86565,0.83883,0.89138,0.67853,0.73659,0.40732,0.81502,0.0005196254,0.0005196254,0.0005196254,,
yolo_v12m_20260724_192608,yolo,yolo_v12m_20260724_192608,yolo12m.pt,/root/autodl-fs/datasets/DAIR-V2X_YOLO/dairv2x.yaml,train,40,8029.949033737183,0.75548,0.42751,0.82431,0.8682,0.83973,0.89067,0.67964,0.73433,0.40725,0.81474,0.0005113787,0.0005113787,0.0005113787,,
yolo_v12m_20260724_192608,yolo,yolo_v12m_20260724_192608,yolo12m.pt,/root/autodl-fs/datasets/DAIR-V2X_YOLO/dairv2x.yaml,train,41,8228.47089958191,0.75392,0.42544,0.824,0.86729,0.83746,0.89025,0.68237,0.73025,0.406,0.81413,0.000503132,0.000503132,0.000503132,,
yolo_v12m_20260724_192608,yolo,yolo_v12m_20260724_192608,yolo12m.pt,/root/autodl-fs/datasets/DAIR-V2X_YOLO/dairv2x.yaml,train,42,8427.410081386566,0.75153,0.42305,0.82376,0.86634,0.83831,0.88591,0.67557,0.73528,0.40823,0.81491,0.0004948853,0.0004948853,0.0004948853,,
yolo_v12m_20260724_192608,yolo,yolo_v12m_20260724_192608,yolo12m.pt,/root/autodl-fs/datasets/DAIR-V2X_YOLO/dairv2x.yaml,train,43,8626.141341924667,0.75269,0.42321,0.82322,0.85622,0.84429,0.88732,0.67646,0.73279,0.40745,0.81436,0.00048663860000000005,0.00048663860000000005,0.00048663860000000005,,
yolo_v12m_20260724_192608,yolo,yolo_v12m_20260724_192608,yolo12m.pt,/root/autodl-fs/datasets/DAIR-V2X_YOLO/dairv2x.yaml,train,44,8824.342487096786,0.74669,0.42035,0.8226,0.86445,0.84202,0.88797,0.68116,0.72755,0.40249,0.81317,0.00047839190000000003,0.00047839190000000003,0.00047839190000000003,,
yolo_v12m_20260724_192608,yolo,yolo_v12m_20260724_192608,yolo12m.pt,/root/autodl-fs/datasets/DAIR-V2X_YOLO/dairv2x.yaml,train,45,9023.245281219482,0.74855,0.42246,0.82121,0.85851,0.84768,0.89119,0.68203,0.72964,0.4056,0.81389,0.0004701452,0.0004701452,0.0004701452,,
yolo_v12m_20260724_192608,yolo,yolo_v12m_20260724_192608,yolo12m.pt,/root/autodl-fs/datasets/DAIR-V2X_YOLO/dairv2x.yaml,train,46,9221.742407083511,0.74416,0.4183,0.82141,0.87664,0.82983,0.88985,0.68248,0.72715,0.40251,0.81351,0.0004618985,0.0004618985,0.0004618985,,
yolo_v12m_20260724_192608,yolo,yolo_v12m_20260724_192608,yolo12m.pt,/root/autodl-fs/datasets/DAIR-V2X_YOLO/dairv2x.yaml,train,47,9421.024169445038,0.74654,0.41947,0.82118,0.8686,0.84366,0.89222,0.68711,0.72507,0.39846,0.81222,0.00045365180000000007,0.00045365180000000007,0.00045365180000000007,,
yolo_v12m_20260724_192608,yolo,yolo_v12m_20260724_192608,yolo12m.pt,/root/autodl-fs/datasets/DAIR-V2X_YOLO/dairv2x.yaml,train,48,9619.742665529251,0.74317,0.41673,0.82237,0.87749,0.83364,0.89192,0.68453,0.72528,0.40128,0.81312,0.00044540510000000004,0.00044540510000000004,0.00044540510000000004,,
yolo_v12m_20260724_192608,yolo,yolo_v12m_20260724_192608,yolo12m.pt,/root/autodl-fs/datasets/DAIR-V2X_YOLO/dairv2x.yaml,train,49,9819.481400489807,0.74237,0.417,0.82238,0.8817,0.82991,0.89271,0.68716,0.72384,0.39719,0.81214,0.0004371584,0.0004371584,0.0004371584,,
yolo_v12m_20260724_192608,yolo,yolo_v12m_20260724_192608,yolo12m.pt,/root/autodl-fs/datasets/DAIR-V2X_YOLO/dairv2x.yaml,train,50,10018.883489370346,0.73836,0.41547,0.82104,0.87581,0.83281,0.89205,0.68459,0.72363,0.40062,0.81257,0.0004289117,0.0004289117,0.0004289117,,
yolo_v12m_20260724_192608,yolo,yolo_v12m_20260724_192608,yolo12m.pt,/root/autodl-fs/datasets/DAIR-V2X_YOLO/dairv2x.yaml,train,51,10218.760035991669,0.73624,0.41087,0.82096,0.87425,0.83382,0.89223,0.68462,0.72415,0.3994,0.81258,0.00042066499999999997,0.00042066499999999997,0.00042066499999999997,,
yolo_v12m_20260724_192608,yolo,yolo_v12m_20260724_192608,yolo12m.pt,/root/autodl-fs/datasets/DAIR-V2X_YOLO/dairv2x.yaml,train,52,10417.975115060806,0.7318,0.40754,0.81984,0.87386,0.83352,0.89336,0.68692,0.72123,0.39733,0.81166,0.00041241829999999995,0.00041241829999999995,0.00041241829999999995,,
yolo_v12m_20260724_192608,yolo,yolo_v12m_20260724_192608,yolo12m.pt,/root/autodl-fs/datasets/DAIR-V2X_YOLO/dairv2x.yaml,train,53,10617.096330165863,0.73098,0.40964,0.81976,0.87104,0.83832,0.89359,0.68704,0.71954,0.39597,0.8121,0.0004041716,0.0004041716,0.0004041716,,
yolo_v12m_20260724_192608,yolo,yolo_v12m_20260724_192608,yolo12m.pt,/root/autodl-fs/datasets/DAIR-V2X_YOLO/dairv2x.yaml,train,54,10816.893674373627,0.73275,0.40872,0.82086,0.87207,0.83537,0.89147,0.68536,0.71981,0.39687,0.81279,0.0003959249,0.0003959249,0.0003959249,,
yolo_v12m_20260724_192608,yolo,yolo_v12m_20260724_192608,yolo12m.pt,/root/autodl-fs/datasets/DAIR-V2X_YOLO/dairv2x.yaml,train,55,11015.891465902328,0.72772,0.40526,0.81912,0.87083,0.84024,0.89613,0.69037,0.71488,0.39589,0.81169,0.0003876782,0.0003876782,0.0003876782,,
yolo_v12m_20260724_192608,yolo,yolo_v12m_20260724_192608,yolo12m.pt,/root/autodl-fs/datasets/DAIR-V2X_YOLO/dairv2x.yaml,train,56,11215.179426670074,0.7292,0.40786,0.82002,0.86719,0.84385,0.89414,0.68816,0.71692,0.39528,0.81254,0.00037943149999999996,0.00037943149999999996,0.00037943149999999996,,
yolo_v12m_20260724_192608,yolo,yolo_v12m_20260724_192608,yolo12m.pt,/root/autodl-fs/datasets/DAIR-V2X_YOLO/dairv2x.yaml,train,57,11414.09323978424,0.72585,0.40341,0.81926,0.8751,0.8371,0.89398,0.69179,0.71359,0.39452,0.81174,0.00037118479999999994,0.00037118479999999994,0.00037118479999999994,,
yolo_v12m_20260724_192608,yolo,yolo_v12m_20260724_192608,yolo12m.pt,/root/autodl-fs/datasets/DAIR-V2X_YOLO/dairv2x.yaml,train,58,11613.498760700226,0.72309,0.40085,0.81944,0.8729,0.83955,0.89458,0.69001,0.71563,0.39408,0.81146,0.0003629381,0.0003629381,0.0003629381,,
yolo_v12m_20260724_192608,yolo,yolo_v12m_20260724_192608,yolo12m.pt,/root/autodl-fs/datasets/DAIR-V2X_YOLO/dairv2x.yaml,train,59,11812.304130792618,0.72594,0.40229,0.81867,0.86599,0.84193,0.89403,0.69059,0.71496,0.39409,0.81155,0.00035469140000000005,0.00035469140000000005,0.00035469140000000005,,
yolo_v12m_20260724_192608,yolo,yolo_v12m_20260724_192608,yolo12m.pt,/root/autodl-fs/datasets/DAIR-V2X_YOLO/dairv2x.yaml,train,60,12012.089401960373,0.7192,0.39901,0.81816,0.87435,0.84195,0.89515,0.68958,0.71136,0.39,0.81061,0.00034644470000000003,0.00034644470000000003,0.00034644470000000003,,
yolo_v12m_20260724_192608,yolo,yolo_v12m_20260724_192608,yolo12m.pt,/root/autodl-fs/datasets/DAIR-V2X_YOLO/dairv2x.yaml,train,61,12211.18474817276,0.71993,0.39871,0.81752,0.87968,0.84015,0.89563,0.69216,0.713,0.39066,0.8108,0.000338198,0.000338198,0.000338198,,
yolo_v12m_20260724_192608,yolo,yolo_v12m_20260724_192608,yolo12m.pt,/root/autodl-fs/datasets/DAIR-V2X_YOLO/dairv2x.yaml,train,62,12409.928124427795,0.72078,0.39699,0.81763,0.87613,0.843,0.89376,0.69166,0.71351,0.3887,0.8114,0.0003299513,0.0003299513,0.0003299513,,
yolo_v12m_20260724_192608,yolo,yolo_v12m_20260724_192608,yolo12m.pt,/root/autodl-fs/datasets/DAIR-V2X_YOLO/dairv2x.yaml,train,63,12609.60836315155,0.71569,0.39488,0.81618,0.87221,0.84674,0.89556,0.69322,0.70982,0.38858,0.81058,0.00032170459999999996,0.00032170459999999996,0.00032170459999999996,,
yolo_v12m_20260724_192608,yolo,yolo_v12m_20260724_192608,yolo12m.pt,/root/autodl-fs/datasets/DAIR-V2X_YOLO/dairv2x.yaml,train,64,12808.649681091309,0.71662,0.39386,0.81632,0.87045,0.84181,0.896,0.69347,0.70926,0.38658,0.81088,0.0003134579,0.0003134579,0.0003134579,,
yolo_v12m_20260724_192608,yolo,yolo_v12m_20260724_192608,yolo12m.pt,/root/autodl-fs/datasets/DAIR-V2X_YOLO/dairv2x.yaml,train,65,13008.230612754822,0.71416,0.39391,0.81658,0.86324,0.84868,0.89504,0.69333,0.70895,0.38787,0.81065,0.0003052112,0.0003052112,0.0003052112,,
yolo_v12m_20260724_192608,yolo,yolo_v12m_20260724_192608,yolo12m.pt,/root/autodl-fs/datasets/DAIR-V2X_YOLO/dairv2x.yaml,train,66,13206.933332681656,0.71244,0.3931,0.81632,0.87238,0.84521,0.89715,0.69681,0.707,0.38575,0.81058,0.0002969645,0.0002969645,0.0002969645,,
yolo_v12m_20260724_192608,yolo,yolo_v12m_20260724_192608,yolo12m.pt,/root/autodl-fs/datasets/DAIR-V2X_YOLO/dairv2x.yaml,train,67,13406.789882421494,0.71189,0.39216,0.81617,0.86709,0.84851,0.89687,0.69649,0.70687,0.38699,0.81067,0.00028871779999999997,0.00028871779999999997,0.00028871779999999997,,
yolo_v12m_20260724_192608,yolo,yolo_v12m_20260724_192608,yolo12m.pt,/root/autodl-fs/datasets/DAIR-V2X_YOLO/dairv2x.yaml,train,68,13605.562098741531,0.71026,0.38987,0.81539,0.86501,0.85158,0.89512,0.69437,0.70643,0.38821,0.81034,0.00028047109999999994,0.00028047109999999994,0.00028047109999999994,,
yolo_v12m_20260724_192608,yolo,yolo_v12m_20260724_192608,yolo12m.pt,/root/autodl-fs/datasets/DAIR-V2X_YOLO/dairv2x.yaml,train,69,13805.32211446762,0.7091,0.3889,0.81473,0.86826,0.85227,0.89736,0.69647,0.70555,0.38613,0.80985,0.0002722244,0.0002722244,0.0002722244,,
yolo_v12m_20260724_192608,yolo,yolo_v12m_20260724_192608,yolo12m.pt,/root/autodl-fs/datasets/DAIR-V2X_YOLO/dairv2x.yaml,train,70,14004.635029315948,0.70683,0.38686,0.8156,0.8669,0.84957,0.89582,0.69547,0.70533,0.38552,0.80992,0.00026397770000000006,0.00026397770000000006,0.00026397770000000006,,
yolo_v12m_20260724_192608,yolo,yolo_v12m_20260724_192608,yolo12m.pt,/root/autodl-fs/datasets/DAIR-V2X_YOLO/dairv2x.yaml,train,71,14203.456406831741,0.7057,0.38577,0.81565,0.86573,0.84926,0.89731,0.6968,0.70575,0.38459,0.8105,0.00025573100000000004,0.00025573100000000004,0.00025573100000000004,,
yolo_v12m_20260724_192608,yolo,yolo_v12m_20260724_192608,yolo12m.pt,/root/autodl-fs/datasets/DAIR-V2X_YOLO/dairv2x.yaml,train,72,14403.021720170975,0.70564,0.38574,0.81523,0.86239,0.8523,0.897,0.6967,0.70654,0.38631,0.81059,0.0002474843,0.0002474843,0.0002474843,,
yolo_v12m_20260724_192608,yolo,yolo_v12m_20260724_192608,yolo12m.pt,/root/autodl-fs/datasets/DAIR-V2X_YOLO/dairv2x.yaml,train,73,14602.13451719284,0.70544,0.38567,0.81567,0.8771,0.84595,0.89895,0.69879,0.70497,0.38492,0.81027,0.0002392376,0.0002392376,0.0002392376,,
yolo_v12m_20260724_192608,yolo,yolo_v12m_20260724_192608,yolo12m.pt,/root/autodl-fs/datasets/DAIR-V2X_YOLO/dairv2x.yaml,train,74,14801.349209547043,0.70254,0.38285,0.81422,0.8737,0.84609,0.89664,0.69714,0.70434,0.38568,0.80991,0.00023099090000000002,0.00023099090000000002,0.00023099090000000002,,
yolo_v12m_20260724_192608,yolo,yolo_v12m_20260724_192608,yolo12m.pt,/root/autodl-fs/datasets/DAIR-V2X_YOLO/dairv2x.yaml,train,75,15000.914772987366,0.69928,0.38015,0.81356,0.87413,0.84981,0.89964,0.69801,0.70392,0.38389,0.81012,0.00022274420000000002,0.00022274420000000002,0.00022274420000000002,,
yolo_v12m_20260724_192608,yolo,yolo_v12m_20260724_192608,yolo12m.pt,/root/autodl-fs/datasets/DAIR-V2X_YOLO/dairv2x.yaml,train,76,15200.570580482483,0.69966,0.38137,0.81416,0.87282,0.84723,0.89826,0.69841,0.70271,0.38299,0.80966,0.0002144975,0.0002144975,0.0002144975,,
yolo_v12m_20260724_192608,yolo,yolo_v12m_20260724_192608,yolo12m.pt,/root/autodl-fs/datasets/DAIR-V2X_YOLO/dairv2x.yaml,train,77,15399.385015249252,0.69719,0.37852,0.81381,0.87164,0.84939,0.89838,0.69736,0.70339,0.38392,0.80983,0.00020625079999999997,0.00020625079999999997,0.00020625079999999997,,
yolo_v12m_20260724_192608,yolo,yolo_v12m_20260724_192608,yolo12m.pt,/root/autodl-fs/datasets/DAIR-V2X_YOLO/dairv2x.yaml,train,78,15599.042177200317,0.69296,0.3753,0.81312,0.87254,0.8462,0.89762,0.69851,0.70324,0.38327,0.80972,0.00019800409999999998,0.00019800409999999998,0.00019800409999999998,,
yolo_v12m_20260724_192608,yolo,yolo_v12m_20260724_192608,yolo12m.pt,/root/autodl-fs/datasets/DAIR-V2X_YOLO/dairv2x.yaml,train,79,15798.43352150917,0.69368,0.37488,0.8137,0.87256,0.85017,0.89601,0.6958,0.7034,0.38325,0.81011,0.00018975739999999998,0.00018975739999999998,0.00018975739999999998,,
yolo_v12m_20260724_192608,yolo,yolo_v12m_20260724_192608,yolo12m.pt,/root/autodl-fs/datasets/DAIR-V2X_YOLO/dairv2x.yaml,train,80,15997.768271923065,0.69398,0.37531,0.81268,0.87638,0.8441,0.89607,0.69767,0.70074,0.38257,0.80916,0.00018151069999999998,0.00018151069999999998,0.00018151069999999998,,
yolo_v12m_20260724_192608,yolo,yolo_v12m_20260724_192608,yolo12m.pt,/root/autodl-fs/datasets/DAIR-V2X_YOLO/dairv2x.yaml,train,81,16197.208011388779,0.69334,0.37545,0.8124,0.87577,0.84522,0.89724,0.69845,0.70088,0.38219,0.80901,0.00017326399999999996,0.00017326399999999996,0.00017326399999999996,,
yolo_v12m_20260724_192608,yolo,yolo_v12m_20260724_192608,yolo12m.pt,/root/autodl-fs/datasets/DAIR-V2X_YOLO/dairv2x.yaml,train,82,16396.637887239456,0.69057,0.37305,0.81223,0.87905,0.84041,0.89567,0.69653,0.70073,0.38199,0.80878,0.00016501729999999994,0.00016501729999999994,0.00016501729999999994,,
yolo_v12m_20260724_192608,yolo,yolo_v12m_20260724_192608,yolo12m.pt,/root/autodl-fs/datasets/DAIR-V2X_YOLO/dairv2x.yaml,train,83,16596.1757748127,0.68936,0.3719,0.81216,0.87319,0.84719,0.89755,0.69813,0.70141,0.38234,0.80941,0.00015677060000000005,0.00015677060000000005,0.00015677060000000005,,
yolo_v12m_20260724_192608,yolo,yolo_v12m_20260724_192608,yolo12m.pt,/root/autodl-fs/datasets/DAIR-V2X_YOLO/dairv2x.yaml,train,84,16795.438808202744,0.68542,0.36866,0.81188,0.86987,0.85115,0.8973,0.69819,0.69973,0.38183,0.80902,0.00014852390000000002,0.00014852390000000002,0.00014852390000000002,,
yolo_v12m_20260724_192608,yolo,yolo_v12m_20260724_192608,yolo12m.pt,/root/autodl-fs/datasets/DAIR-V2X_YOLO/dairv2x.yaml,train,85,16995.365037679672,0.68351,0.3679,0.81125,0.87505,0.84601,0.89682,0.69834,0.69828,0.38131,0.80879,0.00014027720000000003,0.00014027720000000003,0.00014027720000000003,,
yolo_v12m_20260724_192608,yolo,yolo_v12m_20260724_192608,yolo12m.pt,/root/autodl-fs/datasets/DAIR-V2X_YOLO/dairv2x.yaml,train,86,17194.479511022568,0.6874,0.36843,0.8113,0.87,0.84768,0.89671,0.69856,0.70004,0.383,0.80885,0.00013203050000000003,0.00013203050000000003,0.00013203050000000003,,
yolo_v12m_20260724_192608,yolo,yolo_v12m_20260724_192608,yolo12m.pt,/root/autodl-fs/datasets/DAIR-V2X_YOLO/dairv2x.yaml,train,87,17394.463885068893,0.67941,0.36586,0.81041,0.87509,0.84566,0.89756,0.69901,0.7001,0.38097,0.80888,0.0001237838,0.0001237838,0.0001237838,,
yolo_v12m_20260724_192608,yolo,yolo_v12m_20260724_192608,yolo12m.pt,/root/autodl-fs/datasets/DAIR-V2X_YOLO/dairv2x.yaml,train,88,17594.07301712036,0.68027,0.36586,0.81107,0.87893,0.84284,0.89799,0.69834,0.70006,0.38156,0.80915,0.00011553710000000001,0.00011553710000000001,0.00011553710000000001,,
yolo_v12m_20260724_192608,yolo,yolo_v12m_20260724_192608,yolo12m.pt,/root/autodl-fs/datasets/DAIR-V2X_YOLO/dairv2x.yaml,train,89,17793.110943555832,0.68028,0.36374,0.81206,0.88109,0.84189,0.89665,0.69828,0.69941,0.38038,0.80922,0.0001072904,0.0001072904,0.0001072904,,
yolo_v12m_20260724_192608,yolo,yolo_v12m_20260724_192608,yolo12m.pt,/root/autodl-fs/datasets/DAIR-V2X_YOLO/dairv2x.yaml,train,90,17992.41166973114,0.68023,0.36396,0.81094,0.88076,0.84127,0.89665,0.6984,0.69953,0.38135,0.80897,9.904369999999997e-05,9.904369999999997e-05,9.904369999999997e-05,,
yolo_v12m_20260724_192608,yolo,yolo_v12m_20260724_192608,yolo12m.pt,/root/autodl-fs/datasets/DAIR-V2X_YOLO/dairv2x.yaml,train,91,18186.911561012268,0.65956,0.35373,0.80706,0.87752,0.84041,0.89413,0.69557,0.70419,0.38555,0.80973,9.079699999999998e-05,9.079699999999998e-05,9.079699999999998e-05,,
yolo_v12m_20260724_192608,yolo,yolo_v12m_20260724_192608,yolo12m.pt,/root/autodl-fs/datasets/DAIR-V2X_YOLO/dairv2x.yaml,train,92,18381.03679585457,0.65686,0.35176,0.80519,0.87596,0.84182,0.89405,0.69543,0.70347,0.38537,0.8095,8.255029999999997e-05,8.255029999999997e-05,8.255029999999997e-05,,
yolo_v12m_20260724_192608,yolo,yolo_v12m_20260724_192608,yolo12m.pt,/root/autodl-fs/datasets/DAIR-V2X_YOLO/dairv2x.yaml,train,93,18574.576127529144,0.6554,0.35045,0.80372,0.87566,0.843,0.89386,0.69511,0.70304,0.38542,0.80953,7.430359999999997e-05,7.430359999999997e-05,7.430359999999997e-05,,
yolo_v12m_20260724_192608,yolo,yolo_v12m_20260724_192608,yolo12m.pt,/root/autodl-fs/datasets/DAIR-V2X_YOLO/dairv2x.yaml,train,94,18768.953423261642,0.65234,0.34878,0.80501,0.87633,0.84355,0.89414,0.69564,0.70275,0.3845,0.80945,6.605689999999995e-05,6.605689999999995e-05,6.605689999999995e-05,,
yolo_v12m_20260724_192608,yolo,yolo_v12m_20260724_192608,yolo12m.pt,/root/autodl-fs/datasets/DAIR-V2X_YOLO/dairv2x.yaml,train,95,18962.734464406967,0.65073,0.34642,0.80402,0.87121,0.84691,0.89347,0.69565,0.70231,0.38435,0.80949,5.781020000000004e-05,5.781020000000004e-05,5.781020000000004e-05,,
yolo_v12m_20260724_192608,yolo,yolo_v12m_20260724_192608,yolo12m.pt,/root/autodl-fs/datasets/DAIR-V2X_YOLO/dairv2x.yaml,train,96,19157.112013578415,0.64714,0.34386,0.80372,0.87348,0.84383,0.89352,0.69602,0.70211,0.38458,0.80959,4.9563500000000035e-05,4.9563500000000035e-05,4.9563500000000035e-05,,
yolo_v12m_20260724_192608,yolo,yolo_v12m_20260724_192608,yolo12m.pt,/root/autodl-fs/datasets/DAIR-V2X_YOLO/dairv2x.yaml,train,97,19350.759048461914,0.64787,0.3431,0.80408,0.8747,0.84195,0.89368,0.69535,0.70265,0.38394,0.80959,4.131680000000003e-05,4.131680000000003e-05,4.131680000000003e-05,,
yolo_v12m_20260724_192608,yolo,yolo_v12m_20260724_192608,yolo12m.pt,/root/autodl-fs/datasets/DAIR-V2X_YOLO/dairv2x.yaml,train,98,19545.575755119324,0.64548,0.34276,0.80383,0.8723,0.84427,0.89502,0.69614,0.70195,0.38394,0.80962,3.307010000000002e-05,3.307010000000002e-05,3.307010000000002e-05,,
yolo_v12m_20260724_192608,yolo,yolo_v12m_20260724_192608,yolo12m.pt,/root/autodl-fs/datasets/DAIR-V2X_YOLO/dairv2x.yaml,train,99,19739.43146443367,0.64335,0.3407,0.80302,0.8695,0.8502,0.89517,0.69704,0.70128,0.38354,0.80948,2.4823400000000017e-05,2.4823400000000017e-05,2.4823400000000017e-05,,
yolo_v12m_20260724_192608,yolo,yolo_v12m_20260724_192608,yolo12m.pt,/root/autodl-fs/datasets/DAIR-V2X_YOLO/dairv2x.yaml,train,100,19933.78708100319,0.64289,0.33998,0.80305,0.87293,0.8462,0.89438,0.69683,0.70113,0.38331,0.80958,1.6576700000000007e-05,1.6576700000000007e-05,1.6576700000000007e-05,,
yolo_yolov8s_20260725_011123,yolo,yolo_yolov8s_20260725_011123,yolov8s.pt,/root/autodl-fs/datasets/DAIR-V2X_YOLO/dairv2x.yaml,train,1,77.32137370109558,1.18767,1.13245,0.92126,0.78192,0.69965,0.75939,0.49499,1.01449,0.62357,0.85915,0.0002767879746835443,0.0002767879746835443,0.0002767879746835443,,
yolo_yolov8s_20260725_011123,yolo,yolo_yolov8s_20260725_011123,yolov8s.pt,/root/autodl-fs/datasets/DAIR-V2X_YOLO/dairv2x.yaml,train,2,150.6051948070526,1.03923,0.65616,0.86812,0.79653,0.73721,0.79725,0.53353,0.97039,0.60034,0.84728,0.0005489655404008439,0.0005489655404008439,0.0005489655404008439,,
yolo_yolov8s_20260725_011123,yolo,yolo_yolov8s_20260725_011123,yolov8s.pt,/root/autodl-fs/datasets/DAIR-V2X_YOLO/dairv2x.yaml,train,3,223.166424036026,1.00191,0.61147,0.85908,0.82221,0.75262,0.81518,0.55659,0.93203,0.56099,0.84264,0.0008156453061181434,0.0008156453061181434,0.0008156453061181434,,
yolo_yolov8s_20260725_011123,yolo,yolo_yolov8s_20260725_011123,yolov8s.pt,/root/autodl-fs/datasets/DAIR-V2X_YOLO/dairv2x.yaml,train,4,295.01923084259033,0.97471,0.5884,0.85341,0.83479,0.75606,0.8227,0.56523,0.92687,0.54784,0.8392,0.0008082599,0.0008082599,0.0008082599,,
yolo_yolov8s_20260725_011123,yolo,yolo_yolov8s_20260725_011123,yolov8s.pt,/root/autodl-fs/datasets/DAIR-V2X_YOLO/dairv2x.yaml,train,5,366.6607275009155,0.95336,0.57527,0.85121,0.84597,0.76062,0.82411,0.57361,0.91143,0.53085,0.83639,0.0008000131999999999,0.0008000131999999999,0.0008000131999999999,,
yolo_yolov8s_20260725_011123,yolo,yolo_yolov8s_20260725_011123,yolov8s.pt,/root/autodl-fs/datasets/DAIR-V2X_YOLO/dairv2x.yaml,train,6,438.1675922870636,0.93997,0.56058,0.84727,0.83803,0.76297,0.82708,0.58194,0.89336,0.52104,0.83445,0.0007917665,0.0007917665,0.0007917665,,
yolo_yolov8s_20260725_011123,yolo,yolo_yolov8s_20260725_011123,yolov8s.pt,/root/autodl-fs/datasets/DAIR-V2X_YOLO/dairv2x.yaml,train,7,510.20938515663147,0.93331,0.55345,0.84617,0.82804,0.77414,0.83303,0.58242,0.88262,0.5143,0.83351,0.0007835197999999999,0.0007835197999999999,0.0007835197999999999,,
yolo_yolov8s_20260725_011123,yolo,yolo_yolov8s_20260725_011123,yolov8s.pt,/root/autodl-fs/datasets/DAIR-V2X_YOLO/dairv2x.yaml,train,8,581.8814182281494,0.91458,0.53736,0.84325,0.85288,0.77868,0.84073,0.59896,0.86526,0.50245,0.83062,0.0007752731,0.0007752731,0.0007752731,,
yolo_yolov8s_20260725_011123,yolo,yolo_yolov8s_20260725_011123,yolov8s.pt,/root/autodl-fs/datasets/DAIR-V2X_YOLO/dairv2x.yaml,train,9,653.7104136943817,0.9027,0.53339,0.84087,0.84571,0.77835,0.84709,0.60323,0.86255,0.5015,0.83076,0.0007670264,0.0007670264,0.0007670264,,
yolo_yolov8s_20260725_011123,yolo,yolo_yolov8s_20260725_011123,yolov8s.pt,/root/autodl-fs/datasets/DAIR-V2X_YOLO/dairv2x.yaml,train,10,725.2881634235382,0.89716,0.53052,0.84057,0.82394,0.77897,0.83594,0.59327,0.85746,0.50514,0.82804,0.0007587797,0.0007587797,0.0007587797,,
yolo_yolov8s_20260725_011123,yolo,yolo_yolov8s_20260725_011123,yolov8s.pt,/root/autodl-fs/datasets/DAIR-V2X_YOLO/dairv2x.yaml,train,11,796.8718640804291,0.89331,0.52601,0.83969,0.82964,0.78836,0.84376,0.59907,0.85123,0.49055,0.82937,0.000750533,0.000750533,0.000750533,,
yolo_yolov8s_20260725_011123,yolo,yolo_yolov8s_20260725_011123,yolov8s.pt,/root/autodl-fs/datasets/DAIR-V2X_YOLO/dairv2x.yaml,train,12,869.1099379062653,0.88373,0.51787,0.83796,0.85018,0.78161,0.84685,0.60092,0.85937,0.4935,0.82877,0.0007422863,0.0007422863,0.0007422863,,
yolo_yolov8s_20260725_011123,yolo,yolo_yolov8s_20260725_011123,yolov8s.pt,/root/autodl-fs/datasets/DAIR-V2X_YOLO/dairv2x.yaml,train,13,940.8361077308655,0.87665,0.51448,0.83719,0.846,0.79681,0.85172,0.61006,0.83605,0.49275,0.82515,0.0007340396,0.0007340396,0.0007340396,,
yolo_yolov8s_20260725_011123,yolo,yolo_yolov8s_20260725_011123,yolov8s.pt,/root/autodl-fs/datasets/DAIR-V2X_YOLO/dairv2x.yaml,train,14,1012.6493337154388,0.87432,0.51104,0.83608,0.83157,0.79888,0.85677,0.61527,0.8356,0.48364,0.82604,0.0007257928999999999,0.0007257928999999999,0.0007257928999999999,,
yolo_yolov8s_20260725_011123,yolo,yolo_yolov8s_20260725_011123,yolov8s.pt,/root/autodl-fs/datasets/DAIR-V2X_YOLO/dairv2x.yaml,train,15,1084.5298526287079,0.86701,0.50768,0.83345,0.85141,0.78674,0.85579,0.61368,0.83458,0.48733,0.82568,0.0007175462,0.0007175462,0.0007175462,,
yolo_yolov8s_20260725_011123,yolo,yolo_yolov8s_20260725_011123,yolov8s.pt,/root/autodl-fs/datasets/DAIR-V2X_YOLO/dairv2x.yaml,train,16,1155.9850625991821,0.85986,0.49996,0.83437,0.85109,0.80634,0.85937,0.62269,0.82368,0.47197,0.82438,0.0007092995,0.0007092995,0.0007092995,,
yolo_yolov8s_20260725_011123,yolo,yolo_yolov8s_20260725_011123,yolov8s.pt,/root/autodl-fs/datasets/DAIR-V2X_YOLO/dairv2x.yaml,train,17,1228.2526404857635,0.85415,0.49431,0.83251,0.85349,0.80475,0.85943,0.62488,0.82238,0.47043,0.82331,0.0007010528,0.0007010528,0.0007010528,,
yolo_yolov8s_20260725_011123,yolo,yolo_yolov8s_20260725_011123,yolov8s.pt,/root/autodl-fs/datasets/DAIR-V2X_YOLO/dairv2x.yaml,train,18,1300.0633034706116,0.85562,0.49663,0.83287,0.8547,0.80238,0.86229,0.6244,0.81824,0.47046,0.82266,0.0006928061,0.0006928061,0.0006928061,,
yolo_yolov8s_20260725_011123,yolo,yolo_yolov8s_20260725_011123,yolov8s.pt,/root/autodl-fs/datasets/DAIR-V2X_YOLO/dairv2x.yaml,train,19,1371.9924867153168,0.84693,0.49172,0.83192,0.85044,0.80962,0.86241,0.62379,0.81761,0.46936,0.82383,0.0006845594000000001,0.0006845594000000001,0.0006845594000000001,,
yolo_yolov8s_20260725_011123,yolo,yolo_yolov8s_20260725_011123,yolov8s.pt,/root/autodl-fs/datasets/DAIR-V2X_YOLO/dairv2x.yaml,train,20,1443.7181978225708,0.84479,0.48918,0.83112,0.85281,0.80368,0.8638,0.62856,0.80875,0.46807,0.82139,0.0006763127,0.0006763127,0.0006763127,,
yolo_yolov8s_20260725_011123,yolo,yolo_yolov8s_20260725_011123,yolov8s.pt,/root/autodl-fs/datasets/DAIR-V2X_YOLO/dairv2x.yaml,train,21,1515.615643978119,0.84597,0.49109,0.83049,0.86497,0.79964,0.86712,0.62884,0.81506,0.46321,0.82254,0.000668066,0.000668066,0.000668066,,
yolo_yolov8s_20260725_011123,yolo,yolo_yolov8s_20260725_011123,yolov8s.pt,/root/autodl-fs/datasets/DAIR-V2X_YOLO/dairv2x.yaml,train,22,1587.718721151352,0.83923,0.48413,0.82948,0.84556,0.8223,0.86878,0.63427,0.80968,0.4629,0.82108,0.0006598193,0.0006598193,0.0006598193,,
yolo_yolov8s_20260725_011123,yolo,yolo_yolov8s_20260725_011123,yolov8s.pt,/root/autodl-fs/datasets/DAIR-V2X_YOLO/dairv2x.yaml,train,23,1660.0226373672485,0.83835,0.4835,0.82909,0.85985,0.80644,0.86869,0.63223,0.81331,0.46681,0.82187,0.0006515726,0.0006515726,0.0006515726,,
yolo_yolov8s_20260725_011123,yolo,yolo_yolov8s_20260725_011123,yolov8s.pt,/root/autodl-fs/datasets/DAIR-V2X_YOLO/dairv2x.yaml,train,24,1731.9263422489166,0.83313,0.48333,0.83006,0.84579,0.81727,0.87231,0.63521,0.80395,0.46178,0.82011,0.0006433259,0.0006433259,0.0006433259,,
yolo_yolov8s_20260725_011123,yolo,yolo_yolov8s_20260725_011123,yolov8s.pt,/root/autodl-fs/datasets/DAIR-V2X_YOLO/dairv2x.yaml,train,25,1803.935395002365,0.83302,0.47958,0.82876,0.8546,0.81625,0.87069,0.63813,0.79931,0.45824,0.8197,0.0006350791999999999,0.0006350791999999999,0.0006350791999999999,,
yolo_yolov8s_20260725_011123,yolo,yolo_yolov8s_20260725_011123,yolov8s.pt,/root/autodl-fs/datasets/DAIR-V2X_YOLO/dairv2x.yaml,train,26,1875.5032370090485,0.82719,0.47633,0.82789,0.86325,0.80673,0.86964,0.63778,0.80035,0.45779,0.8195,0.0006268325,0.0006268325,0.0006268325,,
yolo_yolov8s_20260725_011123,yolo,yolo_yolov8s_20260725_011123,yolov8s.pt,/root/autodl-fs/datasets/DAIR-V2X_YOLO/dairv2x.yaml,train,27,1947.8473958969116,0.82729,0.47493,0.82724,0.85696,0.81401,0.86972,0.63635,0.7939,0.45395,0.81864,0.0006185858,0.0006185858,0.0006185858,,
yolo_yolov8s_20260725_011123,yolo,yolo_yolov8s_20260725_011123,yolov8s.pt,/root/autodl-fs/datasets/DAIR-V2X_YOLO/dairv2x.yaml,train,28,2019.8625175952911,0.82983,0.47979,0.82863,0.85162,0.8203,0.87067,0.63718,0.79985,0.45564,0.82006,0.0006103391,0.0006103391,0.0006103391,,
yolo_yolov8s_20260725_011123,yolo,yolo_yolov8s_20260725_011123,yolov8s.pt,/root/autodl-fs/datasets/DAIR-V2X_YOLO/dairv2x.yaml,train,29,2091.747311115265,0.82516,0.47512,0.82729,0.85502,0.81214,0.87063,0.6363,0.796,0.45689,0.81906,0.0006020924,0.0006020924,0.0006020924,,
yolo_yolov8s_20260725_011123,yolo,yolo_yolov8s_20260725_011123,yolov8s.pt,/root/autodl-fs/datasets/DAIR-V2X_YOLO/dairv2x.yaml,train,30,2163.313993692398,0.81663,0.46917,0.8257,0.86138,0.80488,0.86954,0.6388,0.79375,0.4537,0.81866,0.0005938457,0.0005938457,0.0005938457,,
yolo_yolov8s_20260725_011123,yolo,yolo_yolov8s_20260725_011123,yolov8s.pt,/root/autodl-fs/datasets/DAIR-V2X_YOLO/dairv2x.yaml,train,31,2235.1184544563293,0.81816,0.46868,0.82583,0.85661,0.81221,0.87187,0.64454,0.78996,0.44928,0.81841,0.0005855989999999999,0.0005855989999999999,0.0005855989999999999,,
yolo_yolov8s_20260725_011123,yolo,yolo_yolov8s_20260725_011123,yolov8s.pt,/root/autodl-fs/datasets/DAIR-V2X_YOLO/dairv2x.yaml,train,32,2307.295634508133,0.81402,0.46762,0.82546,0.85929,0.81421,0.87417,0.64659,0.79237,0.44584,0.81822,0.0005773522999999999,0.0005773522999999999,0.0005773522999999999,,
yolo_yolov8s_20260725_011123,yolo,yolo_yolov8s_20260725_011123,yolov8s.pt,/root/autodl-fs/datasets/DAIR-V2X_YOLO/dairv2x.yaml,train,33,2379.208610057831,0.81079,0.46333,0.82475,0.85405,0.8236,0.87671,0.64741,0.78576,0.44621,0.81809,0.0005691056,0.0005691056,0.0005691056,,
yolo_yolov8s_20260725_011123,yolo,yolo_yolov8s_20260725_011123,yolov8s.pt,/root/autodl-fs/datasets/DAIR-V2X_YOLO/dairv2x.yaml,train,34,2451.004562854767,0.81069,0.46759,0.82499,0.8572,0.81576,0.87279,0.64357,0.78416,0.44786,0.81699,0.0005608588999999999,0.0005608588999999999,0.0005608588999999999,,
yolo_yolov8s_20260725_011123,yolo,yolo_yolov8s_20260725_011123,yolov8s.pt,/root/autodl-fs/datasets/DAIR-V2X_YOLO/dairv2x.yaml,train,35,2522.4531462192535,0.80914,0.46296,0.82489,0.85683,0.82433,0.87526,0.64638,0.78592,0.44668,0.8174,0.0005526121999999999,0.0005526121999999999,0.0005526121999999999,,
yolo_yolov8s_20260725_011123,yolo,yolo_yolov8s_20260725_011123,yolov8s.pt,/root/autodl-fs/datasets/DAIR-V2X_YOLO/dairv2x.yaml,train,36,2594.032742023468,0.80546,0.4602,0.82393,0.86218,0.81643,0.87859,0.65085,0.78058,0.44247,0.81662,0.0005443655,0.0005443655,0.0005443655,,
yolo_yolov8s_20260725_011123,yolo,yolo_yolov8s_20260725_011123,yolov8s.pt,/root/autodl-fs/datasets/DAIR-V2X_YOLO/dairv2x.yaml,train,37,2666.3899788856506,0.80551,0.46064,0.82352,0.85482,0.82589,0.87292,0.64634,0.78019,0.44201,0.81681,0.0005361188,0.0005361188,0.0005361188,,
yolo_yolov8s_20260725_011123,yolo,yolo_yolov8s_20260725_011123,yolov8s.pt,/root/autodl-fs/datasets/DAIR-V2X_YOLO/dairv2x.yaml,train,38,2738.3001017570496,0.80487,0.45898,0.82403,0.86102,0.82289,0.87746,0.65028,0.7825,0.4406,0.81757,0.0005278721,0.0005278721,0.0005278721,,
yolo_yolov8s_20260725_011123,yolo,yolo_yolov8s_20260725_011123,yolov8s.pt,/root/autodl-fs/datasets/DAIR-V2X_YOLO/dairv2x.yaml,train,39,2810.0182490348816,0.80058,0.45942,0.82374,0.86433,0.81976,0.8786,0.65078,0.77868,0.4389,0.81623,0.0005196254,0.0005196254,0.0005196254,,
yolo_yolov8s_20260725_011123,yolo,yolo_yolov8s_20260725_011123,yolov8s.pt,/root/autodl-fs/datasets/DAIR-V2X_YOLO/dairv2x.yaml,train,40,2881.5286321640015,0.80027,0.4563,0.82234,0.85737,0.82571,0.87724,0.65079,0.77853,0.4369,0.81635,0.0005113787,0.0005113787,0.0005113787,,
yolo_yolov8s_20260725_011123,yolo,yolo_yolov8s_20260725_011123,yolov8s.pt,/root/autodl-fs/datasets/DAIR-V2X_YOLO/dairv2x.yaml,train,41,2953.0528767108917,0.79744,0.45322,0.82381,0.85652,0.82766,0.88075,0.65485,0.77069,0.4354,0.81447,0.000503132,0.000503132,0.000503132,,
yolo_yolov8s_20260725_011123,yolo,yolo_yolov8s_20260725_011123,yolov8s.pt,/root/autodl-fs/datasets/DAIR-V2X_YOLO/dairv2x.yaml,train,42,3025.214519262314,0.79617,0.45272,0.82239,0.85583,0.82124,0.87762,0.65131,0.77308,0.43807,0.81591,0.0004948853,0.0004948853,0.0004948853,,
yolo_yolov8s_20260725_011123,yolo,yolo_yolov8s_20260725_011123,yolov8s.pt,/root/autodl-fs/datasets/DAIR-V2X_YOLO/dairv2x.yaml,train,43,3097.1272389888763,0.7925,0.45073,0.82215,0.85699,0.82985,0.88062,0.65752,0.76922,0.43526,0.81521,0.00048663860000000005,0.00048663860000000005,0.00048663860000000005,,
yolo_yolov8s_20260725_011123,yolo,yolo_yolov8s_20260725_011123,yolov8s.pt,/root/autodl-fs/datasets/DAIR-V2X_YOLO/dairv2x.yaml,train,44,3168.915172100067,0.79429,0.4517,0.82129,0.85225,0.82973,0.87933,0.65771,0.77037,0.43525,0.81498,0.00047839190000000003,0.00047839190000000003,0.00047839190000000003,,
yolo_yolov8s_20260725_011123,yolo,yolo_yolov8s_20260725_011123,yolov8s.pt,/root/autodl-fs/datasets/DAIR-V2X_YOLO/dairv2x.yaml,train,45,3240.7385041713715,0.78731,0.44689,0.8203,0.86448,0.82702,0.87983,0.65798,0.7667,0.43289,0.81505,0.0004701452,0.0004701452,0.0004701452,,
yolo_yolov8s_20260725_011123,yolo,yolo_yolov8s_20260725_011123,yolov8s.pt,/root/autodl-fs/datasets/DAIR-V2X_YOLO/dairv2x.yaml,train,46,3312.303849220276,0.78746,0.44603,0.82163,0.86261,0.82914,0.88198,0.65759,0.76927,0.43173,0.81477,0.0004618985,0.0004618985,0.0004618985,,
yolo_yolov8s_20260725_011123,yolo,yolo_yolov8s_20260725_011123,yolov8s.pt,/root/autodl-fs/datasets/DAIR-V2X_YOLO/dairv2x.yaml,train,47,3384.338308095932,0.78742,0.44625,0.82031,0.86344,0.82083,0.88001,0.65644,0.76678,0.43156,0.81463,0.00045365180000000007,0.00045365180000000007,0.00045365180000000007,,
yolo_yolov8s_20260725_011123,yolo,yolo_yolov8s_20260725_011123,yolov8s.pt,/root/autodl-fs/datasets/DAIR-V2X_YOLO/dairv2x.yaml,train,48,3456.212333679199,0.7861,0.44646,0.82156,0.85737,0.82661,0.88013,0.65746,0.76815,0.43217,0.81477,0.00044540510000000004,0.00044540510000000004,0.00044540510000000004,,
yolo_yolov8s_20260725_011123,yolo,yolo_yolov8s_20260725_011123,yolov8s.pt,/root/autodl-fs/datasets/DAIR-V2X_YOLO/dairv2x.yaml,train,49,3527.9671664237976,0.78311,0.44179,0.82053,0.85485,0.83161,0.87956,0.65729,0.7646,0.42929,0.81442,0.0004371584,0.0004371584,0.0004371584,,
yolo_yolov8s_20260725_011123,yolo,yolo_yolov8s_20260725_011123,yolov8s.pt,/root/autodl-fs/datasets/DAIR-V2X_YOLO/dairv2x.yaml,train,50,3599.4420371055603,0.78176,0.44203,0.82039,0.86444,0.82455,0.87937,0.65846,0.7639,0.42824,0.81458,0.0004289117,0.0004289117,0.0004289117,,
yolo_yolov8s_20260725_011123,yolo,yolo_yolov8s_20260725_011123,yolov8s.pt,/root/autodl-fs/datasets/DAIR-V2X_YOLO/dairv2x.yaml,train,51,3670.9683203697205,0.78044,0.43956,0.81985,0.85967,0.82855,0.88455,0.66016,0.76371,0.42689,0.81484,0.00042066499999999997,0.00042066499999999997,0.00042066499999999997,,
yolo_yolov8s_20260725_011123,yolo,yolo_yolov8s_20260725_011123,yolov8s.pt,/root/autodl-fs/datasets/DAIR-V2X_YOLO/dairv2x.yaml,train,52,3742.9691104888916,0.77622,0.43725,0.81984,0.86181,0.83079,0.88258,0.65984,0.76129,0.42771,0.81388,0.00041241829999999995,0.00041241829999999995,0.00041241829999999995,,
yolo_yolov8s_20260725_011123,yolo,yolo_yolov8s_20260725_011123,yolov8s.pt,/root/autodl-fs/datasets/DAIR-V2X_YOLO/dairv2x.yaml,train,53,3814.8302731513977,0.77581,0.43742,0.81915,0.86565,0.82654,0.88061,0.66064,0.76081,0.42697,0.8141,0.0004041716,0.0004041716,0.0004041716,,
yolo_yolov8s_20260725_011123,yolo,yolo_yolov8s_20260725_011123,yolov8s.pt,/root/autodl-fs/datasets/DAIR-V2X_YOLO/dairv2x.yaml,train,54,3886.607631921768,0.77721,0.43649,0.81996,0.86496,0.8259,0.87774,0.65743,0.75908,0.4273,0.81404,0.0003959249,0.0003959249,0.0003959249,,
yolo_yolov8s_20260725_011123,yolo,yolo_yolov8s_20260725_011123,yolov8s.pt,/root/autodl-fs/datasets/DAIR-V2X_YOLO/dairv2x.yaml,train,55,3958.315001010895,0.77462,0.43545,0.81868,0.86328,0.82961,0.88171,0.66069,0.75913,0.42617,0.81417,0.0003876782,0.0003876782,0.0003876782,,
yolo_yolov8s_20260725_011123,yolo,yolo_yolov8s_20260725_011123,yolov8s.pt,/root/autodl-fs/datasets/DAIR-V2X_YOLO/dairv2x.yaml,train,56,4030.0318689346313,0.77299,0.43535,0.81891,0.8701,0.82489,0.88109,0.66034,0.75944,0.42488,0.81403,0.00037943149999999996,0.00037943149999999996,0.00037943149999999996,,
yolo_yolov8s_20260725_011123,yolo,yolo_yolov8s_20260725_011123,yolov8s.pt,/root/autodl-fs/datasets/DAIR-V2X_YOLO/dairv2x.yaml,train,57,4102.114661693573,0.77315,0.43352,0.819,0.86155,0.83946,0.88394,0.66369,0.75742,0.42253,0.81379,0.00037118479999999994,0.00037118479999999994,0.00037118479999999994,,
yolo_yolov8s_20260725_011123,yolo,yolo_yolov8s_20260725_011123,yolov8s.pt,/root/autodl-fs/datasets/DAIR-V2X_YOLO/dairv2x.yaml,train,58,4174.070737123489,0.76715,0.43147,0.81829,0.86502,0.83379,0.8833,0.66053,0.75754,0.42351,0.81382,0.0003629381,0.0003629381,0.0003629381,,
yolo_yolov8s_20260725_011123,yolo,yolo_yolov8s_20260725_011123,yolov8s.pt,/root/autodl-fs/datasets/DAIR-V2X_YOLO/dairv2x.yaml,train,59,4245.832943916321,0.76848,0.43142,0.81808,0.8638,0.83381,0.88678,0.66692,0.75401,0.41923,0.81353,0.00035469140000000005,0.00035469140000000005,0.00035469140000000005,,
yolo_yolov8s_20260725_011123,yolo,yolo_yolov8s_20260725_011123,yolov8s.pt,/root/autodl-fs/datasets/DAIR-V2X_YOLO/dairv2x.yaml,train,60,4317.5173099040985,0.76854,0.43042,0.8179,0.87266,0.83234,0.88832,0.66626,0.75237,0.41926,0.81314,0.00034644470000000003,0.00034644470000000003,0.00034644470000000003,,
yolo_yolov8s_20260725_011123,yolo,yolo_yolov8s_20260725_011123,yolov8s.pt,/root/autodl-fs/datasets/DAIR-V2X_YOLO/dairv2x.yaml,train,61,4389.112879514694,0.76578,0.43048,0.81732,0.86857,0.83001,0.88462,0.66431,0.75428,0.41899,0.81312,0.000338198,0.000338198,0.000338198,,
yolo_yolov8s_20260725_011123,yolo,yolo_yolov8s_20260725_011123,yolov8s.pt,/root/autodl-fs/datasets/DAIR-V2X_YOLO/dairv2x.yaml,train,62,4461.046162366867,0.76399,0.42765,0.81832,0.85638,0.83987,0.88452,0.66446,0.75314,0.41851,0.8131,0.0003299513,0.0003299513,0.0003299513,,
yolo_yolov8s_20260725_011123,yolo,yolo_yolov8s_20260725_011123,yolov8s.pt,/root/autodl-fs/datasets/DAIR-V2X_YOLO/dairv2x.yaml,train,63,4532.794246912003,0.76171,0.4262,0.81677,0.86991,0.82732,0.88511,0.66709,0.75134,0.41866,0.81258,0.00032170459999999996,0.00032170459999999996,0.00032170459999999996,,
yolo_yolov8s_20260725_011123,yolo,yolo_yolov8s_20260725_011123,yolov8s.pt,/root/autodl-fs/datasets/DAIR-V2X_YOLO/dairv2x.yaml,train,64,4604.774074792862,0.76191,0.42556,0.81678,0.85841,0.83899,0.8845,0.66723,0.74966,0.4183,0.81247,0.0003134579,0.0003134579,0.0003134579,,
yolo_yolov8s_20260725_011123,yolo,yolo_yolov8s_20260725_011123,yolov8s.pt,/root/autodl-fs/datasets/DAIR-V2X_YOLO/dairv2x.yaml,train,65,4676.557236194611,0.75773,0.42247,0.8171,0.86438,0.82948,0.88344,0.66636,0.75179,0.41723,0.81279,0.0003052112,0.0003052112,0.0003052112,,
yolo_yolov8s_20260725_011123,yolo,yolo_yolov8s_20260725_011123,yolov8s.pt,/root/autodl-fs/datasets/DAIR-V2X_YOLO/dairv2x.yaml,train,66,4748.573153495789,0.75764,0.42311,0.81684,0.85364,0.84244,0.88473,0.66699,0.74888,0.41585,0.81263,0.0002969645,0.0002969645,0.0002969645,,
yolo_yolov8s_20260725_011123,yolo,yolo_yolov8s_20260725_011123,yolov8s.pt,/root/autodl-fs/datasets/DAIR-V2X_YOLO/dairv2x.yaml,train,67,4820.891592979431,0.75851,0.42179,0.81599,0.86009,0.83537,0.88409,0.66738,0.74973,0.41524,0.81257,0.00028871779999999997,0.00028871779999999997,0.00028871779999999997,,
yolo_yolov8s_20260725_011123,yolo,yolo_yolov8s_20260725_011123,yolov8s.pt,/root/autodl-fs/datasets/DAIR-V2X_YOLO/dairv2x.yaml,train,68,4892.816971063614,0.75595,0.42108,0.81598,0.86156,0.83683,0.88267,0.66663,0.74791,0.41534,0.81213,0.00028047109999999994,0.00028047109999999994,0.00028047109999999994,,
yolo_yolov8s_20260725_011123,yolo,yolo_yolov8s_20260725_011123,yolov8s.pt,/root/autodl-fs/datasets/DAIR-V2X_YOLO/dairv2x.yaml,train,69,4964.608893632889,0.75333,0.41823,0.81579,0.86821,0.83197,0.88668,0.66859,0.74969,0.41646,0.81259,0.0002722244,0.0002722244,0.0002722244,,
yolo_yolov8s_20260725_011123,yolo,yolo_yolov8s_20260725_011123,yolov8s.pt,/root/autodl-fs/datasets/DAIR-V2X_YOLO/dairv2x.yaml,train,70,5036.744048118591,0.75115,0.41649,0.81535,0.86099,0.83776,0.88545,0.66882,0.74883,0.41451,0.81198,0.00026397770000000006,0.00026397770000000006,0.00026397770000000006,,
yolo_yolov8s_20260725_011123,yolo,yolo_yolov8s_20260725_011123,yolov8s.pt,/root/autodl-fs/datasets/DAIR-V2X_YOLO/dairv2x.yaml,train,71,5108.541132926941,0.7551,0.41948,0.8159,0.86146,0.83696,0.88399,0.66763,0.74753,0.41343,0.81219,0.00025573100000000004,0.00025573100000000004,0.00025573100000000004,,
yolo_yolov8s_20260725_011123,yolo,yolo_yolov8s_20260725_011123,yolov8s.pt,/root/autodl-fs/datasets/DAIR-V2X_YOLO/dairv2x.yaml,train,72,5180.742962360382,0.75213,0.41596,0.81505,0.87016,0.83074,0.88539,0.66886,0.74847,0.41292,0.812,0.0002474843,0.0002474843,0.0002474843,,
yolo_yolov8s_20260725_011123,yolo,yolo_yolov8s_20260725_011123,yolov8s.pt,/root/autodl-fs/datasets/DAIR-V2X_YOLO/dairv2x.yaml,train,73,5252.775217533112,0.74754,0.41428,0.81484,0.86862,0.8324,0.88492,0.66915,0.74599,0.41166,0.81186,0.0002392376,0.0002392376,0.0002392376,,
yolo_yolov8s_20260725_011123,yolo,yolo_yolov8s_20260725_011123,yolov8s.pt,/root/autodl-fs/datasets/DAIR-V2X_YOLO/dairv2x.yaml,train,74,5324.667419433594,0.74836,0.41585,0.81507,0.86466,0.8374,0.88475,0.66883,0.74315,0.41135,0.81158,0.00023099090000000002,0.00023099090000000002,0.00023099090000000002,,
yolo_yolov8s_20260725_011123,yolo,yolo_yolov8s_20260725_011123,yolov8s.pt,/root/autodl-fs/datasets/DAIR-V2X_YOLO/dairv2x.yaml,train,75,5396.425226211548,0.7459,0.41228,0.81419,0.85968,0.83618,0.88239,0.66697,0.74519,0.41111,0.81179,0.00022274420000000002,0.00022274420000000002,0.00022274420000000002,,
yolo_yolov8s_20260725_011123,yolo,yolo_yolov8s_20260725_011123,yolov8s.pt,/root/autodl-fs/datasets/DAIR-V2X_YOLO/dairv2x.yaml,train,76,5468.511098384857,0.74443,0.41095,0.81485,0.8613,0.83845,0.88633,0.67017,0.74498,0.40916,0.81195,0.0002144975,0.0002144975,0.0002144975,,
yolo_yolov8s_20260725_011123,yolo,yolo_yolov8s_20260725_011123,yolov8s.pt,/root/autodl-fs/datasets/DAIR-V2X_YOLO/dairv2x.yaml,train,77,5540.676739454269,0.74201,0.41119,0.81478,0.86155,0.83913,0.88681,0.67024,0.74635,0.41001,0.81203,0.00020625079999999997,0.00020625079999999997,0.00020625079999999997,,
yolo_yolov8s_20260725_011123,yolo,yolo_yolov8s_20260725_011123,yolov8s.pt,/root/autodl-fs/datasets/DAIR-V2X_YOLO/dairv2x.yaml,train,78,5612.682297706604,0.742,0.40997,0.81469,0.86894,0.83339,0.88648,0.67036,0.74359,0.41065,0.81158,0.00019800409999999998,0.00019800409999999998,0.00019800409999999998,,
yolo_yolov8s_20260725_011123,yolo,yolo_yolov8s_20260725_011123,yolov8s.pt,/root/autodl-fs/datasets/DAIR-V2X_YOLO/dairv2x.yaml,train,79,5684.52644276619,0.73905,0.40834,0.81292,0.85962,0.84265,0.88508,0.67116,0.74045,0.40948,0.81112,0.00018975739999999998,0.00018975739999999998,0.00018975739999999998,,
yolo_yolov8s_20260725_011123,yolo,yolo_yolov8s_20260725_011123,yolov8s.pt,/root/autodl-fs/datasets/DAIR-V2X_YOLO/dairv2x.yaml,train,80,5756.153759241104,0.74008,0.40844,0.8132,0.86417,0.83751,0.88501,0.66965,0.74132,0.4094,0.8112,0.00018151069999999998,0.00018151069999999998,0.00018151069999999998,,
yolo_yolov8s_20260725_011123,yolo,yolo_yolov8s_20260725_011123,yolov8s.pt,/root/autodl-fs/datasets/DAIR-V2X_YOLO/dairv2x.yaml,train,81,5827.682521343231,0.73656,0.4063,0.81355,0.86508,0.83774,0.88622,0.67051,0.74145,0.40879,0.81122,0.00017326399999999996,0.00017326399999999996,0.00017326399999999996,,
yolo_yolov8s_20260725_011123,yolo,yolo_yolov8s_20260725_011123,yolov8s.pt,/root/autodl-fs/datasets/DAIR-V2X_YOLO/dairv2x.yaml,train,82,5899.811272621155,0.7353,0.40512,0.81332,0.8635,0.84147,0.88647,0.67277,0.74145,0.40782,0.81112,0.00016501729999999994,0.00016501729999999994,0.00016501729999999994,,
yolo_yolov8s_20260725_011123,yolo,yolo_yolov8s_20260725_011123,yolov8s.pt,/root/autodl-fs/datasets/DAIR-V2X_YOLO/dairv2x.yaml,train,83,5971.689872264862,0.73616,0.4042,0.81358,0.86129,0.84099,0.88513,0.67168,0.74194,0.40859,0.81095,0.00015677060000000005,0.00015677060000000005,0.00015677060000000005,,
yolo_yolov8s_20260725_011123,yolo,yolo_yolov8s_20260725_011123,yolov8s.pt,/root/autodl-fs/datasets/DAIR-V2X_YOLO/dairv2x.yaml,train,84,6043.834636688232,0.73403,0.40324,0.81269,0.8671,0.83774,0.88472,0.67058,0.74168,0.40952,0.81107,0.00014852390000000002,0.00014852390000000002,0.00014852390000000002,,
yolo_yolov8s_20260725_011123,yolo,yolo_yolov8s_20260725_011123,yolov8s.pt,/root/autodl-fs/datasets/DAIR-V2X_YOLO/dairv2x.yaml,train,85,6115.736414432526,0.73202,0.4021,0.81294,0.86182,0.84064,0.88589,0.67132,0.74143,0.41052,0.81116,0.00014027720000000003,0.00014027720000000003,0.00014027720000000003,,
yolo_yolov8s_20260725_011123,yolo,yolo_yolov8s_20260725_011123,yolov8s.pt,/root/autodl-fs/datasets/DAIR-V2X_YOLO/dairv2x.yaml,train,86,6187.425099611282,0.7323,0.40117,0.81203,0.86546,0.84196,0.88581,0.67214,0.73989,0.4086,0.81103,0.00013203050000000003,0.00013203050000000003,0.00013203050000000003,,
yolo_yolov8s_20260725_011123,yolo,yolo_yolov8s_20260725_011123,yolov8s.pt,/root/autodl-fs/datasets/DAIR-V2X_YOLO/dairv2x.yaml,train,87,6259.517189502716,0.73121,0.40033,0.81255,0.868,0.83691,0.88503,0.67157,0.74122,0.4085,0.81107,0.0001237838,0.0001237838,0.0001237838,,
yolo_yolov8s_20260725_011123,yolo,yolo_yolov8s_20260725_011123,yolov8s.pt,/root/autodl-fs/datasets/DAIR-V2X_YOLO/dairv2x.yaml,train,88,6331.243908405304,0.72772,0.39933,0.81244,0.86595,0.83507,0.88604,0.67224,0.7404,0.4082,0.81114,0.00011553710000000001,0.00011553710000000001,0.00011553710000000001,,
yolo_yolov8s_20260725_011123,yolo,yolo_yolov8s_20260725_011123,yolov8s.pt,/root/autodl-fs/datasets/DAIR-V2X_YOLO/dairv2x.yaml,train,89,6403.080114126205,0.72603,0.39827,0.81249,0.86395,0.83846,0.88604,0.67162,0.74093,0.40782,0.81104,0.0001072904,0.0001072904,0.0001072904,,
yolo_yolov8s_20260725_011123,yolo,yolo_yolov8s_20260725_011123,yolov8s.pt,/root/autodl-fs/datasets/DAIR-V2X_YOLO/dairv2x.yaml,train,90,6474.678343296051,0.7283,0.39859,0.81274,0.86196,0.84003,0.8847,0.67159,0.73949,0.40665,0.81096,9.904369999999997e-05,9.904369999999997e-05,9.904369999999997e-05,,
yolo_yolov8s_20260725_011123,yolo,yolo_yolov8s_20260725_011123,yolov8s.pt,/root/autodl-fs/datasets/DAIR-V2X_YOLO/dairv2x.yaml,train,91,6541.547272443771,0.70413,0.3865,0.8077,0.8642,0.8363,0.88401,0.66909,0.74474,0.40986,0.81179,9.079699999999998e-05,9.079699999999998e-05,9.079699999999998e-05,,
yolo_yolov8s_20260725_011123,yolo,yolo_yolov8s_20260725_011123,yolov8s.pt,/root/autodl-fs/datasets/DAIR-V2X_YOLO/dairv2x.yaml,train,92,6608.126624345779,0.70124,0.38267,0.8061,0.86643,0.83233,0.88506,0.66939,0.74551,0.40986,0.81172,8.255029999999997e-05,8.255029999999997e-05,8.255029999999997e-05,,
yolo_yolov8s_20260725_011123,yolo,yolo_yolov8s_20260725_011123,yolov8s.pt,/root/autodl-fs/datasets/DAIR-V2X_YOLO/dairv2x.yaml,train,93,6674.590487241745,0.69615,0.38042,0.80634,0.86507,0.8322,0.88556,0.66947,0.74405,0.40939,0.81172,7.430359999999997e-05,7.430359999999997e-05,7.430359999999997e-05,,
yolo_yolov8s_20260725_011123,yolo,yolo_yolov8s_20260725_011123,yolov8s.pt,/root/autodl-fs/datasets/DAIR-V2X_YOLO/dairv2x.yaml,train,94,6740.973587274551,0.6948,0.37949,0.80701,0.86539,0.83382,0.88541,0.6701,0.74313,0.40884,0.81139,6.605689999999995e-05,6.605689999999995e-05,6.605689999999995e-05,,
yolo_yolov8s_20260725_011123,yolo,yolo_yolov8s_20260725_011123,yolov8s.pt,/root/autodl-fs/datasets/DAIR-V2X_YOLO/dairv2x.yaml,train,95,6807.312063217163,0.69188,0.37715,0.80581,0.86918,0.82978,0.88355,0.66956,0.74201,0.40899,0.81134,5.781020000000004e-05,5.781020000000004e-05,5.781020000000004e-05,,
yolo_yolov8s_20260725_011123,yolo,yolo_yolov8s_20260725_011123,yolov8s.pt,/root/autodl-fs/datasets/DAIR-V2X_YOLO/dairv2x.yaml,train,96,6873.669350147247,0.6908,0.37607,0.80572,0.86728,0.83231,0.8843,0.66997,0.74167,0.4083,0.81133,4.9563500000000035e-05,4.9563500000000035e-05,4.9563500000000035e-05,,
yolo_yolov8s_20260725_011123,yolo,yolo_yolov8s_20260725_011123,yolov8s.pt,/root/autodl-fs/datasets/DAIR-V2X_YOLO/dairv2x.yaml,train,97,6939.884933948517,0.68994,0.37454,0.8053,0.87074,0.82804,0.88475,0.6702,0.74158,0.40791,0.81127,4.131680000000003e-05,4.131680000000003e-05,4.131680000000003e-05,,
yolo_yolov8s_20260725_011123,yolo,yolo_yolov8s_20260725_011123,yolov8s.pt,/root/autodl-fs/datasets/DAIR-V2X_YOLO/dairv2x.yaml,train,98,7006.520240306854,0.68829,0.37376,0.80506,0.86755,0.83026,0.88462,0.67079,0.74197,0.40768,0.8113,3.307010000000002e-05,3.307010000000002e-05,3.307010000000002e-05,,
yolo_yolov8s_20260725_011123,yolo,yolo_yolov8s_20260725_011123,yolov8s.pt,/root/autodl-fs/datasets/DAIR-V2X_YOLO/dairv2x.yaml,train,99,7073.3225066661835,0.68491,0.37134,0.80444,0.87279,0.82756,0.88444,0.67065,0.74113,0.4077,0.8113,2.4823400000000017e-05,2.4823400000000017e-05,2.4823400000000017e-05,,
yolo_yolov8s_20260725_011123,yolo,yolo_yolov8s_20260725_011123,yolov8s.pt,/root/autodl-fs/datasets/DAIR-V2X_YOLO/dairv2x.yaml,train,100,7139.685340642929,0.68599,0.37193,0.80485,0.86902,0.82934,0.88484,0.67114,0.7409,0.40719,0.81124,1.6576700000000007e-05,1.6576700000000007e-05,1.6576700000000007e-05,,
yolo_yolov8m_20260724_192254,yolo,yolo_yolov8m_20260724_192254,experiments/yolo/logs/uadetrac/yolo_yolov8m_20260724_192254/weights/last.pt,/root/autodl-fs/datasets/UA-DETRAC_YOLO/data.yaml,train,2,134.55106806755066,0.89562,0.63154,0.96375,0.75403,0.63938,0.74232,0.503,1.13731,0.74897,1.10606,0.000824424321086262,0.000824424321086262,0.000824424321086262,,
yolo_yolov8m_20260724_192254,yolo,yolo_yolov8m_20260724_192254,experiments/yolo/logs/uadetrac/yolo_yolov8m_20260724_192254/weights/last.pt,/root/autodl-fs/datasets/UA-DETRAC_YOLO/data.yaml,train,3,266.33946228027344,0.90747,0.62705,0.97465,0.82292,0.66864,0.737,0.51034,1.09692,0.72833,1.07837,0.0012245975772097975,0.0012245975772097975,0.0012245975772097975,,
yolo_yolov8m_20260724_192254,yolo,yolo_yolov8m_20260724_192254,experiments/yolo/logs/uadetrac/yolo_yolov8m_20260724_192254/weights/last.pt,/root/autodl-fs/datasets/UA-DETRAC_YOLO/data.yaml,train,4,398.42489075660706,0.87624,0.58714,0.96203,0.86682,0.67427,0.77466,0.54887,1.05847,0.69966,1.06635,0.001212875,0.001212875,0.001212875,,
yolo_yolov8m_20260724_192254,yolo,yolo_yolov8m_20260724_192254,experiments/yolo/logs/uadetrac/yolo_yolov8m_20260724_192254/weights/last.pt,/root/autodl-fs/datasets/UA-DETRAC_YOLO/data.yaml,train,5,529.8432319164276,0.83755,0.5401,0.94778,0.8306,0.72849,0.79046,0.55124,1.05481,0.64857,1.05888,0.0012005,0.0012005,0.0012005,,
yolo_yolov8m_20260724_192254,yolo,yolo_yolov8m_20260724_192254,experiments/yolo/logs/uadetrac/yolo_yolov8m_20260724_192254/weights/last.pt,/root/autodl-fs/datasets/UA-DETRAC_YOLO/data.yaml,train,6,659.6740229129791,0.82476,0.528,0.94412,0.79266,0.68009,0.79711,0.57289,1.0381,0.63251,1.05687,0.001188125,0.001188125,0.001188125,,
yolo_yolov8m_20260724_192254,yolo,yolo_yolov8m_20260724_192254,experiments/yolo/logs/uadetrac/yolo_yolov8m_20260724_192254/weights/last.pt,/root/autodl-fs/datasets/UA-DETRAC_YOLO/data.yaml,train,7,789.8014640808105,0.79879,0.50445,0.93562,0.82835,0.70555,0.79732,0.569,1.05263,0.62673,1.07061,0.00117575,0.00117575,0.00117575,,
yolo_yolov8m_20260724_192254,yolo,yolo_yolov8m_20260724_192254,experiments/yolo/logs/uadetrac/yolo_yolov8m_20260724_192254/weights/last.pt,/root/autodl-fs/datasets/UA-DETRAC_YOLO/data.yaml,train,8,917.274795293808,0.78566,0.49338,0.93064,0.86793,0.73793,0.82839,0.60962,1.03375,0.62544,1.04047,0.001163375,0.001163375,0.001163375,,
yolo_yolov8m_20260724_192254,yolo,yolo_yolov8m_20260724_192254,experiments/yolo/logs/uadetrac/yolo_yolov8m_20260724_192254/weights/last.pt,/root/autodl-fs/datasets/UA-DETRAC_YOLO/data.yaml,train,9,1044.492843389511,0.77128,0.4742,0.92372,0.84284,0.67789,0.80194,0.57825,1.01194,0.6261,1.04608,0.0011510000000000001,0.0011510000000000001,0.0011510000000000001,,
yolo_yolov8m_20260724_192254,yolo,yolo_yolov8m_20260724_192254,experiments/yolo/logs/uadetrac/yolo_yolov8m_20260724_192254/weights/last.pt,/root/autodl-fs/datasets/UA-DETRAC_YOLO/data.yaml,train,10,1176.222351551056,0.76818,0.46115,0.92513,0.85735,0.70171,0.8116,0.58421,1.02353,0.60044,1.04431,0.001138625,0.001138625,0.001138625,,
yolo_yolov8m_20260724_192254,yolo,yolo_yolov8m_20260724_192254,experiments/yolo/logs/uadetrac/yolo_yolov8m_20260724_192254/weights/last.pt,/root/autodl-fs/datasets/UA-DETRAC_YOLO/data.yaml,train,11,1306.8919429779053,0.75422,0.45391,0.91649,0.79433,0.72354,0.79195,0.57813,1.02047,0.68798,1.05527,0.00112625,0.00112625,0.00112625,,
yolo_yolov8m_20260724_192254,yolo,yolo_yolov8m_20260724_192254,experiments/yolo/logs/uadetrac/yolo_yolov8m_20260724_192254/weights/last.pt,/root/autodl-fs/datasets/UA-DETRAC_YOLO/data.yaml,train,12,1435.1228306293488,0.75088,0.44869,0.91623,0.85097,0.73245,0.81511,0.58994,1.05538,0.6188,1.06104,0.001113875,0.001113875,0.001113875,,
yolo_yolov8m_20260724_192254,yolo,yolo_yolov8m_20260724_192254,experiments/yolo/logs/uadetrac/yolo_yolov8m_20260724_192254/weights/last.pt,/root/autodl-fs/datasets/UA-DETRAC_YOLO/data.yaml,train,13,1562.6686491966248,0.73674,0.43453,0.91185,0.83435,0.71434,0.8094,0.60157,1.00524,0.60675,1.04405,0.0011015,0.0011015,0.0011015,,
yolo_yolov8m_20260724_192254,yolo,yolo_yolov8m_20260724_192254,experiments/yolo/logs/uadetrac/yolo_yolov8m_20260724_192254/weights/last.pt,/root/autodl-fs/datasets/UA-DETRAC_YOLO/data.yaml,train,14,1689.7052822113037,0.73552,0.42926,0.91017,0.88013,0.75196,0.83237,0.61415,0.99726,0.58,1.03807,0.001089125,0.001089125,0.001089125,,
yolo_yolov8m_20260724_192254,yolo,yolo_yolov8m_20260724_192254,experiments/yolo/logs/uadetrac/yolo_yolov8m_20260724_192254/weights/last.pt,/root/autodl-fs/datasets/UA-DETRAC_YOLO/data.yaml,train,15,1818.0373048782349,0.72932,0.42265,0.90639,0.83608,0.69342,0.79991,0.58156,1.0039,0.59386,1.0487,0.00107675,0.00107675,0.00107675,,
yolo_yolov8m_20260724_192254,yolo,yolo_yolov8m_20260724_192254,experiments/yolo/logs/uadetrac/yolo_yolov8m_20260724_192254/weights/last.pt,/root/autodl-fs/datasets/UA-DETRAC_YOLO/data.yaml,train,16,1944.8826043605804,0.7222,0.41935,0.90583,0.86782,0.70826,0.80339,0.59664,0.99825,0.58988,1.0471,0.001064375,0.001064375,0.001064375,,
yolo_yolov8m_20260724_192254,yolo,yolo_yolov8m_20260724_192254,experiments/yolo/logs/uadetrac/yolo_yolov8m_20260724_192254/weights/last.pt,/root/autodl-fs/datasets/UA-DETRAC_YOLO/data.yaml,train,17,2070.3700833320618,0.71865,0.41486,0.9037,0.85271,0.78604,0.84214,0.61741,1.02796,0.5827,1.05627,0.001052,0.001052,0.001052,,
yolo_yolov8m_20260724_192254,yolo,yolo_yolov8m_20260724_192254,experiments/yolo/logs/uadetrac/yolo_yolov8m_20260724_192254/weights/last.pt,/root/autodl-fs/datasets/UA-DETRAC_YOLO/data.yaml,train,18,2203.1307289600372,0.7157,0.40898,0.90297,0.86495,0.7649,0.84402,0.60929,0.99624,0.5772,1.04093,0.001039625,0.001039625,0.001039625,,
yolo_yolov8m_20260724_192254,yolo,yolo_yolov8m_20260724_192254,experiments/yolo/logs/uadetrac/yolo_yolov8m_20260724_192254/weights/last.pt,/root/autodl-fs/datasets/UA-DETRAC_YOLO/data.yaml,train,19,2329.5483515262604,0.70949,0.40383,0.89956,0.8819,0.76299,0.84085,0.62228,1.00635,0.57688,1.02633,0.0010272500000000002,0.0010272500000000002,0.0010272500000000002,,
yolo_yolov8m_20260724_192254,yolo,yolo_yolov8m_20260724_192254,experiments/yolo/logs/uadetrac/yolo_yolov8m_20260724_192254/weights/last.pt,/root/autodl-fs/datasets/UA-DETRAC_YOLO/data.yaml,train,20,2456.087432384491,0.70739,0.3987,0.90012,0.8776,0.76485,0.83906,0.6214,0.99218,0.59541,1.04428,0.0010148750000000002,0.0010148750000000002,0.0010148750000000002,,
yolo_yolov8m_20260724_192254,yolo,yolo_yolov8m_20260724_192254,experiments/yolo/logs/uadetrac/yolo_yolov8m_20260724_192254/weights/last.pt,/root/autodl-fs/datasets/UA-DETRAC_YOLO/data.yaml,train,21,2583.8802275657654,0.69971,0.39152,0.89627,0.85785,0.74753,0.82844,0.6055,1.00939,0.62235,1.05607,0.0010025000000000001,0.0010025000000000001,0.0010025000000000001,,
yolo_yolov8m_20260724_192254,yolo,yolo_yolov8m_20260724_192254,experiments/yolo/logs/uadetrac/yolo_yolov8m_20260724_192254/weights/last.pt,/root/autodl-fs/datasets/UA-DETRAC_YOLO/data.yaml,train,22,2710.1388685703278,0.69288,0.39121,0.89392,0.87107,0.7508,0.84167,0.62173,1.01948,0.58099,1.05066,0.0009901250000000001,0.0009901250000000001,0.0009901250000000001,,
yolo_yolov8m_20260724_192254,yolo,yolo_yolov8m_20260724_192254,experiments/yolo/logs/uadetrac/yolo_yolov8m_20260724_192254/weights/last.pt,/root/autodl-fs/datasets/UA-DETRAC_YOLO/data.yaml,train,23,2835.869230031967,0.69474,0.3846,0.89616,0.88196,0.69882,0.80401,0.58963,1.00514,0.57756,1.0399,0.00097775,0.00097775,0.00097775,,
yolo_yolov8m_20260724_192254,yolo,yolo_yolov8m_20260724_192254,experiments/yolo/logs/uadetrac/yolo_yolov8m_20260724_192254/weights/last.pt,/root/autodl-fs/datasets/UA-DETRAC_YOLO/data.yaml,train,24,2962.985519170761,0.69494,0.38446,0.89502,0.88172,0.7278,0.82649,0.60469,0.996,0.60878,1.04768,0.000965375,0.000965375,0.000965375,,
yolo_yolov8m_20260724_192254,yolo,yolo_yolov8m_20260724_192254,experiments/yolo/logs/uadetrac/yolo_yolov8m_20260724_192254/weights/last.pt,/root/autodl-fs/datasets/UA-DETRAC_YOLO/data.yaml,train,25,3089.0117404460907,0.68931,0.37831,0.89057,0.89415,0.72449,0.82618,0.60889,1.00536,0.57092,1.0531,0.000953,0.000953,0.000953,,
yolo_yolov8m_20260724_192254,yolo,yolo_yolov8m_20260724_192254,experiments/yolo/logs/uadetrac/yolo_yolov8m_20260724_192254/weights/last.pt,/root/autodl-fs/datasets/UA-DETRAC_YOLO/data.yaml,train,26,3214.1329345703125,0.68521,0.37913,0.89189,0.85967,0.71957,0.81191,0.60079,1.00252,0.59835,1.04761,0.000940625,0.000940625,0.000940625,,
yolo_yolov8m_20260724_192254,yolo,yolo_yolov8m_20260724_192254,experiments/yolo/logs/uadetrac/yolo_yolov8m_20260724_192254/weights/last.pt,/root/autodl-fs/datasets/UA-DETRAC_YOLO/data.yaml,train,27,3340.280994653702,0.6835,0.37691,0.88871,0.83619,0.74961,0.82006,0.60375,0.98483,0.62532,1.02868,0.00092825,0.00092825,0.00092825,,
yolo_yolov8m_20260724_192254,yolo,yolo_yolov8m_20260724_192254,experiments/yolo/logs/uadetrac/yolo_yolov8m_20260724_192254/weights/last.pt,/root/autodl-fs/datasets/UA-DETRAC_YOLO/data.yaml,train,28,3465.7054300308228,0.67426,0.36684,0.88744,0.86898,0.7315,0.81093,0.5959,0.99314,0.59027,1.04393,0.000915875,0.000915875,0.000915875,,
yolo_yolov8m_20260724_192254,yolo,yolo_yolov8m_20260724_192254,experiments/yolo/logs/uadetrac/yolo_yolov8m_20260724_192254/weights/last.pt,/root/autodl-fs/datasets/UA-DETRAC_YOLO/data.yaml,train,29,3590.9774260520935,0.67405,0.36637,0.88633,0.84116,0.75618,0.83889,0.62178,0.99316,0.61556,1.05073,0.0009035,0.0009035,0.0009035,,
yolo_yolov8m_20260724_192254,yolo,yolo_yolov8m_20260724_192254,experiments/yolo/logs/uadetrac/yolo_yolov8m_20260724_192254/weights/last.pt,/root/autodl-fs/datasets/UA-DETRAC_YOLO/data.yaml,train,30,3717.296490430832,0.67376,0.36321,0.88654,0.86369,0.73735,0.83604,0.62202,0.99966,0.55983,1.03825,0.000891125,0.000891125,0.000891125,,
yolo_yolov8m_20260724_192254,yolo,yolo_yolov8m_20260724_192254,experiments/yolo/logs/uadetrac/yolo_yolov8m_20260724_192254/weights/last.pt,/root/autodl-fs/datasets/UA-DETRAC_YOLO/data.yaml,train,31,3843.015530347824,0.66296,0.36024,0.88404,0.89336,0.74068,0.84803,0.63201,1.00127,0.56567,1.04026,0.00087875,0.00087875,0.00087875,,
yolo_yolov8m_20260724_192254,yolo,yolo_yolov8m_20260724_192254,experiments/yolo/logs/uadetrac/yolo_yolov8m_20260724_192254/weights/last.pt,/root/autodl-fs/datasets/UA-DETRAC_YOLO/data.yaml,train,32,3968.868418931961,0.66316,0.35735,0.8855,0.83905,0.76086,0.84349,0.62354,0.97647,0.56441,1.03673,0.000866375,0.000866375,0.000866375,,
yolo_yolov8m_20260724_192254,yolo,yolo_yolov8m_20260724_192254,experiments/yolo/logs/uadetrac/yolo_yolov8m_20260724_192254/weights/last.pt,/root/autodl-fs/datasets/UA-DETRAC_YOLO/data.yaml,train,33,4095.2364542484283,0.65989,0.3544,0.88422,0.85869,0.7098,0.83122,0.61874,0.99118,0.60252,1.03848,0.0008539999999999999,0.0008539999999999999,0.0008539999999999999,,
yolo_yolov8m_20260724_192254,yolo,yolo_yolov8m_20260724_192254,experiments/yolo/logs/uadetrac/yolo_yolov8m_20260724_192254/weights/last.pt,/root/autodl-fs/datasets/UA-DETRAC_YOLO/data.yaml,train,34,4220.564692974091,0.66025,0.352,0.8838,0.85795,0.73301,0.8102,0.61423,0.9868,0.61735,1.04507,0.0008416249999999999,0.0008416249999999999,0.0008416249999999999,,
yolo_yolov8m_20260724_192254,yolo,yolo_yolov8m_20260724_192254,experiments/yolo/logs/uadetrac/yolo_yolov8m_20260724_192254/weights/last.pt,/root/autodl-fs/datasets/UA-DETRAC_YOLO/data.yaml,train,35,4346.03847193718,0.65982,0.34997,0.88485,0.8692,0.70148,0.80544,0.60008,1.01696,0.60724,1.06761,0.0008292499999999999,0.0008292499999999999,0.0008292499999999999,,
yolo_yolov8m_20260724_192254,yolo,yolo_yolov8m_20260724_192254,experiments/yolo/logs/uadetrac/yolo_yolov8m_20260724_192254/weights/last.pt,/root/autodl-fs/datasets/UA-DETRAC_YOLO/data.yaml,train,36,4471.977599143982,0.65553,0.3512,0.88197,0.87546,0.73188,0.84092,0.619,0.99002,0.58437,1.04477,0.000816875,0.000816875,0.000816875,,
yolo_yolov8m_20260724_192254,yolo,yolo_yolov8m_20260724_192254,experiments/yolo/logs/uadetrac/yolo_yolov8m_20260724_192254/weights/last.pt,/root/autodl-fs/datasets/UA-DETRAC_YOLO/data.yaml,train,37,4597.134039878845,0.65187,0.34318,0.87974,0.87179,0.73599,0.83286,0.61313,1.00551,0.60791,1.0388,0.0008045000000000001,0.0008045000000000001,0.0008045000000000001,,
yolo_yolov8m_20260724_192254,yolo,yolo_yolov8m_20260724_192254,experiments/yolo/logs/uadetrac/yolo_yolov8m_20260724_192254/weights/last.pt,/root/autodl-fs/datasets/UA-DETRAC_YOLO/data.yaml,train,38,4722.822055339813,0.65041,0.342,0.8788,0.82764,0.74189,0.81864,0.61316,0.98439,0.58024,1.0419,0.0007921250000000001,0.0007921250000000001,0.0007921250000000001,,
yolo_yolov8m_20260724_192254,yolo,yolo_yolov8m_20260724_192254,experiments/yolo/logs/uadetrac/yolo_yolov8m_20260724_192254/weights/last.pt,/root/autodl-fs/datasets/UA-DETRAC_YOLO/data.yaml,train,39,4848.763250827789,0.64517,0.34078,0.87877,0.8924,0.70758,0.81758,0.61468,0.98496,0.60699,1.04822,0.0007797500000000001,0.0007797500000000001,0.0007797500000000001,,
yolo_yolov8m_20260724_192254,yolo,yolo_yolov8m_20260724_192254,experiments/yolo/logs/uadetrac/yolo_yolov8m_20260724_192254/weights/last.pt,/root/autodl-fs/datasets/UA-DETRAC_YOLO/data.yaml,train,40,4973.852415084839,0.64599,0.33832,0.87968,0.88132,0.7118,0.82344,0.61554,0.97267,0.58144,1.04455,0.000767375,0.000767375,0.000767375,,
yolo_yolov8m_20260724_192254,yolo,yolo_yolov8m_20260724_192254,experiments/yolo/logs/uadetrac/yolo_yolov8m_20260724_192254/weights/last.pt,/root/autodl-fs/datasets/UA-DETRAC_YOLO/data.yaml,train,41,5099.704454421997,0.64478,0.33679,0.88116,0.889,0.75575,0.84486,0.62841,0.98675,0.59814,1.05226,0.000755,0.000755,0.000755,,
yolo_yolov8m_20260724_192254,yolo,yolo_yolov8m_20260724_192254,experiments/yolo/logs/uadetrac/yolo_yolov8m_20260724_192254/weights/last.pt,/root/autodl-fs/datasets/UA-DETRAC_YOLO/data.yaml,train,42,5225.680499792099,0.63973,0.33326,0.87758,0.88056,0.73852,0.83297,0.62339,0.96654,0.5914,1.04235,0.0007426250000000001,0.0007426250000000001,0.0007426250000000001,,
yolo_yolov8m_20260724_192254,yolo,yolo_yolov8m_20260724_192254,experiments/yolo/logs/uadetrac/yolo_yolov8m_20260724_192254/weights/last.pt,/root/autodl-fs/datasets/UA-DETRAC_YOLO/data.yaml,train,43,5350.859668016434,0.63991,0.33494,0.87956,0.89703,0.7305,0.83576,0.63015,0.97918,0.58784,1.05331,0.0007302500000000001,0.0007302500000000001,0.0007302500000000001,,
yolo_yolov8m_20260724_192254,yolo,yolo_yolov8m_20260724_192254,experiments/yolo/logs/uadetrac/yolo_yolov8m_20260724_192254/weights/last.pt,/root/autodl-fs/datasets/UA-DETRAC_YOLO/data.yaml,train,44,5477.0506772994995,0.63321,0.33037,0.87609,0.87545,0.75551,0.84295,0.63498,0.99137,0.60947,1.05578,0.0007178750000000001,0.0007178750000000001,0.0007178750000000001,,
yolo_yolov8m_20260724_192254,yolo,yolo_yolov8m_20260724_192254,experiments/yolo/logs/uadetrac/yolo_yolov8m_20260724_192254/weights/last.pt,/root/autodl-fs/datasets/UA-DETRAC_YOLO/data.yaml,train,45,5603.067953586578,0.63238,0.327,0.87574,0.89599,0.74287,0.84453,0.63924,0.98199,0.62677,1.04266,0.0007055000000000001,0.0007055000000000001,0.0007055000000000001,,
yolo_yolov8m_20260724_192254,yolo,yolo_yolov8m_20260724_192254,experiments/yolo/logs/uadetrac/yolo_yolov8m_20260724_192254/weights/last.pt,/root/autodl-fs/datasets/UA-DETRAC_YOLO/data.yaml,train,46,5728.412269115448,0.62972,0.32589,0.8722,0.84416,0.77398,0.84638,0.63818,0.976,0.59347,1.0533,0.0006931250000000001,0.0006931250000000001,0.0006931250000000001,,
yolo_yolov8m_20260724_192254,yolo,yolo_yolov8m_20260724_192254,experiments/yolo/logs/uadetrac/yolo_yolov8m_20260724_192254/weights/last.pt,/root/autodl-fs/datasets/UA-DETRAC_YOLO/data.yaml,train,47,5854.727219581604,0.63181,0.32393,0.8736,0.8769,0.74312,0.83319,0.62203,0.9883,0.58476,1.04632,0.0006807500000000001,0.0006807500000000001,0.0006807500000000001,,
yolo_yolov8m_20260724_192254,yolo,yolo_yolov8m_20260724_192254,experiments/yolo/logs/uadetrac/yolo_yolov8m_20260724_192254/weights/last.pt,/root/autodl-fs/datasets/UA-DETRAC_YOLO/data.yaml,train,48,5980.0579471588135,0.62292,0.31947,0.87331,0.88766,0.74334,0.84129,0.63459,0.97547,0.60592,1.04632,0.0006683750000000001,0.0006683750000000001,0.0006683750000000001,,
yolo_yolov8m_20260724_192254,yolo,yolo_yolov8m_20260724_192254,experiments/yolo/logs/uadetrac/yolo_yolov8m_20260724_192254/weights/last.pt,/root/autodl-fs/datasets/UA-DETRAC_YOLO/data.yaml,train,49,6105.496087551117,0.62285,0.3144,0.87472,0.84159,0.72997,0.81896,0.62445,0.97146,0.60241,1.04707,0.0006560000000000001,0.0006560000000000001,0.0006560000000000001,,
yolo_yolov8m_20260724_192254,yolo,yolo_yolov8m_20260724_192254,experiments/yolo/logs/uadetrac/yolo_yolov8m_20260724_192254/weights/last.pt,/root/autodl-fs/datasets/UA-DETRAC_YOLO/data.yaml,train,50,6231.602653026581,0.62065,0.31816,0.86902,0.83832,0.75496,0.84013,0.63654,0.97522,0.5883,1.02952,0.000643625,0.000643625,0.000643625,,
yolo_yolov8m_20260724_192254,yolo,yolo_yolov8m_20260724_192254,experiments/yolo/logs/uadetrac/yolo_yolov8m_20260724_192254/weights/last.pt,/root/autodl-fs/datasets/UA-DETRAC_YOLO/data.yaml,train,51,6356.971792936325,0.6118,0.3137,0.86662,0.89303,0.71611,0.83595,0.63307,0.9894,0.58315,1.03337,0.00063125,0.00063125,0.00063125,,
yolo_yolov8m_20260724_192254,yolo,yolo_yolov8m_20260724_192254,experiments/yolo/logs/uadetrac/yolo_yolov8m_20260724_192254/weights/last.pt,/root/autodl-fs/datasets/UA-DETRAC_YOLO/data.yaml,train,52,6482.544639348984,0.61939,0.31468,0.86997,0.86814,0.73969,0.83032,0.63402,0.96564,0.60187,1.03685,0.000618875,0.000618875,0.000618875,,
yolo_yolov8m_20260724_192254,yolo,yolo_yolov8m_20260724_192254,experiments/yolo/logs/uadetrac/yolo_yolov8m_20260724_192254/weights/last.pt,/root/autodl-fs/datasets/UA-DETRAC_YOLO/data.yaml,train,53,6608.84069943428,0.61245,0.30957,0.86934,0.85766,0.74299,0.83549,0.63385,0.98042,0.5778,1.04028,0.0006064999999999999,0.0006064999999999999,0.0006064999999999999,,
yolo_yolov8m_20260724_192254,yolo,yolo_yolov8m_20260724_192254,experiments/yolo/logs/uadetrac/yolo_yolov8m_20260724_192254/weights/last.pt,/root/autodl-fs/datasets/UA-DETRAC_YOLO/data.yaml,train,54,6734.354397058487,0.60778,0.30687,0.86796,0.85561,0.7539,0.83511,0.63381,0.98004,0.57867,1.04584,0.000594125,0.000594125,0.000594125,,
yolo_yolov8m_20260724_192254,yolo,yolo_yolov8m_20260724_192254,experiments/yolo/logs/uadetrac/yolo_yolov8m_20260724_192254/weights/last.pt,/root/autodl-fs/datasets/UA-DETRAC_YOLO/data.yaml,train,55,6860.162262678146,0.60858,0.3055,0.86678,0.8688,0.77217,0.84921,0.63896,0.97072,0.55824,1.04905,0.00058175,0.00058175,0.00058175,,
yolo_yolov8m_20260724_192254,yolo,yolo_yolov8m_20260724_192254,experiments/yolo/logs/uadetrac/yolo_yolov8m_20260724_192254/weights/last.pt,/root/autodl-fs/datasets/UA-DETRAC_YOLO/data.yaml,train,56,6986.314230918884,0.60498,0.30488,0.8654,0.89093,0.73994,0.83947,0.63605,0.97686,0.5818,1.0407,0.000569375,0.000569375,0.000569375,,
yolo_yolov8m_20260724_192254,yolo,yolo_yolov8m_20260724_192254,experiments/yolo/logs/uadetrac/yolo_yolov8m_20260724_192254/weights/last.pt,/root/autodl-fs/datasets/UA-DETRAC_YOLO/data.yaml,train,57,7111.71132850647,0.60186,0.30085,0.86688,0.85789,0.75948,0.83904,0.63149,0.9851,0.59422,1.04359,0.000557,0.000557,0.000557,,
yolo_yolov8m_20260724_192254,yolo,yolo_yolov8m_20260724_192254,experiments/yolo/logs/uadetrac/yolo_yolov8m_20260724_192254/weights/last.pt,/root/autodl-fs/datasets/UA-DETRAC_YOLO/data.yaml,train,58,7237.512067079544,0.5996,0.30102,0.86409,0.87384,0.73472,0.83047,0.63471,0.96911,0.60198,1.03446,0.0005446250000000001,0.0005446250000000001,0.0005446250000000001,,
yolo_yolov8m_20260724_192254,yolo,yolo_yolov8m_20260724_192254,experiments/yolo/logs/uadetrac/yolo_yolov8m_20260724_192254/weights/last.pt,/root/autodl-fs/datasets/UA-DETRAC_YOLO/data.yaml,train,59,7363.409690141678,0.59507,0.29814,0.86177,0.86979,0.72949,0.81659,0.61905,0.97819,0.61024,1.03788,0.0005322500000000001,0.0005322500000000001,0.0005322500000000001,,
yolo_yolov8m_20260724_192254,yolo,yolo_yolov8m_20260724_192254,experiments/yolo/logs/uadetrac/yolo_yolov8m_20260724_192254/weights/last.pt,/root/autodl-fs/datasets/UA-DETRAC_YOLO/data.yaml,train,60,7488.445905447006,0.59972,0.29969,0.863,0.85643,0.74425,0.82614,0.62656,0.9907,0.59006,1.044,0.000519875,0.000519875,0.000519875,,
yolo_yolov8m_20260724_192254,yolo,yolo_yolov8m_20260724_192254,experiments/yolo/logs/uadetrac/yolo_yolov8m_20260724_192254/weights/last.pt,/root/autodl-fs/datasets/UA-DETRAC_YOLO/data.yaml,train,61,7614.338467597961,0.59447,0.2957,0.86271,0.86397,0.73878,0.82473,0.625,0.99275,0.60237,1.04643,0.0005075,0.0005075,0.0005075,,
yolo_yolov8m_20260724_192254,yolo,yolo_yolov8m_20260724_192254,experiments/yolo/logs/uadetrac/yolo_yolov8m_20260724_192254/weights/last.pt,/root/autodl-fs/datasets/UA-DETRAC_YOLO/data.yaml,train,62,7740.44951581955,0.59229,0.29458,0.8625,0.83123,0.75928,0.82851,0.62452,0.97841,0.58931,1.03866,0.000495125,0.000495125,0.000495125,,
yolo_yolov8m_20260724_192254,yolo,yolo_yolov8m_20260724_192254,experiments/yolo/logs/uadetrac/yolo_yolov8m_20260724_192254/weights/last.pt,/root/autodl-fs/datasets/UA-DETRAC_YOLO/data.yaml,train,63,7865.607045173645,0.58977,0.29172,0.86131,0.88118,0.72792,0.81984,0.61765,0.9844,0.59263,1.03808,0.00048275,0.00048275,0.00048275,,
yolo_yolov8m_20260724_192254,yolo,yolo_yolov8m_20260724_192254,experiments/yolo/logs/uadetrac/yolo_yolov8m_20260724_192254/weights/last.pt,/root/autodl-fs/datasets/UA-DETRAC_YOLO/data.yaml,train,64,7991.871271371841,0.58798,0.2926,0.8588,0.86683,0.74936,0.83465,0.63212,0.97033,0.61036,1.02616,0.00047037500000000004,0.00047037500000000004,0.00047037500000000004,,
yolo_yolov8m_20260724_192254,yolo,yolo_yolov8m_20260724_192254,experiments/yolo/logs/uadetrac/yolo_yolov8m_20260724_192254/weights/last.pt,/root/autodl-fs/datasets/UA-DETRAC_YOLO/data.yaml,train,65,8118.031312704086,0.5837,0.28862,0.85725,0.85748,0.74201,0.83088,0.62998,0.97709,0.61767,1.03774,0.000458,0.000458,0.000458,,
yolo_yolov8m_20260724_192254,yolo,yolo_yolov8m_20260724_192254,experiments/yolo/logs/uadetrac/yolo_yolov8m_20260724_192254/weights/last.pt,/root/autodl-fs/datasets/UA-DETRAC_YOLO/data.yaml,train,66,8243.228949546814,0.58134,0.28654,0.85794,0.87548,0.73982,0.82654,0.62064,0.98944,0.61465,1.05543,0.000445625,0.000445625,0.000445625,,
yolo_yolov8m_20260724_192254,yolo,yolo_yolov8m_20260724_192254,experiments/yolo/logs/uadetrac/yolo_yolov8m_20260724_192254/weights/last.pt,/root/autodl-fs/datasets/UA-DETRAC_YOLO/data.yaml,train,67,8369.620056390762,0.57561,0.28512,0.85808,0.88666,0.73055,0.82313,0.62047,0.98831,0.60693,1.05514,0.00043325,0.00043325,0.00043325,,
yolo_yolov8m_20260724_192254,yolo,yolo_yolov8m_20260724_192254,experiments/yolo/logs/uadetrac/yolo_yolov8m_20260724_192254/weights/last.pt,/root/autodl-fs/datasets/UA-DETRAC_YOLO/data.yaml,train,68,8495.332082033157,0.57664,0.28329,0.85925,0.87337,0.75461,0.82947,0.62777,0.99406,0.6138,1.06355,0.0004208749999999999,0.0004208749999999999,0.0004208749999999999,,
yolo_yolov8m_20260724_192254,yolo,yolo_yolov8m_20260724_192254,experiments/yolo/logs/uadetrac/yolo_yolov8m_20260724_192254/weights/last.pt,/root/autodl-fs/datasets/UA-DETRAC_YOLO/data.yaml,train,69,8620.460607290268,0.57404,0.28206,0.85643,0.85174,0.75026,0.82818,0.62454,0.99222,0.60438,1.05047,0.0004085,0.0004085,0.0004085,,
yolo_yolov8m_20260724_192254,yolo,yolo_yolov8m_20260724_192254,experiments/yolo/logs/uadetrac/yolo_yolov8m_20260724_192254/weights/last.pt,/root/autodl-fs/datasets/UA-DETRAC_YOLO/data.yaml,train,70,8746.776669502258,0.57321,0.2806,0.8569,0.89605,0.73197,0.83257,0.6292,0.982,0.60725,1.05414,0.0003961250000000001,0.0003961250000000001,0.0003961250000000001,,
yolo_yolov8m_20260724_192254,yolo,yolo_yolov8m_20260724_192254,experiments/yolo/logs/uadetrac/yolo_yolov8m_20260724_192254/weights/last.pt,/root/autodl-fs/datasets/UA-DETRAC_YOLO/data.yaml,train,71,8872.39406657219,0.57293,0.28013,0.85537,0.87683,0.70829,0.82706,0.63231,0.97803,0.61396,1.0372,0.0003837500000000001,0.0003837500000000001,0.0003837500000000001,,
yolo_yolov8m_20260724_192254,yolo,yolo_yolov8m_20260724_192254,experiments/yolo/logs/uadetrac/yolo_yolov8m_20260724_192254/weights/last.pt,/root/autodl-fs/datasets/UA-DETRAC_YOLO/data.yaml,train,72,8997.982960939407,0.5677,0.27648,0.8547,0.84066,0.74751,0.83036,0.63303,0.98995,0.63382,1.05512,0.00037137500000000007,0.00037137500000000007,0.00037137500000000007,,
yolo_yolov8m_20260724_192254,yolo,yolo_yolov8m_20260724_192254,experiments/yolo/logs/uadetrac/yolo_yolov8m_20260724_192254/weights/last.pt,/root/autodl-fs/datasets/UA-DETRAC_YOLO/data.yaml,train,73,9124.605013608932,0.56551,0.27734,0.85545,0.8463,0.72428,0.82823,0.6289,0.98426,0.63724,1.05523,0.000359,0.000359,0.000359,,
yolo_yolov8m_20260724_192254,yolo,yolo_yolov8m_20260724_192254,experiments/yolo/logs/uadetrac/yolo_yolov8m_20260724_192254/weights/last.pt,/root/autodl-fs/datasets/UA-DETRAC_YOLO/data.yaml,train,74,9250.128422260284,0.56182,0.2742,0.85352,0.88621,0.72066,0.83367,0.6316,0.98188,0.61156,1.04997,0.0003466250000000001,0.0003466250000000001,0.0003466250000000001,,
yolo_yolov8m_20260724_192254,yolo,yolo_yolov8m_20260724_192254,experiments/yolo/logs/uadetrac/yolo_yolov8m_20260724_192254/weights/last.pt,/root/autodl-fs/datasets/UA-DETRAC_YOLO/data.yaml,train,75,9375.96560382843,0.56064,0.27229,0.85165,0.8769,0.71498,0.8331,0.62914,0.97783,0.6084,1.04868,0.00033425,0.00033425,0.00033425,,
yolo_yolov8m_20260724_192254,yolo,yolo_yolov8m_20260724_192254,experiments/yolo/logs/uadetrac/yolo_yolov8m_20260724_192254/weights/last.pt,/root/autodl-fs/datasets/UA-DETRAC_YOLO/data.yaml,train,76,9501.838305950165,0.55617,0.27051,0.85297,0.84638,0.74403,0.82957,0.63432,0.97795,0.61809,1.06012,0.000321875,0.000321875,0.000321875,,
yolo_yolov8m_20260724_192254,yolo,yolo_yolov8m_20260724_192254,experiments/yolo/logs/uadetrac/yolo_yolov8m_20260724_192254/weights/last.pt,/root/autodl-fs/datasets/UA-DETRAC_YOLO/data.yaml,train,77,9627.520264148712,0.55401,0.26794,0.85146,0.87435,0.72839,0.82624,0.62994,0.97742,0.63113,1.04883,0.0003095,0.0003095,0.0003095,,
yolo_yolov8m_20260724_192254,yolo,yolo_yolov8m_20260724_192254,experiments/yolo/logs/uadetrac/yolo_yolov8m_20260724_192254/weights/last.pt,/root/autodl-fs/datasets/UA-DETRAC_YOLO/data.yaml,train,78,9753.127677440643,0.55362,0.2688,0.85104,0.87339,0.72428,0.82756,0.63243,0.97972,0.61383,1.04894,0.000297125,0.000297125,0.000297125,,
yolo_yolov8m_20260724_192254,yolo,yolo_yolov8m_20260724_192254,experiments/yolo/logs/uadetrac/yolo_yolov8m_20260724_192254/weights/last.pt,/root/autodl-fs/datasets/UA-DETRAC_YOLO/data.yaml,train,79,9879.116574525833,0.55133,0.26748,0.8484,0.84857,0.73538,0.82343,0.63159,0.9782,0.6245,1.04962,0.00028474999999999996,0.00028474999999999996,0.00028474999999999996,,
yolo_yolov8m_20260724_192254,yolo,yolo_yolov8m_20260724_192254,experiments/yolo/logs/uadetrac/yolo_yolov8m_20260724_192254/weights/last.pt,/root/autodl-fs/datasets/UA-DETRAC_YOLO/data.yaml,train,80,10004.444753170013,0.54952,0.26394,0.84962,0.84201,0.74672,0.81922,0.62801,0.97837,0.62308,1.04737,0.000272375,0.000272375,0.000272375,,
yolo_yolov8m_20260724_192254,yolo,yolo_yolov8m_20260724_192254,experiments/yolo/logs/uadetrac/yolo_yolov8m_20260724_192254/weights/last.pt,/root/autodl-fs/datasets/UA-DETRAC_YOLO/data.yaml,train,81,10130.50151014328,0.5449,0.26314,0.84861,0.86532,0.74338,0.8382,0.64236,0.98178,0.61572,1.04287,0.00026,0.00026,0.00026,,
yolo_yolov8m_20260724_192254,yolo,yolo_yolov8m_20260724_192254,experiments/yolo/logs/uadetrac/yolo_yolov8m_20260724_192254/weights/last.pt,/root/autodl-fs/datasets/UA-DETRAC_YOLO/data.yaml,train,82,10258.429854631424,0.54327,0.26094,0.84746,0.873,0.73678,0.83639,0.63748,0.98112,0.62076,1.04616,0.0002476249999999999,0.0002476249999999999,0.0002476249999999999,,
yolo_yolov8m_20260724_192254,yolo,yolo_yolov8m_20260724_192254,experiments/yolo/logs/uadetrac/yolo_yolov8m_20260724_192254/weights/last.pt,/root/autodl-fs/datasets/UA-DETRAC_YOLO/data.yaml,train,83,10389.104905128479,0.54438,0.26145,0.84875,0.86698,0.73377,0.8331,0.63544,0.97499,0.63426,1.04871,0.00023525000000000008,0.00023525000000000008,0.00023525000000000008,,
yolo_yolov8m_20260724_192254,yolo,yolo_yolov8m_20260724_192254,experiments/yolo/logs/uadetrac/yolo_yolov8m_20260724_192254/weights/last.pt,/root/autodl-fs/datasets/UA-DETRAC_YOLO/data.yaml,train,84,10516.160140752792,0.54025,0.25797,0.84703,0.86665,0.73125,0.82743,0.62984,0.98007,0.62306,1.05279,0.00022287500000000006,0.00022287500000000006,0.00022287500000000006,,
yolo_yolov8m_20260724_192254,yolo,yolo_yolov8m_20260724_192254,experiments/yolo/logs/uadetrac/yolo_yolov8m_20260724_192254/weights/last.pt,/root/autodl-fs/datasets/UA-DETRAC_YOLO/data.yaml,train,85,10642.488659620285,0.53834,0.25631,0.84437,0.8763,0.73129,0.8313,0.63063,0.98135,0.61314,1.0472,0.00021050000000000008,0.00021050000000000008,0.00021050000000000008,,
yolo_yolov8m_20260724_192254,yolo,yolo_yolov8m_20260724_192254,experiments/yolo/logs/uadetrac/yolo_yolov8m_20260724_192254/weights/last.pt,/root/autodl-fs/datasets/UA-DETRAC_YOLO/data.yaml,train,86,10768.67635512352,0.53616,0.25614,0.8451,0.88157,0.71918,0.82447,0.62824,0.98293,0.63526,1.04838,0.00019812500000000003,0.00019812500000000003,0.00019812500000000003,,
yolo_yolov8m_20260724_192254,yolo,yolo_yolov8m_20260724_192254,experiments/yolo/logs/uadetrac/yolo_yolov8m_20260724_192254/weights/last.pt,/root/autodl-fs/datasets/UA-DETRAC_YOLO/data.yaml,train,87,10896.158326148987,0.53269,0.25394,0.84495,0.89009,0.71844,0.83136,0.62948,0.98179,0.60936,1.04924,0.00018575000000000002,0.00018575000000000002,0.00018575000000000002,,
yolo_yolov8m_20260724_192254,yolo,yolo_yolov8m_20260724_192254,experiments/yolo/logs/uadetrac/yolo_yolov8m_20260724_192254/weights/last.pt,/root/autodl-fs/datasets/UA-DETRAC_YOLO/data.yaml,train,88,11027.363015413284,0.52925,0.25208,0.84375,0.87909,0.73288,0.83081,0.63157,0.97908,0.60349,1.04828,0.00017337500000000003,0.00017337500000000003,0.00017337500000000003,,
yolo_yolov8m_20260724_192254,yolo,yolo_yolov8m_20260724_192254,experiments/yolo/logs/uadetrac/yolo_yolov8m_20260724_192254/weights/last.pt,/root/autodl-fs/datasets/UA-DETRAC_YOLO/data.yaml,train,89,11157.507338285446,0.52733,0.25215,0.84236,0.88408,0.73993,0.83972,0.63617,0.98753,0.60124,1.05151,0.000161,0.000161,0.000161,,
yolo_yolov8m_20260724_192254,yolo,yolo_yolov8m_20260724_192254,experiments/yolo/logs/uadetrac/yolo_yolov8m_20260724_192254/weights/last.pt,/root/autodl-fs/datasets/UA-DETRAC_YOLO/data.yaml,train,90,11284.109942436218,0.52485,0.24997,0.84378,0.86455,0.75921,0.83933,0.63873,0.97912,0.59901,1.04841,0.00014862499999999997,0.00014862499999999997,0.00014862499999999997,,
yolo_yolov8m_20260724_192254,yolo,yolo_yolov8m_20260724_192254,experiments/yolo/logs/uadetrac/yolo_yolov8m_20260724_192254/weights/last.pt,/root/autodl-fs/datasets/UA-DETRAC_YOLO/data.yaml,train,91,11410.808856248856,0.52149,0.23398,0.83596,0.88484,0.73224,0.82857,0.63216,0.98488,0.61201,1.05268,0.00013624999999999998,0.00013624999999999998,0.00013624999999999998,,
yolo_yolov8m_20260724_192254,yolo,yolo_yolov8m_20260724_192254,experiments/yolo/logs/uadetrac/yolo_yolov8m_20260724_192254/weights/last.pt,/root/autodl-fs/datasets/UA-DETRAC_YOLO/data.yaml,train,92,11537.26477766037,0.51523,0.23017,0.83519,0.86658,0.73456,0.83133,0.63722,0.98046,0.61719,1.05216,0.00012387499999999996,0.00012387499999999996,0.00012387499999999996,,
yolo_yolov8m_20260724_192254,yolo,yolo_yolov8m_20260724_192254,experiments/yolo/logs/uadetrac/yolo_yolov8m_20260724_192254/weights/last.pt,/root/autodl-fs/datasets/UA-DETRAC_YOLO/data.yaml,train,93,11664.020910263062,0.51341,0.22923,0.83417,0.8611,0.73241,0.82587,0.63454,0.98121,0.62766,1.04945,0.00011149999999999995,0.00011149999999999995,0.00011149999999999995,,
yolo_yolov8m_20260724_192254,yolo,yolo_yolov8m_20260724_192254,experiments/yolo/logs/uadetrac/yolo_yolov8m_20260724_192254/weights/last.pt,/root/autodl-fs/datasets/UA-DETRAC_YOLO/data.yaml,train,94,11789.16697025299,0.50874,0.22669,0.83412,0.89011,0.71498,0.82589,0.63545,0.98237,0.62466,1.04906,9.912499999999993e-05,9.912499999999993e-05,9.912499999999993e-05,,
yolo_yolov8m_20260724_192254,yolo,yolo_yolov8m_20260724_192254,experiments/yolo/logs/uadetrac/yolo_yolov8m_20260724_192254/weights/last.pt,/root/autodl-fs/datasets/UA-DETRAC_YOLO/data.yaml,train,95,11915.74769949913,0.50544,0.22591,0.83255,0.88537,0.71942,0.82722,0.63524,0.98432,0.62625,1.05172,8.675000000000006e-05,8.675000000000006e-05,8.675000000000006e-05,,
yolo_yolov8m_20260724_192254,yolo,yolo_yolov8m_20260724_192254,experiments/yolo/logs/uadetrac/yolo_yolov8m_20260724_192254/weights/last.pt,/root/autodl-fs/datasets/UA-DETRAC_YOLO/data.yaml,train,96,12045.628980398178,0.5011,0.2217,0.83216,0.88816,0.72218,0.82594,0.6351,0.98712,0.63124,1.05442,7.437500000000006e-05,7.437500000000006e-05,7.437500000000006e-05,,
yolo_yolov8m_20260724_192254,yolo,yolo_yolov8m_20260724_192254,experiments/yolo/logs/uadetrac/yolo_yolov8m_20260724_192254/weights/last.pt,/root/autodl-fs/datasets/UA-DETRAC_YOLO/data.yaml,train,97,12173.647150278091,0.49881,0.22189,0.83072,0.88201,0.72622,0.82894,0.63489,0.9874,0.62996,1.05691,6.200000000000006e-05,6.200000000000006e-05,6.200000000000006e-05,,
yolo_yolov8m_20260724_192254,yolo,yolo_yolov8m_20260724_192254,experiments/yolo/logs/uadetrac/yolo_yolov8m_20260724_192254/weights/last.pt,/root/autodl-fs/datasets/UA-DETRAC_YOLO/data.yaml,train,98,12300.884252548218,0.49729,0.2204,0.83021,0.87731,0.72855,0.82864,0.636,0.98716,0.62178,1.05608,4.9625000000000034e-05,4.9625000000000034e-05,4.9625000000000034e-05,,
yolo_yolov8m_20260724_192254,yolo,yolo_yolov8m_20260724_192254,experiments/yolo/logs/uadetrac/yolo_yolov8m_20260724_192254/weights/last.pt,/root/autodl-fs/datasets/UA-DETRAC_YOLO/data.yaml,train,99,12426.7030813694,0.49457,0.21929,0.83005,0.87458,0.73517,0.82972,0.6363,0.98397,0.61626,1.05427,3.7250000000000025e-05,3.7250000000000025e-05,3.7250000000000025e-05,,
yolo_yolov8m_20260724_192254,yolo,yolo_yolov8m_20260724_192254,experiments/yolo/logs/uadetrac/yolo_yolov8m_20260724_192254/weights/last.pt,/root/autodl-fs/datasets/UA-DETRAC_YOLO/data.yaml,train,100,12552.377029895782,0.49302,0.21857,0.82978,0.88621,0.72306,0.82837,0.63551,0.98179,0.61683,1.05345,2.4875000000000012e-05,2.4875000000000012e-05,2.4875000000000012e-05,,
yolo_yolov8n_20260727_145529,yolo,yolo_yolov8n_20260727_145529,yolov8n.pt,/root/autodl-fs/datasets/UA-DETRAC_YOLO/data.yaml,train,1,50.43750548362732,1.06094,1.39808,0.97214,0.62438,0.50114,0.52958,0.35687,1.07968,0.90069,0.97638,0.00041533546325878595,0.00041533546325878595,0.00041533546325878595,,
yolo_yolov8n_20260727_145529,yolo,yolo_yolov8n_20260727_145529,yolov8n.pt,/root/autodl-fs/datasets/UA-DETRAC_YOLO/data.yaml,train,2,89.9920084476471,0.98008,0.83187,0.94752,0.73523,0.57244,0.66511,0.46423,1.07303,0.82093,0.98956,0.0008237653088391906,0.0008237653088391906,0.0008237653088391906,,
yolo_yolov8n_20260727_145529,yolo,yolo_yolov8n_20260727_145529,yolov8n.pt,/root/autodl-fs/datasets/UA-DETRAC_YOLO/data.yaml,train,3,127.89783668518066,0.95731,0.73858,0.94129,0.71087,0.58979,0.63689,0.43497,1.07424,0.88949,0.9813,0.0012239451544195953,0.0012239451544195953,0.0012239451544195953,,
yolo_yolov8n_20260727_145529,yolo,yolo_yolov8n_20260727_145529,yolov8n.pt,/root/autodl-fs/datasets/UA-DETRAC_YOLO/data.yaml,train,4,165.2886459827423,0.9333,0.68526,0.93435,0.68216,0.63226,0.68927,0.49392,1.05984,0.76717,0.97705,0.001212875,0.001212875,0.001212875,,
yolo_yolov8n_20260727_145529,yolo,yolo_yolov8n_20260727_145529,yolov8n.pt,/root/autodl-fs/datasets/UA-DETRAC_YOLO/data.yaml,train,5,202.8740692138672,0.90164,0.64011,0.92862,0.73932,0.6095,0.68758,0.49244,1.06995,0.73934,0.99184,0.0012005,0.0012005,0.0012005,,
yolo_yolov8n_20260727_145529,yolo,yolo_yolov8n_20260727_145529,yolov8n.pt,/root/autodl-fs/datasets/UA-DETRAC_YOLO/data.yaml,train,6,239.7650601863861,0.88365,0.61554,0.92211,0.76704,0.62298,0.72765,0.50735,1.05822,0.82443,0.98936,0.001188125,0.001188125,0.001188125,,
yolo_yolov8n_20260727_145529,yolo,yolo_yolov8n_20260727_145529,yolov8n.pt,/root/autodl-fs/datasets/UA-DETRAC_YOLO/data.yaml,train,7,277.3346230983734,0.86242,0.59549,0.9165,0.70354,0.67864,0.73762,0.5327,1.0294,0.69298,0.97496,0.00117575,0.00117575,0.00117575,,
yolo_yolov8n_20260727_145529,yolo,yolo_yolov8n_20260727_145529,yolov8n.pt,/root/autodl-fs/datasets/UA-DETRAC_YOLO/data.yaml,train,8,316.44396901130676,0.85237,0.5751,0.91385,0.82728,0.70796,0.7693,0.53777,1.0389,0.67244,0.98167,0.001163375,0.001163375,0.001163375,,
yolo_yolov8n_20260727_145529,yolo,yolo_yolov8n_20260727_145529,yolov8n.pt,/root/autodl-fs/datasets/UA-DETRAC_YOLO/data.yaml,train,9,353.4897429943085,0.83913,0.56074,0.90991,0.7463,0.70056,0.76779,0.53304,1.05433,0.64122,0.98559,0.0011510000000000001,0.0011510000000000001,0.0011510000000000001,,
yolo_yolov8n_20260727_145529,yolo,yolo_yolov8n_20260727_145529,yolov8n.pt,/root/autodl-fs/datasets/UA-DETRAC_YOLO/data.yaml,train,10,390.81470561027527,0.82622,0.54743,0.90728,0.83865,0.66268,0.73788,0.53494,1.05576,0.68129,0.98657,0.001138625,0.001138625,0.001138625,,
yolo_yolov8n_20260727_145529,yolo,yolo_yolov8n_20260727_145529,yolov8n.pt,/root/autodl-fs/datasets/UA-DETRAC_YOLO/data.yaml,train,11,428.57711958885193,0.82161,0.54082,0.90649,0.77006,0.67953,0.76643,0.54113,1.08434,0.66229,0.99178,0.00112625,0.00112625,0.00112625,,
yolo_yolov8n_20260727_145529,yolo,yolo_yolov8n_20260727_145529,yolov8n.pt,/root/autodl-fs/datasets/UA-DETRAC_YOLO/data.yaml,train,12,465.44755458831787,0.81336,0.52991,0.90347,0.81893,0.71861,0.7905,0.57054,1.03985,0.6512,0.98066,0.001113875,0.001113875,0.001113875,,
yolo_yolov8n_20260727_145529,yolo,yolo_yolov8n_20260727_145529,yolov8n.pt,/root/autodl-fs/datasets/UA-DETRAC_YOLO/data.yaml,train,13,502.9406826496124,0.81236,0.52547,0.90292,0.86623,0.71606,0.81376,0.57327,1.02097,0.63887,0.97467,0.0011015,0.0011015,0.0011015,,
yolo_yolov8n_20260727_145529,yolo,yolo_yolov8n_20260727_145529,yolov8n.pt,/root/autodl-fs/datasets/UA-DETRAC_YOLO/data.yaml,train,14,543.2357122898102,0.79874,0.51317,0.89903,0.7642,0.7153,0.78201,0.56563,1.05122,0.62388,0.97707,0.001089125,0.001089125,0.001089125,,
yolo_yolov8n_20260727_145529,yolo,yolo_yolov8n_20260727_145529,yolov8n.pt,/root/autodl-fs/datasets/UA-DETRAC_YOLO/data.yaml,train,15,580.186913728714,0.78808,0.5046,0.89381,0.80372,0.68542,0.76988,0.55858,1.03306,0.65961,0.97835,0.00107675,0.00107675,0.00107675,,
yolo_yolov8n_20260727_145529,yolo,yolo_yolov8n_20260727_145529,yolov8n.pt,/root/autodl-fs/datasets/UA-DETRAC_YOLO/data.yaml,train,16,617.0433645248413,0.79003,0.49988,0.89541,0.88074,0.70478,0.80642,0.58732,1.02142,0.6661,0.97537,0.001064375,0.001064375,0.001064375,,
yolo_yolov8n_20260727_145529,yolo,yolo_yolov8n_20260727_145529,yolov8n.pt,/root/autodl-fs/datasets/UA-DETRAC_YOLO/data.yaml,train,17,653.9583957195282,0.78208,0.49462,0.89277,0.8201,0.67806,0.75555,0.55101,1.03563,0.72327,0.97465,0.001052,0.001052,0.001052,,
yolo_yolov8n_20260727_145529,yolo,yolo_yolov8n_20260727_145529,yolov8n.pt,/root/autodl-fs/datasets/UA-DETRAC_YOLO/data.yaml,train,18,690.9985840320587,0.77997,0.49172,0.89304,0.85793,0.69828,0.78843,0.57432,1.013,0.61358,0.97515,0.001039625,0.001039625,0.001039625,,
yolo_yolov8n_20260727_145529,yolo,yolo_yolov8n_20260727_145529,yolov8n.pt,/root/autodl-fs/datasets/UA-DETRAC_YOLO/data.yaml,train,19,728.6809980869293,0.77641,0.48583,0.89121,0.76213,0.69343,0.77047,0.54996,1.04052,0.63069,0.98106,0.0010272500000000002,0.0010272500000000002,0.0010272500000000002,,
yolo_yolov8n_20260727_145529,yolo,yolo_yolov8n_20260727_145529,yolov8n.pt,/root/autodl-fs/datasets/UA-DETRAC_YOLO/data.yaml,train,20,766.0275764465332,0.77302,0.47873,0.8916,0.78067,0.68616,0.76915,0.55414,1.03307,0.63592,0.98321,0.0010148750000000002,0.0010148750000000002,0.0010148750000000002,,
yolo_yolov8n_20260727_145529,yolo,yolo_yolov8n_20260727_145529,yolov8n.pt,/root/autodl-fs/datasets/UA-DETRAC_YOLO/data.yaml,train,21,804.767763376236,0.7699,0.48007,0.88944,0.79224,0.74549,0.80283,0.59027,1.02178,0.61371,0.9776,0.0010025000000000001,0.0010025000000000001,0.0010025000000000001,,
yolo_yolov8n_20260727_145529,yolo,yolo_yolov8n_20260727_145529,yolov8n.pt,/root/autodl-fs/datasets/UA-DETRAC_YOLO/data.yaml,train,22,843.9350943565369,0.76285,0.47326,0.88739,0.73261,0.71835,0.7623,0.55228,1.01742,0.65187,0.9778,0.0009901250000000001,0.0009901250000000001,0.0009901250000000001,,
yolo_yolov8n_20260727_145529,yolo,yolo_yolov8n_20260727_145529,yolov8n.pt,/root/autodl-fs/datasets/UA-DETRAC_YOLO/data.yaml,train,23,882.350442647934,0.76174,0.47344,0.88663,0.78119,0.69675,0.75786,0.54582,1.03756,0.71436,0.97869,0.00097775,0.00097775,0.00097775,,
yolo_yolov8n_20260727_145529,yolo,yolo_yolov8n_20260727_145529,yolov8n.pt,/root/autodl-fs/datasets/UA-DETRAC_YOLO/data.yaml,train,24,921.0563561916351,0.75764,0.46491,0.88761,0.80827,0.70867,0.77392,0.56465,1.02194,0.63558,0.97582,0.000965375,0.000965375,0.000965375,,
yolo_yolov8n_20260727_145529,yolo,yolo_yolov8n_20260727_145529,yolov8n.pt,/root/autodl-fs/datasets/UA-DETRAC_YOLO/data.yaml,train,25,959.2035036087036,0.75315,0.46498,0.88598,0.76577,0.72285,0.78545,0.57126,1.02285,0.61132,0.97727,0.000953,0.000953,0.000953,,
yolo_yolov8n_20260727_145529,yolo,yolo_yolov8n_20260727_145529,yolov8n.pt,/root/autodl-fs/datasets/UA-DETRAC_YOLO/data.yaml,train,26,996.4070324897766,0.75383,0.46419,0.88317,0.80556,0.72167,0.77937,0.56767,1.02015,0.63467,0.97476,0.000940625,0.000940625,0.000940625,,
yolo_yolov8n_20260727_145529,yolo,yolo_yolov8n_20260727_145529,yolov8n.pt,/root/autodl-fs/datasets/UA-DETRAC_YOLO/data.yaml,train,27,1033.7873570919037,0.75006,0.45779,0.88422,0.8315,0.7074,0.79852,0.58297,1.01819,0.60172,0.97294,0.00092825,0.00092825,0.00092825,,
yolo_yolov8n_20260727_145529,yolo,yolo_yolov8n_20260727_145529,yolov8n.pt,/root/autodl-fs/datasets/UA-DETRAC_YOLO/data.yaml,train,28,1071.2265186309814,0.7451,0.45364,0.88113,0.88698,0.67599,0.80887,0.58172,1.01792,0.6004,0.97157,0.000915875,0.000915875,0.000915875,,
yolo_yolov8n_20260727_145529,yolo,yolo_yolov8n_20260727_145529,yolov8n.pt,/root/autodl-fs/datasets/UA-DETRAC_YOLO/data.yaml,train,29,1108.2174544334412,0.74049,0.44653,0.88118,0.82076,0.67747,0.78827,0.55981,1.0394,0.66226,0.98676,0.0009035,0.0009035,0.0009035,,
yolo_yolov8n_20260727_145529,yolo,yolo_yolov8n_20260727_145529,yolov8n.pt,/root/autodl-fs/datasets/UA-DETRAC_YOLO/data.yaml,train,30,1145.3519523143768,0.73782,0.4451,0.88164,0.85151,0.68576,0.78615,0.57486,1.03641,0.63846,0.98305,0.000891125,0.000891125,0.000891125,,
yolo_yolov8n_20260727_145529,yolo,yolo_yolov8n_20260727_145529,yolov8n.pt,/root/autodl-fs/datasets/UA-DETRAC_YOLO/data.yaml,train,31,1182.79567360878,0.73685,0.44307,0.87934,0.86056,0.6779,0.7836,0.56774,1.03782,0.62519,0.98842,0.00087875,0.00087875,0.00087875,,
yolo_yolov8n_20260727_145529,yolo,yolo_yolov8n_20260727_145529,yolov8n.pt,/root/autodl-fs/datasets/UA-DETRAC_YOLO/data.yaml,train,32,1222.4511275291443,0.73702,0.44158,0.88056,0.8157,0.71738,0.80431,0.58333,1.0113,0.61246,0.97946,0.000866375,0.000866375,0.000866375,,
yolo_yolov8n_20260727_145529,yolo,yolo_yolov8n_20260727_145529,yolov8n.pt,/root/autodl-fs/datasets/UA-DETRAC_YOLO/data.yaml,train,33,1261.6441349983215,0.73584,0.43912,0.87947,0.83411,0.72244,0.80727,0.5916,1.00754,0.61008,0.97086,0.0008539999999999999,0.0008539999999999999,0.0008539999999999999,,
yolo_yolov8n_20260727_145529,yolo,yolo_yolov8n_20260727_145529,yolov8n.pt,/root/autodl-fs/datasets/UA-DETRAC_YOLO/data.yaml,train,34,1299.4210512638092,0.72778,0.43333,0.87838,0.78248,0.73607,0.8004,0.57911,1.02118,0.60255,0.976,0.0008416249999999999,0.0008416249999999999,0.0008416249999999999,,
yolo_yolov8n_20260727_145529,yolo,yolo_yolov8n_20260727_145529,yolov8n.pt,/root/autodl-fs/datasets/UA-DETRAC_YOLO/data.yaml,train,35,1337.95667386055,0.72961,0.43509,0.87945,0.87197,0.71003,0.80606,0.59354,1.01312,0.59663,0.97381,0.0008292499999999999,0.0008292499999999999,0.0008292499999999999,,
yolo_yolov8n_20260727_145529,yolo,yolo_yolov8n_20260727_145529,yolov8n.pt,/root/autodl-fs/datasets/UA-DETRAC_YOLO/data.yaml,train,36,1376.362408876419,0.72577,0.43323,0.87783,0.7981,0.73038,0.7915,0.57977,1.0262,0.59749,0.97981,0.000816875,0.000816875,0.000816875,,
yolo_yolov8n_20260727_145529,yolo,yolo_yolov8n_20260727_145529,yolov8n.pt,/root/autodl-fs/datasets/UA-DETRAC_YOLO/data.yaml,train,37,1414.159541606903,0.72522,0.42847,0.8767,0.85945,0.66977,0.77646,0.57032,1.01897,0.59794,0.97513,0.0008045000000000001,0.0008045000000000001,0.0008045000000000001,,
yolo_yolov8n_20260727_145529,yolo,yolo_yolov8n_20260727_145529,yolov8n.pt,/root/autodl-fs/datasets/UA-DETRAC_YOLO/data.yaml,train,38,1451.8166410923004,0.72346,0.42395,0.87521,0.76474,0.70715,0.78031,0.57142,1.02518,0.62016,0.98342,0.0007921250000000001,0.0007921250000000001,0.0007921250000000001,,
yolo_yolov8n_20260727_145529,yolo,yolo_yolov8n_20260727_145529,yolov8n.pt,/root/autodl-fs/datasets/UA-DETRAC_YOLO/data.yaml,train,39,1488.54638671875,0.71806,0.42209,0.87595,0.83988,0.69286,0.80221,0.59139,0.99433,0.60618,0.96944,0.0007797500000000001,0.0007797500000000001,0.0007797500000000001,,
yolo_yolov8n_20260727_145529,yolo,yolo_yolov8n_20260727_145529,yolov8n.pt,/root/autodl-fs/datasets/UA-DETRAC_YOLO/data.yaml,train,40,1525.40664601326,0.71701,0.41899,0.87403,0.8071,0.72901,0.81894,0.59823,1.01125,0.58666,0.97578,0.000767375,0.000767375,0.000767375,,
yolo_yolov8n_20260727_145529,yolo,yolo_yolov8n_20260727_145529,yolov8n.pt,/root/autodl-fs/datasets/UA-DETRAC_YOLO/data.yaml,train,41,1562.1390280723572,0.71662,0.42071,0.87444,0.75606,0.71911,0.77907,0.57461,1.03683,0.62705,0.98278,0.000755,0.000755,0.000755,,
yolo_yolov8n_20260727_145529,yolo,yolo_yolov8n_20260727_145529,yolov8n.pt,/root/autodl-fs/datasets/UA-DETRAC_YOLO/data.yaml,train,42,1598.9561927318573,0.71341,0.41645,0.8738,0.80514,0.70461,0.77412,0.56134,1.03374,0.62029,0.98621,0.0007426250000000001,0.0007426250000000001,0.0007426250000000001,,
yolo_yolov8n_20260727_145529,yolo,yolo_yolov8n_20260727_145529,yolov8n.pt,/root/autodl-fs/datasets/UA-DETRAC_YOLO/data.yaml,train,43,1637.2665128707886,0.71246,0.41612,0.87237,0.76696,0.72086,0.79416,0.57265,1.01799,0.60878,0.97722,0.0007302500000000001,0.0007302500000000001,0.0007302500000000001,,
yolo_yolov8n_20260727_145529,yolo,yolo_yolov8n_20260727_145529,yolov8n.pt,/root/autodl-fs/datasets/UA-DETRAC_YOLO/data.yaml,train,44,1675.413554906845,0.70684,0.41433,0.87183,0.81007,0.69887,0.79508,0.58143,1.01,0.62631,0.97735,0.0007178750000000001,0.0007178750000000001,0.0007178750000000001,,
yolo_yolov8n_20260727_145529,yolo,yolo_yolov8n_20260727_145529,yolov8n.pt,/root/autodl-fs/datasets/UA-DETRAC_YOLO/data.yaml,train,45,1712.2613835334778,0.71205,0.41227,0.87108,0.82548,0.6951,0.79188,0.579,1.00725,0.60098,0.97533,0.0007055000000000001,0.0007055000000000001,0.0007055000000000001,,
yolo_yolov8n_20260727_145529,yolo,yolo_yolov8n_20260727_145529,yolov8n.pt,/root/autodl-fs/datasets/UA-DETRAC_YOLO/data.yaml,train,46,1749.857057094574,0.70608,0.4091,0.87099,0.83354,0.7217,0.80399,0.58722,1.02747,0.59635,0.98347,0.0006931250000000001,0.0006931250000000001,0.0006931250000000001,,
yolo_yolov8n_20260727_145529,yolo,yolo_yolov8n_20260727_145529,yolov8n.pt,/root/autodl-fs/datasets/UA-DETRAC_YOLO/data.yaml,train,47,1786.548994064331,0.70316,0.40701,0.87033,0.85975,0.72349,0.8145,0.59884,1.00504,0.57387,0.97459,0.0006807500000000001,0.0006807500000000001,0.0006807500000000001,,
yolo_yolov8n_20260727_145529,yolo,yolo_yolov8n_20260727_145529,yolov8n.pt,/root/autodl-fs/datasets/UA-DETRAC_YOLO/data.yaml,train,48,1823.1432552337646,0.70159,0.40958,0.87106,0.82034,0.70255,0.80276,0.58938,1.00804,0.60383,0.96944,0.0006683750000000001,0.0006683750000000001,0.0006683750000000001,,
yolo_yolov8n_20260727_145529,yolo,yolo_yolov8n_20260727_145529,yolov8n.pt,/root/autodl-fs/datasets/UA-DETRAC_YOLO/data.yaml,train,49,1859.81179189682,0.70471,0.40453,0.87043,0.85032,0.7147,0.81444,0.59571,1.00685,0.59795,0.97464,0.0006560000000000001,0.0006560000000000001,0.0006560000000000001,,
yolo_yolov8n_20260727_145529,yolo,yolo_yolov8n_20260727_145529,yolov8n.pt,/root/autodl-fs/datasets/UA-DETRAC_YOLO/data.yaml,train,50,1896.3329193592072,0.70259,0.40542,0.86985,0.81584,0.72948,0.81085,0.59137,1.01249,0.62297,0.97753,0.000643625,0.000643625,0.000643625,,
yolo_yolov8n_20260727_145529,yolo,yolo_yolov8n_20260727_145529,yolov8n.pt,/root/autodl-fs/datasets/UA-DETRAC_YOLO/data.yaml,train,51,1933.315809726715,0.70097,0.40309,0.86912,0.78524,0.71594,0.80012,0.58253,1.0134,0.62428,0.97878,0.00063125,0.00063125,0.00063125,,
yolo_yolov8n_20260727_145529,yolo,yolo_yolov8n_20260727_145529,yolov8n.pt,/root/autodl-fs/datasets/UA-DETRAC_YOLO/data.yaml,train,52,1972.2990324497223,0.69563,0.39838,0.86897,0.77382,0.75431,0.81177,0.59471,1.00929,0.61355,0.97677,0.000618875,0.000618875,0.000618875,,
yolo_yolov8n_20260727_145529,yolo,yolo_yolov8n_20260727_145529,yolov8n.pt,/root/autodl-fs/datasets/UA-DETRAC_YOLO/data.yaml,train,53,2009.8492767810822,0.69734,0.39918,0.86819,0.81455,0.7149,0.80486,0.58127,1.01181,0.61598,0.97746,0.0006064999999999999,0.0006064999999999999,0.0006064999999999999,,
yolo_yolov8n_20260727_145529,yolo,yolo_yolov8n_20260727_145529,yolov8n.pt,/root/autodl-fs/datasets/UA-DETRAC_YOLO/data.yaml,train,54,2046.8098838329315,0.69088,0.39158,0.86765,0.79402,0.73777,0.81259,0.5916,1.02425,0.61437,0.9829,0.000594125,0.000594125,0.000594125,,
yolo_yolov8n_20260727_145529,yolo,yolo_yolov8n_20260727_145529,yolov8n.pt,/root/autodl-fs/datasets/UA-DETRAC_YOLO/data.yaml,train,55,2083.8485310077667,0.69116,0.39281,0.86691,0.79727,0.72169,0.79855,0.5901,1.01482,0.61425,0.98014,0.00058175,0.00058175,0.00058175,,
yolo_yolov8n_20260727_145529,yolo,yolo_yolov8n_20260727_145529,yolov8n.pt,/root/autodl-fs/datasets/UA-DETRAC_YOLO/data.yaml,train,56,2120.723462343216,0.6912,0.39346,0.86569,0.83104,0.6845,0.79922,0.5896,1.01344,0.61101,0.97495,0.000569375,0.000569375,0.000569375,,
yolo_yolov8n_20260727_145529,yolo,yolo_yolov8n_20260727_145529,yolov8n.pt,/root/autodl-fs/datasets/UA-DETRAC_YOLO/data.yaml,train,57,2157.486309528351,0.68782,0.39216,0.86663,0.79444,0.71581,0.8022,0.5921,1.02038,0.61561,0.98072,0.000557,0.000557,0.000557,,
yolo_yolov8n_20260727_145529,yolo,yolo_yolov8n_20260727_145529,yolov8n.pt,/root/autodl-fs/datasets/UA-DETRAC_YOLO/data.yaml,train,58,2194.001336336136,0.68548,0.38771,0.86586,0.82706,0.71579,0.81402,0.6008,1.01938,0.61567,0.97752,0.0005446250000000001,0.0005446250000000001,0.0005446250000000001,,
yolo_yolov8n_20260727_145529,yolo,yolo_yolov8n_20260727_145529,yolov8n.pt,/root/autodl-fs/datasets/UA-DETRAC_YOLO/data.yaml,train,59,2232.6407063007355,0.68683,0.3875,0.86635,0.78936,0.71221,0.80314,0.58882,1.02744,0.62602,0.98432,0.0005322500000000001,0.0005322500000000001,0.0005322500000000001,,
yolo_yolov8n_20260727_145529,yolo,yolo_yolov8n_20260727_145529,yolov8n.pt,/root/autodl-fs/datasets/UA-DETRAC_YOLO/data.yaml,train,60,2270.518210411072,0.68425,0.38715,0.86623,0.79696,0.72072,0.80936,0.59694,1.01667,0.61363,0.9791,0.000519875,0.000519875,0.000519875,,
yolo_yolov8n_20260727_145529,yolo,yolo_yolov8n_20260727_145529,yolov8n.pt,/root/autodl-fs/datasets/UA-DETRAC_YOLO/data.yaml,train,61,2307.8687992095947,0.6803,0.3821,0.8652,0.83906,0.69911,0.81176,0.59816,1.02753,0.60709,0.98187,0.0005075,0.0005075,0.0005075,,
yolo_yolov8n_20260727_145529,yolo,yolo_yolov8n_20260727_145529,yolov8n.pt,/root/autodl-fs/datasets/UA-DETRAC_YOLO/data.yaml,train,62,2345.2909276485443,0.68327,0.38326,0.86578,0.8072,0.72607,0.80486,0.59308,1.00296,0.60846,0.97556,0.000495125,0.000495125,0.000495125,,
yolo_yolov8n_20260727_145529,yolo,yolo_yolov8n_20260727_145529,yolov8n.pt,/root/autodl-fs/datasets/UA-DETRAC_YOLO/data.yaml,train,63,2382.7845821380615,0.67978,0.38011,0.86429,0.79311,0.71596,0.79985,0.5882,1.01889,0.6072,0.98023,0.00048275,0.00048275,0.00048275,,
yolo_yolov8n_20260727_145529,yolo,yolo_yolov8n_20260727_145529,yolov8n.pt,/root/autodl-fs/datasets/UA-DETRAC_YOLO/data.yaml,train,64,2420.204123020172,0.67664,0.37899,0.86219,0.79875,0.7281,0.80644,0.59737,1.01979,0.59985,0.9803,0.00047037500000000004,0.00047037500000000004,0.00047037500000000004,,
yolo_yolov8n_20260727_145529,yolo,yolo_yolov8n_20260727_145529,yolov8n.pt,/root/autodl-fs/datasets/UA-DETRAC_YOLO/data.yaml,train,65,2457.215037584305,0.67406,0.37596,0.86275,0.82815,0.69631,0.80157,0.59579,1.02144,0.61494,0.9787,0.000458,0.000458,0.000458,,
yolo_yolov8n_20260727_145529,yolo,yolo_yolov8n_20260727_145529,yolov8n.pt,/root/autodl-fs/datasets/UA-DETRAC_YOLO/data.yaml,train,66,2494.929943561554,0.67211,0.37657,0.86367,0.77232,0.73838,0.79882,0.59068,1.01248,0.62199,0.97765,0.000445625,0.000445625,0.000445625,,
yolo_yolov8n_20260727_145529,yolo,yolo_yolov8n_20260727_145529,yolov8n.pt,/root/autodl-fs/datasets/UA-DETRAC_YOLO/data.yaml,train,67,2532.2842965126038,0.67156,0.37534,0.86063,0.84994,0.69677,0.80565,0.59221,1.00881,0.60114,0.97567,0.00043325,0.00043325,0.00043325,,
yolo_yolov8n_20260727_145529,yolo,yolo_yolov8n_20260727_145529,yolov8n.pt,/root/autodl-fs/datasets/UA-DETRAC_YOLO/data.yaml,train,68,2569.444901227951,0.67331,0.37419,0.86188,0.77795,0.71758,0.79068,0.5862,1.01885,0.61963,0.97905,0.0004208749999999999,0.0004208749999999999,0.0004208749999999999,,
yolo_yolov8n_20260727_145529,yolo,yolo_yolov8n_20260727_145529,yolov8n.pt,/root/autodl-fs/datasets/UA-DETRAC_YOLO/data.yaml,train,69,2606.727638721466,0.67219,0.3743,0.86154,0.81891,0.73096,0.81141,0.59871,1.02998,0.59655,0.98167,0.0004085,0.0004085,0.0004085,,
yolo_yolov8n_20260727_145529,yolo,yolo_yolov8n_20260727_145529,yolov8n.pt,/root/autodl-fs/datasets/UA-DETRAC_YOLO/data.yaml,train,70,2643.3748564720154,0.66814,0.36924,0.86139,0.77731,0.73111,0.79039,0.58232,1.02134,0.63061,0.98095,0.0003961250000000001,0.0003961250000000001,0.0003961250000000001,,
yolo_yolov8n_20260727_145529,yolo,yolo_yolov8n_20260727_145529,yolov8n.pt,/root/autodl-fs/datasets/UA-DETRAC_YOLO/data.yaml,train,71,2679.9859714508057,0.66387,0.36808,0.86016,0.83096,0.7017,0.79947,0.59494,1.00083,0.62988,0.97242,0.0003837500000000001,0.0003837500000000001,0.0003837500000000001,,
yolo_yolov8n_20260727_145529,yolo,yolo_yolov8n_20260727_145529,yolov8n.pt,/root/autodl-fs/datasets/UA-DETRAC_YOLO/data.yaml,train,72,2717.2968623638153,0.6661,0.3676,0.85891,0.83052,0.68952,0.79792,0.59375,1.00529,0.63156,0.97591,0.00037137500000000007,0.00037137500000000007,0.00037137500000000007,,
yolo_yolov8n_20260727_145529,yolo,yolo_yolov8n_20260727_145529,yolov8n.pt,/root/autodl-fs/datasets/UA-DETRAC_YOLO/data.yaml,train,73,2754.0573654174805,0.66509,0.36535,0.86032,0.82498,0.69413,0.79322,0.59067,1.00776,0.63642,0.97659,0.000359,0.000359,0.000359,,
yolo_yolov8n_20260727_145529,yolo,yolo_yolov8n_20260727_145529,yolov8n.pt,/root/autodl-fs/datasets/UA-DETRAC_YOLO/data.yaml,train,74,2790.7364478111267,0.66228,0.36435,0.85822,0.81006,0.72492,0.80291,0.59487,0.99806,0.61004,0.972,0.0003466250000000001,0.0003466250000000001,0.0003466250000000001,,
yolo_yolov8n_20260727_145529,yolo,yolo_yolov8n_20260727_145529,yolov8n.pt,/root/autodl-fs/datasets/UA-DETRAC_YOLO/data.yaml,train,75,2827.942296266556,0.6651,0.3652,0.85931,0.85582,0.72326,0.81676,0.59979,1.00532,0.60397,0.97533,0.00033425,0.00033425,0.00033425,,
yolo_yolov8n_20260727_145529,yolo,yolo_yolov8n_20260727_145529,yolov8n.pt,/root/autodl-fs/datasets/UA-DETRAC_YOLO/data.yaml,train,76,2865.7441787719727,0.65797,0.3601,0.85725,0.85206,0.73078,0.82289,0.60117,1.0163,0.60635,0.97803,0.000321875,0.000321875,0.000321875,,
yolo_yolov8n_20260727_145529,yolo,yolo_yolov8n_20260727_145529,yolov8n.pt,/root/autodl-fs/datasets/UA-DETRAC_YOLO/data.yaml,train,77,2904.7396516799927,0.65883,0.36416,0.85723,0.83246,0.70749,0.80757,0.59577,1.01592,0.61805,0.97765,0.0003095,0.0003095,0.0003095,,
yolo_yolov8n_20260727_145529,yolo,yolo_yolov8n_20260727_145529,yolov8n.pt,/root/autodl-fs/datasets/UA-DETRAC_YOLO/data.yaml,train,78,2944.664915561676,0.65626,0.35857,0.85751,0.8268,0.70022,0.8063,0.59452,1.00716,0.60784,0.97389,0.000297125,0.000297125,0.000297125,,
yolo_yolov8n_20260727_145529,yolo,yolo_yolov8n_20260727_145529,yolov8n.pt,/root/autodl-fs/datasets/UA-DETRAC_YOLO/data.yaml,train,79,2984.9330410957336,0.65584,0.35787,0.8584,0.79434,0.72752,0.80599,0.59655,1.00796,0.61265,0.97469,0.00028474999999999996,0.00028474999999999996,0.00028474999999999996,,
yolo_yolov8n_20260727_145529,yolo,yolo_yolov8n_20260727_145529,yolov8n.pt,/root/autodl-fs/datasets/UA-DETRAC_YOLO/data.yaml,train,80,3023.763856649399,0.65219,0.3562,0.85572,0.79016,0.73082,0.80835,0.59792,1.01179,0.61956,0.97683,0.000272375,0.000272375,0.000272375,,
yolo_yolov8n_20260727_145529,yolo,yolo_yolov8n_20260727_145529,yolov8n.pt,/root/autodl-fs/datasets/UA-DETRAC_YOLO/data.yaml,train,81,3060.683925628662,0.64943,0.35486,0.85635,0.80839,0.7253,0.80457,0.59436,1.01314,0.62668,0.9774,0.00026,0.00026,0.00026,,
yolo_yolov8n_20260727_145529,yolo,yolo_yolov8n_20260727_145529,yolov8n.pt,/root/autodl-fs/datasets/UA-DETRAC_YOLO/data.yaml,train,82,3097.8381028175354,0.65219,0.3537,0.8555,0.80603,0.71517,0.7974,0.59056,1.0067,0.62361,0.97513,0.0002476249999999999,0.0002476249999999999,0.0002476249999999999,,
yolo_yolov8n_20260727_145529,yolo,yolo_yolov8n_20260727_145529,yolov8n.pt,/root/autodl-fs/datasets/UA-DETRAC_YOLO/data.yaml,train,83,3136.440470933914,0.64905,0.35234,0.85448,0.81425,0.712,0.79861,0.59302,1.01445,0.61955,0.978,0.00023525000000000008,0.00023525000000000008,0.00023525000000000008,,
yolo_yolov8n_20260727_145529,yolo,yolo_yolov8n_20260727_145529,yolov8n.pt,/root/autodl-fs/datasets/UA-DETRAC_YOLO/data.yaml,train,84,3174.218690633774,0.64611,0.35222,0.85548,0.80926,0.71906,0.79696,0.59061,1.01022,0.61789,0.97711,0.00022287500000000006,0.00022287500000000006,0.00022287500000000006,,
yolo_yolov8n_20260727_145529,yolo,yolo_yolov8n_20260727_145529,yolov8n.pt,/root/autodl-fs/datasets/UA-DETRAC_YOLO/data.yaml,train,85,3212.0052955150604,0.64659,0.35039,0.8546,0.8224,0.72412,0.80525,0.59612,1.00873,0.62364,0.97718,0.00021050000000000008,0.00021050000000000008,0.00021050000000000008,,
yolo_yolov8n_20260727_145529,yolo,yolo_yolov8n_20260727_145529,yolov8n.pt,/root/autodl-fs/datasets/UA-DETRAC_YOLO/data.yaml,train,86,3248.8969016075134,0.6434,0.34916,0.8546,0.82412,0.71711,0.80288,0.59531,1.00947,0.62972,0.978,0.00019812500000000003,0.00019812500000000003,0.00019812500000000003,,
yolo_yolov8n_20260727_145529,yolo,yolo_yolov8n_20260727_145529,yolov8n.pt,/root/autodl-fs/datasets/UA-DETRAC_YOLO/data.yaml,train,87,3285.7734005451202,0.64322,0.34732,0.85525,0.80329,0.71795,0.80088,0.59403,1.01479,0.61805,0.9796,0.00018575000000000002,0.00018575000000000002,0.00018575000000000002,,
yolo_yolov8n_20260727_145529,yolo,yolo_yolov8n_20260727_145529,yolov8n.pt,/root/autodl-fs/datasets/UA-DETRAC_YOLO/data.yaml,train,88,3322.8806250095367,0.64361,0.34572,0.85541,0.77018,0.74526,0.79814,0.59289,1.01507,0.61551,0.98047,0.00017337500000000003,0.00017337500000000003,0.00017337500000000003,,
yolo_yolov8n_20260727_145529,yolo,yolo_yolov8n_20260727_145529,/root/autodl-tmp/CaS_DETR/experiments/yolo/logs/uadetrac/yolo_yolov8n_20260727_145529/weights/last.pt,/root/autodl-fs/datasets/UA-DETRAC_YOLO/data.yaml,train,89,40.38664960861206,0.64224,0.34325,0.85377,0.77403,0.73714,0.80048,0.59197,1.01031,0.62669,0.97638,0.000161,0.000161,0.000161,,
yolo_yolov8n_20260727_145529,yolo,yolo_yolov8n_20260727_145529,/root/autodl-tmp/CaS_DETR/experiments/yolo/logs/uadetrac/yolo_yolov8n_20260727_145529/weights/last.pt,/root/autodl-fs/datasets/UA-DETRAC_YOLO/data.yaml,train,90,77.3542971611023,0.64201,0.3459,0.85538,0.78771,0.7401,0.8079,0.59694,1.00982,0.6135,0.97565,0.00014862499999999997,0.00014862499999999997,0.00014862499999999997,,
yolo_yolov8n_20260727_145529,yolo,yolo_yolov8n_20260727_145529,/root/autodl-tmp/CaS_DETR/experiments/yolo/logs/uadetrac/yolo_yolov8n_20260727_145529/weights/last.pt,/root/autodl-fs/datasets/UA-DETRAC_YOLO/data.yaml,train,91,112.41481137275696,0.63301,0.32507,0.84536,0.80488,0.73906,0.80354,0.59149,1.0161,0.61423,0.97982,0.00013624999999999998,0.00013624999999999998,0.00013624999999999998,,
yolo_yolov8n_20260727_145529,yolo,yolo_yolov8n_20260727_145529,/root/autodl-tmp/CaS_DETR/experiments/yolo/logs/uadetrac/yolo_yolov8n_20260727_145529/weights/last.pt,/root/autodl-fs/datasets/UA-DETRAC_YOLO/data.yaml,train,92,148.03131198883057,0.62391,0.31611,0.84388,0.82109,0.70449,0.79465,0.58659,1.01583,0.62469,0.98081,0.00012387499999999996,0.00012387499999999996,0.00012387499999999996,,
yolo_yolov8n_20260727_145529,yolo,yolo_yolov8n_20260727_145529,/root/autodl-tmp/CaS_DETR/experiments/yolo/logs/uadetrac/yolo_yolov8n_20260727_145529/weights/last.pt,/root/autodl-fs/datasets/UA-DETRAC_YOLO/data.yaml,train,93,184.35027837753296,0.62269,0.31597,0.84236,0.81498,0.70501,0.79292,0.58728,1.01606,0.62754,0.97974,0.00011149999999999995,0.00011149999999999995,0.00011149999999999995,,
yolo_yolov8n_20260727_145529,yolo,yolo_yolov8n_20260727_145529,/root/autodl-tmp/CaS_DETR/experiments/yolo/logs/uadetrac/yolo_yolov8n_20260727_145529/weights/last.pt,/root/autodl-fs/datasets/UA-DETRAC_YOLO/data.yaml,train,94,220.50559735298157,0.61937,0.31263,0.84198,0.82524,0.69952,0.79547,0.58885,1.01452,0.62683,0.97897,9.912499999999993e-05,9.912499999999993e-05,9.912499999999993e-05,,
yolo_yolov8n_20260727_145529,yolo,yolo_yolov8n_20260727_145529,/root/autodl-tmp/CaS_DETR/experiments/yolo/logs/uadetrac/yolo_yolov8n_20260727_145529/weights/last.pt,/root/autodl-fs/datasets/UA-DETRAC_YOLO/data.yaml,train,95,256.0559186935425,0.61564,0.30837,0.84196,0.8115,0.71258,0.80304,0.59263,1.00988,0.62433,0.9763,8.675000000000006e-05,8.675000000000006e-05,8.675000000000006e-05,,
yolo_yolov8n_20260727_145529,yolo,yolo_yolov8n_20260727_145529,/root/autodl-tmp/CaS_DETR/experiments/yolo/logs/uadetrac/yolo_yolov8n_20260727_145529/weights/last.pt,/root/autodl-fs/datasets/UA-DETRAC_YOLO/data.yaml,train,96,293.0836305618286,0.61389,0.30758,0.84109,0.80567,0.72089,0.80264,0.59367,1.01336,0.62415,0.97906,7.437500000000006e-05,7.437500000000006e-05,7.437500000000006e-05,,
yolo_yolov8n_20260727_145529,yolo,yolo_yolov8n_20260727_145529,/root/autodl-tmp/CaS_DETR/experiments/yolo/logs/uadetrac/yolo_yolov8n_20260727_145529/weights/last.pt,/root/autodl-fs/datasets/UA-DETRAC_YOLO/data.yaml,train,97,329.54917097091675,0.61264,0.30605,0.84205,0.81963,0.71798,0.80406,0.59639,1.01214,0.62849,0.97942,6.200000000000006e-05,6.200000000000006e-05,6.200000000000006e-05,,
yolo_yolov8n_20260727_145529,yolo,yolo_yolov8n_20260727_145529,/root/autodl-tmp/CaS_DETR/experiments/yolo/logs/uadetrac/yolo_yolov8n_20260727_145529/weights/last.pt,/root/autodl-fs/datasets/UA-DETRAC_YOLO/data.yaml,train,98,365.38957118988037,0.61022,0.30493,0.8411,0.82868,0.70856,0.8009,0.59394,1.0141,0.62723,0.97977,4.9625000000000034e-05,4.9625000000000034e-05,4.9625000000000034e-05,,
yolo_yolov8n_20260727_145529,yolo,yolo_yolov8n_20260727_145529,/root/autodl-tmp/CaS_DETR/experiments/yolo/logs/uadetrac/yolo_yolov8n_20260727_145529/weights/last.pt,/root/autodl-fs/datasets/UA-DETRAC_YOLO/data.yaml,train,99,402.78912115097046,0.60945,0.30408,0.84068,0.81934,0.7183,0.80087,0.59287,1.01482,0.62461,0.9807,3.7250000000000025e-05,3.7250000000000025e-05,3.7250000000000025e-05,,
yolo_yolov8n_20260727_145529,yolo,yolo_yolov8n_20260727_145529,/root/autodl-tmp/CaS_DETR/experiments/yolo/logs/uadetrac/yolo_yolov8n_20260727_145529/weights/last.pt,/root/autodl-fs/datasets/UA-DETRAC_YOLO/data.yaml,train,100,437.8084063529968,0.60886,0.30203,0.83973,0.82324,0.7123,0.79792,0.59093,1.01671,0.62986,0.9814,2.4875000000000012e-05,2.4875000000000012e-05,2.4875000000000012e-05,,
