run_id,framework,experiment,model,dataset,record_type,epoch,time,train/box_loss,train/cls_loss,train/dfl_loss,metrics/precision(B),metrics/recall(B),metrics/mAP50(B),metrics/mAP50-95(B),val/box_loss,val/cls_loss,val/dfl_loss,lr/pg0,lr/pg1,lr/pg2
yolo_yolov5m_20260729_191111,yolo,yolo_yolov5m_20260729_191111,yolov5m.pt,/root/autodl-fs/datasets/UA-DETRAC_YOLO_Vehicle1/uadetrac_vehicle1.yaml,train,1,125.14042496681213,0.97555,0.6963,0.9813,0.87284,0.86382,0.92194,0.6441,1.09514,0.74326,1.05746,0.0006656017039403621,0.0006656017039403621,0.0006656017039403621
yolo_yolov5m_20260729_191111,yolo,yolo_yolov5m_20260729_191111,yolov5m.pt,/root/autodl-fs/datasets/UA-DETRAC_YOLO_Vehicle1/uadetrac_vehicle1.yaml,train,2,241.69357061386108,0.97695,0.63005,0.98378,0.89541,0.84351,0.92397,0.61901,1.15456,0.74115,1.08026,0.0013190789137380193,0.0013190789137380193,0.0013190789137380193
yolo_yolov5m_20260729_191111,yolo,yolo_yolov5m_20260729_191111,yolov5m.pt,/root/autodl-fs/datasets/UA-DETRAC_YOLO_Vehicle1/uadetrac_vehicle1.yaml,train,3,356.9561433792114,0.95341,0.59582,0.97247,0.91024,0.8495,0.93264,0.65222,1.07833,0.60998,1.0282,0.0019593561235356763,0.0019593561235356763,0.0019593561235356763
yolo_yolov5m_20260729_191111,yolo,yolo_yolov5m_20260729_191111,yolov5m.pt,/root/autodl-fs/datasets/UA-DETRAC_YOLO_Vehicle1/uadetrac_vehicle1.yaml,train,4,472.31885266304016,0.9205,0.55849,0.95634,0.88015,0.81612,0.89794,0.62704,1.0953,0.61361,1.04317,0.0019406,0.0019406,0.0019406
yolo_yolov5m_20260729_191111,yolo,yolo_yolov5m_20260729_191111,yolov5m.pt,/root/autodl-fs/datasets/UA-DETRAC_YOLO_Vehicle1/uadetrac_vehicle1.yaml,train,5,587.1949112415314,0.89995,0.54025,0.95196,0.91138,0.81002,0.90181,0.63092,1.08664,0.64635,1.0508,0.0019207999999999999,0.0019207999999999999,0.0019207999999999999
yolo_yolov5m_20260729_191111,yolo,yolo_yolov5m_20260729_191111,yolov5m.pt,/root/autodl-fs/datasets/UA-DETRAC_YOLO_Vehicle1/uadetrac_vehicle1.yaml,train,6,700.4622695446014,0.8709,0.51054,0.93925,0.8967,0.84585,0.92741,0.65967,1.05536,0.59028,1.0157,0.0019010000000000001,0.0019010000000000001,0.0019010000000000001
yolo_yolov5m_20260729_191111,yolo,yolo_yolov5m_20260729_191111,yolov5m.pt,/root/autodl-fs/datasets/UA-DETRAC_YOLO_Vehicle1/uadetrac_vehicle1.yaml,train,7,813.5500166416168,0.85391,0.50102,0.93507,0.90293,0.85397,0.93039,0.66359,1.0646,0.58313,1.01354,0.0018812,0.0018812,0.0018812
yolo_yolov5m_20260729_191111,yolo,yolo_yolov5m_20260729_191111,yolov5m.pt,/root/autodl-fs/datasets/UA-DETRAC_YOLO_Vehicle1/uadetrac_vehicle1.yaml,train,8,926.8015644550323,0.83649,0.47748,0.9277,0.90695,0.84025,0.92129,0.6547,1.04937,0.62899,1.02177,0.0018614,0.0018614,0.0018614
yolo_yolov5m_20260729_191111,yolo,yolo_yolov5m_20260729_191111,yolov5m.pt,/root/autodl-fs/datasets/UA-DETRAC_YOLO_Vehicle1/uadetrac_vehicle1.yaml,train,9,1041.7326438426971,0.82533,0.47123,0.92579,0.88292,0.84298,0.91911,0.66919,1.02256,0.56932,1.01008,0.0018416,0.0018416,0.0018416
yolo_yolov5m_20260729_191111,yolo,yolo_yolov5m_20260729_191111,yolov5m.pt,/root/autodl-fs/datasets/UA-DETRAC_YOLO_Vehicle1/uadetrac_vehicle1.yaml,train,10,1156.5064256191254,0.81137,0.46186,0.91932,0.90094,0.84329,0.91507,0.6594,1.06669,0.57962,1.0266,0.0018218000000000002,0.0018218000000000002,0.0018218000000000002
yolo_yolov5m_20260729_191111,yolo,yolo_yolov5m_20260729_191111,yolov5m.pt,/root/autodl-fs/datasets/UA-DETRAC_YOLO_Vehicle1/uadetrac_vehicle1.yaml,train,11,1269.5927734375,0.80373,0.45562,0.91712,0.91588,0.85908,0.93344,0.66986,1.07437,0.56215,1.03054,0.001802,0.001802,0.001802
yolo_yolov5m_20260729_191111,yolo,yolo_yolov5m_20260729_191111,yolov5m.pt,/root/autodl-fs/datasets/UA-DETRAC_YOLO_Vehicle1/uadetrac_vehicle1.yaml,train,12,1383.2708699703217,0.78749,0.43944,0.91142,0.90835,0.86007,0.92865,0.67674,1.02347,0.54697,1.00328,0.0017822,0.0017822,0.0017822
yolo_yolov5m_20260729_191111,yolo,yolo_yolov5m_20260729_191111,yolov5m.pt,/root/autodl-fs/datasets/UA-DETRAC_YOLO_Vehicle1/uadetrac_vehicle1.yaml,train,13,1496.857355594635,0.78724,0.43753,0.90987,0.92693,0.86027,0.93867,0.68372,1.01849,0.5315,1.00492,0.0017624,0.0017624,0.0017624
yolo_yolov5m_20260729_191111,yolo,yolo_yolov5m_20260729_191111,yolov5m.pt,/root/autodl-fs/datasets/UA-DETRAC_YOLO_Vehicle1/uadetrac_vehicle1.yaml,train,14,1609.5554971694946,0.77998,0.43017,0.90707,0.91276,0.86255,0.9244,0.67164,1.01126,0.55264,1.00682,0.0017426,0.0017426,0.0017426
yolo_yolov5m_20260729_191111,yolo,yolo_yolov5m_20260729_191111,yolov5m.pt,/root/autodl-fs/datasets/UA-DETRAC_YOLO_Vehicle1/uadetrac_vehicle1.yaml,train,15,1723.4072415828705,0.76338,0.42243,0.90308,0.92878,0.83972,0.92746,0.67352,1.0451,0.55941,1.02336,0.0017228,0.0017228,0.0017228
yolo_yolov5m_20260729_191111,yolo,yolo_yolov5m_20260729_191111,yolov5m.pt,/root/autodl-fs/datasets/UA-DETRAC_YOLO_Vehicle1/uadetrac_vehicle1.yaml,train,16,1838.5543444156647,0.76395,0.41901,0.90253,0.92449,0.84233,0.92783,0.68341,1.03773,0.5591,1.01498,0.001703,0.001703,0.001703
yolo_yolov5m_20260729_191111,yolo,yolo_yolov5m_20260729_191111,yolov5m.pt,/root/autodl-fs/datasets/UA-DETRAC_YOLO_Vehicle1/uadetrac_vehicle1.yaml,train,17,1954.920226097107,0.76124,0.41529,0.90169,0.9081,0.86602,0.9313,0.6784,1.03335,0.52657,1.01349,0.0016832000000000001,0.0016832000000000001,0.0016832000000000001
yolo_yolov5m_20260729_191111,yolo,yolo_yolov5m_20260729_191111,yolov5m.pt,/root/autodl-fs/datasets/UA-DETRAC_YOLO_Vehicle1/uadetrac_vehicle1.yaml,train,18,2070.1579036712646,0.74932,0.40749,0.89874,0.92043,0.86437,0.93153,0.68273,1.03595,0.53107,1.01384,0.0016634,0.0016634,0.0016634
yolo_yolov5m_20260729_191111,yolo,yolo_yolov5m_20260729_191111,yolov5m.pt,/root/autodl-fs/datasets/UA-DETRAC_YOLO_Vehicle1/uadetrac_vehicle1.yaml,train,19,2184.796378850937,0.75489,0.40908,0.90141,0.91319,0.86685,0.93246,0.68534,0.99127,0.52248,0.99637,0.0016436000000000003,0.0016436000000000003,0.0016436000000000003
yolo_yolov5m_20260729_191111,yolo,yolo_yolov5m_20260729_191111,yolov5m.pt,/root/autodl-fs/datasets/UA-DETRAC_YOLO_Vehicle1/uadetrac_vehicle1.yaml,train,20,2300.1196064949036,0.74036,0.40058,0.89397,0.92926,0.8302,0.92224,0.67887,0.9987,0.555,1.00464,0.0016238000000000001,0.0016238000000000001,0.0016238000000000001
yolo_yolov5m_20260729_191111,yolo,yolo_yolov5m_20260729_191111,yolov5m.pt,/root/autodl-fs/datasets/UA-DETRAC_YOLO_Vehicle1/uadetrac_vehicle1.yaml,train,21,2413.2784781455994,0.73492,0.39984,0.89373,0.91598,0.84872,0.92764,0.67871,1.01072,0.54421,1.0055,0.0016040000000000002,0.0016040000000000002,0.0016040000000000002
yolo_yolov5m_20260729_191111,yolo,yolo_yolov5m_20260729_191111,yolov5m.pt,/root/autodl-fs/datasets/UA-DETRAC_YOLO_Vehicle1/uadetrac_vehicle1.yaml,train,22,2527.4562685489655,0.73632,0.39393,0.89475,0.91512,0.8379,0.92091,0.67627,1.0195,0.53219,1.0087,0.0015842,0.0015842,0.0015842
yolo_yolov5m_20260729_191111,yolo,yolo_yolov5m_20260729_191111,yolov5m.pt,/root/autodl-fs/datasets/UA-DETRAC_YOLO_Vehicle1/uadetrac_vehicle1.yaml,train,23,2640.406196117401,0.73545,0.39083,0.89464,0.90716,0.85761,0.92949,0.68523,1.00962,0.58885,1.00596,0.0015644,0.0015644,0.0015644
yolo_yolov5m_20260729_191111,yolo,yolo_yolov5m_20260729_191111,yolov5m.pt,/root/autodl-fs/datasets/UA-DETRAC_YOLO_Vehicle1/uadetrac_vehicle1.yaml,train,24,2754.693071126938,0.72708,0.38492,0.88938,0.92031,0.8469,0.92048,0.68262,0.9977,0.52787,1.00325,0.0015446,0.0015446,0.0015446
yolo_yolov5m_20260729_191111,yolo,yolo_yolov5m_20260729_191111,yolov5m.pt,/root/autodl-fs/datasets/UA-DETRAC_YOLO_Vehicle1/uadetrac_vehicle1.yaml,train,25,2869.113354206085,0.72444,0.38541,0.89129,0.92911,0.8482,0.92456,0.68362,1.02074,0.54731,1.01182,0.0015248,0.0015248,0.0015248
yolo_yolov5m_20260729_191111,yolo,yolo_yolov5m_20260729_191111,yolov5m.pt,/root/autodl-fs/datasets/UA-DETRAC_YOLO_Vehicle1/uadetrac_vehicle1.yaml,train,26,2984.9224495887756,0.72178,0.38236,0.88877,0.93153,0.86051,0.94084,0.68655,1.00146,0.51145,1.00624,0.0015049999999999998,0.0015049999999999998,0.0015049999999999998
yolo_yolov5m_20260729_191111,yolo,yolo_yolov5m_20260729_191111,yolov5m.pt,/root/autodl-fs/datasets/UA-DETRAC_YOLO_Vehicle1/uadetrac_vehicle1.yaml,train,27,3099.161135673523,0.71698,0.37809,0.88807,0.91193,0.86289,0.92685,0.68243,1.00437,0.51627,1.01006,0.0014852,0.0014852,0.0014852
yolo_yolov5m_20260729_191111,yolo,yolo_yolov5m_20260729_191111,yolov5m.pt,/root/autodl-fs/datasets/UA-DETRAC_YOLO_Vehicle1/uadetrac_vehicle1.yaml,train,28,3212.6905357837677,0.71314,0.37319,0.88661,0.92763,0.86294,0.93971,0.69337,1.00473,0.4846,1.0081,0.0014654000000000002,0.0014654000000000002,0.0014654000000000002
yolo_yolov5m_20260729_191111,yolo,yolo_yolov5m_20260729_191111,yolov5m.pt,/root/autodl-fs/datasets/UA-DETRAC_YOLO_Vehicle1/uadetrac_vehicle1.yaml,train,29,3327.733033180237,0.71066,0.37182,0.88327,0.90812,0.85457,0.92163,0.68112,1.01207,0.53915,1.00873,0.0014456,0.0014456,0.0014456
yolo_yolov5m_20260729_191111,yolo,yolo_yolov5m_20260729_191111,yolov5m.pt,/root/autodl-fs/datasets/UA-DETRAC_YOLO_Vehicle1/uadetrac_vehicle1.yaml,train,30,3441.748280763626,0.70106,0.36773,0.88178,0.90594,0.86289,0.93154,0.68941,1.00651,0.51223,1.001,0.0014258,0.0014258,0.0014258
yolo_yolov5m_20260729_191111,yolo,yolo_yolov5m_20260729_191111,yolov5m.pt,/root/autodl-fs/datasets/UA-DETRAC_YOLO_Vehicle1/uadetrac_vehicle1.yaml,train,31,3555.2547900676727,0.7013,0.36789,0.88289,0.92397,0.86228,0.93528,0.69097,0.99182,0.52202,1.00255,0.001406,0.001406,0.001406
yolo_yolov5m_20260729_191111,yolo,yolo_yolov5m_20260729_191111,yolov5m.pt,/root/autodl-fs/datasets/UA-DETRAC_YOLO_Vehicle1/uadetrac_vehicle1.yaml,train,32,3668.703117132187,0.70008,0.3659,0.88383,0.92672,0.85261,0.93239,0.69837,0.9958,0.54629,1.00563,0.0013862,0.0013862,0.0013862
yolo_yolov5m_20260729_191111,yolo,yolo_yolov5m_20260729_191111,yolov5m.pt,/root/autodl-fs/datasets/UA-DETRAC_YOLO_Vehicle1/uadetrac_vehicle1.yaml,train,33,3781.9209740161896,0.69728,0.36229,0.8807,0.93463,0.84647,0.9291,0.68862,1.01975,0.55752,1.01221,0.0013663999999999998,0.0013663999999999998,0.0013663999999999998
yolo_yolov5m_20260729_191111,yolo,yolo_yolov5m_20260729_191111,yolov5m.pt,/root/autodl-fs/datasets/UA-DETRAC_YOLO_Vehicle1/uadetrac_vehicle1.yaml,train,34,3895.2096812725067,0.69594,0.36062,0.88318,0.93039,0.85485,0.93376,0.68984,1.00689,0.52728,1.0035,0.0013465999999999999,0.0013465999999999999,0.0013465999999999999
yolo_yolov5m_20260729_191111,yolo,yolo_yolov5m_20260729_191111,yolov5m.pt,/root/autodl-fs/datasets/UA-DETRAC_YOLO_Vehicle1/uadetrac_vehicle1.yaml,train,35,4007.7910299301147,0.69427,0.36086,0.88018,0.92584,0.84572,0.93556,0.6912,1.01306,0.50708,1.00389,0.0013267999999999997,0.0013267999999999997,0.0013267999999999997
yolo_yolov5m_20260729_191111,yolo,yolo_yolov5m_20260729_191111,yolov5m.pt,/root/autodl-fs/datasets/UA-DETRAC_YOLO_Vehicle1/uadetrac_vehicle1.yaml,train,36,4121.069433927536,0.69203,0.35763,0.8805,0.90853,0.85394,0.92568,0.6821,1.01887,0.53353,1.01566,0.001307,0.001307,0.001307
yolo_yolov5m_20260729_191111,yolo,yolo_yolov5m_20260729_191111,yolov5m.pt,/root/autodl-fs/datasets/UA-DETRAC_YOLO_Vehicle1/uadetrac_vehicle1.yaml,train,37,4233.71842622757,0.68956,0.35702,0.87733,0.92414,0.8642,0.93473,0.70012,0.99421,0.51192,0.99848,0.0012872,0.0012872,0.0012872
yolo_yolov5m_20260729_191111,yolo,yolo_yolov5m_20260729_191111,yolov5m.pt,/root/autodl-fs/datasets/UA-DETRAC_YOLO_Vehicle1/uadetrac_vehicle1.yaml,train,38,4348.055560588837,0.68421,0.35295,0.87859,0.91419,0.84533,0.92793,0.69317,0.98517,0.53193,1.00531,0.0012674000000000001,0.0012674000000000001,0.0012674000000000001
yolo_yolov5m_20260729_191111,yolo,yolo_yolov5m_20260729_191111,yolov5m.pt,/root/autodl-fs/datasets/UA-DETRAC_YOLO_Vehicle1/uadetrac_vehicle1.yaml,train,39,4461.622260093689,0.68237,0.35092,0.87668,0.92287,0.84768,0.91906,0.68405,1.00359,0.53222,1.0021,0.0012476,0.0012476,0.0012476
yolo_yolov5m_20260729_191111,yolo,yolo_yolov5m_20260729_191111,yolov5m.pt,/root/autodl-fs/datasets/UA-DETRAC_YOLO_Vehicle1/uadetrac_vehicle1.yaml,train,40,4574.292926073074,0.67859,0.34579,0.87598,0.92157,0.8602,0.93352,0.69514,1.00248,0.52754,1.00429,0.0012278,0.0012278,0.0012278
yolo_yolov5m_20260729_191111,yolo,yolo_yolov5m_20260729_191111,yolov5m.pt,/root/autodl-fs/datasets/UA-DETRAC_YOLO_Vehicle1/uadetrac_vehicle1.yaml,train,41,4688.541990995407,0.6753,0.34646,0.87499,0.92241,0.8409,0.924,0.69458,0.97754,0.52254,0.99376,0.001208,0.001208,0.001208
yolo_yolov5m_20260729_191111,yolo,yolo_yolov5m_20260729_191111,yolov5m.pt,/root/autodl-fs/datasets/UA-DETRAC_YOLO_Vehicle1/uadetrac_vehicle1.yaml,train,42,4802.391081094742,0.67541,0.34321,0.87577,0.93028,0.84225,0.92627,0.69249,0.99288,0.5162,1.00894,0.0011882000000000002,0.0011882000000000002,0.0011882000000000002
yolo_yolov5m_20260729_191111,yolo,yolo_yolov5m_20260729_191111,yolov5m.pt,/root/autodl-fs/datasets/UA-DETRAC_YOLO_Vehicle1/uadetrac_vehicle1.yaml,train,43,4915.091522693634,0.66994,0.34115,0.8734,0.91811,0.84259,0.92027,0.69634,0.98495,0.53008,1.00192,0.0011684000000000002,0.0011684000000000002,0.0011684000000000002
yolo_yolov5m_20260729_191111,yolo,yolo_yolov5m_20260729_191111,yolov5m.pt,/root/autodl-fs/datasets/UA-DETRAC_YOLO_Vehicle1/uadetrac_vehicle1.yaml,train,44,5028.414249420166,0.66876,0.33904,0.87426,0.92435,0.86894,0.9303,0.69691,0.98969,0.50747,1.00701,0.0011486,0.0011486,0.0011486
yolo_yolov5m_20260729_191111,yolo,yolo_yolov5m_20260729_191111,yolov5m.pt,/root/autodl-fs/datasets/UA-DETRAC_YOLO_Vehicle1/uadetrac_vehicle1.yaml,train,45,5142.544006347656,0.66258,0.3364,0.86986,0.91489,0.87061,0.94128,0.70419,0.9963,0.51644,1.00713,0.0011288000000000001,0.0011288000000000001,0.0011288000000000001
yolo_yolov5m_20260729_191111,yolo,yolo_yolov5m_20260729_191111,yolov5m.pt,/root/autodl-fs/datasets/UA-DETRAC_YOLO_Vehicle1/uadetrac_vehicle1.yaml,train,46,5256.042956352234,0.66782,0.33692,0.87238,0.90392,0.87324,0.93203,0.69219,1.0013,0.54615,1.00841,0.001109,0.001109,0.001109
yolo_yolov5m_20260729_191111,yolo,yolo_yolov5m_20260729_191111,yolov5m.pt,/root/autodl-fs/datasets/UA-DETRAC_YOLO_Vehicle1/uadetrac_vehicle1.yaml,train,47,5369.43750500679,0.66095,0.33436,0.87036,0.90586,0.8747,0.93635,0.70095,0.9963,0.51989,1.00439,0.0010892000000000002,0.0010892000000000002,0.0010892000000000002
yolo_yolov5m_20260729_191111,yolo,yolo_yolov5m_20260729_191111,yolov5m.pt,/root/autodl-fs/datasets/UA-DETRAC_YOLO_Vehicle1/uadetrac_vehicle1.yaml,train,48,5482.8399221897125,0.66185,0.3334,0.87236,0.90563,0.84726,0.91333,0.68622,0.98963,0.55438,1.0083,0.0010694,0.0010694,0.0010694
yolo_yolov5m_20260729_191111,yolo,yolo_yolov5m_20260729_191111,yolov5m.pt,/root/autodl-fs/datasets/UA-DETRAC_YOLO_Vehicle1/uadetrac_vehicle1.yaml,train,49,5596.052570819855,0.66079,0.33432,0.87081,0.92204,0.84872,0.91863,0.69428,0.98163,0.52538,1.00106,0.0010496000000000001,0.0010496000000000001,0.0010496000000000001
yolo_yolov5m_20260729_191111,yolo,yolo_yolov5m_20260729_191111,yolov5m.pt,/root/autodl-fs/datasets/UA-DETRAC_YOLO_Vehicle1/uadetrac_vehicle1.yaml,train,50,5709.251958847046,0.65034,0.32769,0.86964,0.92318,0.84977,0.92408,0.69845,0.9881,0.53501,1.00269,0.0010298,0.0010298,0.0010298
yolo_yolov5m_20260729_191111,yolo,yolo_yolov5m_20260729_191111,yolov5m.pt,/root/autodl-fs/datasets/UA-DETRAC_YOLO_Vehicle1/uadetrac_vehicle1.yaml,train,51,5822.768175363541,0.65833,0.33028,0.86976,0.93096,0.86701,0.93455,0.69675,0.99409,0.50857,1.01039,0.00101,0.00101,0.00101
yolo_yolov5m_20260729_191111,yolo,yolo_yolov5m_20260729_191111,yolov5m.pt,/root/autodl-fs/datasets/UA-DETRAC_YOLO_Vehicle1/uadetrac_vehicle1.yaml,train,52,5936.0202667713165,0.65226,0.3257,0.86869,0.91605,0.84703,0.92949,0.69605,0.99036,0.51773,1.00261,0.0009901999999999999,0.0009901999999999999,0.0009901999999999999
yolo_yolov5m_20260729_191111,yolo,yolo_yolov5m_20260729_191111,yolov5m.pt,/root/autodl-fs/datasets/UA-DETRAC_YOLO_Vehicle1/uadetrac_vehicle1.yaml,train,53,6049.264016389847,0.64731,0.32473,0.86779,0.9224,0.85942,0.93692,0.7033,0.98485,0.50756,0.99811,0.0009704,0.0009704,0.0009704
yolo_yolov5m_20260729_191111,yolo,yolo_yolov5m_20260729_191111,yolov5m.pt,/root/autodl-fs/datasets/UA-DETRAC_YOLO_Vehicle1/uadetrac_vehicle1.yaml,train,54,6163.4854872226715,0.64731,0.32493,0.86684,0.91817,0.85161,0.92636,0.69783,0.98501,0.52226,1.00289,0.0009506,0.0009506,0.0009506
yolo_yolov5m_20260729_191111,yolo,yolo_yolov5m_20260729_191111,yolov5m.pt,/root/autodl-fs/datasets/UA-DETRAC_YOLO_Vehicle1/uadetrac_vehicle1.yaml,train,55,6276.930824279785,0.63885,0.31883,0.86493,0.92081,0.8838,0.93996,0.70623,0.99306,0.50618,1.00349,0.0009308,0.0009308,0.0009308
yolo_yolov5m_20260729_191111,yolo,yolo_yolov5m_20260729_191111,yolov5m.pt,/root/autodl-fs/datasets/UA-DETRAC_YOLO_Vehicle1/uadetrac_vehicle1.yaml,train,56,6389.743642568588,0.64287,0.31795,0.86689,0.91529,0.84664,0.92788,0.69587,0.98711,0.53655,1.00244,0.0009109999999999999,0.0009109999999999999,0.0009109999999999999
yolo_yolov5m_20260729_191111,yolo,yolo_yolov5m_20260729_191111,yolov5m.pt,/root/autodl-fs/datasets/UA-DETRAC_YOLO_Vehicle1/uadetrac_vehicle1.yaml,train,57,6503.8783826828,0.64032,0.31929,0.86512,0.9141,0.8392,0.91709,0.69649,0.97912,0.53673,1.00541,0.0008911999999999999,0.0008911999999999999,0.0008911999999999999
yolo_yolov5m_20260729_191111,yolo,yolo_yolov5m_20260729_191111,yolov5m.pt,/root/autodl-fs/datasets/UA-DETRAC_YOLO_Vehicle1/uadetrac_vehicle1.yaml,train,58,6616.602987766266,0.63459,0.31462,0.86266,0.8967,0.866,0.92864,0.70223,0.98477,0.51869,1.00182,0.0008714,0.0008714,0.0008714
yolo_yolov5m_20260729_191111,yolo,yolo_yolov5m_20260729_191111,yolov5m.pt,/root/autodl-fs/datasets/UA-DETRAC_YOLO_Vehicle1/uadetrac_vehicle1.yaml,train,59,6729.354720115662,0.63833,0.31444,0.86338,0.90628,0.85224,0.91738,0.69068,1.00034,0.53675,1.00741,0.0008516000000000001,0.0008516000000000001,0.0008516000000000001
yolo_yolov5m_20260729_191111,yolo,yolo_yolov5m_20260729_191111,yolov5m.pt,/root/autodl-fs/datasets/UA-DETRAC_YOLO_Vehicle1/uadetrac_vehicle1.yaml,train,60,6843.250857591629,0.63299,0.31431,0.86394,0.91274,0.84985,0.92372,0.69466,0.99628,0.52919,1.01417,0.0008318000000000002,0.0008318000000000002,0.0008318000000000002
yolo_yolov5m_20260729_191111,yolo,yolo_yolov5m_20260729_191111,yolov5m.pt,/root/autodl-fs/datasets/UA-DETRAC_YOLO_Vehicle1/uadetrac_vehicle1.yaml,train,61,6957.025419950485,0.63015,0.3107,0.86149,0.91677,0.84977,0.92741,0.69857,0.98854,0.52805,1.00087,0.0008120000000000001,0.0008120000000000001,0.0008120000000000001
yolo_yolov5m_20260729_191111,yolo,yolo_yolov5m_20260729_191111,yolov5m.pt,/root/autodl-fs/datasets/UA-DETRAC_YOLO_Vehicle1/uadetrac_vehicle1.yaml,train,62,7070.177482128143,0.62701,0.30731,0.86221,0.92106,0.8469,0.92681,0.69894,0.99524,0.53593,1.01037,0.0007922000000000001,0.0007922000000000001,0.0007922000000000001
yolo_yolov5m_20260729_191111,yolo,yolo_yolov5m_20260729_191111,yolov5m.pt,/root/autodl-fs/datasets/UA-DETRAC_YOLO_Vehicle1/uadetrac_vehicle1.yaml,train,63,7184.112032651901,0.6259,0.30851,0.86068,0.92669,0.84298,0.92862,0.69746,0.98543,0.5313,1.0052,0.0007724,0.0007724,0.0007724
yolo_yolov5m_20260729_191111,yolo,yolo_yolov5m_20260729_191111,yolov5m.pt,/root/autodl-fs/datasets/UA-DETRAC_YOLO_Vehicle1/uadetrac_vehicle1.yaml,train,64,7298.519761800766,0.62348,0.30634,0.85936,0.91337,0.83894,0.91569,0.69228,0.99024,0.53372,1.00969,0.0007526000000000001,0.0007526000000000001,0.0007526000000000001
yolo_yolov5m_20260729_191111,yolo,yolo_yolov5m_20260729_191111,yolov5m.pt,/root/autodl-fs/datasets/UA-DETRAC_YOLO_Vehicle1/uadetrac_vehicle1.yaml,train,65,7411.720819711685,0.62284,0.3041,0.85892,0.91099,0.85863,0.92616,0.70236,0.98648,0.5375,1.00919,0.0007328,0.0007328,0.0007328
yolo_yolov5m_20260729_191111,yolo,yolo_yolov5m_20260729_191111,yolov5m.pt,/root/autodl-fs/datasets/UA-DETRAC_YOLO_Vehicle1/uadetrac_vehicle1.yaml,train,66,7525.7405507564545,0.61569,0.30206,0.85729,0.91318,0.84846,0.92092,0.69665,0.99961,0.53522,1.00977,0.000713,0.000713,0.000713
yolo_yolov5m_20260729_191111,yolo,yolo_yolov5m_20260729_191111,yolov5m.pt,/root/autodl-fs/datasets/UA-DETRAC_YOLO_Vehicle1/uadetrac_vehicle1.yaml,train,67,7639.60674571991,0.61681,0.29995,0.85831,0.91722,0.84392,0.92547,0.69695,0.99971,0.53938,1.00905,0.0006931999999999999,0.0006931999999999999,0.0006931999999999999
yolo_yolov5m_20260729_191111,yolo,yolo_yolov5m_20260729_191111,yolov5m.pt,/root/autodl-fs/datasets/UA-DETRAC_YOLO_Vehicle1/uadetrac_vehicle1.yaml,train,68,7752.761490106583,0.61423,0.30085,0.85804,0.92051,0.83385,0.91711,0.69323,0.98811,0.54784,1.00966,0.0006733999999999999,0.0006733999999999999,0.0006733999999999999
yolo_yolov5m_20260729_191111,yolo,yolo_yolov5m_20260729_191111,yolov5m.pt,/root/autodl-fs/datasets/UA-DETRAC_YOLO_Vehicle1/uadetrac_vehicle1.yaml,train,69,7866.770285606384,0.61595,0.30041,0.85658,0.92377,0.84233,0.92517,0.69737,0.99581,0.53219,1.00817,0.0006536,0.0006536,0.0006536
yolo_yolov5m_20260729_191111,yolo,yolo_yolov5m_20260729_191111,yolov5m.pt,/root/autodl-fs/datasets/UA-DETRAC_YOLO_Vehicle1/uadetrac_vehicle1.yaml,train,70,7980.959054470062,0.6138,0.29791,0.85809,0.91917,0.86011,0.93334,0.70338,0.98751,0.51325,1.00915,0.0006338000000000001,0.0006338000000000001,0.0006338000000000001
yolo_yolov5m_20260729_191111,yolo,yolo_yolov5m_20260729_191111,yolov5m.pt,/root/autodl-fs/datasets/UA-DETRAC_YOLO_Vehicle1/uadetrac_vehicle1.yaml,train,71,8094.406100034714,0.60798,0.29585,0.85549,0.90988,0.86244,0.93008,0.70063,0.98363,0.51414,1.00541,0.0006140000000000001,0.0006140000000000001,0.0006140000000000001
yolo_yolov5m_20260729_191111,yolo,yolo_yolov5m_20260729_191111,yolov5m.pt,/root/autodl-fs/datasets/UA-DETRAC_YOLO_Vehicle1/uadetrac_vehicle1.yaml,train,72,8207.482181310654,0.60574,0.29521,0.85435,0.92622,0.83946,0.92255,0.69726,0.99145,0.53433,1.0032,0.0005942,0.0005942,0.0005942
yolo_yolov5m_20260729_191111,yolo,yolo_yolov5m_20260729_191111,yolov5m.pt,/root/autodl-fs/datasets/UA-DETRAC_YOLO_Vehicle1/uadetrac_vehicle1.yaml,train,73,8322.478131055832,0.60381,0.29234,0.85504,0.92773,0.83701,0.91739,0.69661,0.98556,0.54311,1.00849,0.0005744000000000001,0.0005744000000000001,0.0005744000000000001
yolo_yolov5m_20260729_191111,yolo,yolo_yolov5m_20260729_191111,yolov5m.pt,/root/autodl-fs/datasets/UA-DETRAC_YOLO_Vehicle1/uadetrac_vehicle1.yaml,train,74,8436.657193183899,0.60042,0.29116,0.85391,0.91709,0.85252,0.93153,0.7017,0.98324,0.52596,1.00634,0.0005546000000000001,0.0005546000000000001,0.0005546000000000001
yolo_yolov5m_20260729_191111,yolo,yolo_yolov5m_20260729_191111,yolov5m.pt,/root/autodl-fs/datasets/UA-DETRAC_YOLO_Vehicle1/uadetrac_vehicle1.yaml,train,75,8549.737326145172,0.59946,0.28921,0.85424,0.91568,0.85563,0.93205,0.70512,0.98186,0.51428,1.00325,0.0005348000000000001,0.0005348000000000001,0.0005348000000000001
yolo_yolov5m_20260729_191111,yolo,yolo_yolov5m_20260729_191111,yolov5m.pt,/root/autodl-fs/datasets/UA-DETRAC_YOLO_Vehicle1/uadetrac_vehicle1.yaml,train,76,8664.484254837036,0.59668,0.28741,0.85328,0.92514,0.84615,0.92623,0.7026,0.98484,0.52678,1.00763,0.000515,0.000515,0.000515
yolo_yolov5m_20260729_191111,yolo,yolo_yolov5m_20260729_191111,yolov5m.pt,/root/autodl-fs/datasets/UA-DETRAC_YOLO_Vehicle1/uadetrac_vehicle1.yaml,train,77,8778.2525100708,0.59684,0.28761,0.8528,0.92035,0.84768,0.92756,0.70055,0.97808,0.51535,1.00479,0.0004952,0.0004952,0.0004952
yolo_yolov5m_20260729_191111,yolo,yolo_yolov5m_20260729_191111,yolov5m.pt,/root/autodl-fs/datasets/UA-DETRAC_YOLO_Vehicle1/uadetrac_vehicle1.yaml,train,78,8891.270510196686,0.59317,0.28584,0.85042,0.92015,0.85055,0.92774,0.70011,0.98291,0.50977,1.00755,0.0004754,0.0004754,0.0004754
yolo_yolov5m_20260729_191111,yolo,yolo_yolov5m_20260729_191111,yolov5m.pt,/root/autodl-fs/datasets/UA-DETRAC_YOLO_Vehicle1/uadetrac_vehicle1.yaml,train,79,9005.804825544357,0.59159,0.28305,0.85192,0.92044,0.8452,0.91942,0.69638,0.98172,0.52451,1.0068,0.00045559999999999996,0.00045559999999999996,0.00045559999999999996
yolo_yolov5m_20260729_191111,yolo,yolo_yolov5m_20260729_191111,yolov5m.pt,/root/autodl-fs/datasets/UA-DETRAC_YOLO_Vehicle1/uadetrac_vehicle1.yaml,train,80,9119.530605793,0.58789,0.28184,0.85141,0.9271,0.84077,0.92494,0.70231,0.98635,0.51838,1.01042,0.00043579999999999997,0.00043579999999999997,0.00043579999999999997
yolo_yolov5m_20260729_191111,yolo,yolo_yolov5m_20260729_191111,yolov5m.pt,/root/autodl-fs/datasets/UA-DETRAC_YOLO_Vehicle1/uadetrac_vehicle1.yaml,train,81,9232.47770524025,0.58643,0.28143,0.85039,0.93346,0.84324,0.92457,0.6994,0.99055,0.51089,1.01081,0.0004159999999999999,0.0004159999999999999,0.0004159999999999999
yolo_yolov5m_20260729_191111,yolo,yolo_yolov5m_20260729_191111,yolov5m.pt,/root/autodl-fs/datasets/UA-DETRAC_YOLO_Vehicle1/uadetrac_vehicle1.yaml,train,82,9346.22392129898,0.58704,0.27976,0.8518,0.92168,0.84507,0.91404,0.69613,0.98219,0.53105,1.0112,0.00039619999999999987,0.00039619999999999987,0.00039619999999999987
yolo_yolov5m_20260729_191111,yolo,yolo_yolov5m_20260729_191111,yolov5m.pt,/root/autodl-fs/datasets/UA-DETRAC_YOLO_Vehicle1/uadetrac_vehicle1.yaml,train,83,9459.812885046005,0.58378,0.27723,0.84949,0.92125,0.85042,0.91498,0.69409,0.98934,0.52793,1.00815,0.00037640000000000015,0.00037640000000000015,0.00037640000000000015
yolo_yolov5m_20260729_191111,yolo,yolo_yolov5m_20260729_191111,yolov5m.pt,/root/autodl-fs/datasets/UA-DETRAC_YOLO_Vehicle1/uadetrac_vehicle1.yaml,train,84,9573.145313501358,0.58129,0.27458,0.84802,0.92687,0.85448,0.91962,0.69881,0.98736,0.51386,1.01061,0.0003566000000000001,0.0003566000000000001,0.0003566000000000001
yolo_yolov5m_20260729_191111,yolo,yolo_yolov5m_20260729_191111,yolov5m.pt,/root/autodl-fs/datasets/UA-DETRAC_YOLO_Vehicle1/uadetrac_vehicle1.yaml,train,85,9687.40762424469,0.58038,0.27584,0.84882,0.92496,0.84755,0.91727,0.69585,0.99086,0.52342,1.01173,0.0003368000000000001,0.0003368000000000001,0.0003368000000000001
yolo_yolov5m_20260729_191111,yolo,yolo_yolov5m_20260729_191111,yolov5m.pt,/root/autodl-fs/datasets/UA-DETRAC_YOLO_Vehicle1/uadetrac_vehicle1.yaml,train,86,9801.448664426804,0.57384,0.27296,0.84725,0.93022,0.84142,0.91838,0.69827,0.99218,0.52947,1.01189,0.00031700000000000006,0.00031700000000000006,0.00031700000000000006
yolo_yolov5m_20260729_191111,yolo,yolo_yolov5m_20260729_191111,yolov5m.pt,/root/autodl-fs/datasets/UA-DETRAC_YOLO_Vehicle1/uadetrac_vehicle1.yaml,train,87,9914.755202054977,0.57337,0.27091,0.84727,0.92833,0.8446,0.91994,0.69621,0.99669,0.52978,1.01575,0.0002972,0.0002972,0.0002972
yolo_yolov5m_20260729_191111,yolo,yolo_yolov5m_20260729_191111,yolov5m.pt,/root/autodl-fs/datasets/UA-DETRAC_YOLO_Vehicle1/uadetrac_vehicle1.yaml,train,88,10028.335762500763,0.57185,0.27127,0.84649,0.92876,0.84157,0.91861,0.69706,0.98896,0.53409,1.0141,0.0002774,0.0002774,0.0002774
yolo_yolov5m_20260729_191111,yolo,yolo_yolov5m_20260729_191111,yolov5m.pt,/root/autodl-fs/datasets/UA-DETRAC_YOLO_Vehicle1/uadetrac_vehicle1.yaml,train,89,10142.529331922531,0.5687,0.26951,0.84798,0.92562,0.84116,0.91946,0.6976,0.9874,0.53001,1.01527,0.00025760000000000003,0.00025760000000000003,0.00025760000000000003
yolo_yolov5m_20260729_191111,yolo,yolo_yolov5m_20260729_191111,yolov5m.pt,/root/autodl-fs/datasets/UA-DETRAC_YOLO_Vehicle1/uadetrac_vehicle1.yaml,train,90,10256.262456417084,0.56754,0.26843,0.84658,0.92919,0.8419,0.92231,0.69806,0.98888,0.52312,1.01562,0.00023779999999999995,0.00023779999999999995,0.00023779999999999995
yolo_yolov5m_20260729_191111,yolo,yolo_yolov5m_20260729_191111,yolov5m.pt,/root/autodl-fs/datasets/UA-DETRAC_YOLO_Vehicle1/uadetrac_vehicle1.yaml,train,91,10369.649369001389,0.56521,0.25551,0.84098,0.91922,0.84533,0.92289,0.69974,0.98342,0.52498,1.01119,0.00021799999999999996,0.00021799999999999996,0.00021799999999999996
yolo_yolov5m_20260729_191111,yolo,yolo_yolov5m_20260729_191111,yolov5m.pt,/root/autodl-fs/datasets/UA-DETRAC_YOLO_Vehicle1/uadetrac_vehicle1.yaml,train,92,10483.729967832565,0.55739,0.25202,0.83645,0.92167,0.8465,0.92582,0.70101,0.98561,0.52409,1.01152,0.00019819999999999994,0.00019819999999999994,0.00019819999999999994
yolo_yolov5m_20260729_191111,yolo,yolo_yolov5m_20260729_191111,yolov5m.pt,/root/autodl-fs/datasets/UA-DETRAC_YOLO_Vehicle1/uadetrac_vehicle1.yaml,train,93,10596.524168014526,0.55616,0.25026,0.83675,0.9265,0.84493,0.92468,0.70045,0.99463,0.5286,1.01655,0.00017839999999999992,0.00017839999999999992,0.00017839999999999992
yolo_yolov5m_20260729_191111,yolo,yolo_yolov5m_20260729_191111,yolov5m.pt,/root/autodl-fs/datasets/UA-DETRAC_YOLO_Vehicle1/uadetrac_vehicle1.yaml,train,94,10709.009804010391,0.55113,0.24755,0.8352,0.92871,0.84246,0.92539,0.70291,0.99427,0.52995,1.01518,0.00015859999999999987,0.00015859999999999987,0.00015859999999999987
yolo_yolov5m_20260729_191111,yolo,yolo_yolov5m_20260729_191111,yolov5m.pt,/root/autodl-fs/datasets/UA-DETRAC_YOLO_Vehicle1/uadetrac_vehicle1.yaml,train,95,10823.014649152756,0.5475,0.24634,0.83598,0.92971,0.84168,0.92641,0.70331,0.99206,0.53079,1.01964,0.0001388000000000001,0.0001388000000000001,0.0001388000000000001
yolo_yolov5m_20260729_191111,yolo,yolo_yolov5m_20260729_191111,yolov5m.pt,/root/autodl-fs/datasets/UA-DETRAC_YOLO_Vehicle1/uadetrac_vehicle1.yaml,train,96,10935.389880657196,0.54577,0.24433,0.8348,0.92843,0.84207,0.92509,0.70187,0.99153,0.5367,1.01908,0.0001190000000000001,0.0001190000000000001,0.0001190000000000001
yolo_yolov5m_20260729_191111,yolo,yolo_yolov5m_20260729_191111,yolov5m.pt,/root/autodl-fs/datasets/UA-DETRAC_YOLO_Vehicle1/uadetrac_vehicle1.yaml,train,97,11047.579986810684,0.54427,0.24286,0.83517,0.93073,0.84051,0.92462,0.70248,0.99114,0.54373,1.01956,9.920000000000008e-05,9.920000000000008e-05,9.920000000000008e-05
yolo_yolov5m_20260729_191111,yolo,yolo_yolov5m_20260729_191111,yolov5m.pt,/root/autodl-fs/datasets/UA-DETRAC_YOLO_Vehicle1/uadetrac_vehicle1.yaml,train,98,11161.014258146286,0.54056,0.24185,0.83591,0.92702,0.84158,0.92502,0.70336,0.99015,0.54939,1.02149,7.940000000000006e-05,7.940000000000006e-05,7.940000000000006e-05
yolo_yolov5m_20260729_191111,yolo,yolo_yolov5m_20260729_191111,yolov5m.pt,/root/autodl-fs/datasets/UA-DETRAC_YOLO_Vehicle1/uadetrac_vehicle1.yaml,train,99,11274.618870973587,0.54077,0.24118,0.83428,0.92505,0.8422,0.92298,0.70169,0.98947,0.54909,1.02104,5.9600000000000046e-05,5.9600000000000046e-05,5.9600000000000046e-05
yolo_yolov5m_20260729_191111,yolo,yolo_yolov5m_20260729_191111,yolov5m.pt,/root/autodl-fs/datasets/UA-DETRAC_YOLO_Vehicle1/uadetrac_vehicle1.yaml,train,100,11387.06829714775,0.53511,0.23763,0.83229,0.92759,0.84051,0.92343,0.70185,0.9898,0.54553,1.02166,3.980000000000002e-05,3.980000000000002e-05,3.980000000000002e-05
yolo_yolov5n_20260729_233543,yolo,yolo_yolov5n_20260729_233543,yolov5n.pt,/root/autodl-fs/datasets/UA-DETRAC_YOLO_Vehicle1/uadetrac_vehicle1.yaml,train,1,42.60383629798889,1.07736,1.06144,0.97976,0.88244,0.78965,0.88874,0.60124,1.10316,0.75621,0.98313,0.0006645367412140575,0.0006645367412140575,0.0006645367412140575
yolo_yolov5n_20260729_233543,yolo,yolo_yolov5n_20260729_233543,yolov5n.pt,/root/autodl-fs/datasets/UA-DETRAC_YOLO_Vehicle1/uadetrac_vehicle1.yaml,train,2,80.16201758384705,1.0092,0.71861,0.96117,0.86069,0.80976,0.8919,0.60116,1.11292,0.73861,1.01058,0.0013180244941427052,0.0013180244941427052,0.0013180244941427052
yolo_yolov5n_20260729_233543,yolo,yolo_yolov5n_20260729_233543,yolov5n.pt,/root/autodl-fs/datasets/UA-DETRAC_YOLO_Vehicle1/uadetrac_vehicle1.yaml,train,3,116.36345863342285,0.99266,0.65178,0.95454,0.86509,0.80863,0.8775,0.59656,1.1411,0.69911,1.0084,0.0019583122470713528,0.0019583122470713528,0.0019583122470713528
yolo_yolov5n_20260729_233543,yolo,yolo_yolov5n_20260729_233543,yolov5n.pt,/root/autodl-fs/datasets/UA-DETRAC_YOLO_Vehicle1/uadetrac_vehicle1.yaml,train,4,151.9544095993042,0.96548,0.61556,0.94608,0.86804,0.82799,0.90892,0.6239,1.11616,0.66706,1.00448,0.0019406,0.0019406,0.0019406
yolo_yolov5n_20260729_233543,yolo,yolo_yolov5n_20260729_233543,yolov5n.pt,/root/autodl-fs/datasets/UA-DETRAC_YOLO_Vehicle1/uadetrac_vehicle1.yaml,train,5,187.70894956588745,0.94161,0.58905,0.9424,0.87781,0.81225,0.89402,0.62178,1.0747,0.65077,0.98942,0.0019207999999999999,0.0019207999999999999,0.0019207999999999999
yolo_yolov5n_20260729_233543,yolo,yolo_yolov5n_20260729_233543,yolov5n.pt,/root/autodl-fs/datasets/UA-DETRAC_YOLO_Vehicle1/uadetrac_vehicle1.yaml,train,6,223.25584149360657,0.92614,0.56947,0.93518,0.85731,0.82426,0.88467,0.61121,1.10373,0.67407,1.00433,0.0019010000000000001,0.0019010000000000001,0.0019010000000000001
yolo_yolov5n_20260729_233543,yolo,yolo_yolov5n_20260729_233543,yolov5n.pt,/root/autodl-fs/datasets/UA-DETRAC_YOLO_Vehicle1/uadetrac_vehicle1.yaml,train,7,258.8459722995758,0.90426,0.5529,0.92948,0.91055,0.84566,0.91686,0.63201,1.09682,0.63171,1.00515,0.0018812,0.0018812,0.0018812
yolo_yolov5n_20260729_233543,yolo,yolo_yolov5n_20260729_233543,yolov5n.pt,/root/autodl-fs/datasets/UA-DETRAC_YOLO_Vehicle1/uadetrac_vehicle1.yaml,train,8,295.23744201660156,0.89261,0.54197,0.92638,0.90197,0.79669,0.88758,0.61437,1.08956,0.64516,1.00006,0.0018614,0.0018614,0.0018614
yolo_yolov5n_20260729_233543,yolo,yolo_yolov5n_20260729_233543,yolov5n.pt,/root/autodl-fs/datasets/UA-DETRAC_YOLO_Vehicle1/uadetrac_vehicle1.yaml,train,9,331.03856134414673,0.87781,0.52601,0.92187,0.90307,0.86022,0.92553,0.64957,1.08659,0.59096,0.99664,0.0018416,0.0018416,0.0018416
yolo_yolov5n_20260729_233543,yolo,yolo_yolov5n_20260729_233543,yolov5n.pt,/root/autodl-fs/datasets/UA-DETRAC_YOLO_Vehicle1/uadetrac_vehicle1.yaml,train,10,366.8263347148895,0.86115,0.51408,0.91679,0.91035,0.8276,0.9062,0.63967,1.05233,0.614,0.98355,0.0018218000000000002,0.0018218000000000002,0.0018218000000000002
yolo_yolov5n_20260729_233543,yolo,yolo_yolov5n_20260729_233543,yolov5n.pt,/root/autodl-fs/datasets/UA-DETRAC_YOLO_Vehicle1/uadetrac_vehicle1.yaml,train,11,402.70736169815063,0.85622,0.50856,0.91653,0.87982,0.8125,0.89147,0.60796,1.11435,0.63819,1.00681,0.001802,0.001802,0.001802
yolo_yolov5n_20260729_233543,yolo,yolo_yolov5n_20260729_233543,yolov5n.pt,/root/autodl-fs/datasets/UA-DETRAC_YOLO_Vehicle1/uadetrac_vehicle1.yaml,train,12,438.63565850257874,0.85035,0.50462,0.91349,0.89794,0.83411,0.90866,0.63333,1.10481,0.60088,1.00473,0.0017822,0.0017822,0.0017822
yolo_yolov5n_20260729_233543,yolo,yolo_yolov5n_20260729_233543,yolov5n.pt,/root/autodl-fs/datasets/UA-DETRAC_YOLO_Vehicle1/uadetrac_vehicle1.yaml,train,13,474.58237957954407,0.84669,0.49575,0.91224,0.89436,0.81051,0.89289,0.63786,1.05663,0.6447,0.9798,0.0017624,0.0017624,0.0017624
yolo_yolov5n_20260729_233543,yolo,yolo_yolov5n_20260729_233543,yolov5n.pt,/root/autodl-fs/datasets/UA-DETRAC_YOLO_Vehicle1/uadetrac_vehicle1.yaml,train,14,510.06573152542114,0.83278,0.48894,0.90736,0.89124,0.81966,0.89735,0.64363,1.05151,0.61157,0.98476,0.0017426,0.0017426,0.0017426
yolo_yolov5n_20260729_233543,yolo,yolo_yolov5n_20260729_233543,yolov5n.pt,/root/autodl-fs/datasets/UA-DETRAC_YOLO_Vehicle1/uadetrac_vehicle1.yaml,train,15,545.6678717136383,0.82448,0.48066,0.90345,0.89192,0.83512,0.91531,0.64914,1.06202,0.60703,0.98341,0.0017228,0.0017228,0.0017228
yolo_yolov5n_20260729_233543,yolo,yolo_yolov5n_20260729_233543,yolov5n.pt,/root/autodl-fs/datasets/UA-DETRAC_YOLO_Vehicle1/uadetrac_vehicle1.yaml,train,16,581.095360994339,0.82314,0.47789,0.90441,0.8903,0.83073,0.90703,0.64595,1.07254,0.59851,0.98688,0.001703,0.001703,0.001703
yolo_yolov5n_20260729_233543,yolo,yolo_yolov5n_20260729_233543,yolov5n.pt,/root/autodl-fs/datasets/UA-DETRAC_YOLO_Vehicle1/uadetrac_vehicle1.yaml,train,17,616.9631292819977,0.81477,0.47235,0.90109,0.90173,0.81703,0.89466,0.64,1.05336,0.63245,0.98445,0.0016832000000000001,0.0016832000000000001,0.0016832000000000001
yolo_yolov5n_20260729_233543,yolo,yolo_yolov5n_20260729_233543,yolov5n.pt,/root/autodl-fs/datasets/UA-DETRAC_YOLO_Vehicle1/uadetrac_vehicle1.yaml,train,18,653.1994371414185,0.81305,0.47056,0.90165,0.91214,0.82719,0.91888,0.66083,1.03231,0.57039,0.97384,0.0016634,0.0016634,0.0016634
yolo_yolov5n_20260729_233543,yolo,yolo_yolov5n_20260729_233543,yolov5n.pt,/root/autodl-fs/datasets/UA-DETRAC_YOLO_Vehicle1/uadetrac_vehicle1.yaml,train,19,688.8807260990143,0.80518,0.46463,0.89881,0.92972,0.83216,0.91505,0.65693,1.04003,0.60318,0.97664,0.0016436000000000003,0.0016436000000000003,0.0016436000000000003
yolo_yolov5n_20260729_233543,yolo,yolo_yolov5n_20260729_233543,yolov5n.pt,/root/autodl-fs/datasets/UA-DETRAC_YOLO_Vehicle1/uadetrac_vehicle1.yaml,train,20,724.8858902454376,0.80206,0.46024,0.89852,0.91519,0.84442,0.92461,0.66625,1.03433,0.56388,0.97986,0.0016238000000000001,0.0016238000000000001,0.0016238000000000001
yolo_yolov5n_20260729_233543,yolo,yolo_yolov5n_20260729_233543,yolov5n.pt,/root/autodl-fs/datasets/UA-DETRAC_YOLO_Vehicle1/uadetrac_vehicle1.yaml,train,21,760.627984046936,0.80059,0.45834,0.89672,0.9163,0.86607,0.93213,0.66503,1.04562,0.55121,0.98013,0.0016040000000000002,0.0016040000000000002,0.0016040000000000002
yolo_yolov5n_20260729_233543,yolo,yolo_yolov5n_20260729_233543,yolov5n.pt,/root/autodl-fs/datasets/UA-DETRAC_YOLO_Vehicle1/uadetrac_vehicle1.yaml,train,22,796.3704645633698,0.79276,0.45185,0.89478,0.90436,0.81912,0.90347,0.65038,1.03988,0.57995,0.97751,0.0015842,0.0015842,0.0015842
yolo_yolov5n_20260729_233543,yolo,yolo_yolov5n_20260729_233543,yolov5n.pt,/root/autodl-fs/datasets/UA-DETRAC_YOLO_Vehicle1/uadetrac_vehicle1.yaml,train,23,832.5577371120453,0.79345,0.45356,0.89453,0.91787,0.84391,0.92018,0.65887,1.05033,0.57868,0.97722,0.0015644,0.0015644,0.0015644
yolo_yolov5n_20260729_233543,yolo,yolo_yolov5n_20260729_233543,yolov5n.pt,/root/autodl-fs/datasets/UA-DETRAC_YOLO_Vehicle1/uadetrac_vehicle1.yaml,train,24,868.1773951053619,0.78652,0.44857,0.89453,0.91615,0.84051,0.9159,0.65875,1.0257,0.56927,0.97635,0.0015446,0.0015446,0.0015446
yolo_yolov5n_20260729_233543,yolo,yolo_yolov5n_20260729_233543,yolov5n.pt,/root/autodl-fs/datasets/UA-DETRAC_YOLO_Vehicle1/uadetrac_vehicle1.yaml,train,25,904.5026526451111,0.78187,0.44345,0.89365,0.91428,0.8513,0.91968,0.66548,1.0271,0.60422,0.97679,0.0015248,0.0015248,0.0015248
yolo_yolov5n_20260729_233543,yolo,yolo_yolov5n_20260729_233543,yolov5n.pt,/root/autodl-fs/datasets/UA-DETRAC_YOLO_Vehicle1/uadetrac_vehicle1.yaml,train,26,940.3769912719727,0.78346,0.44188,0.89094,0.90281,0.8698,0.9337,0.66924,1.03916,0.54065,0.97702,0.0015049999999999998,0.0015049999999999998,0.0015049999999999998
yolo_yolov5n_20260729_233543,yolo,yolo_yolov5n_20260729_233543,yolov5n.pt,/root/autodl-fs/datasets/UA-DETRAC_YOLO_Vehicle1/uadetrac_vehicle1.yaml,train,27,976.463143825531,0.77921,0.43895,0.89203,0.92393,0.81731,0.90605,0.65915,1.0312,0.57298,0.97588,0.0014852,0.0014852,0.0014852
yolo_yolov5n_20260729_233543,yolo,yolo_yolov5n_20260729_233543,yolov5n.pt,/root/autodl-fs/datasets/UA-DETRAC_YOLO_Vehicle1/uadetrac_vehicle1.yaml,train,28,1013.0613238811493,0.7723,0.4357,0.88785,0.91072,0.85446,0.92635,0.66524,1.04677,0.54533,0.98188,0.0014654000000000002,0.0014654000000000002,0.0014654000000000002
yolo_yolov5n_20260729_233543,yolo,yolo_yolov5n_20260729_233543,yolov5n.pt,/root/autodl-fs/datasets/UA-DETRAC_YOLO_Vehicle1/uadetrac_vehicle1.yaml,train,29,1048.8364310264587,0.76784,0.43138,0.88765,0.91759,0.85816,0.92693,0.6693,1.02419,0.54758,0.96806,0.0014456,0.0014456,0.0014456
yolo_yolov5n_20260729_233543,yolo,yolo_yolov5n_20260729_233543,yolov5n.pt,/root/autodl-fs/datasets/UA-DETRAC_YOLO_Vehicle1/uadetrac_vehicle1.yaml,train,30,1084.6009328365326,0.76878,0.43131,0.88945,0.9172,0.83907,0.9155,0.66286,1.02423,0.5685,0.97516,0.0014258,0.0014258,0.0014258
yolo_yolov5n_20260729_233543,yolo,yolo_yolov5n_20260729_233543,yolov5n.pt,/root/autodl-fs/datasets/UA-DETRAC_YOLO_Vehicle1/uadetrac_vehicle1.yaml,train,31,1120.5809054374695,0.76917,0.42926,0.88665,0.92105,0.84442,0.92656,0.67385,1.03701,0.53873,0.97976,0.001406,0.001406,0.001406
yolo_yolov5n_20260729_233543,yolo,yolo_yolov5n_20260729_233543,yolov5n.pt,/root/autodl-fs/datasets/UA-DETRAC_YOLO_Vehicle1/uadetrac_vehicle1.yaml,train,32,1156.3351838588715,0.76514,0.42565,0.8867,0.93288,0.83381,0.9218,0.67366,1.00176,0.5628,0.96544,0.0013862,0.0013862,0.0013862
yolo_yolov5n_20260729_233543,yolo,yolo_yolov5n_20260729_233543,yolov5n.pt,/root/autodl-fs/datasets/UA-DETRAC_YOLO_Vehicle1/uadetrac_vehicle1.yaml,train,33,1192.2513628005981,0.76311,0.42552,0.88652,0.92758,0.8259,0.91105,0.65315,1.03308,0.58129,0.9747,0.0013663999999999998,0.0013663999999999998,0.0013663999999999998
yolo_yolov5n_20260729_233543,yolo,yolo_yolov5n_20260729_233543,yolov5n.pt,/root/autodl-fs/datasets/UA-DETRAC_YOLO_Vehicle1/uadetrac_vehicle1.yaml,train,34,1227.9319984912872,0.75376,0.4188,0.88451,0.92232,0.83346,0.91964,0.66952,1.01578,0.5646,0.96934,0.0013465999999999999,0.0013465999999999999,0.0013465999999999999
yolo_yolov5n_20260729_233543,yolo,yolo_yolov5n_20260729_233543,yolov5n.pt,/root/autodl-fs/datasets/UA-DETRAC_YOLO_Vehicle1/uadetrac_vehicle1.yaml,train,35,1263.425829410553,0.75689,0.4213,0.88669,0.91968,0.81828,0.90798,0.65938,1.02543,0.58444,0.97571,0.0013267999999999997,0.0013267999999999997,0.0013267999999999997
yolo_yolov5n_20260729_233543,yolo,yolo_yolov5n_20260729_233543,yolov5n.pt,/root/autodl-fs/datasets/UA-DETRAC_YOLO_Vehicle1/uadetrac_vehicle1.yaml,train,36,1299.4778456687927,0.7533,0.4204,0.88412,0.92449,0.8096,0.90448,0.65901,1.02504,0.59069,0.97075,0.001307,0.001307,0.001307
yolo_yolov5n_20260729_233543,yolo,yolo_yolov5n_20260729_233543,yolov5n.pt,/root/autodl-fs/datasets/UA-DETRAC_YOLO_Vehicle1/uadetrac_vehicle1.yaml,train,37,1335.4548218250275,0.75254,0.41638,0.88253,0.92627,0.82955,0.91916,0.67226,1.00923,0.56261,0.96624,0.0012872,0.0012872,0.0012872
yolo_yolov5n_20260729_233543,yolo,yolo_yolov5n_20260729_233543,yolov5n.pt,/root/autodl-fs/datasets/UA-DETRAC_YOLO_Vehicle1/uadetrac_vehicle1.yaml,train,38,1372.2786755561829,0.7494,0.41134,0.88094,0.92935,0.83023,0.90999,0.66142,1.01417,0.56139,0.96882,0.0012674000000000001,0.0012674000000000001,0.0012674000000000001
yolo_yolov5n_20260729_233543,yolo,yolo_yolov5n_20260729_233543,yolov5n.pt,/root/autodl-fs/datasets/UA-DETRAC_YOLO_Vehicle1/uadetrac_vehicle1.yaml,train,39,1407.868656873703,0.744,0.41074,0.88112,0.9231,0.84781,0.92445,0.67654,1.01205,0.52443,0.97087,0.0012476,0.0012476,0.0012476
yolo_yolov5n_20260729_233543,yolo,yolo_yolov5n_20260729_233543,yolov5n.pt,/root/autodl-fs/datasets/UA-DETRAC_YOLO_Vehicle1/uadetrac_vehicle1.yaml,train,40,1443.5860307216644,0.74236,0.40981,0.87946,0.92828,0.8439,0.92262,0.66898,1.0098,0.53984,0.96505,0.0012278,0.0012278,0.0012278
yolo_yolov5n_20260729_233543,yolo,yolo_yolov5n_20260729_233543,yolov5n.pt,/root/autodl-fs/datasets/UA-DETRAC_YOLO_Vehicle1/uadetrac_vehicle1.yaml,train,41,1479.3209760189056,0.74341,0.40999,0.8802,0.92326,0.82342,0.90862,0.66892,1.01674,0.57828,0.97087,0.001208,0.001208,0.001208
yolo_yolov5n_20260729_233543,yolo,yolo_yolov5n_20260729_233543,yolov5n.pt,/root/autodl-fs/datasets/UA-DETRAC_YOLO_Vehicle1/uadetrac_vehicle1.yaml,train,42,1515.0807387828827,0.73873,0.40476,0.87802,0.91806,0.86794,0.92987,0.67229,1.02925,0.5235,0.97305,0.0011882000000000002,0.0011882000000000002,0.0011882000000000002
yolo_yolov5n_20260729_233543,yolo,yolo_yolov5n_20260729_233543,yolov5n.pt,/root/autodl-fs/datasets/UA-DETRAC_YOLO_Vehicle1/uadetrac_vehicle1.yaml,train,43,1550.979235649109,0.73834,0.40467,0.87763,0.92355,0.83086,0.91166,0.66465,1.01331,0.56265,0.97041,0.0011684000000000002,0.0011684000000000002,0.0011684000000000002
yolo_yolov5n_20260729_233543,yolo,yolo_yolov5n_20260729_233543,yolov5n.pt,/root/autodl-fs/datasets/UA-DETRAC_YOLO_Vehicle1/uadetrac_vehicle1.yaml,train,44,1586.554148197174,0.73418,0.40285,0.87757,0.91637,0.83868,0.91267,0.66377,1.01327,0.58241,0.97308,0.0011486,0.0011486,0.0011486
yolo_yolov5n_20260729_233543,yolo,yolo_yolov5n_20260729_233543,yolov5n.pt,/root/autodl-fs/datasets/UA-DETRAC_YOLO_Vehicle1/uadetrac_vehicle1.yaml,train,45,1622.1077482700348,0.73755,0.40382,0.87728,0.93143,0.82379,0.91217,0.66972,1.00501,0.55544,0.96746,0.0011288000000000001,0.0011288000000000001,0.0011288000000000001
yolo_yolov5n_20260729_233543,yolo,yolo_yolov5n_20260729_233543,yolov5n.pt,/root/autodl-fs/datasets/UA-DETRAC_YOLO_Vehicle1/uadetrac_vehicle1.yaml,train,46,1657.7370574474335,0.73233,0.39981,0.87697,0.93204,0.84324,0.91859,0.67139,1.01134,0.53614,0.96687,0.001109,0.001109,0.001109
yolo_yolov5n_20260729_233543,yolo,yolo_yolov5n_20260729_233543,yolov5n.pt,/root/autodl-fs/datasets/UA-DETRAC_YOLO_Vehicle1/uadetrac_vehicle1.yaml,train,47,1693.401871919632,0.73,0.39734,0.87665,0.93807,0.82825,0.91507,0.67198,0.99739,0.56621,0.96345,0.0010892000000000002,0.0010892000000000002,0.0010892000000000002
yolo_yolov5n_20260729_233543,yolo,yolo_yolov5n_20260729_233543,yolov5n.pt,/root/autodl-fs/datasets/UA-DETRAC_YOLO_Vehicle1/uadetrac_vehicle1.yaml,train,48,1729.5855345726013,0.72746,0.39922,0.87682,0.9239,0.82647,0.91259,0.67029,1.01138,0.55936,0.96752,0.0010694,0.0010694,0.0010694
yolo_yolov5n_20260729_233543,yolo,yolo_yolov5n_20260729_233543,yolov5n.pt,/root/autodl-fs/datasets/UA-DETRAC_YOLO_Vehicle1/uadetrac_vehicle1.yaml,train,49,1765.8505320549011,0.73045,0.3948,0.87607,0.92672,0.85003,0.92486,0.67329,1.01315,0.54575,0.97058,0.0010496000000000001,0.0010496000000000001,0.0010496000000000001
yolo_yolov5n_20260729_233543,yolo,yolo_yolov5n_20260729_233543,yolov5n.pt,/root/autodl-fs/datasets/UA-DETRAC_YOLO_Vehicle1/uadetrac_vehicle1.yaml,train,50,1801.6634783744812,0.72525,0.39373,0.87439,0.92148,0.84963,0.92236,0.67255,1.0153,0.55466,0.96554,0.0010298,0.0010298,0.0010298
yolo_yolov5n_20260729_233543,yolo,yolo_yolov5n_20260729_233543,yolov5n.pt,/root/autodl-fs/datasets/UA-DETRAC_YOLO_Vehicle1/uadetrac_vehicle1.yaml,train,51,1837.4394629001617,0.72673,0.39283,0.8746,0.922,0.83438,0.90697,0.67143,0.98896,0.57119,0.95897,0.00101,0.00101,0.00101
yolo_yolov5n_20260729_233543,yolo,yolo_yolov5n_20260729_233543,yolov5n.pt,/root/autodl-fs/datasets/UA-DETRAC_YOLO_Vehicle1/uadetrac_vehicle1.yaml,train,52,1873.147877216339,0.71864,0.39164,0.87447,0.92559,0.83701,0.91474,0.67138,1.00837,0.54713,0.96735,0.0009901999999999999,0.0009901999999999999,0.0009901999999999999
yolo_yolov5n_20260729_233543,yolo,yolo_yolov5n_20260729_233543,yolov5n.pt,/root/autodl-fs/datasets/UA-DETRAC_YOLO_Vehicle1/uadetrac_vehicle1.yaml,train,53,1908.8401980400085,0.72075,0.39011,0.87339,0.91533,0.83601,0.91788,0.67364,1.00368,0.55816,0.9649,0.0009704,0.0009704,0.0009704
yolo_yolov5n_20260729_233543,yolo,yolo_yolov5n_20260729_233543,yolov5n.pt,/root/autodl-fs/datasets/UA-DETRAC_YOLO_Vehicle1/uadetrac_vehicle1.yaml,train,54,1944.3959798812866,0.71469,0.38657,0.87231,0.92129,0.8349,0.91039,0.67242,0.99416,0.55791,0.95874,0.0009506,0.0009506,0.0009506
yolo_yolov5n_20260729_233543,yolo,yolo_yolov5n_20260729_233543,yolov5n.pt,/root/autodl-fs/datasets/UA-DETRAC_YOLO_Vehicle1/uadetrac_vehicle1.yaml,train,55,1980.142344713211,0.71525,0.38526,0.87156,0.92876,0.8382,0.90751,0.6695,1.00061,0.56077,0.9615,0.0009308,0.0009308,0.0009308
yolo_yolov5n_20260729_233543,yolo,yolo_yolov5n_20260729_233543,yolov5n.pt,/root/autodl-fs/datasets/UA-DETRAC_YOLO_Vehicle1/uadetrac_vehicle1.yaml,train,56,2016.0226647853851,0.71447,0.38488,0.87067,0.92829,0.82838,0.9145,0.67014,1.01016,0.5453,0.96874,0.0009109999999999999,0.0009109999999999999,0.0009109999999999999
yolo_yolov5n_20260729_233543,yolo,yolo_yolov5n_20260729_233543,yolov5n.pt,/root/autodl-fs/datasets/UA-DETRAC_YOLO_Vehicle1/uadetrac_vehicle1.yaml,train,57,2051.7169585227966,0.71269,0.38456,0.87195,0.92442,0.84442,0.91835,0.67185,1.01123,0.53114,0.9684,0.0008911999999999999,0.0008911999999999999,0.0008911999999999999
yolo_yolov5n_20260729_233543,yolo,yolo_yolov5n_20260729_233543,yolov5n.pt,/root/autodl-fs/datasets/UA-DETRAC_YOLO_Vehicle1/uadetrac_vehicle1.yaml,train,58,2088.1773216724396,0.7087,0.38117,0.87026,0.93198,0.84794,0.92564,0.67654,1.01325,0.53798,0.96865,0.0008714,0.0008714,0.0008714
yolo_yolov5n_20260729_233543,yolo,yolo_yolov5n_20260729_233543,yolov5n.pt,/root/autodl-fs/datasets/UA-DETRAC_YOLO_Vehicle1/uadetrac_vehicle1.yaml,train,59,2123.958444595337,0.70866,0.37932,0.87064,0.92515,0.83607,0.91911,0.67231,1.01671,0.54402,0.97131,0.0008516000000000001,0.0008516000000000001,0.0008516000000000001
yolo_yolov5n_20260729_233543,yolo,yolo_yolov5n_20260729_233543,yolov5n.pt,/root/autodl-fs/datasets/UA-DETRAC_YOLO_Vehicle1/uadetrac_vehicle1.yaml,train,60,2159.7351689338684,0.70723,0.37885,0.87085,0.9217,0.84581,0.91802,0.67462,1.00628,0.54677,0.96447,0.0008318000000000002,0.0008318000000000002,0.0008318000000000002
yolo_yolov5n_20260729_233543,yolo,yolo_yolov5n_20260729_233543,yolov5n.pt,/root/autodl-fs/datasets/UA-DETRAC_YOLO_Vehicle1/uadetrac_vehicle1.yaml,train,61,2195.5451197624207,0.70314,0.37651,0.86938,0.91667,0.86654,0.9257,0.67365,1.02192,0.54388,0.97212,0.0008120000000000001,0.0008120000000000001,0.0008120000000000001
yolo_yolov5n_20260729_233543,yolo,yolo_yolov5n_20260729_233543,yolov5n.pt,/root/autodl-fs/datasets/UA-DETRAC_YOLO_Vehicle1/uadetrac_vehicle1.yaml,train,62,2231.3081612586975,0.70577,0.37685,0.86955,0.91514,0.84523,0.91408,0.67094,1.00325,0.55299,0.96539,0.0007922000000000001,0.0007922000000000001,0.0007922000000000001
yolo_yolov5n_20260729_233543,yolo,yolo_yolov5n_20260729_233543,yolov5n.pt,/root/autodl-fs/datasets/UA-DETRAC_YOLO_Vehicle1/uadetrac_vehicle1.yaml,train,63,2267.1735281944275,0.70383,0.37489,0.86921,0.92038,0.84011,0.9181,0.67239,1.01647,0.55082,0.96821,0.0007724,0.0007724,0.0007724
yolo_yolov5n_20260729_233543,yolo,yolo_yolov5n_20260729_233543,yolov5n.pt,/root/autodl-fs/datasets/UA-DETRAC_YOLO_Vehicle1/uadetrac_vehicle1.yaml,train,64,2302.7773611545563,0.6994,0.37313,0.86669,0.92081,0.83972,0.91996,0.67308,1.00966,0.53773,0.96756,0.0007526000000000001,0.0007526000000000001,0.0007526000000000001
yolo_yolov5n_20260729_233543,yolo,yolo_yolov5n_20260729_233543,yolov5n.pt,/root/autodl-fs/datasets/UA-DETRAC_YOLO_Vehicle1/uadetrac_vehicle1.yaml,train,65,2338.3311660289764,0.69824,0.37096,0.86775,0.90724,0.84944,0.91755,0.67238,1.00896,0.54705,0.9677,0.0007328,0.0007328,0.0007328
yolo_yolov5n_20260729_233543,yolo,yolo_yolov5n_20260729_233543,yolov5n.pt,/root/autodl-fs/datasets/UA-DETRAC_YOLO_Vehicle1/uadetrac_vehicle1.yaml,train,66,2373.9148273468018,0.69501,0.37113,0.86779,0.91533,0.83203,0.91116,0.67128,1.01154,0.57068,0.96781,0.000713,0.000713,0.000713
yolo_yolov5n_20260729_233543,yolo,yolo_yolov5n_20260729_233543,yolov5n.pt,/root/autodl-fs/datasets/UA-DETRAC_YOLO_Vehicle1/uadetrac_vehicle1.yaml,train,67,2409.529272556305,0.69318,0.36874,0.86562,0.91581,0.84038,0.92245,0.6752,1.00891,0.54293,0.96833,0.0006931999999999999,0.0006931999999999999,0.0006931999999999999
yolo_yolov5n_20260729_233543,yolo,yolo_yolov5n_20260729_233543,yolov5n.pt,/root/autodl-fs/datasets/UA-DETRAC_YOLO_Vehicle1/uadetrac_vehicle1.yaml,train,68,2445.7500994205475,0.69634,0.36976,0.86707,0.92478,0.83816,0.91941,0.67295,1.01209,0.54297,0.96802,0.0006733999999999999,0.0006733999999999999,0.0006733999999999999
yolo_yolov5n_20260729_233543,yolo,yolo_yolov5n_20260729_233543,yolov5n.pt,/root/autodl-fs/datasets/UA-DETRAC_YOLO_Vehicle1/uadetrac_vehicle1.yaml,train,69,2481.5138540267944,0.69553,0.36875,0.86667,0.92416,0.83903,0.91794,0.67552,1.0194,0.53983,0.97277,0.0006536,0.0006536,0.0006536
yolo_yolov5n_20260729_233543,yolo,yolo_yolov5n_20260729_233543,yolov5n.pt,/root/autodl-fs/datasets/UA-DETRAC_YOLO_Vehicle1/uadetrac_vehicle1.yaml,train,70,2517.198510169983,0.68867,0.36529,0.86567,0.91559,0.85681,0.92348,0.67919,1.00178,0.52609,0.96465,0.0006338000000000001,0.0006338000000000001,0.0006338000000000001
yolo_yolov5n_20260729_233543,yolo,yolo_yolov5n_20260729_233543,yolov5n.pt,/root/autodl-fs/datasets/UA-DETRAC_YOLO_Vehicle1/uadetrac_vehicle1.yaml,train,71,2553.0422632694244,0.68696,0.36266,0.86491,0.9233,0.83359,0.91637,0.6707,1.00547,0.54881,0.96762,0.0006140000000000001,0.0006140000000000001,0.0006140000000000001
yolo_yolov5n_20260729_233543,yolo,yolo_yolov5n_20260729_233543,yolov5n.pt,/root/autodl-fs/datasets/UA-DETRAC_YOLO_Vehicle1/uadetrac_vehicle1.yaml,train,72,2588.779139995575,0.69025,0.36327,0.86381,0.92053,0.84259,0.91554,0.67598,1.0027,0.5674,0.96638,0.0005942,0.0005942,0.0005942
yolo_yolov5n_20260729_233543,yolo,yolo_yolov5n_20260729_233543,yolov5n.pt,/root/autodl-fs/datasets/UA-DETRAC_YOLO_Vehicle1/uadetrac_vehicle1.yaml,train,73,2624.4253816604614,0.68736,0.36223,0.86486,0.91797,0.84793,0.92053,0.67838,1.00801,0.53869,0.96697,0.0005744000000000001,0.0005744000000000001,0.0005744000000000001
yolo_yolov5n_20260729_233543,yolo,yolo_yolov5n_20260729_233543,yolov5n.pt,/root/autodl-fs/datasets/UA-DETRAC_YOLO_Vehicle1/uadetrac_vehicle1.yaml,train,74,2659.9682807922363,0.6849,0.36071,0.86255,0.91952,0.84481,0.9199,0.67659,1.00158,0.53878,0.96445,0.0005546000000000001,0.0005546000000000001,0.0005546000000000001
yolo_yolov5n_20260729_233543,yolo,yolo_yolov5n_20260729_233543,yolov5n.pt,/root/autodl-fs/datasets/UA-DETRAC_YOLO_Vehicle1/uadetrac_vehicle1.yaml,train,75,2696.038028240204,0.68677,0.36135,0.86308,0.92223,0.85209,0.92306,0.68011,1.00245,0.53058,0.96444,0.0005348000000000001,0.0005348000000000001,0.0005348000000000001
yolo_yolov5n_20260729_233543,yolo,yolo_yolov5n_20260729_233543,yolov5n.pt,/root/autodl-fs/datasets/UA-DETRAC_YOLO_Vehicle1/uadetrac_vehicle1.yaml,train,76,2732.1377913951874,0.68029,0.3575,0.8623,0.91682,0.8538,0.92231,0.67681,1.0164,0.53994,0.97065,0.000515,0.000515,0.000515
yolo_yolov5n_20260729_233543,yolo,yolo_yolov5n_20260729_233543,yolov5n.pt,/root/autodl-fs/datasets/UA-DETRAC_YOLO_Vehicle1/uadetrac_vehicle1.yaml,train,77,2767.698884010315,0.6793,0.35765,0.86218,0.91717,0.86206,0.92454,0.6805,1.00609,0.53743,0.96927,0.0004952,0.0004952,0.0004952
yolo_yolov5n_20260729_233543,yolo,yolo_yolov5n_20260729_233543,yolov5n.pt,/root/autodl-fs/datasets/UA-DETRAC_YOLO_Vehicle1/uadetrac_vehicle1.yaml,train,78,2804.0252900123596,0.67836,0.35545,0.86252,0.91273,0.85224,0.92277,0.67889,1.01034,0.53753,0.97,0.0004754,0.0004754,0.0004754
yolo_yolov5n_20260729_233543,yolo,yolo_yolov5n_20260729_233543,yolov5n.pt,/root/autodl-fs/datasets/UA-DETRAC_YOLO_Vehicle1/uadetrac_vehicle1.yaml,train,79,2840.055458545685,0.6774,0.35562,0.86313,0.92843,0.83372,0.91979,0.67862,1.00671,0.53776,0.96867,0.00045559999999999996,0.00045559999999999996,0.00045559999999999996
yolo_yolov5n_20260729_233543,yolo,yolo_yolov5n_20260729_233543,yolov5n.pt,/root/autodl-fs/datasets/UA-DETRAC_YOLO_Vehicle1/uadetrac_vehicle1.yaml,train,80,2875.900114774704,0.6743,0.35316,0.86143,0.91187,0.846,0.91875,0.67839,1.00263,0.53748,0.96504,0.00043579999999999997,0.00043579999999999997,0.00043579999999999997
yolo_yolov5n_20260729_233543,yolo,yolo_yolov5n_20260729_233543,yolov5n.pt,/root/autodl-fs/datasets/UA-DETRAC_YOLO_Vehicle1/uadetrac_vehicle1.yaml,train,81,2911.6968257427216,0.67057,0.35101,0.86061,0.925,0.83581,0.91957,0.67818,1.00475,0.54359,0.96684,0.0004159999999999999,0.0004159999999999999,0.0004159999999999999
yolo_yolov5n_20260729_233543,yolo,yolo_yolov5n_20260729_233543,yolov5n.pt,/root/autodl-fs/datasets/UA-DETRAC_YOLO_Vehicle1/uadetrac_vehicle1.yaml,train,82,2947.435072183609,0.67273,0.35009,0.86018,0.93164,0.8302,0.91831,0.67771,1.00703,0.53539,0.9692,0.00039619999999999987,0.00039619999999999987,0.00039619999999999987
yolo_yolov5n_20260729_233543,yolo,yolo_yolov5n_20260729_233543,yolov5n.pt,/root/autodl-fs/datasets/UA-DETRAC_YOLO_Vehicle1/uadetrac_vehicle1.yaml,train,83,2983.2603900432587,0.671,0.34975,0.85947,0.91211,0.8499,0.92182,0.68107,1.00623,0.53204,0.96778,0.00037640000000000015,0.00037640000000000015,0.00037640000000000015
yolo_yolov5n_20260729_233543,yolo,yolo_yolov5n_20260729_233543,yolov5n.pt,/root/autodl-fs/datasets/UA-DETRAC_YOLO_Vehicle1/uadetrac_vehicle1.yaml,train,84,3019.187335252762,0.6668,0.3482,0.85969,0.92838,0.8276,0.91527,0.67656,1.00176,0.54682,0.96441,0.0003566000000000001,0.0003566000000000001,0.0003566000000000001
yolo_yolov5n_20260729_233543,yolo,yolo_yolov5n_20260729_233543,yolov5n.pt,/root/autodl-fs/datasets/UA-DETRAC_YOLO_Vehicle1/uadetrac_vehicle1.yaml,train,85,3054.7921113967896,0.6675,0.34758,0.85919,0.91722,0.8496,0.92246,0.68095,1.00188,0.53758,0.96636,0.0003368000000000001,0.0003368000000000001,0.0003368000000000001
yolo_yolov5n_20260729_233543,yolo,yolo_yolov5n_20260729_233543,yolov5n.pt,/root/autodl-fs/datasets/UA-DETRAC_YOLO_Vehicle1/uadetrac_vehicle1.yaml,train,86,3090.4316742420197,0.66241,0.3457,0.85815,0.91801,0.8396,0.91779,0.67956,0.99912,0.54379,0.96614,0.00031700000000000006,0.00031700000000000006,0.00031700000000000006
yolo_yolov5n_20260729_233543,yolo,yolo_yolov5n_20260729_233543,yolov5n.pt,/root/autodl-fs/datasets/UA-DETRAC_YOLO_Vehicle1/uadetrac_vehicle1.yaml,train,87,3125.8692247867584,0.6632,0.34366,0.85939,0.91022,0.85029,0.91991,0.67841,1.00914,0.53843,0.96963,0.0002972,0.0002972,0.0002972
yolo_yolov5n_20260729_233543,yolo,yolo_yolov5n_20260729_233543,yolov5n.pt,/root/autodl-fs/datasets/UA-DETRAC_YOLO_Vehicle1/uadetrac_vehicle1.yaml,train,88,3162.1482837200165,0.66509,0.34421,0.85921,0.91593,0.83998,0.91526,0.67353,1.00738,0.54476,0.96872,0.0002774,0.0002774,0.0002774
yolo_yolov5n_20260729_233543,yolo,yolo_yolov5n_20260729_233543,yolov5n.pt,/root/autodl-fs/datasets/UA-DETRAC_YOLO_Vehicle1/uadetrac_vehicle1.yaml,train,89,3197.893056869507,0.66502,0.34342,0.85831,0.92489,0.83516,0.91817,0.67669,1.00907,0.54673,0.96979,0.00025760000000000003,0.00025760000000000003,0.00025760000000000003
yolo_yolov5n_20260729_233543,yolo,yolo_yolov5n_20260729_233543,yolov5n.pt,/root/autodl-fs/datasets/UA-DETRAC_YOLO_Vehicle1/uadetrac_vehicle1.yaml,train,90,3233.5124456882477,0.65975,0.34165,0.85933,0.91697,0.83881,0.918,0.67734,1.0064,0.54418,0.96819,0.00023779999999999995,0.00023779999999999995,0.00023779999999999995
yolo_yolov5n_20260729_233543,yolo,yolo_yolov5n_20260729_233543,yolov5n.pt,/root/autodl-fs/datasets/UA-DETRAC_YOLO_Vehicle1/uadetrac_vehicle1.yaml,train,91,3268.256285429001,0.65507,0.32795,0.85001,0.91552,0.84259,0.91939,0.67488,1.01127,0.54354,0.97071,0.00021799999999999996,0.00021799999999999996,0.00021799999999999996
yolo_yolov5n_20260729_233543,yolo,yolo_yolov5n_20260729_233543,yolov5n.pt,/root/autodl-fs/datasets/UA-DETRAC_YOLO_Vehicle1/uadetrac_vehicle1.yaml,train,92,3302.551248073578,0.64448,0.32077,0.84722,0.91738,0.84103,0.91749,0.67511,1.00886,0.55269,0.97072,0.00019819999999999994,0.00019819999999999994,0.00019819999999999994
yolo_yolov5n_20260729_233543,yolo,yolo_yolov5n_20260729_233543,yolov5n.pt,/root/autodl-fs/datasets/UA-DETRAC_YOLO_Vehicle1/uadetrac_vehicle1.yaml,train,93,3336.881331920624,0.64046,0.31734,0.84691,0.92048,0.84051,0.91742,0.6769,1.00961,0.55071,0.97092,0.00017839999999999992,0.00017839999999999992,0.00017839999999999992
yolo_yolov5n_20260729_233543,yolo,yolo_yolov5n_20260729_233543,yolov5n.pt,/root/autodl-fs/datasets/UA-DETRAC_YOLO_Vehicle1/uadetrac_vehicle1.yaml,train,94,3370.8961074352264,0.63672,0.31509,0.846,0.91523,0.84905,0.91976,0.67873,1.01009,0.5455,0.97151,0.00015859999999999987,0.00015859999999999987,0.00015859999999999987
yolo_yolov5n_20260729_233543,yolo,yolo_yolov5n_20260729_233543,yolov5n.pt,/root/autodl-fs/datasets/UA-DETRAC_YOLO_Vehicle1/uadetrac_vehicle1.yaml,train,95,3404.9238204956055,0.63519,0.31319,0.84552,0.92023,0.84507,0.9195,0.67828,1.01103,0.54803,0.97012,0.0001388000000000001,0.0001388000000000001,0.0001388000000000001
yolo_yolov5n_20260729_233543,yolo,yolo_yolov5n_20260729_233543,yolov5n.pt,/root/autodl-fs/datasets/UA-DETRAC_YOLO_Vehicle1/uadetrac_vehicle1.yaml,train,96,3438.901678800583,0.63274,0.3124,0.84453,0.9165,0.85025,0.92032,0.67954,1.01142,0.54852,0.96988,0.0001190000000000001,0.0001190000000000001,0.0001190000000000001
yolo_yolov5n_20260729_233543,yolo,yolo_yolov5n_20260729_233543,yolov5n.pt,/root/autodl-fs/datasets/UA-DETRAC_YOLO_Vehicle1/uadetrac_vehicle1.yaml,train,97,3472.9204773902893,0.63146,0.31001,0.8438,0.92175,0.8525,0.92113,0.68008,1.00884,0.55027,0.97001,9.920000000000008e-05,9.920000000000008e-05,9.920000000000008e-05
yolo_yolov5n_20260729_233543,yolo,yolo_yolov5n_20260729_233543,yolov5n.pt,/root/autodl-fs/datasets/UA-DETRAC_YOLO_Vehicle1/uadetrac_vehicle1.yaml,train,98,3507.4337763786316,0.63108,0.3106,0.84418,0.92186,0.84729,0.91927,0.67954,1.00709,0.55334,0.9691,7.940000000000006e-05,7.940000000000006e-05,7.940000000000006e-05
yolo_yolov5n_20260729_233543,yolo,yolo_yolov5n_20260729_233543,yolov5n.pt,/root/autodl-fs/datasets/UA-DETRAC_YOLO_Vehicle1/uadetrac_vehicle1.yaml,train,99,3542.0213882923126,0.6288,0.30899,0.8428,0.92408,0.84142,0.91857,0.67929,1.00846,0.55631,0.96992,5.9600000000000046e-05,5.9600000000000046e-05,5.9600000000000046e-05
yolo_yolov5n_20260729_233543,yolo,yolo_yolov5n_20260729_233543,yolov5n.pt,/root/autodl-fs/datasets/UA-DETRAC_YOLO_Vehicle1/uadetrac_vehicle1.yaml,train,100,3576.0874581336975,0.62432,0.30607,0.8433,0.92714,0.8364,0.91759,0.67861,1.01007,0.55659,0.97042,3.980000000000002e-05,3.980000000000002e-05,3.980000000000002e-05
yolo_yolov5s_20260730_023111,yolo,yolo_yolov5s_20260730_023111,yolov5s.pt,/root/autodl-fs/datasets/UA-DETRAC_YOLO_Vehicle1/uadetrac_vehicle1.yaml,train,1,68.3894910812378,0.9874,0.76164,0.96234,0.83081,0.82134,0.88454,0.61544,1.10506,0.75151,1.01129,0.0006645367412140575,0.0006645367412140575,0.0006645367412140575
yolo_yolov5s_20260730_023111,yolo,yolo_yolov5s_20260730_023111,yolov5s.pt,/root/autodl-fs/datasets/UA-DETRAC_YOLO_Vehicle1/uadetrac_vehicle1.yaml,train,2,130.3712203502655,0.96183,0.61983,0.95555,0.87787,0.8437,0.90943,0.62039,1.10662,0.73807,1.02404,0.0013180244941427052,0.0013180244941427052,0.0013180244941427052
yolo_yolov5s_20260730_023111,yolo,yolo_yolov5s_20260730_023111,yolov5s.pt,/root/autodl-fs/datasets/UA-DETRAC_YOLO_Vehicle1/uadetrac_vehicle1.yaml,train,3,192.21004819869995,0.94597,0.59221,0.94941,0.82336,0.81677,0.87988,0.61025,1.08164,0.75449,1.00433,0.0019583122470713528,0.0019583122470713528,0.0019583122470713528
yolo_yolov5s_20260730_023111,yolo,yolo_yolov5s_20260730_023111,yolov5s.pt,/root/autodl-fs/datasets/UA-DETRAC_YOLO_Vehicle1/uadetrac_vehicle1.yaml,train,4,253.61421632766724,0.9173,0.56317,0.93895,0.85815,0.75287,0.85793,0.5864,1.14368,0.77322,1.03635,0.0019406,0.0019406,0.0019406
yolo_yolov5s_20260730_023111,yolo,yolo_yolov5s_20260730_023111,yolov5s.pt,/root/autodl-fs/datasets/UA-DETRAC_YOLO_Vehicle1/uadetrac_vehicle1.yaml,train,5,314.9889409542084,0.8874,0.53853,0.93132,0.85462,0.83672,0.89892,0.61496,1.11002,0.68236,1.01875,0.0019207999999999999,0.0019207999999999999,0.0019207999999999999
yolo_yolov5s_20260730_023111,yolo,yolo_yolov5s_20260730_023111,yolov5s.pt,/root/autodl-fs/datasets/UA-DETRAC_YOLO_Vehicle1/uadetrac_vehicle1.yaml,train,6,375.9248905181885,0.86122,0.51473,0.92131,0.87368,0.83738,0.91037,0.63221,1.06769,0.6463,0.9957,0.0019010000000000001,0.0019010000000000001,0.0019010000000000001
yolo_yolov5s_20260730_023111,yolo,yolo_yolov5s_20260730_023111,yolov5s.pt,/root/autodl-fs/datasets/UA-DETRAC_YOLO_Vehicle1/uadetrac_vehicle1.yaml,train,7,436.83234119415283,0.8481,0.50261,0.91705,0.92111,0.85426,0.9296,0.65226,1.03825,0.56624,0.98439,0.0018812,0.0018812,0.0018812
yolo_yolov5s_20260730_023111,yolo,yolo_yolov5s_20260730_023111,yolov5s.pt,/root/autodl-fs/datasets/UA-DETRAC_YOLO_Vehicle1/uadetrac_vehicle1.yaml,train,8,497.4503757953644,0.83295,0.4884,0.9129,0.91024,0.85863,0.92614,0.6539,1.0598,0.58175,0.99679,0.0018614,0.0018614,0.0018614
yolo_yolov5s_20260730_023111,yolo,yolo_yolov5s_20260730_023111,yolov5s.pt,/root/autodl-fs/datasets/UA-DETRAC_YOLO_Vehicle1/uadetrac_vehicle1.yaml,train,9,559.0950741767883,0.82107,0.48093,0.90885,0.91633,0.85121,0.92664,0.65796,1.0654,0.59701,0.99733,0.0018416,0.0018416,0.0018416
yolo_yolov5s_20260730_023111,yolo,yolo_yolov5s_20260730_023111,yolov5s.pt,/root/autodl-fs/datasets/UA-DETRAC_YOLO_Vehicle1/uadetrac_vehicle1.yaml,train,10,620.4562880992889,0.80677,0.47141,0.90472,0.89278,0.84812,0.92176,0.65492,1.03529,0.59492,0.98554,0.0018218000000000002,0.0018218000000000002,0.0018218000000000002
yolo_yolov5s_20260730_023111,yolo,yolo_yolov5s_20260730_023111,yolov5s.pt,/root/autodl-fs/datasets/UA-DETRAC_YOLO_Vehicle1/uadetrac_vehicle1.yaml,train,11,681.4832448959351,0.80236,0.4639,0.90422,0.89446,0.85878,0.9334,0.66483,1.03451,0.5891,0.97984,0.001802,0.001802,0.001802
yolo_yolov5s_20260730_023111,yolo,yolo_yolov5s_20260730_023111,yolov5s.pt,/root/autodl-fs/datasets/UA-DETRAC_YOLO_Vehicle1/uadetrac_vehicle1.yaml,train,12,742.6059546470642,0.79465,0.45475,0.90019,0.90188,0.85108,0.92265,0.6623,1.02149,0.5546,0.97475,0.0017822,0.0017822,0.0017822
yolo_yolov5s_20260730_023111,yolo,yolo_yolov5s_20260730_023111,yolov5s.pt,/root/autodl-fs/datasets/UA-DETRAC_YOLO_Vehicle1/uadetrac_vehicle1.yaml,train,13,803.5484993457794,0.78715,0.44772,0.89746,0.91426,0.84351,0.91867,0.65988,1.04042,0.56598,0.98706,0.0017624,0.0017624,0.0017624
yolo_yolov5s_20260730_023111,yolo,yolo_yolov5s_20260730_023111,yolov5s.pt,/root/autodl-fs/datasets/UA-DETRAC_YOLO_Vehicle1/uadetrac_vehicle1.yaml,train,14,864.2704010009766,0.77714,0.44272,0.89428,0.91432,0.83781,0.9146,0.65858,1.04792,0.58091,0.98351,0.0017426,0.0017426,0.0017426
yolo_yolov5s_20260730_023111,yolo,yolo_yolov5s_20260730_023111,yolov5s.pt,/root/autodl-fs/datasets/UA-DETRAC_YOLO_Vehicle1/uadetrac_vehicle1.yaml,train,15,925.7997496128082,0.76709,0.43515,0.88972,0.90264,0.86242,0.92,0.66178,1.03517,0.58667,0.98275,0.0017228,0.0017228,0.0017228
yolo_yolov5s_20260730_023111,yolo,yolo_yolov5s_20260730_023111,yolov5s.pt,/root/autodl-fs/datasets/UA-DETRAC_YOLO_Vehicle1/uadetrac_vehicle1.yaml,train,16,987.0412628650665,0.76893,0.43338,0.89079,0.90171,0.83627,0.92116,0.6558,1.05056,0.561,0.99112,0.001703,0.001703,0.001703
yolo_yolov5s_20260730_023111,yolo,yolo_yolov5s_20260730_023111,yolov5s.pt,/root/autodl-fs/datasets/UA-DETRAC_YOLO_Vehicle1/uadetrac_vehicle1.yaml,train,17,1048.064610004425,0.75749,0.42842,0.88792,0.89834,0.84354,0.92214,0.66768,1.02038,0.56573,0.97681,0.0016832000000000001,0.0016832000000000001,0.0016832000000000001
yolo_yolov5s_20260730_023111,yolo,yolo_yolov5s_20260730_023111,yolov5s.pt,/root/autodl-fs/datasets/UA-DETRAC_YOLO_Vehicle1/uadetrac_vehicle1.yaml,train,18,1108.9836456775665,0.75385,0.42156,0.88715,0.90731,0.8542,0.92673,0.68124,1.00884,0.53759,0.97017,0.0016634,0.0016634,0.0016634
yolo_yolov5s_20260730_023111,yolo,yolo_yolov5s_20260730_023111,yolov5s.pt,/root/autodl-fs/datasets/UA-DETRAC_YOLO_Vehicle1/uadetrac_vehicle1.yaml,train,19,1169.8959562778473,0.75021,0.41864,0.88604,0.90948,0.84911,0.91846,0.66756,1.04207,0.5532,0.98534,0.0016436000000000003,0.0016436000000000003,0.0016436000000000003
yolo_yolov5s_20260730_023111,yolo,yolo_yolov5s_20260730_023111,yolov5s.pt,/root/autodl-fs/datasets/UA-DETRAC_YOLO_Vehicle1/uadetrac_vehicle1.yaml,train,20,1230.6669845581055,0.7477,0.41446,0.88558,0.92654,0.8542,0.92883,0.67733,1.00721,0.57875,0.97322,0.0016238000000000001,0.0016238000000000001,0.0016238000000000001
yolo_yolov5s_20260730_023111,yolo,yolo_yolov5s_20260730_023111,yolov5s.pt,/root/autodl-fs/datasets/UA-DETRAC_YOLO_Vehicle1/uadetrac_vehicle1.yaml,train,21,1291.9996757507324,0.74405,0.41391,0.8836,0.91734,0.87566,0.93873,0.6853,1.01242,0.53346,0.97358,0.0016040000000000002,0.0016040000000000002,0.0016040000000000002
yolo_yolov5s_20260730_023111,yolo,yolo_yolov5s_20260730_023111,yolov5s.pt,/root/autodl-fs/datasets/UA-DETRAC_YOLO_Vehicle1/uadetrac_vehicle1.yaml,train,22,1353.1234936714172,0.73759,0.40863,0.88208,0.9107,0.85772,0.92146,0.68072,0.99888,0.54209,0.9689,0.0015842,0.0015842,0.0015842
yolo_yolov5s_20260730_023111,yolo,yolo_yolov5s_20260730_023111,yolov5s.pt,/root/autodl-fs/datasets/UA-DETRAC_YOLO_Vehicle1/uadetrac_vehicle1.yaml,train,23,1413.9720330238342,0.73539,0.40673,0.881,0.92015,0.85955,0.9284,0.67118,1.0263,0.5438,0.98022,0.0015644,0.0015644,0.0015644
yolo_yolov5s_20260730_023111,yolo,yolo_yolov5s_20260730_023111,yolov5s.pt,/root/autodl-fs/datasets/UA-DETRAC_YOLO_Vehicle1/uadetrac_vehicle1.yaml,train,24,1474.7246670722961,0.73177,0.40369,0.88159,0.92502,0.88367,0.94285,0.68015,1.01741,0.51659,0.9791,0.0015446,0.0015446,0.0015446
yolo_yolov5s_20260730_023111,yolo,yolo_yolov5s_20260730_023111,yolov5s.pt,/root/autodl-fs/datasets/UA-DETRAC_YOLO_Vehicle1/uadetrac_vehicle1.yaml,train,25,1535.477454662323,0.7246,0.39774,0.88003,0.92027,0.87151,0.93902,0.68939,1.00909,0.53385,0.97643,0.0015248,0.0015248,0.0015248
yolo_yolov5s_20260730_023111,yolo,yolo_yolov5s_20260730_023111,yolov5s.pt,/root/autodl-fs/datasets/UA-DETRAC_YOLO_Vehicle1/uadetrac_vehicle1.yaml,train,26,1596.123155593872,0.72473,0.39697,0.87667,0.92949,0.8525,0.92794,0.67172,1.02636,0.54045,0.97965,0.0015049999999999998,0.0015049999999999998,0.0015049999999999998
yolo_yolov5s_20260730_023111,yolo,yolo_yolov5s_20260730_023111,yolov5s.pt,/root/autodl-fs/datasets/UA-DETRAC_YOLO_Vehicle1/uadetrac_vehicle1.yaml,train,27,1657.4671008586884,0.72063,0.39224,0.87762,0.91881,0.86485,0.93429,0.68137,1.02405,0.51984,0.9796,0.0014852,0.0014852,0.0014852
yolo_yolov5s_20260730_023111,yolo,yolo_yolov5s_20260730_023111,yolov5s.pt,/root/autodl-fs/datasets/UA-DETRAC_YOLO_Vehicle1/uadetrac_vehicle1.yaml,train,28,1718.7010068893433,0.71763,0.39112,0.87568,0.90157,0.8744,0.93337,0.6804,1.00896,0.52594,0.97182,0.0014654000000000002,0.0014654000000000002,0.0014654000000000002
yolo_yolov5s_20260730_023111,yolo,yolo_yolov5s_20260730_023111,yolov5s.pt,/root/autodl-fs/datasets/UA-DETRAC_YOLO_Vehicle1/uadetrac_vehicle1.yaml,train,29,1779.8745758533478,0.71407,0.38588,0.87532,0.92405,0.86628,0.93881,0.68979,1.00632,0.53087,0.96936,0.0014456,0.0014456,0.0014456
yolo_yolov5s_20260730_023111,yolo,yolo_yolov5s_20260730_023111,yolov5s.pt,/root/autodl-fs/datasets/UA-DETRAC_YOLO_Vehicle1/uadetrac_vehicle1.yaml,train,30,1840.8147649765015,0.7099,0.38392,0.87559,0.91863,0.86426,0.93143,0.68519,1.00002,0.52948,0.97756,0.0014258,0.0014258,0.0014258
yolo_yolov5s_20260730_023111,yolo,yolo_yolov5s_20260730_023111,yolov5s.pt,/root/autodl-fs/datasets/UA-DETRAC_YOLO_Vehicle1/uadetrac_vehicle1.yaml,train,31,1901.6157829761505,0.70738,0.38209,0.87303,0.93868,0.86711,0.94299,0.69396,1.00765,0.49773,0.972,0.001406,0.001406,0.001406
yolo_yolov5s_20260730_023111,yolo,yolo_yolov5s_20260730_023111,yolov5s.pt,/root/autodl-fs/datasets/UA-DETRAC_YOLO_Vehicle1/uadetrac_vehicle1.yaml,train,32,1962.284817457199,0.7074,0.37977,0.8743,0.92605,0.86776,0.93471,0.68672,0.99075,0.52001,0.96979,0.0013862,0.0013862,0.0013862
yolo_yolov5s_20260730_023111,yolo,yolo_yolov5s_20260730_023111,yolov5s.pt,/root/autodl-fs/datasets/UA-DETRAC_YOLO_Vehicle1/uadetrac_vehicle1.yaml,train,33,2023.6798226833344,0.70487,0.3794,0.87246,0.92322,0.87272,0.93246,0.68357,1.00937,0.534,0.97608,0.0013663999999999998,0.0013663999999999998,0.0013663999999999998
yolo_yolov5s_20260730_023111,yolo,yolo_yolov5s_20260730_023111,yolov5s.pt,/root/autodl-fs/datasets/UA-DETRAC_YOLO_Vehicle1/uadetrac_vehicle1.yaml,train,34,2084.760402917862,0.69837,0.37546,0.87175,0.92327,0.87724,0.93722,0.68957,1.00854,0.52304,0.97531,0.0013465999999999999,0.0013465999999999999,0.0013465999999999999
yolo_yolov5s_20260730_023111,yolo,yolo_yolov5s_20260730_023111,yolov5s.pt,/root/autodl-fs/datasets/UA-DETRAC_YOLO_Vehicle1/uadetrac_vehicle1.yaml,train,35,2145.6982362270355,0.69811,0.37585,0.87291,0.92553,0.87519,0.9439,0.68974,0.99904,0.51105,0.97243,0.0013267999999999997,0.0013267999999999997,0.0013267999999999997
yolo_yolov5s_20260730_023111,yolo,yolo_yolov5s_20260730_023111,yolov5s.pt,/root/autodl-fs/datasets/UA-DETRAC_YOLO_Vehicle1/uadetrac_vehicle1.yaml,train,36,2206.4829699993134,0.69417,0.37458,0.86982,0.92407,0.87287,0.93718,0.68757,1.01657,0.5125,0.97436,0.001307,0.001307,0.001307
yolo_yolov5s_20260730_023111,yolo,yolo_yolov5s_20260730_023111,yolov5s.pt,/root/autodl-fs/datasets/UA-DETRAC_YOLO_Vehicle1/uadetrac_vehicle1.yaml,train,37,2267.3781695365906,0.68995,0.3678,0.86824,0.9031,0.87663,0.93689,0.69244,0.99604,0.50619,0.97334,0.0012872,0.0012872,0.0012872
yolo_yolov5s_20260730_023111,yolo,yolo_yolov5s_20260730_023111,yolov5s.pt,/root/autodl-fs/datasets/UA-DETRAC_YOLO_Vehicle1/uadetrac_vehicle1.yaml,train,38,2328.2607140541077,0.68922,0.36767,0.86729,0.93054,0.85616,0.93419,0.69061,1.01217,0.51355,0.97417,0.0012674000000000001,0.0012674000000000001,0.0012674000000000001
yolo_yolov5s_20260730_023111,yolo,yolo_yolov5s_20260730_023111,yolov5s.pt,/root/autodl-fs/datasets/UA-DETRAC_YOLO_Vehicle1/uadetrac_vehicle1.yaml,train,39,2389.595254421234,0.68547,0.3658,0.86741,0.91725,0.86176,0.92762,0.68624,0.99043,0.53909,0.97189,0.0012476,0.0012476,0.0012476
yolo_yolov5s_20260730_023111,yolo,yolo_yolov5s_20260730_023111,yolov5s.pt,/root/autodl-fs/datasets/UA-DETRAC_YOLO_Vehicle1/uadetrac_vehicle1.yaml,train,40,2450.764174222946,0.68338,0.36061,0.86626,0.93697,0.84338,0.93385,0.69091,1.00413,0.52357,0.9743,0.0012278,0.0012278,0.0012278
yolo_yolov5s_20260730_023111,yolo,yolo_yolov5s_20260730_023111,yolov5s.pt,/root/autodl-fs/datasets/UA-DETRAC_YOLO_Vehicle1/uadetrac_vehicle1.yaml,train,41,2512.0588104724884,0.68473,0.36364,0.867,0.92803,0.86163,0.93901,0.69738,1.00745,0.51472,0.97231,0.001208,0.001208,0.001208
yolo_yolov5s_20260730_023111,yolo,yolo_yolov5s_20260730_023111,yolov5s.pt,/root/autodl-fs/datasets/UA-DETRAC_YOLO_Vehicle1/uadetrac_vehicle1.yaml,train,42,2572.92019033432,0.67905,0.35881,0.86467,0.925,0.86711,0.93457,0.68802,1.00376,0.51438,0.97553,0.0011882000000000002,0.0011882000000000002,0.0011882000000000002
yolo_yolov5s_20260730_023111,yolo,yolo_yolov5s_20260730_023111,yolov5s.pt,/root/autodl-fs/datasets/UA-DETRAC_YOLO_Vehicle1/uadetrac_vehicle1.yaml,train,43,2633.6599776744843,0.67874,0.35792,0.8642,0.91832,0.86511,0.93159,0.69149,0.99076,0.53768,0.96898,0.0011684000000000002,0.0011684000000000002,0.0011684000000000002
yolo_yolov5s_20260730_023111,yolo,yolo_yolov5s_20260730_023111,yolov5s.pt,/root/autodl-fs/datasets/UA-DETRAC_YOLO_Vehicle1/uadetrac_vehicle1.yaml,train,44,2694.4446399211884,0.67486,0.35643,0.86381,0.90936,0.8792,0.93579,0.69505,1.00195,0.52285,0.97259,0.0011486,0.0011486,0.0011486
yolo_yolov5s_20260730_023111,yolo,yolo_yolov5s_20260730_023111,yolov5s.pt,/root/autodl-fs/datasets/UA-DETRAC_YOLO_Vehicle1/uadetrac_vehicle1.yaml,train,45,2755.7956948280334,0.67696,0.35706,0.86313,0.9166,0.8692,0.9378,0.69843,0.99677,0.50687,0.9709,0.0011288000000000001,0.0011288000000000001,0.0011288000000000001
yolo_yolov5s_20260730_023111,yolo,yolo_yolov5s_20260730_023111,yolov5s.pt,/root/autodl-fs/datasets/UA-DETRAC_YOLO_Vehicle1/uadetrac_vehicle1.yaml,train,46,2817.037261724472,0.67173,0.35192,0.86305,0.92447,0.85524,0.93552,0.69348,1.00238,0.50787,0.97449,0.001109,0.001109,0.001109
yolo_yolov5s_20260730_023111,yolo,yolo_yolov5s_20260730_023111,yolov5s.pt,/root/autodl-fs/datasets/UA-DETRAC_YOLO_Vehicle1/uadetrac_vehicle1.yaml,train,47,2878.1426424980164,0.66632,0.3503,0.86182,0.92751,0.84768,0.92702,0.69327,0.97695,0.51249,0.96584,0.0010892000000000002,0.0010892000000000002,0.0010892000000000002
yolo_yolov5s_20260730_023111,yolo,yolo_yolov5s_20260730_023111,yolov5s.pt,/root/autodl-fs/datasets/UA-DETRAC_YOLO_Vehicle1/uadetrac_vehicle1.yaml,train,48,2938.9631090164185,0.66723,0.35161,0.86241,0.92218,0.86231,0.93562,0.69783,0.98613,0.50438,0.96569,0.0010694,0.0010694,0.0010694
yolo_yolov5s_20260730_023111,yolo,yolo_yolov5s_20260730_023111,yolov5s.pt,/root/autodl-fs/datasets/UA-DETRAC_YOLO_Vehicle1/uadetrac_vehicle1.yaml,train,49,2999.7343170642853,0.6645,0.34616,0.86055,0.91612,0.87585,0.93665,0.69665,0.98762,0.50485,0.97101,0.0010496000000000001,0.0010496000000000001,0.0010496000000000001
yolo_yolov5s_20260730_023111,yolo,yolo_yolov5s_20260730_023111,yolov5s.pt,/root/autodl-fs/datasets/UA-DETRAC_YOLO_Vehicle1/uadetrac_vehicle1.yaml,train,50,3061.581806898117,0.66592,0.34806,0.86117,0.92084,0.87376,0.94032,0.69589,1.00663,0.4974,0.97623,0.0010298,0.0010298,0.0010298
yolo_yolov5s_20260730_023111,yolo,yolo_yolov5s_20260730_023111,yolov5s.pt,/root/autodl-fs/datasets/UA-DETRAC_YOLO_Vehicle1/uadetrac_vehicle1.yaml,train,51,3122.9007589817047,0.66503,0.34718,0.86055,0.91765,0.87467,0.93655,0.69561,0.99853,0.49178,0.9719,0.00101,0.00101,0.00101
yolo_yolov5s_20260730_023111,yolo,yolo_yolov5s_20260730_023111,yolov5s.pt,/root/autodl-fs/datasets/UA-DETRAC_YOLO_Vehicle1/uadetrac_vehicle1.yaml,train,52,3184.0339179039,0.65737,0.34285,0.86042,0.91952,0.8735,0.9389,0.70156,0.9977,0.48559,0.97421,0.0009901999999999999,0.0009901999999999999,0.0009901999999999999
yolo_yolov5s_20260730_023111,yolo,yolo_yolov5s_20260730_023111,yolov5s.pt,/root/autodl-fs/datasets/UA-DETRAC_YOLO_Vehicle1/uadetrac_vehicle1.yaml,train,53,3245.131310224533,0.65852,0.34371,0.85953,0.92752,0.85612,0.93532,0.69785,0.98957,0.51922,0.97022,0.0009704,0.0009704,0.0009704
yolo_yolov5s_20260730_023111,yolo,yolo_yolov5s_20260730_023111,yolov5s.pt,/root/autodl-fs/datasets/UA-DETRAC_YOLO_Vehicle1/uadetrac_vehicle1.yaml,train,54,3305.8348462581635,0.65238,0.33851,0.85908,0.92998,0.86489,0.93616,0.6997,0.98876,0.50584,0.971,0.0009506,0.0009506,0.0009506
yolo_yolov5s_20260730_023111,yolo,yolo_yolov5s_20260730_023111,yolov5s.pt,/root/autodl-fs/datasets/UA-DETRAC_YOLO_Vehicle1/uadetrac_vehicle1.yaml,train,55,3366.743888616562,0.65137,0.33856,0.85799,0.91905,0.87963,0.93684,0.7003,0.9854,0.4965,0.97387,0.0009308,0.0009308,0.0009308
yolo_yolov5s_20260730_023111,yolo,yolo_yolov5s_20260730_023111,yolov5s.pt,/root/autodl-fs/datasets/UA-DETRAC_YOLO_Vehicle1/uadetrac_vehicle1.yaml,train,56,3427.880715370178,0.6522,0.33785,0.8568,0.9321,0.84272,0.92757,0.69546,0.98141,0.5124,0.9692,0.0009109999999999999,0.0009109999999999999,0.0009109999999999999
yolo_yolov5s_20260730_023111,yolo,yolo_yolov5s_20260730_023111,yolov5s.pt,/root/autodl-fs/datasets/UA-DETRAC_YOLO_Vehicle1/uadetrac_vehicle1.yaml,train,57,3489.1616275310516,0.64849,0.33639,0.85759,0.90363,0.86555,0.93257,0.69968,0.98159,0.50321,0.97262,0.0008911999999999999,0.0008911999999999999,0.0008911999999999999
yolo_yolov5s_20260730_023111,yolo,yolo_yolov5s_20260730_023111,yolov5s.pt,/root/autodl-fs/datasets/UA-DETRAC_YOLO_Vehicle1/uadetrac_vehicle1.yaml,train,58,3550.124368429184,0.64401,0.33303,0.85604,0.92749,0.86163,0.93355,0.69667,0.99469,0.51255,0.97724,0.0008714,0.0008714,0.0008714
yolo_yolov5s_20260730_023111,yolo,yolo_yolov5s_20260730_023111,yolov5s.pt,/root/autodl-fs/datasets/UA-DETRAC_YOLO_Vehicle1/uadetrac_vehicle1.yaml,train,59,3611.2070751190186,0.64482,0.33256,0.85657,0.9194,0.87493,0.9354,0.70002,0.9945,0.52252,0.97339,0.0008516000000000001,0.0008516000000000001,0.0008516000000000001
yolo_yolov5s_20260730_023111,yolo,yolo_yolov5s_20260730_023111,yolov5s.pt,/root/autodl-fs/datasets/UA-DETRAC_YOLO_Vehicle1/uadetrac_vehicle1.yaml,train,60,3671.7789645195007,0.64122,0.33004,0.85624,0.91975,0.88483,0.94089,0.70388,0.98182,0.488,0.97162,0.0008318000000000002,0.0008318000000000002,0.0008318000000000002
yolo_yolov5s_20260730_023111,yolo,yolo_yolov5s_20260730_023111,yolov5s.pt,/root/autodl-fs/datasets/UA-DETRAC_YOLO_Vehicle1/uadetrac_vehicle1.yaml,train,61,3732.5838944911957,0.63983,0.32846,0.85594,0.92507,0.85563,0.93448,0.69545,0.99581,0.50451,0.97497,0.0008120000000000001,0.0008120000000000001,0.0008120000000000001
yolo_yolov5s_20260730_023111,yolo,yolo_yolov5s_20260730_023111,yolov5s.pt,/root/autodl-fs/datasets/UA-DETRAC_YOLO_Vehicle1/uadetrac_vehicle1.yaml,train,62,3793.9049503803253,0.64086,0.32953,0.85569,0.92985,0.85485,0.93608,0.6979,0.98799,0.51166,0.97245,0.0007922000000000001,0.0007922000000000001,0.0007922000000000001
yolo_yolov5s_20260730_023111,yolo,yolo_yolov5s_20260730_023111,yolov5s.pt,/root/autodl-fs/datasets/UA-DETRAC_YOLO_Vehicle1/uadetrac_vehicle1.yaml,train,63,3855.027451992035,0.63927,0.32646,0.85508,0.9158,0.87232,0.93733,0.70249,0.9843,0.50893,0.97052,0.0007724,0.0007724,0.0007724
yolo_yolov5s_20260730_023111,yolo,yolo_yolov5s_20260730_023111,yolov5s.pt,/root/autodl-fs/datasets/UA-DETRAC_YOLO_Vehicle1/uadetrac_vehicle1.yaml,train,64,3916.071224451065,0.63492,0.32539,0.85262,0.91058,0.8795,0.94088,0.70578,0.98067,0.49714,0.96838,0.0007526000000000001,0.0007526000000000001,0.0007526000000000001
yolo_yolov5s_20260730_023111,yolo,yolo_yolov5s_20260730_023111,yolov5s.pt,/root/autodl-fs/datasets/UA-DETRAC_YOLO_Vehicle1/uadetrac_vehicle1.yaml,train,65,3977.169671058655,0.63146,0.3228,0.85297,0.91598,0.86011,0.93096,0.69727,0.99133,0.50298,0.97177,0.0007328,0.0007328,0.0007328
yolo_yolov5s_20260730_023111,yolo,yolo_yolov5s_20260730_023111,yolov5s.pt,/root/autodl-fs/datasets/UA-DETRAC_YOLO_Vehicle1/uadetrac_vehicle1.yaml,train,66,4037.7620871067047,0.63033,0.32441,0.85376,0.9171,0.8662,0.93431,0.70288,0.98512,0.51971,0.97001,0.000713,0.000713,0.000713
yolo_yolov5s_20260730_023111,yolo,yolo_yolov5s_20260730_023111,yolov5s.pt,/root/autodl-fs/datasets/UA-DETRAC_YOLO_Vehicle1/uadetrac_vehicle1.yaml,train,67,4098.189235448837,0.62783,0.32103,0.85091,0.92407,0.86072,0.93504,0.70351,0.98469,0.51116,0.97094,0.0006931999999999999,0.0006931999999999999,0.0006931999999999999
yolo_yolov5s_20260730_023111,yolo,yolo_yolov5s_20260730_023111,yolov5s.pt,/root/autodl-fs/datasets/UA-DETRAC_YOLO_Vehicle1/uadetrac_vehicle1.yaml,train,68,4159.830564498901,0.63013,0.32079,0.85311,0.91839,0.86946,0.93761,0.70345,0.98466,0.50089,0.97419,0.0006733999999999999,0.0006733999999999999,0.0006733999999999999
yolo_yolov5s_20260730_023111,yolo,yolo_yolov5s_20260730_023111,yolov5s.pt,/root/autodl-fs/datasets/UA-DETRAC_YOLO_Vehicle1/uadetrac_vehicle1.yaml,train,69,4221.314618587494,0.62695,0.31984,0.85203,0.91597,0.88876,0.94235,0.70503,0.99219,0.49533,0.97425,0.0006536,0.0006536,0.0006536
yolo_yolov5s_20260730_023111,yolo,yolo_yolov5s_20260730_023111,yolov5s.pt,/root/autodl-fs/datasets/UA-DETRAC_YOLO_Vehicle1/uadetrac_vehicle1.yaml,train,70,4282.256236791611,0.62169,0.31685,0.85142,0.92788,0.87963,0.93987,0.70871,0.9773,0.49863,0.97078,0.0006338000000000001,0.0006338000000000001,0.0006338000000000001
yolo_yolov5s_20260730_023111,yolo,yolo_yolov5s_20260730_023111,yolov5s.pt,/root/autodl-fs/datasets/UA-DETRAC_YOLO_Vehicle1/uadetrac_vehicle1.yaml,train,71,4343.068094968796,0.61807,0.31306,0.8502,0.92825,0.86802,0.93634,0.70598,0.97591,0.51314,0.97123,0.0006140000000000001,0.0006140000000000001,0.0006140000000000001
yolo_yolov5s_20260730_023111,yolo,yolo_yolov5s_20260730_023111,yolov5s.pt,/root/autodl-fs/datasets/UA-DETRAC_YOLO_Vehicle1/uadetrac_vehicle1.yaml,train,72,4403.716863155365,0.61919,0.31313,0.84849,0.9254,0.86877,0.93478,0.70318,0.99093,0.51345,0.97244,0.0005942,0.0005942,0.0005942
yolo_yolov5s_20260730_023111,yolo,yolo_yolov5s_20260730_023111,yolov5s.pt,/root/autodl-fs/datasets/UA-DETRAC_YOLO_Vehicle1/uadetrac_vehicle1.yaml,train,73,4464.265421867371,0.617,0.31187,0.8499,0.9259,0.86696,0.93694,0.70727,0.97602,0.50684,0.96854,0.0005744000000000001,0.0005744000000000001,0.0005744000000000001
yolo_yolov5s_20260730_023111,yolo,yolo_yolov5s_20260730_023111,yolov5s.pt,/root/autodl-fs/datasets/UA-DETRAC_YOLO_Vehicle1/uadetrac_vehicle1.yaml,train,74,4525.43496966362,0.61507,0.31076,0.84804,0.92477,0.87741,0.93821,0.70782,0.97786,0.50547,0.9692,0.0005546000000000001,0.0005546000000000001,0.0005546000000000001
yolo_yolov5s_20260730_023111,yolo,yolo_yolov5s_20260730_023111,yolov5s.pt,/root/autodl-fs/datasets/UA-DETRAC_YOLO_Vehicle1/uadetrac_vehicle1.yaml,train,75,4586.781366825104,0.61629,0.31187,0.84865,0.92412,0.88106,0.94091,0.71132,0.97783,0.5025,0.97212,0.0005348000000000001,0.0005348000000000001,0.0005348000000000001
yolo_yolov5s_20260730_023111,yolo,yolo_yolov5s_20260730_023111,yolov5s.pt,/root/autodl-fs/datasets/UA-DETRAC_YOLO_Vehicle1/uadetrac_vehicle1.yaml,train,76,4647.70699429512,0.61134,0.3085,0.84803,0.92035,0.87898,0.93949,0.7067,0.98567,0.50064,0.97354,0.000515,0.000515,0.000515
yolo_yolov5s_20260730_023111,yolo,yolo_yolov5s_20260730_023111,yolov5s.pt,/root/autodl-fs/datasets/UA-DETRAC_YOLO_Vehicle1/uadetrac_vehicle1.yaml,train,77,4708.487622499466,0.60866,0.30786,0.84734,0.92437,0.87663,0.94205,0.70872,0.98608,0.49346,0.97398,0.0004952,0.0004952,0.0004952
yolo_yolov5s_20260730_023111,yolo,yolo_yolov5s_20260730_023111,yolov5s.pt,/root/autodl-fs/datasets/UA-DETRAC_YOLO_Vehicle1/uadetrac_vehicle1.yaml,train,78,4769.2542469501495,0.60698,0.30527,0.8475,0.93155,0.86614,0.93845,0.70585,0.99464,0.49619,0.97942,0.0004754,0.0004754,0.0004754
yolo_yolov5s_20260730_023111,yolo,yolo_yolov5s_20260730_023111,yolov5s.pt,/root/autodl-fs/datasets/UA-DETRAC_YOLO_Vehicle1/uadetrac_vehicle1.yaml,train,79,4829.944722414017,0.60679,0.30541,0.8481,0.90916,0.88445,0.94054,0.70742,0.9891,0.49248,0.97473,0.00045559999999999996,0.00045559999999999996,0.00045559999999999996
yolo_yolov5s_20260730_023111,yolo,yolo_yolov5s_20260730_023111,yolov5s.pt,/root/autodl-fs/datasets/UA-DETRAC_YOLO_Vehicle1/uadetrac_vehicle1.yaml,train,80,4891.456332445145,0.60319,0.30364,0.84547,0.9108,0.89176,0.94,0.70917,0.98373,0.4978,0.97044,0.00043579999999999997,0.00043579999999999997,0.00043579999999999997
yolo_yolov5s_20260730_023111,yolo,yolo_yolov5s_20260730_023111,yolov5s.pt,/root/autodl-fs/datasets/UA-DETRAC_YOLO_Vehicle1/uadetrac_vehicle1.yaml,train,81,4952.492130756378,0.59979,0.30266,0.84605,0.93159,0.86515,0.93954,0.70683,0.98439,0.49163,0.97335,0.0004159999999999999,0.0004159999999999999,0.0004159999999999999
yolo_yolov5s_20260730_023111,yolo,yolo_yolov5s_20260730_023111,yolov5s.pt,/root/autodl-fs/datasets/UA-DETRAC_YOLO_Vehicle1/uadetrac_vehicle1.yaml,train,82,5013.335741281509,0.60011,0.29997,0.84465,0.92003,0.8765,0.93907,0.70928,0.9789,0.49661,0.97251,0.00039619999999999987,0.00039619999999999987,0.00039619999999999987
yolo_yolov5s_20260730_023111,yolo,yolo_yolov5s_20260730_023111,yolov5s.pt,/root/autodl-fs/datasets/UA-DETRAC_YOLO_Vehicle1/uadetrac_vehicle1.yaml,train,83,5074.193585634232,0.59768,0.29866,0.84405,0.91786,0.87288,0.93705,0.70652,0.98511,0.49326,0.9738,0.00037640000000000015,0.00037640000000000015,0.00037640000000000015
yolo_yolov5s_20260730_023111,yolo,yolo_yolov5s_20260730_023111,yolov5s.pt,/root/autodl-fs/datasets/UA-DETRAC_YOLO_Vehicle1/uadetrac_vehicle1.yaml,train,84,5134.862271785736,0.59423,0.2978,0.84422,0.92322,0.8765,0.939,0.7052,0.98545,0.4942,0.96992,0.0003566000000000001,0.0003566000000000001,0.0003566000000000001
yolo_yolov5s_20260730_023111,yolo,yolo_yolov5s_20260730_023111,yolov5s.pt,/root/autodl-fs/datasets/UA-DETRAC_YOLO_Vehicle1/uadetrac_vehicle1.yaml,train,85,5195.741414785385,0.5939,0.2979,0.84351,0.9214,0.88132,0.93881,0.70581,0.98254,0.50003,0.97163,0.0003368000000000001,0.0003368000000000001,0.0003368000000000001
yolo_yolov5s_20260730_023111,yolo,yolo_yolov5s_20260730_023111,yolov5s.pt,/root/autodl-fs/datasets/UA-DETRAC_YOLO_Vehicle1/uadetrac_vehicle1.yaml,train,86,5256.90522480011,0.58881,0.29437,0.84272,0.91991,0.88376,0.93814,0.70869,0.97829,0.50561,0.97269,0.00031700000000000006,0.00031700000000000006,0.00031700000000000006
yolo_yolov5s_20260730_023111,yolo,yolo_yolov5s_20260730_023111,yolov5s.pt,/root/autodl-fs/datasets/UA-DETRAC_YOLO_Vehicle1/uadetrac_vehicle1.yaml,train,87,5317.838271617889,0.58974,0.29346,0.84399,0.9265,0.87788,0.93695,0.70649,0.98453,0.50507,0.97479,0.0002972,0.0002972,0.0002972
yolo_yolov5s_20260730_023111,yolo,yolo_yolov5s_20260730_023111,yolov5s.pt,/root/autodl-fs/datasets/UA-DETRAC_YOLO_Vehicle1/uadetrac_vehicle1.yaml,train,88,5378.783945322037,0.58948,0.29329,0.84385,0.9256,0.87441,0.93679,0.70694,0.98363,0.50733,0.97158,0.0002774,0.0002774,0.0002774
yolo_yolov5s_20260730_023111,yolo,yolo_yolov5s_20260730_023111,yolov5s.pt,/root/autodl-fs/datasets/UA-DETRAC_YOLO_Vehicle1/uadetrac_vehicle1.yaml,train,89,5439.473235607147,0.58946,0.29198,0.84261,0.92585,0.86763,0.93584,0.70885,0.97586,0.51425,0.96887,0.00025760000000000003,0.00025760000000000003,0.00025760000000000003
yolo_yolov5s_20260730_023111,yolo,yolo_yolov5s_20260730_023111,yolov5s.pt,/root/autodl-fs/datasets/UA-DETRAC_YOLO_Vehicle1/uadetrac_vehicle1.yaml,train,90,5500.1677124500275,0.58427,0.28975,0.84329,0.92848,0.86686,0.93594,0.70856,0.97856,0.50778,0.97127,0.00023779999999999995,0.00023779999999999995,0.00023779999999999995
yolo_yolov5s_20260730_023111,yolo,yolo_yolov5s_20260730_023111,yolov5s.pt,/root/autodl-fs/datasets/UA-DETRAC_YOLO_Vehicle1/uadetrac_vehicle1.yaml,train,91,5559.734413385391,0.58091,0.27941,0.83415,0.92902,0.86546,0.93613,0.70687,0.98255,0.50292,0.97511,0.00021799999999999996,0.00021799999999999996,0.00021799999999999996
yolo_yolov5s_20260730_023111,yolo,yolo_yolov5s_20260730_023111,yolov5s.pt,/root/autodl-fs/datasets/UA-DETRAC_YOLO_Vehicle1/uadetrac_vehicle1.yaml,train,92,5619.73907995224,0.57323,0.27312,0.83262,0.94029,0.85849,0.93524,0.70671,0.98345,0.50791,0.97536,0.00019819999999999994,0.00019819999999999994,0.00019819999999999994
yolo_yolov5s_20260730_023111,yolo,yolo_yolov5s_20260730_023111,yolov5s.pt,/root/autodl-fs/datasets/UA-DETRAC_YOLO_Vehicle1/uadetrac_vehicle1.yaml,train,93,5679.645993947983,0.56978,0.27119,0.83246,0.93564,0.86075,0.93353,0.70767,0.97912,0.51165,0.97423,0.00017839999999999992,0.00017839999999999992,0.00017839999999999992
yolo_yolov5s_20260730_023111,yolo,yolo_yolov5s_20260730_023111,yolov5s.pt,/root/autodl-fs/datasets/UA-DETRAC_YOLO_Vehicle1/uadetrac_vehicle1.yaml,train,94,5739.192652463913,0.56466,0.26825,0.8309,0.92987,0.86333,0.93365,0.70969,0.97743,0.51458,0.97318,0.00015859999999999987,0.00015859999999999987,0.00015859999999999987
yolo_yolov5s_20260730_023111,yolo,yolo_yolov5s_20260730_023111,yolov5s.pt,/root/autodl-fs/datasets/UA-DETRAC_YOLO_Vehicle1/uadetrac_vehicle1.yaml,train,95,5798.85488152504,0.56344,0.26644,0.83125,0.93661,0.85741,0.93484,0.7091,0.98101,0.51261,0.97519,0.0001388000000000001,0.0001388000000000001,0.0001388000000000001
yolo_yolov5s_20260730_023111,yolo,yolo_yolov5s_20260730_023111,yolov5s.pt,/root/autodl-fs/datasets/UA-DETRAC_YOLO_Vehicle1/uadetrac_vehicle1.yaml,train,96,5858.43350148201,0.56042,0.26468,0.82999,0.93103,0.85914,0.93232,0.70898,0.97799,0.51529,0.97385,0.0001190000000000001,0.0001190000000000001,0.0001190000000000001
yolo_yolov5s_20260730_023111,yolo,yolo_yolov5s_20260730_023111,yolov5s.pt,/root/autodl-fs/datasets/UA-DETRAC_YOLO_Vehicle1/uadetrac_vehicle1.yaml,train,97,5917.735897302628,0.55896,0.26344,0.82948,0.93463,0.85776,0.93307,0.70926,0.97914,0.51433,0.97457,9.920000000000008e-05,9.920000000000008e-05,9.920000000000008e-05
yolo_yolov5s_20260730_023111,yolo,yolo_yolov5s_20260730_023111,yolov5s.pt,/root/autodl-fs/datasets/UA-DETRAC_YOLO_Vehicle1/uadetrac_vehicle1.yaml,train,98,5977.593124389648,0.55677,0.26244,0.82922,0.9369,0.8542,0.93206,0.70841,0.97659,0.5154,0.97365,7.940000000000006e-05,7.940000000000006e-05,7.940000000000006e-05
yolo_yolov5s_20260730_023111,yolo,yolo_yolov5s_20260730_023111,yolov5s.pt,/root/autodl-fs/datasets/UA-DETRAC_YOLO_Vehicle1/uadetrac_vehicle1.yaml,train,99,6037.089298725128,0.55535,0.26097,0.82793,0.93191,0.85854,0.93165,0.70831,0.97456,0.51696,0.9727,5.9600000000000046e-05,5.9600000000000046e-05,5.9600000000000046e-05
yolo_yolov5s_20260730_023111,yolo,yolo_yolov5s_20260730_023111,yolov5s.pt,/root/autodl-fs/datasets/UA-DETRAC_YOLO_Vehicle1/uadetrac_vehicle1.yaml,train,100,6096.738671779633,0.55017,0.25901,0.82849,0.93513,0.85368,0.93189,0.70892,0.9746,0.51828,0.97199,3.980000000000002e-05,3.980000000000002e-05,3.980000000000002e-05
yolo_yolov8m_20260730_075817,yolo,yolo_yolov8m_20260730_075817,yolov8m.pt,/root/autodl-fs/datasets/UA-DETRAC_YOLO_Vehicle1/uadetrac_vehicle1.yaml,train,1,137.56160640716553,0.95751,0.66475,0.99136,0.87789,0.82975,0.90307,0.62077,1.12685,0.71505,1.11149,0.0006656017039403621,0.0006656017039403621,0.0006656017039403621
yolo_yolov8m_20260730_075817,yolo,yolo_yolov8m_20260730_075817,yolov8m.pt,/root/autodl-fs/datasets/UA-DETRAC_YOLO_Vehicle1/uadetrac_vehicle1.yaml,train,2,265.6287157535553,0.95956,0.60396,1.00119,0.86399,0.82629,0.89769,0.62227,1.10507,0.68253,1.09161,0.0013190789137380193,0.0013190789137380193,0.0013190789137380193
yolo_yolov8m_20260730_075817,yolo,yolo_yolov8m_20260730_075817,yolov8m.pt,/root/autodl-fs/datasets/UA-DETRAC_YOLO_Vehicle1/uadetrac_vehicle1.yaml,train,3,392.89880561828613,0.93344,0.56882,0.98607,0.8652,0.81943,0.89566,0.62437,1.10912,0.70799,1.09609,0.0019593561235356763,0.0019593561235356763,0.0019593561235356763
yolo_yolov8m_20260730_075817,yolo,yolo_yolov8m_20260730_075817,yolov8m.pt,/root/autodl-fs/datasets/UA-DETRAC_YOLO_Vehicle1/uadetrac_vehicle1.yaml,train,4,519.7093825340271,0.8894,0.5248,0.96793,0.90236,0.83725,0.91419,0.63472,1.09168,0.61577,1.08357,0.0019406,0.0019406,0.0019406
yolo_yolov8m_20260730_075817,yolo,yolo_yolov8m_20260730_075817,yolov8m.pt,/root/autodl-fs/datasets/UA-DETRAC_YOLO_Vehicle1/uadetrac_vehicle1.yaml,train,5,645.0221176147461,0.87386,0.50629,0.96501,0.89864,0.82447,0.90173,0.63441,1.05666,0.63389,1.07804,0.0019207999999999999,0.0019207999999999999,0.0019207999999999999
yolo_yolov8m_20260730_075817,yolo,yolo_yolov8m_20260730_075817,yolov8m.pt,/root/autodl-fs/datasets/UA-DETRAC_YOLO_Vehicle1/uadetrac_vehicle1.yaml,train,6,771.137937784195,0.83906,0.48073,0.95135,0.9085,0.86495,0.92827,0.65655,1.07868,0.55763,1.08181,0.0019010000000000001,0.0019010000000000001,0.0019010000000000001
yolo_yolov8m_20260730_075817,yolo,yolo_yolov8m_20260730_075817,yolov8m.pt,/root/autodl-fs/datasets/UA-DETRAC_YOLO_Vehicle1/uadetrac_vehicle1.yaml,train,7,897.3473315238953,0.82388,0.4684,0.94697,0.92324,0.86431,0.93891,0.67189,1.04029,0.54554,1.05306,0.0018812,0.0018812,0.0018812
yolo_yolov8m_20260730_075817,yolo,yolo_yolov8m_20260730_075817,yolov8m.pt,/root/autodl-fs/datasets/UA-DETRAC_YOLO_Vehicle1/uadetrac_vehicle1.yaml,train,8,1022.5414562225342,0.80461,0.44818,0.93874,0.88281,0.85081,0.92295,0.66206,1.03602,0.62844,1.07268,0.0018614,0.0018614,0.0018614
yolo_yolov8m_20260730_075817,yolo,yolo_yolov8m_20260730_075817,yolov8m.pt,/root/autodl-fs/datasets/UA-DETRAC_YOLO_Vehicle1/uadetrac_vehicle1.yaml,train,9,1148.4039824008942,0.79283,0.43592,0.93558,0.91019,0.85646,0.92888,0.67742,1.02669,0.53552,1.04618,0.0018416,0.0018416,0.0018416
yolo_yolov8m_20260730_075817,yolo,yolo_yolov8m_20260730_075817,yolov8m.pt,/root/autodl-fs/datasets/UA-DETRAC_YOLO_Vehicle1/uadetrac_vehicle1.yaml,train,10,1273.8174407482147,0.78043,0.42681,0.92881,0.91793,0.85498,0.92955,0.66494,1.04046,0.54432,1.07119,0.0018218000000000002,0.0018218000000000002,0.0018218000000000002
yolo_yolov8m_20260730_075817,yolo,yolo_yolov8m_20260730_075817,yolov8m.pt,/root/autodl-fs/datasets/UA-DETRAC_YOLO_Vehicle1/uadetrac_vehicle1.yaml,train,11,1399.0101499557495,0.77472,0.4205,0.92746,0.90503,0.85746,0.92396,0.6731,1.02825,0.54425,1.05099,0.001802,0.001802,0.001802
yolo_yolov8m_20260730_075817,yolo,yolo_yolov8m_20260730_075817,yolov8m.pt,/root/autodl-fs/datasets/UA-DETRAC_YOLO_Vehicle1/uadetrac_vehicle1.yaml,train,12,1525.7835094928741,0.76028,0.40949,0.92332,0.90372,0.86959,0.93632,0.68424,0.99943,0.52569,1.0442,0.0017822,0.0017822,0.0017822
yolo_yolov8m_20260730_075817,yolo,yolo_yolov8m_20260730_075817,yolov8m.pt,/root/autodl-fs/datasets/UA-DETRAC_YOLO_Vehicle1/uadetrac_vehicle1.yaml,train,13,1651.4161026477814,0.76083,0.40745,0.92348,0.93479,0.87488,0.94661,0.69417,1.01084,0.49751,1.05882,0.0017624,0.0017624,0.0017624
yolo_yolov8m_20260730_075817,yolo,yolo_yolov8m_20260730_075817,yolov8m.pt,/root/autodl-fs/datasets/UA-DETRAC_YOLO_Vehicle1/uadetrac_vehicle1.yaml,train,14,1776.558991909027,0.75113,0.39945,0.91563,0.93787,0.85439,0.935,0.68141,1.01609,0.55736,1.05109,0.0017426,0.0017426,0.0017426
yolo_yolov8m_20260730_075817,yolo,yolo_yolov8m_20260730_075817,yolov8m.pt,/root/autodl-fs/datasets/UA-DETRAC_YOLO_Vehicle1/uadetrac_vehicle1.yaml,train,15,1903.2674942016602,0.74153,0.39494,0.91431,0.90763,0.87011,0.92999,0.6839,1.00244,0.61352,1.04822,0.0017228,0.0017228,0.0017228
yolo_yolov8m_20260730_075817,yolo,yolo_yolov8m_20260730_075817,yolov8m.pt,/root/autodl-fs/datasets/UA-DETRAC_YOLO_Vehicle1/uadetrac_vehicle1.yaml,train,16,2028.745130777359,0.73956,0.39339,0.91507,0.91227,0.84752,0.92655,0.6696,1.04469,0.53143,1.07257,0.001703,0.001703,0.001703
yolo_yolov8m_20260730_075817,yolo,yolo_yolov8m_20260730_075817,yolov8m.pt,/root/autodl-fs/datasets/UA-DETRAC_YOLO_Vehicle1/uadetrac_vehicle1.yaml,train,17,2154.528856277466,0.73568,0.38855,0.91245,0.90531,0.86529,0.93083,0.68028,0.99576,0.53201,1.04726,0.0016832000000000001,0.0016832000000000001,0.0016832000000000001
yolo_yolov8m_20260730_075817,yolo,yolo_yolov8m_20260730_075817,yolov8m.pt,/root/autodl-fs/datasets/UA-DETRAC_YOLO_Vehicle1/uadetrac_vehicle1.yaml,train,18,2280.916404724121,0.7237,0.37992,0.90948,0.92447,0.8859,0.94215,0.69258,1.0336,0.54583,1.05554,0.0016634,0.0016634,0.0016634
yolo_yolov8m_20260730_075817,yolo,yolo_yolov8m_20260730_075817,yolov8m.pt,/root/autodl-fs/datasets/UA-DETRAC_YOLO_Vehicle1/uadetrac_vehicle1.yaml,train,19,2406.4270753860474,0.72613,0.37865,0.90973,0.94433,0.85498,0.93527,0.69614,0.9837,0.52428,1.03873,0.0016436000000000003,0.0016436000000000003,0.0016436000000000003
yolo_yolov8m_20260730_075817,yolo,yolo_yolov8m_20260730_075817,yolov8m.pt,/root/autodl-fs/datasets/UA-DETRAC_YOLO_Vehicle1/uadetrac_vehicle1.yaml,train,20,2533.3454551696777,0.7163,0.37201,0.90447,0.93086,0.86581,0.93358,0.68699,1.00478,0.53125,1.05691,0.0016238000000000001,0.0016238000000000001,0.0016238000000000001
yolo_yolov8m_20260730_075817,yolo,yolo_yolov8m_20260730_075817,yolov8m.pt,/root/autodl-fs/datasets/UA-DETRAC_YOLO_Vehicle1/uadetrac_vehicle1.yaml,train,21,2660.05100607872,0.70903,0.37115,0.9031,0.91308,0.86586,0.93888,0.68807,1.03186,0.54611,1.06744,0.0016040000000000002,0.0016040000000000002,0.0016040000000000002
yolo_yolov8m_20260730_075817,yolo,yolo_yolov8m_20260730_075817,yolov8m.pt,/root/autodl-fs/datasets/UA-DETRAC_YOLO_Vehicle1/uadetrac_vehicle1.yaml,train,22,2786.1170721054077,0.71264,0.36688,0.90728,0.91752,0.86098,0.93117,0.68296,0.99634,0.54748,1.05408,0.0015842,0.0015842,0.0015842
yolo_yolov8m_20260730_075817,yolo,yolo_yolov8m_20260730_075817,yolov8m.pt,/root/autodl-fs/datasets/UA-DETRAC_YOLO_Vehicle1/uadetrac_vehicle1.yaml,train,23,2912.0842654705048,0.7096,0.36433,0.90518,0.91006,0.8778,0.93605,0.68632,0.99596,0.50419,1.05232,0.0015644,0.0015644,0.0015644
yolo_yolov8m_20260730_075817,yolo,yolo_yolov8m_20260730_075817,yolov8m.pt,/root/autodl-fs/datasets/UA-DETRAC_YOLO_Vehicle1/uadetrac_vehicle1.yaml,train,24,3038.5812146663666,0.70646,0.36199,0.90198,0.93033,0.87942,0.94097,0.69678,0.98228,0.51419,1.02919,0.0015446,0.0015446,0.0015446
yolo_yolov8m_20260730_075817,yolo,yolo_yolov8m_20260730_075817,yolov8m.pt,/root/autodl-fs/datasets/UA-DETRAC_YOLO_Vehicle1/uadetrac_vehicle1.yaml,train,25,3164.036486387253,0.70038,0.35856,0.90144,0.93118,0.86285,0.9341,0.69357,0.99876,0.51606,1.04502,0.0015248,0.0015248,0.0015248
yolo_yolov8m_20260730_075817,yolo,yolo_yolov8m_20260730_075817,yolov8m.pt,/root/autodl-fs/datasets/UA-DETRAC_YOLO_Vehicle1/uadetrac_vehicle1.yaml,train,26,3289.7632505893707,0.69909,0.35841,0.90059,0.92115,0.87885,0.9413,0.69753,0.99434,0.49249,1.04991,0.0015049999999999998,0.0015049999999999998,0.0015049999999999998
yolo_yolov8m_20260730_075817,yolo,yolo_yolov8m_20260730_075817,yolov8m.pt,/root/autodl-fs/datasets/UA-DETRAC_YOLO_Vehicle1/uadetrac_vehicle1.yaml,train,27,3417.230402946472,0.69105,0.35203,0.89722,0.93894,0.85824,0.93319,0.68845,1.00037,0.53756,1.05235,0.0014852,0.0014852,0.0014852
yolo_yolov8m_20260730_075817,yolo,yolo_yolov8m_20260730_075817,yolov8m.pt,/root/autodl-fs/datasets/UA-DETRAC_YOLO_Vehicle1/uadetrac_vehicle1.yaml,train,28,3542.35143327713,0.69081,0.34954,0.89683,0.91502,0.88325,0.94232,0.70279,0.97688,0.48953,1.05364,0.0014654000000000002,0.0014654000000000002,0.0014654000000000002
yolo_yolov8m_20260730_075817,yolo,yolo_yolov8m_20260730_075817,yolov8m.pt,/root/autodl-fs/datasets/UA-DETRAC_YOLO_Vehicle1/uadetrac_vehicle1.yaml,train,29,3668.7426664829254,0.68927,0.3487,0.89493,0.91954,0.87336,0.93694,0.69853,0.99114,0.53487,1.04452,0.0014456,0.0014456,0.0014456
yolo_yolov8m_20260730_075817,yolo,yolo_yolov8m_20260730_075817,yolov8m.pt,/root/autodl-fs/datasets/UA-DETRAC_YOLO_Vehicle1/uadetrac_vehicle1.yaml,train,30,3794.576858997345,0.6782,0.34457,0.89003,0.91609,0.85993,0.92836,0.68887,0.98924,0.52439,1.03684,0.0014258,0.0014258,0.0014258
yolo_yolov8m_20260730_075817,yolo,yolo_yolov8m_20260730_075817,yolov8m.pt,/root/autodl-fs/datasets/UA-DETRAC_YOLO_Vehicle1/uadetrac_vehicle1.yaml,train,31,3919.719958305359,0.67592,0.34138,0.88931,0.92705,0.8675,0.93891,0.6946,0.97957,0.50131,1.0405,0.001406,0.001406,0.001406
yolo_yolov8m_20260730_075817,yolo,yolo_yolov8m_20260730_075817,yolov8m.pt,/root/autodl-fs/datasets/UA-DETRAC_YOLO_Vehicle1/uadetrac_vehicle1.yaml,train,32,4047.0694501399994,0.67597,0.3403,0.89381,0.91304,0.88452,0.93908,0.70226,0.97336,0.52112,1.04279,0.0013862,0.0013862,0.0013862
yolo_yolov8m_20260730_075817,yolo,yolo_yolov8m_20260730_075817,yolov8m.pt,/root/autodl-fs/datasets/UA-DETRAC_YOLO_Vehicle1/uadetrac_vehicle1.yaml,train,33,4173.244475603104,0.67448,0.33813,0.89139,0.92793,0.86142,0.93484,0.69489,0.99879,0.54002,1.06535,0.0013663999999999998,0.0013663999999999998,0.0013663999999999998
yolo_yolov8m_20260730_075817,yolo,yolo_yolov8m_20260730_075817,yolov8m.pt,/root/autodl-fs/datasets/UA-DETRAC_YOLO_Vehicle1/uadetrac_vehicle1.yaml,train,34,4298.578585386276,0.67532,0.338,0.89335,0.91375,0.87039,0.93329,0.68913,1.01604,0.50483,1.05909,0.0013465999999999999,0.0013465999999999999,0.0013465999999999999
yolo_yolov8m_20260730_075817,yolo,yolo_yolov8m_20260730_075817,yolov8m.pt,/root/autodl-fs/datasets/UA-DETRAC_YOLO_Vehicle1/uadetrac_vehicle1.yaml,train,35,4425.194406032562,0.67147,0.33675,0.88957,0.92189,0.85573,0.93491,0.69326,0.99306,0.50137,1.04248,0.0013267999999999997,0.0013267999999999997,0.0013267999999999997
yolo_yolov8m_20260730_075817,yolo,yolo_yolov8m_20260730_075817,yolov8m.pt,/root/autodl-fs/datasets/UA-DETRAC_YOLO_Vehicle1/uadetrac_vehicle1.yaml,train,36,4550.852360725403,0.66805,0.33339,0.88779,0.92788,0.84494,0.92239,0.6875,1.00275,0.537,1.05596,0.001307,0.001307,0.001307
yolo_yolov8m_20260730_075817,yolo,yolo_yolov8m_20260730_075817,yolov8m.pt,/root/autodl-fs/datasets/UA-DETRAC_YOLO_Vehicle1/uadetrac_vehicle1.yaml,train,37,4676.930733203888,0.66649,0.33274,0.88815,0.92388,0.86255,0.93353,0.6983,0.98919,0.50695,1.06259,0.0012872,0.0012872,0.0012872
yolo_yolov8m_20260730_075817,yolo,yolo_yolov8m_20260730_075817,yolov8m.pt,/root/autodl-fs/datasets/UA-DETRAC_YOLO_Vehicle1/uadetrac_vehicle1.yaml,train,38,4803.613156318665,0.66168,0.33057,0.8881,0.92349,0.84843,0.9286,0.69451,0.98157,0.50616,1.04847,0.0012674000000000001,0.0012674000000000001,0.0012674000000000001
yolo_yolov8m_20260730_075817,yolo,yolo_yolov8m_20260730_075817,yolov8m.pt,/root/autodl-fs/datasets/UA-DETRAC_YOLO_Vehicle1/uadetrac_vehicle1.yaml,train,39,4929.001594543457,0.65963,0.32658,0.88701,0.92126,0.8615,0.92533,0.69207,0.9936,0.52212,1.05917,0.0012476,0.0012476,0.0012476
yolo_yolov8m_20260730_075817,yolo,yolo_yolov8m_20260730_075817,yolov8m.pt,/root/autodl-fs/datasets/UA-DETRAC_YOLO_Vehicle1/uadetrac_vehicle1.yaml,train,40,5055.139328241348,0.65879,0.32571,0.88595,0.92885,0.84507,0.92389,0.68817,1.00897,0.52473,1.0689,0.0012278,0.0012278,0.0012278
yolo_yolov8m_20260730_075817,yolo,yolo_yolov8m_20260730_075817,yolov8m.pt,/root/autodl-fs/datasets/UA-DETRAC_YOLO_Vehicle1/uadetrac_vehicle1.yaml,train,41,5181.411592960358,0.65171,0.32269,0.88534,0.93157,0.85747,0.93389,0.69764,0.9864,0.52152,1.05748,0.001208,0.001208,0.001208
yolo_yolov8m_20260730_075817,yolo,yolo_yolov8m_20260730_075817,yolov8m.pt,/root/autodl-fs/datasets/UA-DETRAC_YOLO_Vehicle1/uadetrac_vehicle1.yaml,train,42,5306.9153435230255,0.65542,0.32386,0.886,0.92639,0.8616,0.93174,0.69818,0.98852,0.51633,1.06107,0.0011882000000000002,0.0011882000000000002,0.0011882000000000002
yolo_yolov8m_20260730_075817,yolo,yolo_yolov8m_20260730_075817,yolov8m.pt,/root/autodl-fs/datasets/UA-DETRAC_YOLO_Vehicle1/uadetrac_vehicle1.yaml,train,43,5432.579232215881,0.64758,0.31827,0.88123,0.92431,0.86737,0.93392,0.69968,0.99104,0.50611,1.05822,0.0011684000000000002,0.0011684000000000002,0.0011684000000000002
yolo_yolov8m_20260730_075817,yolo,yolo_yolov8m_20260730_075817,yolov8m.pt,/root/autodl-fs/datasets/UA-DETRAC_YOLO_Vehicle1/uadetrac_vehicle1.yaml,train,44,5558.916749000549,0.64898,0.31835,0.88399,0.9372,0.85825,0.9287,0.69652,0.98225,0.50969,1.06314,0.0011486,0.0011486,0.0011486
yolo_yolov8m_20260730_075817,yolo,yolo_yolov8m_20260730_075817,yolov8m.pt,/root/autodl-fs/datasets/UA-DETRAC_YOLO_Vehicle1/uadetrac_vehicle1.yaml,train,45,5684.243596315384,0.64305,0.31622,0.88088,0.93721,0.87212,0.93728,0.69804,0.9892,0.49629,1.05846,0.0011288000000000001,0.0011288000000000001,0.0011288000000000001
yolo_yolov8m_20260730_075817,yolo,yolo_yolov8m_20260730_075817,yolov8m.pt,/root/autodl-fs/datasets/UA-DETRAC_YOLO_Vehicle1/uadetrac_vehicle1.yaml,train,46,5809.942195415497,0.64495,0.31419,0.8794,0.92819,0.87151,0.93533,0.69875,0.9813,0.49996,1.0548,0.001109,0.001109,0.001109
yolo_yolov8m_20260730_075817,yolo,yolo_yolov8m_20260730_075817,yolov8m.pt,/root/autodl-fs/datasets/UA-DETRAC_YOLO_Vehicle1/uadetrac_vehicle1.yaml,train,47,5936.353455066681,0.63668,0.31089,0.87855,0.92301,0.87298,0.93544,0.70543,0.99283,0.50822,1.05471,0.0010892000000000002,0.0010892000000000002,0.0010892000000000002
yolo_yolov8m_20260730_075817,yolo,yolo_yolov8m_20260730_075817,yolov8m.pt,/root/autodl-fs/datasets/UA-DETRAC_YOLO_Vehicle1/uadetrac_vehicle1.yaml,train,48,6061.4269943237305,0.64017,0.3111,0.88143,0.92902,0.86202,0.92821,0.69739,0.9797,0.50533,1.04686,0.0010694,0.0010694,0.0010694
yolo_yolov8m_20260730_075817,yolo,yolo_yolov8m_20260730_075817,yolov8m.pt,/root/autodl-fs/datasets/UA-DETRAC_YOLO_Vehicle1/uadetrac_vehicle1.yaml,train,49,6187.738803863525,0.63851,0.31133,0.87854,0.92329,0.87507,0.93331,0.70479,0.97605,0.51377,1.04836,0.0010496000000000001,0.0010496000000000001,0.0010496000000000001
yolo_yolov8m_20260730_075817,yolo,yolo_yolov8m_20260730_075817,yolov8m.pt,/root/autodl-fs/datasets/UA-DETRAC_YOLO_Vehicle1/uadetrac_vehicle1.yaml,train,50,6313.397907972336,0.6276,0.30679,0.87479,0.93128,0.87011,0.94187,0.70904,0.98461,0.4986,1.04522,0.0010298,0.0010298,0.0010298
yolo_yolov8m_20260730_075817,yolo,yolo_yolov8m_20260730_075817,yolov8m.pt,/root/autodl-fs/datasets/UA-DETRAC_YOLO_Vehicle1/uadetrac_vehicle1.yaml,train,51,6438.322436094284,0.63368,0.30642,0.87492,0.93197,0.85772,0.92827,0.69674,0.97532,0.51629,1.04431,0.00101,0.00101,0.00101
yolo_yolov8m_20260730_075817,yolo,yolo_yolov8m_20260730_075817,yolov8m.pt,/root/autodl-fs/datasets/UA-DETRAC_YOLO_Vehicle1/uadetrac_vehicle1.yaml,train,52,6565.012370586395,0.6295,0.30603,0.87562,0.9305,0.84181,0.92205,0.69174,0.9819,0.52934,1.0514,0.0009901999999999999,0.0009901999999999999,0.0009901999999999999
yolo_yolov8m_20260730_075817,yolo,yolo_yolov8m_20260730_075817,yolov8m.pt,/root/autodl-fs/datasets/UA-DETRAC_YOLO_Vehicle1/uadetrac_vehicle1.yaml,train,53,6690.662128210068,0.62574,0.30517,0.87736,0.93037,0.85081,0.92155,0.69545,0.98312,0.53077,1.0513,0.0009704,0.0009704,0.0009704
yolo_yolov8m_20260730_075817,yolo,yolo_yolov8m_20260730_075817,yolov8m.pt,/root/autodl-fs/datasets/UA-DETRAC_YOLO_Vehicle1/uadetrac_vehicle1.yaml,train,54,6815.92972111702,0.62497,0.30309,0.87325,0.91323,0.8722,0.93206,0.69954,0.98735,0.5029,1.06006,0.0009506,0.0009506,0.0009506
yolo_yolov8m_20260730_075817,yolo,yolo_yolov8m_20260730_075817,yolov8m.pt,/root/autodl-fs/datasets/UA-DETRAC_YOLO_Vehicle1/uadetrac_vehicle1.yaml,train,55,6942.23944067955,0.62143,0.30094,0.87347,0.92505,0.86476,0.92881,0.69408,1.00674,0.52487,1.05636,0.0009308,0.0009308,0.0009308
yolo_yolov8m_20260730_075817,yolo,yolo_yolov8m_20260730_075817,yolov8m.pt,/root/autodl-fs/datasets/UA-DETRAC_YOLO_Vehicle1/uadetrac_vehicle1.yaml,train,56,7067.99227976799,0.61798,0.29723,0.87228,0.92008,0.85877,0.9239,0.69236,0.9883,0.54219,1.06231,0.0009109999999999999,0.0009109999999999999,0.0009109999999999999
yolo_yolov8m_20260730_075817,yolo,yolo_yolov8m_20260730_075817,yolov8m.pt,/root/autodl-fs/datasets/UA-DETRAC_YOLO_Vehicle1/uadetrac_vehicle1.yaml,train,57,7194.055662870407,0.61689,0.2958,0.87242,0.90725,0.85537,0.92237,0.69787,0.97278,0.52585,1.05707,0.0008911999999999999,0.0008911999999999999,0.0008911999999999999
yolo_yolov8m_20260730_075817,yolo,yolo_yolov8m_20260730_075817,yolov8m.pt,/root/autodl-fs/datasets/UA-DETRAC_YOLO_Vehicle1/uadetrac_vehicle1.yaml,train,58,7320.7452981472015,0.61114,0.29272,0.86922,0.91384,0.85757,0.92467,0.69597,0.9823,0.51736,1.06362,0.0008714,0.0008714,0.0008714
yolo_yolov8m_20260730_075817,yolo,yolo_yolov8m_20260730_075817,yolov8m.pt,/root/autodl-fs/datasets/UA-DETRAC_YOLO_Vehicle1/uadetrac_vehicle1.yaml,train,59,7446.34356713295,0.61589,0.29347,0.87144,0.91636,0.86059,0.92628,0.69568,0.98132,0.51735,1.05538,0.0008516000000000001,0.0008516000000000001,0.0008516000000000001
yolo_yolov8m_20260730_075817,yolo,yolo_yolov8m_20260730_075817,yolov8m.pt,/root/autodl-fs/datasets/UA-DETRAC_YOLO_Vehicle1/uadetrac_vehicle1.yaml,train,60,7572.547853708267,0.61062,0.2925,0.86966,0.92665,0.86325,0.92792,0.69822,0.98404,0.52005,1.05886,0.0008318000000000002,0.0008318000000000002,0.0008318000000000002
yolo_yolov8m_20260730_075817,yolo,yolo_yolov8m_20260730_075817,yolov8m.pt,/root/autodl-fs/datasets/UA-DETRAC_YOLO_Vehicle1/uadetrac_vehicle1.yaml,train,61,7698.758849143982,0.60764,0.28974,0.87056,0.9244,0.85787,0.9269,0.7027,0.96722,0.52629,1.04511,0.0008120000000000001,0.0008120000000000001,0.0008120000000000001
yolo_yolov8m_20260730_075817,yolo,yolo_yolov8m_20260730_075817,yolov8m.pt,/root/autodl-fs/datasets/UA-DETRAC_YOLO_Vehicle1/uadetrac_vehicle1.yaml,train,62,7824.190342903137,0.60767,0.28814,0.87317,0.92129,0.85655,0.92741,0.69847,0.97624,0.53094,1.05951,0.0007922000000000001,0.0007922000000000001,0.0007922000000000001
yolo_yolov8m_20260730_075817,yolo,yolo_yolov8m_20260730_075817,yolov8m.pt,/root/autodl-fs/datasets/UA-DETRAC_YOLO_Vehicle1/uadetrac_vehicle1.yaml,train,63,7950.051970243454,0.60494,0.28822,0.86962,0.91436,0.8662,0.92381,0.69515,0.97995,0.51085,1.05783,0.0007724,0.0007724,0.0007724
yolo_yolov8m_20260730_075817,yolo,yolo_yolov8m_20260730_075817,yolov8m.pt,/root/autodl-fs/datasets/UA-DETRAC_YOLO_Vehicle1/uadetrac_vehicle1.yaml,train,64,8076.617226362228,0.60136,0.28505,0.86679,0.92569,0.84807,0.92282,0.69584,0.97953,0.53348,1.05546,0.0007526000000000001,0.0007526000000000001,0.0007526000000000001
yolo_yolov8m_20260730_075817,yolo,yolo_yolov8m_20260730_075817,yolov8m.pt,/root/autodl-fs/datasets/UA-DETRAC_YOLO_Vehicle1/uadetrac_vehicle1.yaml,train,65,8202.108700275421,0.59975,0.28328,0.86301,0.91972,0.86333,0.92955,0.70453,0.98132,0.51634,1.04866,0.0007328,0.0007328,0.0007328
yolo_yolov8m_20260730_075817,yolo,yolo_yolov8m_20260730_075817,yolov8m.pt,/root/autodl-fs/datasets/UA-DETRAC_YOLO_Vehicle1/uadetrac_vehicle1.yaml,train,66,8328.250542879105,0.59125,0.28046,0.86224,0.90778,0.88188,0.93253,0.70498,0.98752,0.50857,1.05688,0.000713,0.000713,0.000713
yolo_yolov8m_20260730_075817,yolo,yolo_yolov8m_20260730_075817,yolov8m.pt,/root/autodl-fs/datasets/UA-DETRAC_YOLO_Vehicle1/uadetrac_vehicle1.yaml,train,67,8454.73752784729,0.5944,0.28108,0.86471,0.92248,0.86126,0.92896,0.70542,0.9736,0.51804,1.05417,0.0006931999999999999,0.0006931999999999999,0.0006931999999999999
yolo_yolov8m_20260730_075817,yolo,yolo_yolov8m_20260730_075817,yolov8m.pt,/root/autodl-fs/datasets/UA-DETRAC_YOLO_Vehicle1/uadetrac_vehicle1.yaml,train,68,8580.008813858032,0.59214,0.28087,0.86459,0.93159,0.84889,0.92465,0.70008,0.97213,0.52264,1.05761,0.0006733999999999999,0.0006733999999999999,0.0006733999999999999
yolo_yolov8m_20260730_075817,yolo,yolo_yolov8m_20260730_075817,yolov8m.pt,/root/autodl-fs/datasets/UA-DETRAC_YOLO_Vehicle1/uadetrac_vehicle1.yaml,train,69,8706.485358953476,0.59158,0.2797,0.86557,0.90817,0.86417,0.92578,0.70316,0.97524,0.54861,1.06465,0.0006536,0.0006536,0.0006536
yolo_yolov8m_20260730_075817,yolo,yolo_yolov8m_20260730_075817,yolov8m.pt,/root/autodl-fs/datasets/UA-DETRAC_YOLO_Vehicle1/uadetrac_vehicle1.yaml,train,70,8832.438891649246,0.59162,0.27773,0.8636,0.92277,0.85589,0.92619,0.70425,0.97974,0.56785,1.05216,0.0006338000000000001,0.0006338000000000001,0.0006338000000000001
yolo_yolov8m_20260730_075817,yolo,yolo_yolov8m_20260730_075817,yolov8m.pt,/root/autodl-fs/datasets/UA-DETRAC_YOLO_Vehicle1/uadetrac_vehicle1.yaml,train,71,8957.803216218948,0.585,0.27492,0.86087,0.91915,0.86163,0.92417,0.70177,0.97968,0.52799,1.06093,0.0006140000000000001,0.0006140000000000001,0.0006140000000000001
yolo_yolov8m_20260730_075817,yolo,yolo_yolov8m_20260730_075817,yolov8m.pt,/root/autodl-fs/datasets/UA-DETRAC_YOLO_Vehicle1/uadetrac_vehicle1.yaml,train,72,9084.721499443054,0.58158,0.27306,0.85886,0.9072,0.88511,0.93341,0.70494,0.97764,0.53158,1.04866,0.0005942,0.0005942,0.0005942
yolo_yolov8m_20260730_075817,yolo,yolo_yolov8m_20260730_075817,yolov8m.pt,/root/autodl-fs/datasets/UA-DETRAC_YOLO_Vehicle1/uadetrac_vehicle1.yaml,train,73,9210.496392011642,0.58131,0.27309,0.85887,0.91291,0.87904,0.93418,0.70931,0.97324,0.51176,1.05164,0.0005744000000000001,0.0005744000000000001,0.0005744000000000001
yolo_yolov8m_20260730_075817,yolo,yolo_yolov8m_20260730_075817,yolov8m.pt,/root/autodl-fs/datasets/UA-DETRAC_YOLO_Vehicle1/uadetrac_vehicle1.yaml,train,74,9335.575427293777,0.57811,0.27247,0.85934,0.92266,0.8795,0.93402,0.7073,0.97702,0.52074,1.06122,0.0005546000000000001,0.0005546000000000001,0.0005546000000000001
yolo_yolov8m_20260730_075817,yolo,yolo_yolov8m_20260730_075817,yolov8m.pt,/root/autodl-fs/datasets/UA-DETRAC_YOLO_Vehicle1/uadetrac_vehicle1.yaml,train,75,9462.281685113907,0.57566,0.26956,0.85771,0.90998,0.87741,0.93287,0.70638,0.97531,0.52807,1.05762,0.0005348000000000001,0.0005348000000000001,0.0005348000000000001
yolo_yolov8m_20260730_075817,yolo,yolo_yolov8m_20260730_075817,yolov8m.pt,/root/autodl-fs/datasets/UA-DETRAC_YOLO_Vehicle1/uadetrac_vehicle1.yaml,train,76,9587.91762971878,0.57383,0.26801,0.85934,0.92389,0.87704,0.93545,0.70917,0.97615,0.51869,1.0566,0.000515,0.000515,0.000515
yolo_yolov8m_20260730_075817,yolo,yolo_yolov8m_20260730_075817,yolov8m.pt,/root/autodl-fs/datasets/UA-DETRAC_YOLO_Vehicle1/uadetrac_vehicle1.yaml,train,77,9713.719012260437,0.57284,0.26799,0.85693,0.91457,0.86835,0.93133,0.70628,0.97435,0.52232,1.04858,0.0004952,0.0004952,0.0004952
yolo_yolov8m_20260730_075817,yolo,yolo_yolov8m_20260730_075817,yolov8m.pt,/root/autodl-fs/datasets/UA-DETRAC_YOLO_Vehicle1/uadetrac_vehicle1.yaml,train,78,9840.27792429924,0.56962,0.26755,0.85415,0.92966,0.86894,0.93105,0.70424,0.98154,0.51405,1.05896,0.0004754,0.0004754,0.0004754
yolo_yolov8m_20260730_075817,yolo,yolo_yolov8m_20260730_075817,yolov8m.pt,/root/autodl-fs/datasets/UA-DETRAC_YOLO_Vehicle1/uadetrac_vehicle1.yaml,train,79,9966.18896317482,0.56855,0.2645,0.85723,0.92472,0.87637,0.93269,0.70482,0.98684,0.51712,1.06253,0.00045559999999999996,0.00045559999999999996,0.00045559999999999996
yolo_yolov8m_20260730_075817,yolo,yolo_yolov8m_20260730_075817,yolov8m.pt,/root/autodl-fs/datasets/UA-DETRAC_YOLO_Vehicle1/uadetrac_vehicle1.yaml,train,80,10092.188117027283,0.56398,0.26351,0.85623,0.91707,0.87207,0.93021,0.7059,0.98451,0.52065,1.05972,0.00043579999999999997,0.00043579999999999997,0.00043579999999999997
yolo_yolov8m_20260730_075817,yolo,yolo_yolov8m_20260730_075817,yolov8m.pt,/root/autodl-fs/datasets/UA-DETRAC_YOLO_Vehicle1/uadetrac_vehicle1.yaml,train,81,10218.37817120552,0.56209,0.2612,0.85354,0.92708,0.86007,0.92969,0.70509,0.98872,0.51631,1.05722,0.0004159999999999999,0.0004159999999999999,0.0004159999999999999
yolo_yolov8m_20260730_075817,yolo,yolo_yolov8m_20260730_075817,yolov8m.pt,/root/autodl-fs/datasets/UA-DETRAC_YOLO_Vehicle1/uadetrac_vehicle1.yaml,train,82,10343.851126670837,0.56153,0.26107,0.85482,0.91686,0.86005,0.92645,0.70258,0.98478,0.52617,1.06031,0.00039619999999999987,0.00039619999999999987,0.00039619999999999987
yolo_yolov8m_20260730_075817,yolo,yolo_yolov8m_20260730_075817,yolov8m.pt,/root/autodl-fs/datasets/UA-DETRAC_YOLO_Vehicle1/uadetrac_vehicle1.yaml,train,83,10470.540251255035,0.5602,0.25872,0.85438,0.91398,0.86372,0.92781,0.7035,0.98817,0.53094,1.0592,0.00037640000000000015,0.00037640000000000015,0.00037640000000000015
yolo_yolov8m_20260730_075817,yolo,yolo_yolov8m_20260730_075817,yolov8m.pt,/root/autodl-fs/datasets/UA-DETRAC_YOLO_Vehicle1/uadetrac_vehicle1.yaml,train,84,10598.462038755417,0.55608,0.25617,0.85161,0.91691,0.85746,0.92692,0.7036,0.98597,0.55308,1.06014,0.0003566000000000001,0.0003566000000000001,0.0003566000000000001
yolo_yolov8m_20260730_075817,yolo,yolo_yolov8m_20260730_075817,yolov8m.pt,/root/autodl-fs/datasets/UA-DETRAC_YOLO_Vehicle1/uadetrac_vehicle1.yaml,train,85,10725.442271709442,0.5562,0.25652,0.85288,0.91343,0.87376,0.9318,0.70822,0.98859,0.51558,1.05994,0.0003368000000000001,0.0003368000000000001,0.0003368000000000001
yolo_yolov8m_20260730_075817,yolo,yolo_yolov8m_20260730_075817,yolov8m.pt,/root/autodl-fs/datasets/UA-DETRAC_YOLO_Vehicle1/uadetrac_vehicle1.yaml,train,86,10857.101225614548,0.55062,0.25375,0.85142,0.93478,0.84781,0.9303,0.70533,0.98965,0.53709,1.06243,0.00031700000000000006,0.00031700000000000006,0.00031700000000000006
yolo_yolov8m_20260730_075817,yolo,yolo_yolov8m_20260730_075817,yolov8m.pt,/root/autodl-fs/datasets/UA-DETRAC_YOLO_Vehicle1/uadetrac_vehicle1.yaml,train,87,10987.178845405579,0.54955,0.25248,0.85136,0.91298,0.87207,0.93198,0.70699,0.98618,0.52232,1.06223,0.0002972,0.0002972,0.0002972
yolo_yolov8m_20260730_075817,yolo,yolo_yolov8m_20260730_075817,yolov8m.pt,/root/autodl-fs/datasets/UA-DETRAC_YOLO_Vehicle1/uadetrac_vehicle1.yaml,train,88,11117.257796764374,0.54759,0.2527,0.85041,0.9174,0.87482,0.93383,0.70812,0.98938,0.51708,1.06724,0.0002774,0.0002774,0.0002774
yolo_yolov8m_20260730_075817,yolo,yolo_yolov8m_20260730_075817,yolov8m.pt,/root/autodl-fs/datasets/UA-DETRAC_YOLO_Vehicle1/uadetrac_vehicle1.yaml,train,89,11248.984669446945,0.54489,0.2514,0.8521,0.91986,0.8697,0.93195,0.70755,0.98197,0.52241,1.06402,0.00025760000000000003,0.00025760000000000003,0.00025760000000000003
yolo_yolov8m_20260730_075817,yolo,yolo_yolov8m_20260730_075817,yolov8m.pt,/root/autodl-fs/datasets/UA-DETRAC_YOLO_Vehicle1/uadetrac_vehicle1.yaml,train,90,11380.162259578705,0.54187,0.24984,0.84863,0.92816,0.85764,0.92964,0.70551,0.9854,0.51502,1.05829,0.00023779999999999995,0.00023779999999999995,0.00023779999999999995
yolo_yolov8m_20260730_075817,yolo,yolo_yolov8m_20260730_075817,yolov8m.pt,/root/autodl-fs/datasets/UA-DETRAC_YOLO_Vehicle1/uadetrac_vehicle1.yaml,train,91,11510.245469808578,0.53933,0.23601,0.84513,0.92324,0.86585,0.93225,0.70776,0.99027,0.52535,1.06843,0.00021799999999999996,0.00021799999999999996,0.00021799999999999996
yolo_yolov8m_20260730_075817,yolo,yolo_yolov8m_20260730_075817,yolov8m.pt,/root/autodl-fs/datasets/UA-DETRAC_YOLO_Vehicle1/uadetrac_vehicle1.yaml,train,92,11640.7615609169,0.53393,0.23488,0.84217,0.92457,0.86724,0.93006,0.70748,0.99224,0.5229,1.06933,0.00019819999999999994,0.00019819999999999994,0.00019819999999999994
yolo_yolov8m_20260730_075817,yolo,yolo_yolov8m_20260730_075817,yolov8m.pt,/root/autodl-fs/datasets/UA-DETRAC_YOLO_Vehicle1/uadetrac_vehicle1.yaml,train,93,11767.051743745804,0.5309,0.23193,0.84065,0.92105,0.86541,0.92731,0.70571,0.98967,0.53385,1.06603,0.00017839999999999992,0.00017839999999999992,0.00017839999999999992
yolo_yolov8m_20260730_075817,yolo,yolo_yolov8m_20260730_075817,yolov8m.pt,/root/autodl-fs/datasets/UA-DETRAC_YOLO_Vehicle1/uadetrac_vehicle1.yaml,train,94,11893.58194899559,0.52741,0.23065,0.83814,0.92251,0.86781,0.92858,0.70765,0.9917,0.52521,1.06628,0.00015859999999999987,0.00015859999999999987,0.00015859999999999987
yolo_yolov8m_20260730_075817,yolo,yolo_yolov8m_20260730_075817,yolov8m.pt,/root/autodl-fs/datasets/UA-DETRAC_YOLO_Vehicle1/uadetrac_vehicle1.yaml,train,95,12018.963513851166,0.52322,0.22844,0.83841,0.92201,0.87111,0.93005,0.70759,0.9952,0.52214,1.0678,0.0001388000000000001,0.0001388000000000001,0.0001388000000000001
yolo_yolov8m_20260730_075817,yolo,yolo_yolov8m_20260730_075817,yolov8m.pt,/root/autodl-fs/datasets/UA-DETRAC_YOLO_Vehicle1/uadetrac_vehicle1.yaml,train,96,12145.512762784958,0.52019,0.22604,0.83706,0.90277,0.88224,0.9274,0.70658,0.99294,0.51731,1.06657,0.0001190000000000001,0.0001190000000000001,0.0001190000000000001
yolo_yolov8m_20260730_075817,yolo,yolo_yolov8m_20260730_075817,yolov8m.pt,/root/autodl-fs/datasets/UA-DETRAC_YOLO_Vehicle1/uadetrac_vehicle1.yaml,train,97,12271.041277170181,0.51767,0.22466,0.83714,0.91118,0.87628,0.92789,0.70603,0.99357,0.51979,1.06687,9.920000000000008e-05,9.920000000000008e-05,9.920000000000008e-05
yolo_yolov8m_20260730_075817,yolo,yolo_yolov8m_20260730_075817,yolov8m.pt,/root/autodl-fs/datasets/UA-DETRAC_YOLO_Vehicle1/uadetrac_vehicle1.yaml,train,98,12396.138088703156,0.51521,0.22352,0.83764,0.91307,0.87667,0.92886,0.70764,0.99171,0.51925,1.06931,7.940000000000006e-05,7.940000000000006e-05,7.940000000000006e-05
yolo_yolov8m_20260730_075817,yolo,yolo_yolov8m_20260730_075817,yolov8m.pt,/root/autodl-fs/datasets/UA-DETRAC_YOLO_Vehicle1/uadetrac_vehicle1.yaml,train,99,12521.728515148163,0.51576,0.22383,0.8373,0.91136,0.87691,0.92891,0.70742,0.99157,0.52269,1.07201,5.9600000000000046e-05,5.9600000000000046e-05,5.9600000000000046e-05
yolo_yolov8n_20260730_124707,yolo,yolo_yolov8n_20260730_124707,yolov8n.pt,/root/autodl-fs/datasets/UA-DETRAC_YOLO_Vehicle1/uadetrac_vehicle1.yaml,train,1,48.71267342567444,1.04889,1.0356,0.97341,0.85421,0.81051,0.88302,0.59564,1.10972,0.76872,1.00733,0.0006645367412140575,0.0006645367412140575,0.0006645367412140575
yolo_yolov8n_20260730_124707,yolo,yolo_yolov8n_20260730_124707,yolov8n.pt,/root/autodl-fs/datasets/UA-DETRAC_YOLO_Vehicle1/uadetrac_vehicle1.yaml,train,2,89.98628544807434,0.99526,0.69203,0.96092,0.87935,0.80438,0.88917,0.60608,1.12705,0.72527,1.0127,0.0013180244941427052,0.0013180244941427052,0.0013180244941427052
yolo_yolov8n_20260730_124707,yolo,yolo_yolov8n_20260730_124707,yolov8n.pt,/root/autodl-fs/datasets/UA-DETRAC_YOLO_Vehicle1/uadetrac_vehicle1.yaml,train,3,127.63014101982117,0.97587,0.63234,0.95507,0.88827,0.75287,0.85362,0.58767,1.10347,0.70701,1.01949,0.0019583122470713528,0.0019583122470713528,0.0019583122470713528
yolo_yolov8n_20260730_124707,yolo,yolo_yolov8n_20260730_124707,yolov8n.pt,/root/autodl-fs/datasets/UA-DETRAC_YOLO_Vehicle1/uadetrac_vehicle1.yaml,train,4,164.80967831611633,0.9483,0.59496,0.94675,0.87592,0.80463,0.88326,0.61345,1.1106,0.68154,1.02884,0.0019406,0.0019406,0.0019406
yolo_yolov8n_20260730_124707,yolo,yolo_yolov8n_20260730_124707,yolov8n.pt,/root/autodl-fs/datasets/UA-DETRAC_YOLO_Vehicle1/uadetrac_vehicle1.yaml,train,5,201.667733669281,0.91438,0.56442,0.93993,0.8745,0.79785,0.88882,0.62066,1.07123,0.65648,0.99842,0.0019207999999999999,0.0019207999999999999,0.0019207999999999999
yolo_yolov8n_20260730_124707,yolo,yolo_yolov8n_20260730_124707,yolov8n.pt,/root/autodl-fs/datasets/UA-DETRAC_YOLO_Vehicle1/uadetrac_vehicle1.yaml,train,6,238.14053964614868,0.89173,0.54045,0.92976,0.89624,0.8216,0.89927,0.61192,1.08981,0.63166,1.00943,0.0019010000000000001,0.0019010000000000001,0.0019010000000000001
yolo_yolov8n_20260730_124707,yolo,yolo_yolov8n_20260730_124707,yolov8n.pt,/root/autodl-fs/datasets/UA-DETRAC_YOLO_Vehicle1/uadetrac_vehicle1.yaml,train,7,275.21855759620667,0.87576,0.52543,0.92505,0.91705,0.84628,0.91956,0.64457,1.0635,0.60314,0.9936,0.0018812,0.0018812,0.0018812
yolo_yolov8n_20260730_124707,yolo,yolo_yolov8n_20260730_124707,yolov8n.pt,/root/autodl-fs/datasets/UA-DETRAC_YOLO_Vehicle1/uadetrac_vehicle1.yaml,train,8,312.05485558509827,0.86175,0.51195,0.92156,0.90518,0.85042,0.91937,0.64651,1.05424,0.59888,0.99456,0.0018614,0.0018614,0.0018614
yolo_yolov8n_20260730_124707,yolo,yolo_yolov8n_20260730_124707,yolov8n.pt,/root/autodl-fs/datasets/UA-DETRAC_YOLO_Vehicle1/uadetrac_vehicle1.yaml,train,9,349.3010473251343,0.85281,0.50008,0.91814,0.89633,0.84885,0.91737,0.65179,1.0376,0.61586,0.98843,0.0018416,0.0018416,0.0018416
yolo_yolov8n_20260730_124707,yolo,yolo_yolov8n_20260730_124707,yolov8n.pt,/root/autodl-fs/datasets/UA-DETRAC_YOLO_Vehicle1/uadetrac_vehicle1.yaml,train,10,386.1793773174286,0.83517,0.48891,0.91179,0.89582,0.8572,0.92566,0.64933,1.04386,0.56636,0.99802,0.0018218000000000002,0.0018218000000000002,0.0018218000000000002
yolo_yolov8n_20260730_124707,yolo,yolo_yolov8n_20260730_124707,yolov8n.pt,/root/autodl-fs/datasets/UA-DETRAC_YOLO_Vehicle1/uadetrac_vehicle1.yaml,train,11,422.9449384212494,0.83172,0.48665,0.91234,0.89012,0.84781,0.92356,0.64379,1.08085,0.58386,1.00414,0.001802,0.001802,0.001802
yolo_yolov8n_20260730_124707,yolo,yolo_yolov8n_20260730_124707,yolov8n.pt,/root/autodl-fs/datasets/UA-DETRAC_YOLO_Vehicle1/uadetrac_vehicle1.yaml,train,12,459.5718026161194,0.82515,0.47745,0.90913,0.91096,0.84459,0.92132,0.64826,1.06603,0.56177,1.00385,0.0017822,0.0017822,0.0017822
yolo_yolov8n_20260730_124707,yolo,yolo_yolov8n_20260730_124707,yolov8n.pt,/root/autodl-fs/datasets/UA-DETRAC_YOLO_Vehicle1/uadetrac_vehicle1.yaml,train,13,498.9585716724396,0.81891,0.47065,0.90661,0.90573,0.82681,0.90865,0.65632,1.02048,0.57506,0.98134,0.0017624,0.0017624,0.0017624
yolo_yolov8n_20260730_124707,yolo,yolo_yolov8n_20260730_124707,yolov8n.pt,/root/autodl-fs/datasets/UA-DETRAC_YOLO_Vehicle1/uadetrac_vehicle1.yaml,train,14,535.9662890434265,0.80584,0.46402,0.9033,0.91478,0.81332,0.89969,0.64448,1.03895,0.58867,0.99158,0.0017426,0.0017426,0.0017426
yolo_yolov8n_20260730_124707,yolo,yolo_yolov8n_20260730_124707,yolov8n.pt,/root/autodl-fs/datasets/UA-DETRAC_YOLO_Vehicle1/uadetrac_vehicle1.yaml,train,15,572.4477443695068,0.8016,0.45823,0.90043,0.90303,0.83568,0.9151,0.65672,1.06252,0.57394,0.99933,0.0017228,0.0017228,0.0017228
yolo_yolov8n_20260730_124707,yolo,yolo_yolov8n_20260730_124707,yolov8n.pt,/root/autodl-fs/datasets/UA-DETRAC_YOLO_Vehicle1/uadetrac_vehicle1.yaml,train,16,608.8760149478912,0.79841,0.45314,0.90099,0.91371,0.85756,0.92823,0.66525,1.04098,0.57647,0.99185,0.001703,0.001703,0.001703
yolo_yolov8n_20260730_124707,yolo,yolo_yolov8n_20260730_124707,yolov8n.pt,/root/autodl-fs/datasets/UA-DETRAC_YOLO_Vehicle1/uadetrac_vehicle1.yaml,train,17,645.5849809646606,0.79277,0.45273,0.89862,0.90375,0.79278,0.88475,0.64263,1.03348,0.6305,0.98598,0.0016832000000000001,0.0016832000000000001,0.0016832000000000001
yolo_yolov8n_20260730_124707,yolo,yolo_yolov8n_20260730_124707,yolov8n.pt,/root/autodl-fs/datasets/UA-DETRAC_YOLO_Vehicle1/uadetrac_vehicle1.yaml,train,18,682.486266374588,0.78804,0.44427,0.89782,0.9249,0.84162,0.93107,0.67366,1.02105,0.54785,0.98287,0.0016634,0.0016634,0.0016634
yolo_yolov8n_20260730_124707,yolo,yolo_yolov8n_20260730_124707,yolov8n.pt,/root/autodl-fs/datasets/UA-DETRAC_YOLO_Vehicle1/uadetrac_vehicle1.yaml,train,19,719.1018767356873,0.78154,0.4396,0.89495,0.91712,0.84276,0.92304,0.66926,1.01573,0.52954,0.97912,0.0016436000000000003,0.0016436000000000003,0.0016436000000000003
yolo_yolov8n_20260730_124707,yolo,yolo_yolov8n_20260730_124707,yolov8n.pt,/root/autodl-fs/datasets/UA-DETRAC_YOLO_Vehicle1/uadetrac_vehicle1.yaml,train,20,756.2524094581604,0.78227,0.43728,0.89577,0.91334,0.84924,0.91676,0.66262,1.04253,0.56008,0.99198,0.0016238000000000001,0.0016238000000000001,0.0016238000000000001
yolo_yolov8n_20260730_124707,yolo,yolo_yolov8n_20260730_124707,yolov8n.pt,/root/autodl-fs/datasets/UA-DETRAC_YOLO_Vehicle1/uadetrac_vehicle1.yaml,train,21,793.0173885822296,0.77733,0.43511,0.89447,0.90029,0.84846,0.91933,0.66511,1.02506,0.55522,0.98581,0.0016040000000000002,0.0016040000000000002,0.0016040000000000002
yolo_yolov8n_20260730_124707,yolo,yolo_yolov8n_20260730_124707,yolov8n.pt,/root/autodl-fs/datasets/UA-DETRAC_YOLO_Vehicle1/uadetrac_vehicle1.yaml,train,22,829.7227470874786,0.77075,0.42894,0.89185,0.89508,0.86664,0.92946,0.66877,1.04237,0.54886,0.98603,0.0015842,0.0015842,0.0015842
yolo_yolov8n_20260730_124707,yolo,yolo_yolov8n_20260730_124707,yolov8n.pt,/root/autodl-fs/datasets/UA-DETRAC_YOLO_Vehicle1/uadetrac_vehicle1.yaml,train,23,866.3628990650177,0.76921,0.42804,0.89166,0.89504,0.85133,0.91508,0.66278,1.01206,0.57658,0.98699,0.0015644,0.0015644,0.0015644
yolo_yolov8n_20260730_124707,yolo,yolo_yolov8n_20260730_124707,yolov8n.pt,/root/autodl-fs/datasets/UA-DETRAC_YOLO_Vehicle1/uadetrac_vehicle1.yaml,train,24,902.9846112728119,0.76583,0.42563,0.89237,0.91193,0.86966,0.93622,0.66823,1.06727,0.55176,0.99791,0.0015446,0.0015446,0.0015446
yolo_yolov8n_20260730_124707,yolo,yolo_yolov8n_20260730_124707,yolov8n.pt,/root/autodl-fs/datasets/UA-DETRAC_YOLO_Vehicle1/uadetrac_vehicle1.yaml,train,25,939.5636076927185,0.7607,0.42073,0.8906,0.92475,0.84872,0.92301,0.66662,1.03337,0.56474,0.99043,0.0015248,0.0015248,0.0015248
yolo_yolov8n_20260730_124707,yolo,yolo_yolov8n_20260730_124707,yolov8n.pt,/root/autodl-fs/datasets/UA-DETRAC_YOLO_Vehicle1/uadetrac_vehicle1.yaml,train,26,976.2837784290314,0.76288,0.41987,0.88787,0.91966,0.8692,0.93112,0.67257,1.02483,0.51812,0.98674,0.0015049999999999998,0.0015049999999999998,0.0015049999999999998
yolo_yolov8n_20260730_124707,yolo,yolo_yolov8n_20260730_124707,yolov8n.pt,/root/autodl-fs/datasets/UA-DETRAC_YOLO_Vehicle1/uadetrac_vehicle1.yaml,train,27,1013.0265176296234,0.75667,0.41602,0.88929,0.90696,0.84924,0.91886,0.66752,1.03089,0.54102,0.98643,0.0014852,0.0014852,0.0014852
yolo_yolov8n_20260730_124707,yolo,yolo_yolov8n_20260730_124707,yolov8n.pt,/root/autodl-fs/datasets/UA-DETRAC_YOLO_Vehicle1/uadetrac_vehicle1.yaml,train,28,1049.961318731308,0.75247,0.41471,0.88558,0.92244,0.86549,0.9337,0.67213,1.03876,0.52867,0.98573,0.0014654000000000002,0.0014654000000000002,0.0014654000000000002
yolo_yolov8n_20260730_124707,yolo,yolo_yolov8n_20260730_124707,yolov8n.pt,/root/autodl-fs/datasets/UA-DETRAC_YOLO_Vehicle1/uadetrac_vehicle1.yaml,train,29,1086.5040469169617,0.74791,0.40927,0.88537,0.9203,0.86789,0.93185,0.67142,1.0234,0.52333,0.97978,0.0014456,0.0014456,0.0014456
yolo_yolov8n_20260730_124707,yolo,yolo_yolov8n_20260730_124707,yolov8n.pt,/root/autodl-fs/datasets/UA-DETRAC_YOLO_Vehicle1/uadetrac_vehicle1.yaml,train,30,1123.251323223114,0.74523,0.40827,0.88604,0.91698,0.85603,0.92936,0.66977,1.03266,0.52629,0.98815,0.0014258,0.0014258,0.0014258
yolo_yolov8n_20260730_124707,yolo,yolo_yolov8n_20260730_124707,yolov8n.pt,/root/autodl-fs/datasets/UA-DETRAC_YOLO_Vehicle1/uadetrac_vehicle1.yaml,train,31,1159.9235637187958,0.74431,0.40622,0.88346,0.92445,0.81951,0.90546,0.66318,1.02448,0.54882,0.98744,0.001406,0.001406,0.001406
yolo_yolov8n_20260730_124707,yolo,yolo_yolov8n_20260730_124707,yolov8n.pt,/root/autodl-fs/datasets/UA-DETRAC_YOLO_Vehicle1/uadetrac_vehicle1.yaml,train,32,1196.7165813446045,0.74549,0.40574,0.88593,0.90967,0.86111,0.92344,0.67299,1.02851,0.53517,0.98031,0.0013862,0.0013862,0.0013862
yolo_yolov8n_20260730_124707,yolo,yolo_yolov8n_20260730_124707,yolov8n.pt,/root/autodl-fs/datasets/UA-DETRAC_YOLO_Vehicle1/uadetrac_vehicle1.yaml,train,33,1233.3303792476654,0.7412,0.40276,0.8831,0.89459,0.84611,0.91467,0.665,1.02198,0.54302,0.98364,0.0013663999999999998,0.0013663999999999998,0.0013663999999999998
yolo_yolov8n_20260730_124707,yolo,yolo_yolov8n_20260730_124707,yolov8n.pt,/root/autodl-fs/datasets/UA-DETRAC_YOLO_Vehicle1/uadetrac_vehicle1.yaml,train,34,1269.6418561935425,0.73421,0.39869,0.88291,0.92229,0.84181,0.91895,0.67243,1.03544,0.54063,0.99134,0.0013465999999999999,0.0013465999999999999,0.0013465999999999999
yolo_yolov8n_20260730_124707,yolo,yolo_yolov8n_20260730_124707,yolov8n.pt,/root/autodl-fs/datasets/UA-DETRAC_YOLO_Vehicle1/uadetrac_vehicle1.yaml,train,35,1306.1786770820618,0.73597,0.40075,0.88403,0.91669,0.84977,0.92353,0.67509,1.02872,0.52791,0.98602,0.0013267999999999997,0.0013267999999999997,0.0013267999999999997
yolo_yolov8n_20260730_124707,yolo,yolo_yolov8n_20260730_124707,yolov8n.pt,/root/autodl-fs/datasets/UA-DETRAC_YOLO_Vehicle1/uadetrac_vehicle1.yaml,train,36,1342.9095993041992,0.73276,0.39883,0.88097,0.91645,0.83555,0.91824,0.66582,1.05829,0.54595,1.0001,0.001307,0.001307,0.001307
yolo_yolov8n_20260730_124707,yolo,yolo_yolov8n_20260730_124707,yolov8n.pt,/root/autodl-fs/datasets/UA-DETRAC_YOLO_Vehicle1/uadetrac_vehicle1.yaml,train,37,1379.7096490859985,0.73273,0.39571,0.87956,0.90602,0.85942,0.92831,0.67741,1.03581,0.52885,0.98736,0.0012872,0.0012872,0.0012872
yolo_yolov8n_20260730_124707,yolo,yolo_yolov8n_20260730_124707,yolov8n.pt,/root/autodl-fs/datasets/UA-DETRAC_YOLO_Vehicle1/uadetrac_vehicle1.yaml,train,38,1416.65416431427,0.72796,0.39025,0.87924,0.91116,0.84233,0.91572,0.67035,1.02159,0.54778,0.98699,0.0012674000000000001,0.0012674000000000001,0.0012674000000000001
yolo_yolov8n_20260730_124707,yolo,yolo_yolov8n_20260730_124707,yolov8n.pt,/root/autodl-fs/datasets/UA-DETRAC_YOLO_Vehicle1/uadetrac_vehicle1.yaml,train,39,1453.1848547458649,0.72286,0.38979,0.87847,0.91037,0.85537,0.92304,0.68288,0.98281,0.52338,0.96994,0.0012476,0.0012476,0.0012476
yolo_yolov8n_20260730_124707,yolo,yolo_yolov8n_20260730_124707,yolov8n.pt,/root/autodl-fs/datasets/UA-DETRAC_YOLO_Vehicle1/uadetrac_vehicle1.yaml,train,40,1490.205100774765,0.72405,0.38712,0.87826,0.91312,0.86581,0.93111,0.68247,1.01009,0.53395,0.98024,0.0012278,0.0012278,0.0012278
yolo_yolov8n_20260730_124707,yolo,yolo_yolov8n_20260730_124707,yolov8n.pt,/root/autodl-fs/datasets/UA-DETRAC_YOLO_Vehicle1/uadetrac_vehicle1.yaml,train,41,1526.7688601016998,0.72363,0.3882,0.87872,0.913,0.82803,0.91967,0.67463,1.03371,0.55338,0.98836,0.001208,0.001208,0.001208
yolo_yolov8n_20260730_124707,yolo,yolo_yolov8n_20260730_124707,yolov8n.pt,/root/autodl-fs/datasets/UA-DETRAC_YOLO_Vehicle1/uadetrac_vehicle1.yaml,train,42,1563.5024709701538,0.71905,0.38318,0.87638,0.91449,0.85368,0.92689,0.67049,1.04388,0.53033,0.98846,0.0011882000000000002,0.0011882000000000002,0.0011882000000000002
yolo_yolov8n_20260730_124707,yolo,yolo_yolov8n_20260730_124707,yolov8n.pt,/root/autodl-fs/datasets/UA-DETRAC_YOLO_Vehicle1/uadetrac_vehicle1.yaml,train,43,1600.2416067123413,0.71685,0.38376,0.87515,0.92716,0.83993,0.92364,0.67787,1.02315,0.53981,0.98057,0.0011684000000000002,0.0011684000000000002,0.0011684000000000002
yolo_yolov8n_20260730_124707,yolo,yolo_yolov8n_20260730_124707,yolov8n.pt,/root/autodl-fs/datasets/UA-DETRAC_YOLO_Vehicle1/uadetrac_vehicle1.yaml,train,44,1636.7343475818634,0.71518,0.38327,0.87534,0.91366,0.85833,0.9308,0.68659,1.01368,0.53272,0.98181,0.0011486,0.0011486,0.0011486
yolo_yolov8n_20260730_124707,yolo,yolo_yolov8n_20260730_124707,yolov8n.pt,/root/autodl-fs/datasets/UA-DETRAC_YOLO_Vehicle1/uadetrac_vehicle1.yaml,train,45,1673.2928483486176,0.71675,0.38091,0.87444,0.90873,0.8635,0.92974,0.68471,1.00147,0.5167,0.97859,0.0011288000000000001,0.0011288000000000001,0.0011288000000000001
yolo_yolov8n_20260730_124707,yolo,yolo_yolov8n_20260730_124707,yolov8n.pt,/root/autodl-fs/datasets/UA-DETRAC_YOLO_Vehicle1/uadetrac_vehicle1.yaml,train,46,1710.9819564819336,0.71036,0.37732,0.87379,0.91672,0.85705,0.92988,0.68217,1.02082,0.52713,0.98584,0.001109,0.001109,0.001109
yolo_yolov8n_20260730_124707,yolo,yolo_yolov8n_20260730_124707,yolov8n.pt,/root/autodl-fs/datasets/UA-DETRAC_YOLO_Vehicle1/uadetrac_vehicle1.yaml,train,47,1747.7356390953064,0.70881,0.37587,0.87366,0.92659,0.86583,0.93194,0.68877,1.00684,0.49963,0.98247,0.0010892000000000002,0.0010892000000000002,0.0010892000000000002
yolo_yolov8n_20260730_124707,yolo,yolo_yolov8n_20260730_124707,yolov8n.pt,/root/autodl-fs/datasets/UA-DETRAC_YOLO_Vehicle1/uadetrac_vehicle1.yaml,train,48,1784.4660987854004,0.70656,0.37718,0.87427,0.9092,0.85694,0.9294,0.6814,1.01726,0.50679,0.98121,0.0010694,0.0010694,0.0010694
yolo_yolov8n_20260730_124707,yolo,yolo_yolov8n_20260730_124707,yolov8n.pt,/root/autodl-fs/datasets/UA-DETRAC_YOLO_Vehicle1/uadetrac_vehicle1.yaml,train,49,1821.30531167984,0.70907,0.37358,0.87314,0.9252,0.86461,0.9325,0.69078,1.00659,0.51254,0.98323,0.0010496000000000001,0.0010496000000000001,0.0010496000000000001
yolo_yolov8n_20260730_124707,yolo,yolo_yolov8n_20260730_124707,yolov8n.pt,/root/autodl-fs/datasets/UA-DETRAC_YOLO_Vehicle1/uadetrac_vehicle1.yaml,train,50,1858.0496578216553,0.7064,0.37382,0.87271,0.92404,0.86476,0.92814,0.67993,1.02955,0.52943,0.99157,0.0010298,0.0010298,0.0010298
yolo_yolov8n_20260730_124707,yolo,yolo_yolov8n_20260730_124707,yolov8n.pt,/root/autodl-fs/datasets/UA-DETRAC_YOLO_Vehicle1/uadetrac_vehicle1.yaml,train,51,1894.744013786316,0.70645,0.37242,0.87212,0.92212,0.8615,0.9326,0.68681,1.01518,0.51967,0.98933,0.00101,0.00101,0.00101
yolo_yolov8n_20260730_124707,yolo,yolo_yolov8n_20260730_124707,yolov8n.pt,/root/autodl-fs/datasets/UA-DETRAC_YOLO_Vehicle1/uadetrac_vehicle1.yaml,train,52,1931.8031191825867,0.69901,0.36916,0.87182,0.90827,0.87076,0.93155,0.68587,1.01138,0.51439,0.98272,0.0009901999999999999,0.0009901999999999999,0.0009901999999999999
yolo_yolov8n_20260730_124707,yolo,yolo_yolov8n_20260730_124707,yolov8n.pt,/root/autodl-fs/datasets/UA-DETRAC_YOLO_Vehicle1/uadetrac_vehicle1.yaml,train,53,1968.2902390956879,0.70102,0.36935,0.87131,0.91233,0.8686,0.93341,0.68692,1.00702,0.51606,0.98263,0.0009704,0.0009704,0.0009704
yolo_yolov8n_20260730_124707,yolo,yolo_yolov8n_20260730_124707,yolov8n.pt,/root/autodl-fs/datasets/UA-DETRAC_YOLO_Vehicle1/uadetrac_vehicle1.yaml,train,54,2004.9353532791138,0.69705,0.36599,0.87073,0.9219,0.85798,0.92702,0.68879,1.01304,0.52069,0.98334,0.0009506,0.0009506,0.0009506
yolo_yolov8n_20260730_124707,yolo,yolo_yolov8n_20260730_124707,yolov8n.pt,/root/autodl-fs/datasets/UA-DETRAC_YOLO_Vehicle1/uadetrac_vehicle1.yaml,train,55,2041.5258054733276,0.69465,0.36342,0.8693,0.92099,0.87106,0.93403,0.68911,1.00545,0.50495,0.98103,0.0009308,0.0009308,0.0009308
yolo_yolov8n_20260730_124707,yolo,yolo_yolov8n_20260730_124707,yolov8n.pt,/root/autodl-fs/datasets/UA-DETRAC_YOLO_Vehicle1/uadetrac_vehicle1.yaml,train,56,2078.6969373226166,0.69417,0.36371,0.86783,0.92979,0.83829,0.92674,0.68346,1.013,0.50956,0.9845,0.0009109999999999999,0.0009109999999999999,0.0009109999999999999
yolo_yolov8n_20260730_124707,yolo,yolo_yolov8n_20260730_124707,yolov8n.pt,/root/autodl-fs/datasets/UA-DETRAC_YOLO_Vehicle1/uadetrac_vehicle1.yaml,train,57,2115.8276567459106,0.69211,0.36353,0.86991,0.92864,0.8439,0.92756,0.68426,1.01336,0.51092,0.98591,0.0008911999999999999,0.0008911999999999999,0.0008911999999999999
yolo_yolov8n_20260730_124707,yolo,yolo_yolov8n_20260730_124707,yolov8n.pt,/root/autodl-fs/datasets/UA-DETRAC_YOLO_Vehicle1/uadetrac_vehicle1.yaml,train,58,2152.677008628845,0.68959,0.36,0.86851,0.92898,0.86907,0.93583,0.6885,1.02166,0.51189,0.98684,0.0008714,0.0008714,0.0008714
yolo_yolov8n_20260730_124707,yolo,yolo_yolov8n_20260730_124707,yolov8n.pt,/root/autodl-fs/datasets/UA-DETRAC_YOLO_Vehicle1/uadetrac_vehicle1.yaml,train,59,2190.057905435562,0.68914,0.35984,0.86807,0.91924,0.85496,0.92763,0.68269,1.02056,0.51595,0.98694,0.0008516000000000001,0.0008516000000000001,0.0008516000000000001
yolo_yolov8n_20260730_124707,yolo,yolo_yolov8n_20260730_124707,yolov8n.pt,/root/autodl-fs/datasets/UA-DETRAC_YOLO_Vehicle1/uadetrac_vehicle1.yaml,train,60,2227.2929322719574,0.68555,0.35665,0.86741,0.92228,0.84348,0.92745,0.68632,1.00169,0.51098,0.98015,0.0008318000000000002,0.0008318000000000002,0.0008318000000000002
yolo_yolov8n_20260730_124707,yolo,yolo_yolov8n_20260730_124707,yolov8n.pt,/root/autodl-fs/datasets/UA-DETRAC_YOLO_Vehicle1/uadetrac_vehicle1.yaml,train,61,2264.280673980713,0.68435,0.35534,0.86713,0.91069,0.86541,0.93189,0.68385,1.02579,0.52186,0.99099,0.0008120000000000001,0.0008120000000000001,0.0008120000000000001
yolo_yolov8n_20260730_124707,yolo,yolo_yolov8n_20260730_124707,yolov8n.pt,/root/autodl-fs/datasets/UA-DETRAC_YOLO_Vehicle1/uadetrac_vehicle1.yaml,train,62,2302.586913585663,0.68677,0.35729,0.86757,0.91913,0.86121,0.92978,0.69131,1.00001,0.50932,0.97788,0.0007922000000000001,0.0007922000000000001,0.0007922000000000001
yolo_yolov8n_20260730_124707,yolo,yolo_yolov8n_20260730_124707,yolov8n.pt,/root/autodl-fs/datasets/UA-DETRAC_YOLO_Vehicle1/uadetrac_vehicle1.yaml,train,63,2339.386355638504,0.68416,0.35411,0.86685,0.91163,0.85831,0.92374,0.68245,1.01288,0.52823,0.98136,0.0007724,0.0007724,0.0007724
yolo_yolov8n_20260730_124707,yolo,yolo_yolov8n_20260730_124707,yolov8n.pt,/root/autodl-fs/datasets/UA-DETRAC_YOLO_Vehicle1/uadetrac_vehicle1.yaml,train,64,2376.100522041321,0.67843,0.35196,0.8644,0.9064,0.86541,0.92928,0.68959,1.00306,0.51581,0.97916,0.0007526000000000001,0.0007526000000000001,0.0007526000000000001
yolo_yolov8n_20260730_124707,yolo,yolo_yolov8n_20260730_124707,yolov8n.pt,/root/autodl-fs/datasets/UA-DETRAC_YOLO_Vehicle1/uadetrac_vehicle1.yaml,train,65,2412.603495121002,0.67816,0.35096,0.86514,0.92326,0.85043,0.92713,0.68652,1.00546,0.51669,0.97822,0.0007328,0.0007328,0.0007328
yolo_yolov8n_20260730_124707,yolo,yolo_yolov8n_20260730_124707,yolov8n.pt,/root/autodl-fs/datasets/UA-DETRAC_YOLO_Vehicle1/uadetrac_vehicle1.yaml,train,66,2449.1577644348145,0.67582,0.35105,0.86557,0.92113,0.8529,0.9265,0.68855,1.01123,0.52345,0.98543,0.000713,0.000713,0.000713
yolo_yolov8n_20260730_124707,yolo,yolo_yolov8n_20260730_124707,yolov8n.pt,/root/autodl-fs/datasets/UA-DETRAC_YOLO_Vehicle1/uadetrac_vehicle1.yaml,train,67,2485.8633160591125,0.67347,0.3491,0.86268,0.90578,0.86759,0.92801,0.68947,1.00411,0.52086,0.9804,0.0006931999999999999,0.0006931999999999999,0.0006931999999999999
yolo_yolov8n_20260730_124707,yolo,yolo_yolov8n_20260730_124707,yolov8n.pt,/root/autodl-fs/datasets/UA-DETRAC_YOLO_Vehicle1/uadetrac_vehicle1.yaml,train,68,2522.293751001358,0.67629,0.34961,0.86438,0.91431,0.85436,0.93079,0.68744,1.01704,0.51621,0.98579,0.0006733999999999999,0.0006733999999999999,0.0006733999999999999
yolo_yolov8n_20260730_124707,yolo,yolo_yolov8n_20260730_124707,yolov8n.pt,/root/autodl-fs/datasets/UA-DETRAC_YOLO_Vehicle1/uadetrac_vehicle1.yaml,train,69,2558.764616250992,0.67364,0.34819,0.86385,0.91323,0.86907,0.93437,0.68902,1.02431,0.50255,0.98641,0.0006536,0.0006536,0.0006536
yolo_yolov8n_20260730_124707,yolo,yolo_yolov8n_20260730_124707,yolov8n.pt,/root/autodl-fs/datasets/UA-DETRAC_YOLO_Vehicle1/uadetrac_vehicle1.yaml,train,70,2595.2463817596436,0.67051,0.34598,0.86377,0.91957,0.8722,0.93247,0.69121,1.007,0.52217,0.98238,0.0006338000000000001,0.0006338000000000001,0.0006338000000000001
yolo_yolov8n_20260730_124707,yolo,yolo_yolov8n_20260730_124707,yolov8n.pt,/root/autodl-fs/datasets/UA-DETRAC_YOLO_Vehicle1/uadetrac_vehicle1.yaml,train,71,2634.5341789722443,0.66656,0.34275,0.86225,0.91802,0.86685,0.92974,0.68988,1.01051,0.52258,0.9843,0.0006140000000000001,0.0006140000000000001,0.0006140000000000001
yolo_yolov8n_20260730_124707,yolo,yolo_yolov8n_20260730_124707,yolov8n.pt,/root/autodl-fs/datasets/UA-DETRAC_YOLO_Vehicle1/uadetrac_vehicle1.yaml,train,72,2674.087114572525,0.66926,0.34304,0.86082,0.91676,0.85994,0.92991,0.68926,1.00813,0.52466,0.98034,0.0005942,0.0005942,0.0005942
yolo_yolov8n_20260730_124707,yolo,yolo_yolov8n_20260730_124707,yolov8n.pt,/root/autodl-fs/datasets/UA-DETRAC_YOLO_Vehicle1/uadetrac_vehicle1.yaml,train,73,2713.4894626140594,0.66846,0.34219,0.86286,0.92929,0.85013,0.92719,0.68794,1.01261,0.51307,0.98568,0.0005744000000000001,0.0005744000000000001,0.0005744000000000001
yolo_yolov8n_20260730_124707,yolo,yolo_yolov8n_20260730_124707,yolov8n.pt,/root/autodl-fs/datasets/UA-DETRAC_YOLO_Vehicle1/uadetrac_vehicle1.yaml,train,74,2752.565722465515,0.66366,0.34063,0.86062,0.91324,0.87308,0.9314,0.69057,1.00443,0.51033,0.98311,0.0005546000000000001,0.0005546000000000001,0.0005546000000000001
yolo_yolov8n_20260730_124707,yolo,yolo_yolov8n_20260730_124707,yolov8n.pt,/root/autodl-fs/datasets/UA-DETRAC_YOLO_Vehicle1/uadetrac_vehicle1.yaml,train,75,2791.586139678955,0.66716,0.3409,0.86185,0.92609,0.86789,0.93226,0.69155,1.00673,0.51373,0.98599,0.0005348000000000001,0.0005348000000000001,0.0005348000000000001
yolo_yolov8n_20260730_124707,yolo,yolo_yolov8n_20260730_124707,yolov8n.pt,/root/autodl-fs/datasets/UA-DETRAC_YOLO_Vehicle1/uadetrac_vehicle1.yaml,train,76,2830.89377117157,0.66096,0.33678,0.86075,0.92031,0.87363,0.93268,0.6913,1.01634,0.50952,0.98679,0.000515,0.000515,0.000515
yolo_yolov8n_20260730_124707,yolo,yolo_yolov8n_20260730_124707,yolov8n.pt,/root/autodl-fs/datasets/UA-DETRAC_YOLO_Vehicle1/uadetrac_vehicle1.yaml,train,77,2870.2191095352173,0.6599,0.33829,0.8596,0.91934,0.86806,0.93018,0.69257,1.01252,0.50525,0.98298,0.0004952,0.0004952,0.0004952
yolo_yolov8n_20260730_124707,yolo,yolo_yolov8n_20260730_124707,yolov8n.pt,/root/autodl-fs/datasets/UA-DETRAC_YOLO_Vehicle1/uadetrac_vehicle1.yaml,train,78,2909.7960529327393,0.65829,0.33488,0.85988,0.91431,0.87389,0.92979,0.69391,1.00559,0.50452,0.98242,0.0004754,0.0004754,0.0004754
yolo_yolov8n_20260730_124707,yolo,yolo_yolov8n_20260730_124707,yolov8n.pt,/root/autodl-fs/datasets/UA-DETRAC_YOLO_Vehicle1/uadetrac_vehicle1.yaml,train,79,2948.98136305809,0.65812,0.3356,0.8611,0.91035,0.86744,0.92645,0.68973,1.00705,0.51479,0.98594,0.00045559999999999996,0.00045559999999999996,0.00045559999999999996
yolo_yolov8n_20260730_124707,yolo,yolo_yolov8n_20260730_124707,yolov8n.pt,/root/autodl-fs/datasets/UA-DETRAC_YOLO_Vehicle1/uadetrac_vehicle1.yaml,train,80,2988.3552556037903,0.65379,0.33359,0.85851,0.91285,0.87128,0.92803,0.68936,1.00871,0.51142,0.98542,0.00043579999999999997,0.00043579999999999997,0.00043579999999999997
yolo_yolov8n_20260730_124707,yolo,yolo_yolov8n_20260730_124707,yolov8n.pt,/root/autodl-fs/datasets/UA-DETRAC_YOLO_Vehicle1/uadetrac_vehicle1.yaml,train,81,3027.6041083335876,0.65093,0.33265,0.85867,0.91275,0.86072,0.92702,0.6906,1.00325,0.51979,0.98233,0.0004159999999999999,0.0004159999999999999,0.0004159999999999999
yolo_yolov8n_20260730_124707,yolo,yolo_yolov8n_20260730_124707,yolov8n.pt,/root/autodl-fs/datasets/UA-DETRAC_YOLO_Vehicle1/uadetrac_vehicle1.yaml,train,82,3066.6176550388336,0.65233,0.33018,0.85767,0.92315,0.85063,0.9225,0.68774,1.00545,0.52736,0.98283,0.00039619999999999987,0.00039619999999999987,0.00039619999999999987
yolo_yolov8n_20260730_124707,yolo,yolo_yolov8n_20260730_124707,yolov8n.pt,/root/autodl-fs/datasets/UA-DETRAC_YOLO_Vehicle1/uadetrac_vehicle1.yaml,train,83,3106.213098526001,0.65058,0.32962,0.857,0.91554,0.84678,0.9191,0.68325,1.01274,0.53109,0.98637,0.00037640000000000015,0.00037640000000000015,0.00037640000000000015
yolo_yolov8n_20260730_124707,yolo,yolo_yolov8n_20260730_124707,yolov8n.pt,/root/autodl-fs/datasets/UA-DETRAC_YOLO_Vehicle1/uadetrac_vehicle1.yaml,train,84,3145.5571596622467,0.64791,0.32935,0.85758,0.92107,0.84466,0.91684,0.68434,1.00243,0.53043,0.98341,0.0003566000000000001,0.0003566000000000001,0.0003566000000000001
yolo_yolov8n_20260730_124707,yolo,yolo_yolov8n_20260730_124707,yolov8n.pt,/root/autodl-fs/datasets/UA-DETRAC_YOLO_Vehicle1/uadetrac_vehicle1.yaml,train,85,3184.7393901348114,0.64825,0.32804,0.85703,0.92821,0.84146,0.92233,0.68594,1.00229,0.53367,0.9834,0.0003368000000000001,0.0003368000000000001,0.0003368000000000001
yolo_yolov8n_20260730_124707,yolo,yolo_yolov8n_20260730_124707,yolov8n.pt,/root/autodl-fs/datasets/UA-DETRAC_YOLO_Vehicle1/uadetrac_vehicle1.yaml,train,86,3224.0770230293274,0.64354,0.32642,0.85583,0.92149,0.85394,0.92273,0.68777,1.00201,0.52687,0.984,0.00031700000000000006,0.00031700000000000006,0.00031700000000000006
yolo_yolov8n_20260730_124707,yolo,yolo_yolov8n_20260730_124707,yolov8n.pt,/root/autodl-fs/datasets/UA-DETRAC_YOLO_Vehicle1/uadetrac_vehicle1.yaml,train,87,3263.3938608169556,0.64286,0.32464,0.85654,0.92121,0.85085,0.92273,0.68892,1.0038,0.52921,0.98332,0.0002972,0.0002972,0.0002972
yolo_yolov8n_20260730_124707,yolo,yolo_yolov8n_20260730_124707,yolov8n.pt,/root/autodl-fs/datasets/UA-DETRAC_YOLO_Vehicle1/uadetrac_vehicle1.yaml,train,88,3302.769745349884,0.64535,0.32431,0.85728,0.91957,0.8572,0.92665,0.68895,1.00405,0.52244,0.98319,0.0002774,0.0002774,0.0002774
yolo_yolov8n_20260730_124707,yolo,yolo_yolov8n_20260730_124707,yolov8n.pt,/root/autodl-fs/datasets/UA-DETRAC_YOLO_Vehicle1/uadetrac_vehicle1.yaml,train,89,3342.276384115219,0.64438,0.32393,0.85555,0.9043,0.8692,0.92697,0.69039,1.00552,0.53161,0.98551,0.00025760000000000003,0.00025760000000000003,0.00025760000000000003
yolo_yolov8n_20260730_124707,yolo,yolo_yolov8n_20260730_124707,yolov8n.pt,/root/autodl-fs/datasets/UA-DETRAC_YOLO_Vehicle1/uadetrac_vehicle1.yaml,train,90,3381.4643914699554,0.6399,0.3224,0.85683,0.92001,0.85498,0.92607,0.69002,1.00734,0.52816,0.98596,0.00023779999999999995,0.00023779999999999995,0.00023779999999999995
yolo_yolov8n_20260730_124707,yolo,yolo_yolov8n_20260730_124707,yolov8n.pt,/root/autodl-fs/datasets/UA-DETRAC_YOLO_Vehicle1/uadetrac_vehicle1.yaml,train,91,3419.616076231003,0.63439,0.30795,0.84802,0.92468,0.84691,0.92869,0.68857,1.00957,0.52509,0.98989,0.00021799999999999996,0.00021799999999999996,0.00021799999999999996
yolo_yolov8n_20260730_124707,yolo,yolo_yolov8n_20260730_124707,yolov8n.pt,/root/autodl-fs/datasets/UA-DETRAC_YOLO_Vehicle1/uadetrac_vehicle1.yaml,train,92,3456.6390209198,0.62479,0.30133,0.84598,0.92022,0.85042,0.92555,0.68809,1.01426,0.52298,0.99086,0.00019819999999999994,0.00019819999999999994,0.00019819999999999994
yolo_yolov8n_20260730_124707,yolo,yolo_yolov8n_20260730_124707,yolov8n.pt,/root/autodl-fs/datasets/UA-DETRAC_YOLO_Vehicle1/uadetrac_vehicle1.yaml,train,93,3494.0538234710693,0.62162,0.29889,0.84551,0.93165,0.84142,0.92462,0.68771,1.01435,0.52922,0.99072,0.00017839999999999992,0.00017839999999999992,0.00017839999999999992
yolo_yolov8n_20260730_124707,yolo,yolo_yolov8n_20260730_124707,yolov8n.pt,/root/autodl-fs/datasets/UA-DETRAC_YOLO_Vehicle1/uadetrac_vehicle1.yaml,train,94,3531.4900455474854,0.61803,0.29696,0.84408,0.93357,0.83555,0.92194,0.68717,1.00968,0.53715,0.98761,0.00015859999999999987,0.00015859999999999987,0.00015859999999999987
yolo_yolov8n_20260730_124707,yolo,yolo_yolov8n_20260730_124707,yolov8n.pt,/root/autodl-fs/datasets/UA-DETRAC_YOLO_Vehicle1/uadetrac_vehicle1.yaml,train,95,3569.124306201935,0.61593,0.29482,0.84377,0.92032,0.85252,0.92296,0.6883,1.01078,0.53745,0.98765,0.0001388000000000001,0.0001388000000000001,0.0001388000000000001
yolo_yolov8n_20260730_124707,yolo,yolo_yolov8n_20260730_124707,yolov8n.pt,/root/autodl-fs/datasets/UA-DETRAC_YOLO_Vehicle1/uadetrac_vehicle1.yaml,train,96,3606.6881189346313,0.61374,0.2936,0.84275,0.92317,0.85084,0.92332,0.68778,1.01324,0.53423,0.9888,0.0001190000000000001,0.0001190000000000001,0.0001190000000000001
yolo_yolov8n_20260730_124707,yolo,yolo_yolov8n_20260730_124707,yolov8n.pt,/root/autodl-fs/datasets/UA-DETRAC_YOLO_Vehicle1/uadetrac_vehicle1.yaml,train,97,3644.332363128662,0.61135,0.29222,0.8424,0.9248,0.84523,0.92208,0.68728,1.01022,0.5436,0.9875,9.920000000000008e-05,9.920000000000008e-05,9.920000000000008e-05
yolo_yolov8n_20260730_124707,yolo,yolo_yolov8n_20260730_124707,yolov8n.pt,/root/autodl-fs/datasets/UA-DETRAC_YOLO_Vehicle1/uadetrac_vehicle1.yaml,train,98,3681.8058800697327,0.60971,0.2916,0.84204,0.92578,0.84533,0.92159,0.68749,1.01058,0.54711,0.98821,7.940000000000006e-05,7.940000000000006e-05,7.940000000000006e-05
yolo_yolov8n_20260730_124707,yolo,yolo_yolov8n_20260730_124707,yolov8n.pt,/root/autodl-fs/datasets/UA-DETRAC_YOLO_Vehicle1/uadetrac_vehicle1.yaml,train,99,3719.39874958992,0.60959,0.29017,0.84131,0.92123,0.8465,0.92056,0.68759,1.00909,0.54714,0.98788,5.9600000000000046e-05,5.9600000000000046e-05,5.9600000000000046e-05
yolo_yolov8n_20260730_124707,yolo,yolo_yolov8n_20260730_124707,yolov8n.pt,/root/autodl-fs/datasets/UA-DETRAC_YOLO_Vehicle1/uadetrac_vehicle1.yaml,train,100,3756.68572807312,0.60585,0.28802,0.84211,0.92524,0.84247,0.92115,0.68745,1.00868,0.54845,0.98754,3.980000000000002e-05,3.980000000000002e-05,3.980000000000002e-05
yolo_yolov8s_20260730_142510,yolo,yolo_yolov8s_20260730_142510,yolov8s.pt,/root/autodl-fs/datasets/UA-DETRAC_YOLO_Vehicle1/uadetrac_vehicle1.yaml,train,1,83.85234951972961,0.96445,0.69634,0.9591,0.86274,0.85333,0.91032,0.63033,1.04901,0.73633,0.99523,0.0006645367412140575,0.0006645367412140575,0.0006645367412140575
yolo_yolov8s_20260730_142510,yolo,yolo_yolov8s_20260730_142510,yolov8s.pt,/root/autodl-fs/datasets/UA-DETRAC_YOLO_Vehicle1/uadetrac_vehicle1.yaml,train,2,149.70782375335693,0.9367,0.59125,0.9507,0.88202,0.83529,0.9082,0.62407,1.12007,0.80588,1.02641,0.0013180244941427052,0.0013180244941427052,0.0013180244941427052
yolo_yolov8s_20260730_142510,yolo,yolo_yolov8s_20260730_142510,yolov8s.pt,/root/autodl-fs/datasets/UA-DETRAC_YOLO_Vehicle1/uadetrac_vehicle1.yaml,train,3,215.17606353759766,0.92635,0.56734,0.94622,0.84463,0.84079,0.90765,0.63833,1.07618,0.73144,1.02099,0.0019583122470713528,0.0019583122470713528,0.0019583122470713528
yolo_yolov8s_20260730_142510,yolo,yolo_yolov8s_20260730_142510,yolov8s.pt,/root/autodl-fs/datasets/UA-DETRAC_YOLO_Vehicle1/uadetrac_vehicle1.yaml,train,4,280.00933480262756,0.8927,0.53906,0.93475,0.90406,0.8098,0.89664,0.63565,1.05476,0.62355,1.00762,0.0019406,0.0019406,0.0019406
yolo_yolov8s_20260730_142510,yolo,yolo_yolov8s_20260730_142510,yolov8s.pt,/root/autodl-fs/datasets/UA-DETRAC_YOLO_Vehicle1/uadetrac_vehicle1.yaml,train,5,343.98410820961,0.85939,0.50977,0.92722,0.90025,0.8321,0.90886,0.65112,1.02267,0.58275,1.00148,0.0019207999999999999,0.0019207999999999999,0.0019207999999999999
yolo_yolov8s_20260730_142510,yolo,yolo_yolov8s_20260730_142510,yolov8s.pt,/root/autodl-fs/datasets/UA-DETRAC_YOLO_Vehicle1/uadetrac_vehicle1.yaml,train,6,411.3171350955963,0.83725,0.4893,0.9179,0.90392,0.83816,0.91861,0.65126,1.03475,0.6108,1.00417,0.0019010000000000001,0.0019010000000000001,0.0019010000000000001
yolo_yolov8s_20260730_142510,yolo,yolo_yolov8s_20260730_142510,yolov8s.pt,/root/autodl-fs/datasets/UA-DETRAC_YOLO_Vehicle1/uadetrac_vehicle1.yaml,train,7,478.1336212158203,0.81612,0.4751,0.91106,0.9169,0.86659,0.93229,0.66703,1.02732,0.57334,0.98851,0.0018812,0.0018812,0.0018812
yolo_yolov8s_20260730_142510,yolo,yolo_yolov8s_20260730_142510,yolov8s.pt,/root/autodl-fs/datasets/UA-DETRAC_YOLO_Vehicle1/uadetrac_vehicle1.yaml,train,8,543.5183081626892,0.80658,0.46382,0.9094,0.89738,0.83855,0.9162,0.66133,1.02361,0.55957,0.99642,0.0018614,0.0018614,0.0018614
yolo_yolov8s_20260730_142510,yolo,yolo_yolov8s_20260730_142510,yolov8s.pt,/root/autodl-fs/datasets/UA-DETRAC_YOLO_Vehicle1/uadetrac_vehicle1.yaml,train,9,607.9007036685944,0.79537,0.45369,0.90495,0.91195,0.85231,0.92397,0.66144,1.02118,0.56634,0.99409,0.0018416,0.0018416,0.0018416
yolo_yolov8s_20260730_142510,yolo,yolo_yolov8s_20260730_142510,yolov8s.pt,/root/autodl-fs/datasets/UA-DETRAC_YOLO_Vehicle1/uadetrac_vehicle1.yaml,train,10,673.568879365921,0.78434,0.44446,0.90126,0.91274,0.8553,0.92257,0.66136,1.03109,0.56063,0.99805,0.0018218000000000002,0.0018218000000000002,0.0018218000000000002
yolo_yolov8s_20260730_142510,yolo,yolo_yolov8s_20260730_142510,yolov8s.pt,/root/autodl-fs/datasets/UA-DETRAC_YOLO_Vehicle1/uadetrac_vehicle1.yaml,train,11,738.4030246734619,0.77968,0.44187,0.90065,0.90346,0.84207,0.91305,0.65776,1.04146,0.58046,1.00118,0.001802,0.001802,0.001802
yolo_yolov8s_20260730_142510,yolo,yolo_yolov8s_20260730_142510,yolov8s.pt,/root/autodl-fs/datasets/UA-DETRAC_YOLO_Vehicle1/uadetrac_vehicle1.yaml,train,12,803.2992904186249,0.77223,0.43256,0.89709,0.92804,0.86202,0.9354,0.67231,1.03308,0.53096,0.99438,0.0017822,0.0017822,0.0017822
yolo_yolov8s_20260730_142510,yolo,yolo_yolov8s_20260730_142510,yolov8s.pt,/root/autodl-fs/datasets/UA-DETRAC_YOLO_Vehicle1/uadetrac_vehicle1.yaml,train,13,870.1645543575287,0.76723,0.42666,0.89543,0.92139,0.86209,0.93255,0.67689,0.99814,0.53293,0.98051,0.0017624,0.0017624,0.0017624
yolo_yolov8s_20260730_142510,yolo,yolo_yolov8s_20260730_142510,yolov8s.pt,/root/autodl-fs/datasets/UA-DETRAC_YOLO_Vehicle1/uadetrac_vehicle1.yaml,train,14,938.8422102928162,0.75446,0.42102,0.89149,0.91593,0.83568,0.91826,0.66573,1.03169,0.55903,0.99603,0.0017426,0.0017426,0.0017426
yolo_yolov8s_20260730_142510,yolo,yolo_yolov8s_20260730_142510,yolov8s.pt,/root/autodl-fs/datasets/UA-DETRAC_YOLO_Vehicle1/uadetrac_vehicle1.yaml,train,15,1006.105367898941,0.74756,0.41331,0.88853,0.90261,0.8512,0.92046,0.67458,1.03571,0.53723,0.99521,0.0017228,0.0017228,0.0017228
yolo_yolov8s_20260730_142510,yolo,yolo_yolov8s_20260730_142510,yolov8s.pt,/root/autodl-fs/datasets/UA-DETRAC_YOLO_Vehicle1/uadetrac_vehicle1.yaml,train,16,1071.0478191375732,0.74413,0.41015,0.88809,0.91052,0.84926,0.92263,0.66066,1.05653,0.57491,1.00576,0.001703,0.001703,0.001703
yolo_yolov8s_20260730_142510,yolo,yolo_yolov8s_20260730_142510,yolov8s.pt,/root/autodl-fs/datasets/UA-DETRAC_YOLO_Vehicle1/uadetrac_vehicle1.yaml,train,17,1135.6166534423828,0.73858,0.40538,0.88734,0.90883,0.86424,0.92366,0.67786,0.99797,0.54231,0.98576,0.0016832000000000001,0.0016832000000000001,0.0016832000000000001
yolo_yolov8s_20260730_142510,yolo,yolo_yolov8s_20260730_142510,yolov8s.pt,/root/autodl-fs/datasets/UA-DETRAC_YOLO_Vehicle1/uadetrac_vehicle1.yaml,train,18,1199.739529132843,0.7346,0.39944,0.88639,0.92678,0.87454,0.93691,0.68814,1.00843,0.51049,0.98328,0.0016634,0.0016634,0.0016634
yolo_yolov8s_20260730_142510,yolo,yolo_yolov8s_20260730_142510,yolov8s.pt,/root/autodl-fs/datasets/UA-DETRAC_YOLO_Vehicle1/uadetrac_vehicle1.yaml,train,19,1263.7986724376678,0.72877,0.39816,0.8827,0.92788,0.85061,0.93084,0.68048,1.00518,0.53003,0.98911,0.0016436000000000003,0.0016436000000000003,0.0016436000000000003
yolo_yolov8s_20260730_142510,yolo,yolo_yolov8s_20260730_142510,yolov8s.pt,/root/autodl-fs/datasets/UA-DETRAC_YOLO_Vehicle1/uadetrac_vehicle1.yaml,train,20,1328.1525993347168,0.7267,0.39174,0.88446,0.92551,0.8491,0.92169,0.68442,1.00784,0.54097,0.99381,0.0016238000000000001,0.0016238000000000001,0.0016238000000000001
yolo_yolov8s_20260730_142510,yolo,yolo_yolov8s_20260730_142510,yolov8s.pt,/root/autodl-fs/datasets/UA-DETRAC_YOLO_Vehicle1/uadetrac_vehicle1.yaml,train,21,1392.7850177288055,0.72321,0.39094,0.88225,0.92325,0.86125,0.93835,0.68772,1.01518,0.51183,0.99293,0.0016040000000000002,0.0016040000000000002,0.0016040000000000002
yolo_yolov8s_20260730_142510,yolo,yolo_yolov8s_20260730_142510,yolov8s.pt,/root/autodl-fs/datasets/UA-DETRAC_YOLO_Vehicle1/uadetrac_vehicle1.yaml,train,22,1459.2453382015228,0.72011,0.38737,0.88183,0.92644,0.87637,0.9423,0.6863,1.03167,0.5125,0.99951,0.0015842,0.0015842,0.0015842
yolo_yolov8s_20260730_142510,yolo,yolo_yolov8s_20260730_142510,yolov8s.pt,/root/autodl-fs/datasets/UA-DETRAC_YOLO_Vehicle1/uadetrac_vehicle1.yaml,train,23,1525.562269449234,0.71667,0.38503,0.88083,0.91654,0.87651,0.93649,0.68476,1.00102,0.52854,0.9856,0.0015644,0.0015644,0.0015644
yolo_yolov8s_20260730_142510,yolo,yolo_yolov8s_20260730_142510,yolov8s.pt,/root/autodl-fs/datasets/UA-DETRAC_YOLO_Vehicle1/uadetrac_vehicle1.yaml,train,24,1592.6950907707214,0.71012,0.38071,0.87992,0.9258,0.87219,0.94299,0.69364,1.00217,0.49756,0.98591,0.0015446,0.0015446,0.0015446
yolo_yolov8s_20260730_142510,yolo,yolo_yolov8s_20260730_142510,yolov8s.pt,/root/autodl-fs/datasets/UA-DETRAC_YOLO_Vehicle1/uadetrac_vehicle1.yaml,train,25,1660.093166589737,0.70412,0.37629,0.87798,0.91698,0.86189,0.93108,0.68937,1.00065,0.53769,0.9892,0.0015248,0.0015248,0.0015248
yolo_yolov8s_20260730_142510,yolo,yolo_yolov8s_20260730_142510,yolov8s.pt,/root/autodl-fs/datasets/UA-DETRAC_YOLO_Vehicle1/uadetrac_vehicle1.yaml,train,26,1729.8924491405487,0.70516,0.37638,0.87461,0.90229,0.87795,0.94173,0.6945,1.01654,0.51097,0.99145,0.0015049999999999998,0.0015049999999999998,0.0015049999999999998
yolo_yolov8s_20260730_142510,yolo,yolo_yolov8s_20260730_142510,yolov8s.pt,/root/autodl-fs/datasets/UA-DETRAC_YOLO_Vehicle1/uadetrac_vehicle1.yaml,train,27,1796.5144591331482,0.70285,0.37344,0.87747,0.91221,0.84563,0.92357,0.68637,0.99626,0.52545,0.98204,0.0014852,0.0014852,0.0014852
yolo_yolov8s_20260730_142510,yolo,yolo_yolov8s_20260730_142510,yolov8s.pt,/root/autodl-fs/datasets/UA-DETRAC_YOLO_Vehicle1/uadetrac_vehicle1.yaml,train,28,1865.498976945877,0.6972,0.36912,0.87402,0.90482,0.87402,0.93632,0.69352,0.99909,0.50686,0.98504,0.0014654000000000002,0.0014654000000000002,0.0014654000000000002
yolo_yolov8s_20260730_142510,yolo,yolo_yolov8s_20260730_142510,yolov8s.pt,/root/autodl-fs/datasets/UA-DETRAC_YOLO_Vehicle1/uadetrac_vehicle1.yaml,train,29,1931.9621839523315,0.6934,0.36506,0.87383,0.92378,0.86463,0.94082,0.69211,1.00573,0.51421,0.99232,0.0014456,0.0014456,0.0014456
yolo_yolov8s_20260730_142510,yolo,yolo_yolov8s_20260730_142510,yolov8s.pt,/root/autodl-fs/datasets/UA-DETRAC_YOLO_Vehicle1/uadetrac_vehicle1.yaml,train,30,1999.0439238548279,0.69149,0.3645,0.87585,0.91209,0.87011,0.93386,0.68973,1.00809,0.49626,0.99472,0.0014258,0.0014258,0.0014258
yolo_yolov8s_20260730_142510,yolo,yolo_yolov8s_20260730_142510,yolov8s.pt,/root/autodl-fs/datasets/UA-DETRAC_YOLO_Vehicle1/uadetrac_vehicle1.yaml,train,31,2066.8757967948914,0.69182,0.36275,0.87312,0.91964,0.84474,0.93292,0.69307,1.00304,0.50908,0.99086,0.001406,0.001406,0.001406
yolo_v12m_20260730_175641,yolo,yolo_v12m_20260730_175641,yolo12m.pt,/root/autodl-fs/datasets/UA-DETRAC_YOLO_Vehicle1/uadetrac_vehicle1.yaml,train,1,222.51475834846497,1.01398,0.75179,1.03119,0.82544,0.78978,0.87441,0.57856,1.19179,1.08026,1.17238,0.0006656017039403621,0.0006656017039403621,0.0006656017039403621
yolo_v12m_20260730_175641,yolo,yolo_v12m_20260730_175641,yolo12m.pt,/root/autodl-fs/datasets/UA-DETRAC_YOLO_Vehicle1/uadetrac_vehicle1.yaml,train,2,419.14708638191223,1.02759,0.67393,1.04142,0.89689,0.81755,0.9127,0.60433,1.17128,0.69333,1.13937,0.0013190789137380193,0.0013190789137380193,0.0013190789137380193
yolo_v12m_20260730_175641,yolo,yolo_v12m_20260730_175641,yolo12m.pt,/root/autodl-fs/datasets/UA-DETRAC_YOLO_Vehicle1/uadetrac_vehicle1.yaml,train,3,611.9067046642303,0.99047,0.62671,1.02116,0.86311,0.80412,0.88989,0.61474,1.12237,0.67783,1.11883,0.0019593561235356763,0.0019593561235356763,0.0019593561235356763
yolo_v12m_20260730_175641,yolo,yolo_v12m_20260730_175641,yolo12m.pt,/root/autodl-fs/datasets/UA-DETRAC_YOLO_Vehicle1/uadetrac_vehicle1.yaml,train,4,804.2120163440704,0.94204,0.57609,0.99603,0.88475,0.81393,0.89186,0.62031,1.10316,0.66733,1.09321,0.0019406,0.0019406,0.0019406
yolo_v12m_20260730_175641,yolo,yolo_v12m_20260730_175641,yolo12m.pt,/root/autodl-fs/datasets/UA-DETRAC_YOLO_Vehicle1/uadetrac_vehicle1.yaml,train,5,995.5055429935455,0.92496,0.55316,0.99352,0.91318,0.83674,0.92131,0.65749,1.06463,0.57942,1.07323,0.0019207999999999999,0.0019207999999999999,0.0019207999999999999
yolo_v12m_20260730_175641,yolo,yolo_v12m_20260730_175641,yolo12m.pt,/root/autodl-fs/datasets/UA-DETRAC_YOLO_Vehicle1/uadetrac_vehicle1.yaml,train,6,1188.0227372646332,0.89318,0.5207,0.97576,0.92129,0.83855,0.91751,0.64036,1.06138,0.5926,1.07468,0.0019010000000000001,0.0019010000000000001,0.0019010000000000001
yolo_v12m_20260730_175641,yolo,yolo_v12m_20260730_175641,yolo12m.pt,/root/autodl-fs/datasets/UA-DETRAC_YOLO_Vehicle1/uadetrac_vehicle1.yaml,train,7,1378.874207496643,0.8748,0.50707,0.96928,0.90291,0.83998,0.9191,0.64785,1.07073,0.58049,1.0794,0.0018812,0.0018812,0.0018812
yolo_v12m_20260730_175641,yolo,yolo_v12m_20260730_175641,yolo12m.pt,/root/autodl-fs/datasets/UA-DETRAC_YOLO_Vehicle1/uadetrac_vehicle1.yaml,train,8,1569.756386756897,0.85652,0.48643,0.96073,0.89508,0.80947,0.88757,0.63643,1.05533,0.61252,1.08229,0.0018614,0.0018614,0.0018614
yolo_v12m_20260730_175641,yolo,yolo_v12m_20260730_175641,yolo12m.pt,/root/autodl-fs/datasets/UA-DETRAC_YOLO_Vehicle1/uadetrac_vehicle1.yaml,train,9,1761.2781674861908,0.83809,0.47096,0.95509,0.91605,0.83963,0.91046,0.66452,1.03113,0.58989,1.07064,0.0018416,0.0018416,0.0018416
yolo_v12m_20260730_175641,yolo,yolo_v12m_20260730_175641,yolo12m.pt,/root/autodl-fs/datasets/UA-DETRAC_YOLO_Vehicle1/uadetrac_vehicle1.yaml,train,10,1953.0816230773926,0.8229,0.46201,0.94851,0.89334,0.83339,0.90921,0.65805,1.02192,0.59077,1.06189,0.0018218000000000002,0.0018218000000000002,0.0018218000000000002
yolo_v12m_20260730_175641,yolo,yolo_v12m_20260730_175641,yolo12m.pt,/root/autodl-fs/datasets/UA-DETRAC_YOLO_Vehicle1/uadetrac_vehicle1.yaml,train,11,2143.999831199646,0.80992,0.45251,0.94414,0.88684,0.84038,0.91078,0.66013,1.02511,0.56518,1.05838,0.001802,0.001802,0.001802
yolo_v12m_20260730_175641,yolo,yolo_v12m_20260730_175641,yolo12m.pt,/root/autodl-fs/datasets/UA-DETRAC_YOLO_Vehicle1/uadetrac_vehicle1.yaml,train,12,2336.610445022583,0.79723,0.43861,0.9399,0.90183,0.85733,0.92431,0.67503,1.00238,0.54754,1.05415,0.0017822,0.0017822,0.0017822
yolo_v12m_20260730_175641,yolo,yolo_v12m_20260730_175641,yolo12m.pt,/root/autodl-fs/datasets/UA-DETRAC_YOLO_Vehicle1/uadetrac_vehicle1.yaml,train,13,2527.5248329639435,0.79256,0.43515,0.93636,0.91483,0.85237,0.91932,0.67487,1.02404,0.55971,1.06854,0.0017624,0.0017624,0.0017624
yolo_v12m_20260730_175641,yolo,yolo_v12m_20260730_175641,yolo12m.pt,/root/autodl-fs/datasets/UA-DETRAC_YOLO_Vehicle1/uadetrac_vehicle1.yaml,train,14,2720.8533890247345,0.78728,0.42992,0.9306,0.88399,0.86202,0.91809,0.67197,1.01061,0.53133,1.06111,0.0017426,0.0017426,0.0017426
yolo_v12m_20260730_175641,yolo,yolo_v12m_20260730_175641,yolo12m.pt,/root/autodl-fs/datasets/UA-DETRAC_YOLO_Vehicle1/uadetrac_vehicle1.yaml,train,15,2913.9683060646057,0.77136,0.42087,0.92815,0.90955,0.8524,0.91276,0.66966,1.03035,0.56342,1.06637,0.0017228,0.0017228,0.0017228
yolo_v12m_20260730_175641,yolo,yolo_v12m_20260730_175641,yolo12m.pt,/root/autodl-fs/datasets/UA-DETRAC_YOLO_Vehicle1/uadetrac_vehicle1.yaml,train,16,3107.0683965682983,0.77007,0.4204,0.92782,0.90129,0.85263,0.91795,0.66988,1.04293,0.54313,1.07506,0.001703,0.001703,0.001703
yolo_v12m_20260730_175641,yolo,yolo_v12m_20260730_175641,yolo12m.pt,/root/autodl-fs/datasets/UA-DETRAC_YOLO_Vehicle1/uadetrac_vehicle1.yaml,train,17,3301.5381643772125,0.76386,0.41374,0.92364,0.9189,0.86385,0.93454,0.68686,0.99964,0.5458,1.04986,0.0016832000000000001,0.0016832000000000001,0.0016832000000000001
yolo_v12m_20260730_175641,yolo,yolo_v12m_20260730_175641,yolo12m.pt,/root/autodl-fs/datasets/UA-DETRAC_YOLO_Vehicle1/uadetrac_vehicle1.yaml,train,18,3495.8279893398285,0.75395,0.40608,0.92111,0.91521,0.86307,0.92638,0.68233,1.01768,0.50772,1.05811,0.0016634,0.0016634,0.0016634
yolo_v12m_20260730_175641,yolo,yolo_v12m_20260730_175641,yolo12m.pt,/root/autodl-fs/datasets/UA-DETRAC_YOLO_Vehicle1/uadetrac_vehicle1.yaml,train,19,3692.774132490158,0.75401,0.40324,0.92155,0.92599,0.85915,0.92929,0.69434,0.97272,0.53383,1.02962,0.0016436000000000003,0.0016436000000000003,0.0016436000000000003
yolo_v12m_20260730_175641,yolo,yolo_v12m_20260730_175641,yolo12m.pt,/root/autodl-fs/datasets/UA-DETRAC_YOLO_Vehicle1/uadetrac_vehicle1.yaml,train,20,3890.2270715236664,0.74412,0.3959,0.91384,0.9135,0.85944,0.92339,0.68184,1.01007,0.54043,1.04875,0.0016238000000000001,0.0016238000000000001,0.0016238000000000001
yolo_v12m_20260730_175641,yolo,yolo_v12m_20260730_175641,yolo12m.pt,/root/autodl-fs/datasets/UA-DETRAC_YOLO_Vehicle1/uadetrac_vehicle1.yaml,train,21,4083.760242462158,0.73957,0.39479,0.91476,0.91005,0.86333,0.9295,0.67948,1.01523,0.52432,1.06641,0.0016040000000000002,0.0016040000000000002,0.0016040000000000002
yolo_v12n_20260730_192007,yolo,yolo_v12n_20260730_192007,yolo12n.pt,/root/autodl-fs/datasets/UA-DETRAC_YOLO_Vehicle1/uadetrac_vehicle1.yaml,train,1,95.74889087677002,1.06691,1.08767,0.97871,0.84947,0.83453,0.87504,0.57759,1.13285,0.90338,1.03569,0.0006645367412140575,0.0006645367412140575,0.0006645367412140575
yolo_v12n_20260730_192007,yolo,yolo_v12n_20260730_192007,yolo12n.pt,/root/autodl-fs/datasets/UA-DETRAC_YOLO_Vehicle1/uadetrac_vehicle1.yaml,train,2,157.9038646221161,1.02756,0.72829,0.98194,0.8803,0.82186,0.89891,0.61401,1.10134,0.72312,1.03003,0.0013180244941427052,0.0013180244941427052,0.0013180244941427052
yolo_v12n_20260730_192007,yolo,yolo_v12n_20260730_192007,yolo12n.pt,/root/autodl-fs/datasets/UA-DETRAC_YOLO_Vehicle1/uadetrac_vehicle1.yaml,train,3,217.61771965026855,1.01125,0.65389,0.97705,0.85821,0.80321,0.87164,0.59046,1.11744,0.73996,1.03431,0.0019583122470713528,0.0019583122470713528,0.0019583122470713528
yolo_v12n_20260730_192007,yolo,yolo_v12n_20260730_192007,yolo12n.pt,/root/autodl-fs/datasets/UA-DETRAC_YOLO_Vehicle1/uadetrac_vehicle1.yaml,train,4,276.46469950675964,0.986,0.62046,0.9684,0.86895,0.79577,0.87951,0.58568,1.17151,0.74046,1.06303,0.0019406,0.0019406,0.0019406
yolo_v12n_20260730_192007,yolo,yolo_v12n_20260730_192007,yolo12n.pt,/root/autodl-fs/datasets/UA-DETRAC_YOLO_Vehicle1/uadetrac_vehicle1.yaml,train,5,337.03730368614197,0.95596,0.58747,0.96309,0.89077,0.8156,0.89617,0.61795,1.10206,0.62493,1.03333,0.0019207999999999999,0.0019207999999999999,0.0019207999999999999
yolo_v12s_20260730_194119,yolo,yolo_v12s_20260730_194119,yolo12s.pt,/root/autodl-fs/datasets/UA-DETRAC_YOLO_Vehicle1/uadetrac_vehicle1.yaml,train,1,144.75417923927307,1.00253,0.79238,1.01699,0.8312,0.85303,0.89268,0.5891,1.16736,1.08963,1.1161,0.0006645367412140575,0.0006645367412140575,0.0006645367412140575
yolo_v12s_20260730_194119,yolo,yolo_v12s_20260730_194119,yolo12s.pt,/root/autodl-fs/datasets/UA-DETRAC_YOLO_Vehicle1/uadetrac_vehicle1.yaml,train,2,250.6808214187622,1.00067,0.65233,1.01616,0.88919,0.83091,0.91209,0.62712,1.12374,0.70865,1.10814,0.0013180244941427052,0.0013180244941427052,0.0013180244941427052
yolo_v12s_20260730_194119,yolo,yolo_v12s_20260730_194119,yolo12s.pt,/root/autodl-fs/datasets/UA-DETRAC_YOLO_Vehicle1/uadetrac_vehicle1.yaml,train,3,355.6494662761688,0.98342,0.61588,1.00695,0.86477,0.80842,0.87909,0.60843,1.11216,0.67984,1.09757,0.0019583122470713528,0.0019583122470713528,0.0019583122470713528
yolo_v12s_20260730_194119,yolo,yolo_v12s_20260730_194119,yolo12s.pt,/root/autodl-fs/datasets/UA-DETRAC_YOLO_Vehicle1/uadetrac_vehicle1.yaml,train,4,457.7933464050293,0.9526,0.58381,0.98973,0.85671,0.84368,0.90716,0.63018,1.07786,0.79601,1.07263,0.0019406,0.0019406,0.0019406
yolo_v12s_20260730_194119,yolo,yolo_v12s_20260730_194119,yolo12s.pt,/root/autodl-fs/datasets/UA-DETRAC_YOLO_Vehicle1/uadetrac_vehicle1.yaml,train,5,559.500344991684,0.90509,0.55052,0.97559,0.89972,0.83503,0.91435,0.64733,1.04858,0.61293,1.06505,0.0019207999999999999,0.0019207999999999999,0.0019207999999999999
yolo_v12s_20260730_194119,yolo,yolo_v12s_20260730_194119,yolo12s.pt,/root/autodl-fs/datasets/UA-DETRAC_YOLO_Vehicle1/uadetrac_vehicle1.yaml,train,6,661.6152167320251,0.87484,0.52273,0.96113,0.86069,0.79446,0.88191,0.60798,1.0775,0.76635,1.07322,0.0019010000000000001,0.0019010000000000001,0.0019010000000000001
yolo_v12s_20260730_194119,yolo,yolo_v12s_20260730_194119,yolo12s.pt,/root/autodl-fs/datasets/UA-DETRAC_YOLO_Vehicle1/uadetrac_vehicle1.yaml,train,7,762.9372611045837,0.85534,0.50108,0.95488,0.91976,0.85876,0.93211,0.64954,1.04905,0.58535,1.06142,0.0018812,0.0018812,0.0018812
yolo_v12s_20260730_194119,yolo,yolo_v12s_20260730_194119,yolo12s.pt,/root/autodl-fs/datasets/UA-DETRAC_YOLO_Vehicle1/uadetrac_vehicle1.yaml,train,8,864.4395663738251,0.83943,0.4851,0.94813,0.92276,0.85225,0.9301,0.66013,1.03502,0.55227,1.05828,0.0018614,0.0018614,0.0018614
