run_id,framework,experiment,model,dataset,record_type,epoch,time,train/box_loss,train/cls_loss,train/dfl_loss,metrics/precision(B),metrics/recall(B),metrics/mAP50(B),metrics/mAP50-95(B),val/box_loss,val/cls_loss,val/dfl_loss,lr/pg0,lr/pg1,lr/pg2
yolo_yolov5m_20260729_154624,yolo,yolo_yolov5m_20260729_154624,yolov5m.pt,/root/autodl-fs/datasets/DAIR-V2X_YOLO_Vehicle5/dairv2x_vehicle5.yaml,train,1,130.34071683883667,1.07192,0.71756,0.89184,0.80211,0.72056,0.80207,0.50306,0.96207,0.52496,0.85059,0.0003697464342313788,0.0003697464342313788,0.0003697464342313788
yolo_yolov5m_20260729_154624,yolo,yolo_yolov5m_20260729_154624,yolov5m.pt,/root/autodl-fs/datasets/DAIR-V2X_YOLO_Vehicle5/dairv2x_vehicle5.yaml,train,2,252.9792559146881,0.9873,0.55488,0.86302,0.85111,0.73061,0.83521,0.53844,0.91303,0.50522,0.84184,0.0007327529778658214,0.0007327529778658214,0.0007327529778658214
yolo_yolov5m_20260729_154624,yolo,yolo_yolov5m_20260729_154624,yolov5m.pt,/root/autodl-fs/datasets/DAIR-V2X_YOLO_Vehicle5/dairv2x_vehicle5.yaml,train,3,375.50868105888367,0.95748,0.53399,0.85618,0.84047,0.73632,0.83194,0.539,0.90888,0.50225,0.83857,0.0010884269215002643,0.0010884269215002643,0.0010884269215002643
yolo_yolov5m_20260729_154624,yolo,yolo_yolov5m_20260729_154624,yolov5m.pt,/root/autodl-fs/datasets/DAIR-V2X_YOLO_Vehicle5/dairv2x_vehicle5.yaml,train,4,497.5621826648712,0.94046,0.51697,0.85131,0.84168,0.76898,0.85323,0.56227,0.88262,0.47591,0.83615,0.0010780033,0.0010780033,0.0010780033
yolo_yolov5m_20260729_154624,yolo,yolo_yolov5m_20260729_154624,yolov5m.pt,/root/autodl-fs/datasets/DAIR-V2X_YOLO_Vehicle5/dairv2x_vehicle5.yaml,train,5,619.2970626354218,0.9157,0.50018,0.84723,0.85848,0.76695,0.85387,0.5693,0.86937,0.46179,0.83525,0.0010670044,0.0010670044,0.0010670044
yolo_yolov5m_20260729_154624,yolo,yolo_yolov5m_20260729_154624,yolov5m.pt,/root/autodl-fs/datasets/DAIR-V2X_YOLO_Vehicle5/dairv2x_vehicle5.yaml,train,6,743.1865587234497,0.90587,0.49537,0.84613,0.84464,0.76835,0.85337,0.57209,0.84814,0.46102,0.82982,0.0010560055,0.0010560055,0.0010560055
yolo_yolov5m_20260729_154624,yolo,yolo_yolov5m_20260729_154624,yolov5m.pt,/root/autodl-fs/datasets/DAIR-V2X_YOLO_Vehicle5/dairv2x_vehicle5.yaml,train,7,868.2164621353149,0.89829,0.48831,0.84428,0.85354,0.76367,0.85832,0.57,0.86609,0.46152,0.83365,0.0010450066,0.0010450066,0.0010450066
yolo_yolov5m_20260729_154624,yolo,yolo_yolov5m_20260729_154624,yolov5m.pt,/root/autodl-fs/datasets/DAIR-V2X_YOLO_Vehicle5/dairv2x_vehicle5.yaml,train,8,990.1759703159332,0.88092,0.47941,0.84125,0.8639,0.77037,0.86024,0.58047,0.84152,0.45306,0.8298,0.0010340077,0.0010340077,0.0010340077
yolo_yolov5m_20260729_154624,yolo,yolo_yolov5m_20260729_154624,yolov5m.pt,/root/autodl-fs/datasets/DAIR-V2X_YOLO_Vehicle5/dairv2x_vehicle5.yaml,train,9,1112.8083593845367,0.87763,0.47821,0.84051,0.86922,0.7765,0.86664,0.59095,0.83117,0.4501,0.82878,0.0010230088,0.0010230088,0.0010230088
yolo_yolov5m_20260729_154624,yolo,yolo_yolov5m_20260729_154624,yolov5m.pt,/root/autodl-fs/datasets/DAIR-V2X_YOLO_Vehicle5/dairv2x_vehicle5.yaml,train,10,1236.6032364368439,0.87761,0.47169,0.83949,0.85489,0.77468,0.85917,0.58046,0.84314,0.45258,0.82927,0.0010120099,0.0010120099,0.0010120099
yolo_yolov5m_20260729_154624,yolo,yolo_yolov5m_20260729_154624,yolov5m.pt,/root/autodl-fs/datasets/DAIR-V2X_YOLO_Vehicle5/dairv2x_vehicle5.yaml,train,11,1359.6674411296844,0.86667,0.4684,0.83817,0.8566,0.77951,0.87057,0.59428,0.81806,0.44148,0.82483,0.001001011,0.001001011,0.001001011
yolo_yolov5m_20260729_154624,yolo,yolo_yolov5m_20260729_154624,yolov5m.pt,/root/autodl-fs/datasets/DAIR-V2X_YOLO_Vehicle5/dairv2x_vehicle5.yaml,train,12,1482.347772359848,0.85967,0.46626,0.83769,0.86252,0.78431,0.87247,0.59554,0.82354,0.44104,0.82589,0.0009900121,0.0009900121,0.0009900121
yolo_yolov5m_20260729_154624,yolo,yolo_yolov5m_20260729_154624,yolov5m.pt,/root/autodl-fs/datasets/DAIR-V2X_YOLO_Vehicle5/dairv2x_vehicle5.yaml,train,13,1603.6387774944305,0.85469,0.46032,0.8369,0.87018,0.76812,0.86833,0.58922,0.82477,0.43359,0.82623,0.0009790132,0.0009790132,0.0009790132
yolo_yolov5m_20260729_154624,yolo,yolo_yolov5m_20260729_154624,yolov5m.pt,/root/autodl-fs/datasets/DAIR-V2X_YOLO_Vehicle5/dairv2x_vehicle5.yaml,train,14,1724.16153550148,0.84914,0.4603,0.83545,0.86996,0.78958,0.8767,0.60589,0.80894,0.43224,0.82402,0.0009680143,0.0009680143,0.0009680143
yolo_yolov5m_20260729_154624,yolo,yolo_yolov5m_20260729_154624,yolov5m.pt,/root/autodl-fs/datasets/DAIR-V2X_YOLO_Vehicle5/dairv2x_vehicle5.yaml,train,15,1845.8345131874084,0.84004,0.45233,0.8332,0.88391,0.7835,0.87762,0.61046,0.79695,0.41765,0.82206,0.0009570153999999999,0.0009570153999999999,0.0009570153999999999
yolo_yolov5m_20260729_154624,yolo,yolo_yolov5m_20260729_154624,yolov5m.pt,/root/autodl-fs/datasets/DAIR-V2X_YOLO_Vehicle5/dairv2x_vehicle5.yaml,train,16,1968.5717730522156,0.83497,0.44908,0.83265,0.86481,0.77934,0.87298,0.60555,0.7968,0.4273,0.82167,0.0009460165,0.0009460165,0.0009460165
yolo_yolov5m_20260729_154624,yolo,yolo_yolov5m_20260729_154624,yolov5m.pt,/root/autodl-fs/datasets/DAIR-V2X_YOLO_Vehicle5/dairv2x_vehicle5.yaml,train,17,2092.808192253113,0.83207,0.44676,0.83292,0.86864,0.78018,0.87043,0.60396,0.79909,0.43017,0.82229,0.0009350176,0.0009350176,0.0009350176
yolo_yolov5m_20260729_154624,yolo,yolo_yolov5m_20260729_154624,yolov5m.pt,/root/autodl-fs/datasets/DAIR-V2X_YOLO_Vehicle5/dairv2x_vehicle5.yaml,train,18,2215.396299123764,0.82647,0.44409,0.83146,0.88392,0.78896,0.87988,0.61044,0.79724,0.42091,0.82177,0.0009240187,0.0009240187,0.0009240187
yolo_yolov5m_20260729_154624,yolo,yolo_yolov5m_20260729_154624,yolov5m.pt,/root/autodl-fs/datasets/DAIR-V2X_YOLO_Vehicle5/dairv2x_vehicle5.yaml,train,19,2336.578104019165,0.82371,0.44315,0.83025,0.88254,0.78309,0.88187,0.61544,0.78991,0.41796,0.82059,0.0009130198000000001,0.0009130198000000001,0.0009130198000000001
yolo_yolov5m_20260729_154624,yolo,yolo_yolov5m_20260729_154624,yolov5m.pt,/root/autodl-fs/datasets/DAIR-V2X_YOLO_Vehicle5/dairv2x_vehicle5.yaml,train,20,2462.833092689514,0.82024,0.44057,0.83071,0.87533,0.78541,0.87441,0.60729,0.79912,0.42748,0.82268,0.0009020209000000001,0.0009020209000000001,0.0009020209000000001
yolo_yolov5m_20260729_154624,yolo,yolo_yolov5m_20260729_154624,yolov5m.pt,/root/autodl-fs/datasets/DAIR-V2X_YOLO_Vehicle5/dairv2x_vehicle5.yaml,train,21,2584.4861783981323,0.81926,0.43813,0.83024,0.85478,0.80857,0.88223,0.61944,0.77727,0.41287,0.8197,0.0008910220000000001,0.0008910220000000001,0.0008910220000000001
yolo_yolov5m_20260729_154624,yolo,yolo_yolov5m_20260729_154624,yolov5m.pt,/root/autodl-fs/datasets/DAIR-V2X_YOLO_Vehicle5/dairv2x_vehicle5.yaml,train,22,2706.513358592987,0.81012,0.43579,0.82841,0.87976,0.78966,0.87935,0.61316,0.78634,0.41778,0.81969,0.0008800231,0.0008800231,0.0008800231
yolo_yolov5m_20260729_154624,yolo,yolo_yolov5m_20260729_154624,yolov5m.pt,/root/autodl-fs/datasets/DAIR-V2X_YOLO_Vehicle5/dairv2x_vehicle5.yaml,train,23,2830.4363417625427,0.8095,0.43379,0.82894,0.88405,0.79809,0.88485,0.62262,0.77447,0.41072,0.81795,0.0008690242,0.0008690242,0.0008690242
yolo_yolov5m_20260729_154624,yolo,yolo_yolov5m_20260729_154624,yolov5m.pt,/root/autodl-fs/datasets/DAIR-V2X_YOLO_Vehicle5/dairv2x_vehicle5.yaml,train,24,2952.470446586609,0.80889,0.43413,0.82835,0.88072,0.78797,0.88215,0.6193,0.77745,0.40978,0.81936,0.0008580253,0.0008580253,0.0008580253
yolo_yolov5m_20260729_154624,yolo,yolo_yolov5m_20260729_154624,yolov5m.pt,/root/autodl-fs/datasets/DAIR-V2X_YOLO_Vehicle5/dairv2x_vehicle5.yaml,train,25,3074.7843267917633,0.80278,0.43085,0.82804,0.88115,0.78976,0.8827,0.62172,0.77074,0.40749,0.81834,0.0008470264,0.0008470264,0.0008470264
yolo_yolov5m_20260729_154624,yolo,yolo_yolov5m_20260729_154624,yolov5m.pt,/root/autodl-fs/datasets/DAIR-V2X_YOLO_Vehicle5/dairv2x_vehicle5.yaml,train,26,3198.065229177475,0.80351,0.43083,0.82679,0.88568,0.80059,0.88707,0.62543,0.77045,0.40701,0.81764,0.0008360275,0.0008360275,0.0008360275
yolo_yolov5m_20260729_154624,yolo,yolo_yolov5m_20260729_154624,yolov5m.pt,/root/autodl-fs/datasets/DAIR-V2X_YOLO_Vehicle5/dairv2x_vehicle5.yaml,train,27,3324.074197292328,0.8012,0.42774,0.82586,0.87997,0.79891,0.88663,0.62488,0.77001,0.40588,0.81722,0.0008250286000000001,0.0008250286000000001,0.0008250286000000001
yolo_yolov5m_20260729_154624,yolo,yolo_yolov5m_20260729_154624,yolov5m.pt,/root/autodl-fs/datasets/DAIR-V2X_YOLO_Vehicle5/dairv2x_vehicle5.yaml,train,28,3447.017631292343,0.79653,0.42691,0.82615,0.88331,0.80181,0.88937,0.62622,0.77024,0.40583,0.81788,0.0008140297,0.0008140297,0.0008140297
yolo_yolov5m_20260729_154624,yolo,yolo_yolov5m_20260729_154624,yolov5m.pt,/root/autodl-fs/datasets/DAIR-V2X_YOLO_Vehicle5/dairv2x_vehicle5.yaml,train,29,3568.6631565093994,0.79614,0.42582,0.82651,0.87896,0.79371,0.88615,0.62893,0.77005,0.4034,0.81777,0.0008030308,0.0008030308,0.0008030308
yolo_yolov5m_20260729_154624,yolo,yolo_yolov5m_20260729_154624,yolov5m.pt,/root/autodl-fs/datasets/DAIR-V2X_YOLO_Vehicle5/dairv2x_vehicle5.yaml,train,30,3690.6954069137573,0.79091,0.41952,0.8248,0.88303,0.80307,0.88737,0.63081,0.7601,0.39809,0.81628,0.0007920319,0.0007920319,0.0007920319
yolo_yolov5m_20260729_154624,yolo,yolo_yolov5m_20260729_154624,yolov5m.pt,/root/autodl-fs/datasets/DAIR-V2X_YOLO_Vehicle5/dairv2x_vehicle5.yaml,train,31,3813.269992828369,0.78424,0.41798,0.82291,0.87303,0.80657,0.8876,0.62782,0.76536,0.39936,0.81656,0.000781033,0.000781033,0.000781033
yolo_yolov5m_20260729_154624,yolo,yolo_yolov5m_20260729_154624,yolov5m.pt,/root/autodl-fs/datasets/DAIR-V2X_YOLO_Vehicle5/dairv2x_vehicle5.yaml,train,32,3934.4776751995087,0.79457,0.42264,0.82518,0.88958,0.79307,0.88536,0.62804,0.75992,0.39917,0.81623,0.0007700341,0.0007700341,0.0007700341
yolo_yolov5m_20260729_154624,yolo,yolo_yolov5m_20260729_154624,yolov5m.pt,/root/autodl-fs/datasets/DAIR-V2X_YOLO_Vehicle5/dairv2x_vehicle5.yaml,train,33,4056.8656299114227,0.78328,0.41638,0.82461,0.88153,0.80435,0.88955,0.6292,0.75902,0.39734,0.81608,0.0007590351999999999,0.0007590351999999999,0.0007590351999999999
yolo_yolov5m_20260729_154624,yolo,yolo_yolov5m_20260729_154624,yolov5m.pt,/root/autodl-fs/datasets/DAIR-V2X_YOLO_Vehicle5/dairv2x_vehicle5.yaml,train,34,4178.38587641716,0.78338,0.41593,0.82397,0.88049,0.80407,0.89001,0.63392,0.75503,0.39351,0.81524,0.0007480362999999999,0.0007480362999999999,0.0007480362999999999
yolo_yolov5m_20260729_154624,yolo,yolo_yolov5m_20260729_154624,yolov5m.pt,/root/autodl-fs/datasets/DAIR-V2X_YOLO_Vehicle5/dairv2x_vehicle5.yaml,train,35,4300.342784881592,0.78527,0.41682,0.82452,0.87391,0.80586,0.89122,0.63305,0.75787,0.39499,0.81563,0.0007370373999999999,0.0007370373999999999,0.0007370373999999999
yolo_yolov5m_20260729_154624,yolo,yolo_yolov5m_20260729_154624,yolov5m.pt,/root/autodl-fs/datasets/DAIR-V2X_YOLO_Vehicle5/dairv2x_vehicle5.yaml,train,36,4422.613087892532,0.78175,0.41793,0.82335,0.88384,0.80556,0.89051,0.63636,0.75579,0.39261,0.81499,0.0007260385,0.0007260385,0.0007260385
yolo_yolov5m_20260729_154624,yolo,yolo_yolov5m_20260729_154624,yolov5m.pt,/root/autodl-fs/datasets/DAIR-V2X_YOLO_Vehicle5/dairv2x_vehicle5.yaml,train,37,4547.68411397934,0.78029,0.4152,0.82369,0.87101,0.81413,0.89083,0.63418,0.75221,0.39305,0.81394,0.0007150396000000001,0.0007150396000000001,0.0007150396000000001
yolo_yolov5m_20260729_154624,yolo,yolo_yolov5m_20260729_154624,yolov5m.pt,/root/autodl-fs/datasets/DAIR-V2X_YOLO_Vehicle5/dairv2x_vehicle5.yaml,train,38,4670.422399997711,0.77509,0.41078,0.82214,0.88106,0.80749,0.8896,0.63624,0.75034,0.39127,0.81451,0.0007040407000000001,0.0007040407000000001,0.0007040407000000001
yolo_yolov5m_20260729_154624,yolo,yolo_yolov5m_20260729_154624,yolov5m.pt,/root/autodl-fs/datasets/DAIR-V2X_YOLO_Vehicle5/dairv2x_vehicle5.yaml,train,39,4792.763837337494,0.77701,0.41373,0.82169,0.8816,0.80871,0.89324,0.63916,0.74854,0.38896,0.81453,0.0006930418,0.0006930418,0.0006930418
yolo_yolov5m_20260729_154624,yolo,yolo_yolov5m_20260729_154624,yolov5m.pt,/root/autodl-fs/datasets/DAIR-V2X_YOLO_Vehicle5/dairv2x_vehicle5.yaml,train,40,4916.216819047928,0.7722,0.41007,0.82235,0.88337,0.80301,0.88795,0.63654,0.74589,0.38993,0.81336,0.0006820429,0.0006820429,0.0006820429
yolo_yolov5m_20260729_154624,yolo,yolo_yolov5m_20260729_154624,yolov5m.pt,/root/autodl-fs/datasets/DAIR-V2X_YOLO_Vehicle5/dairv2x_vehicle5.yaml,train,41,5038.587462186813,0.76876,0.40795,0.82152,0.8808,0.80496,0.89142,0.63819,0.7449,0.38612,0.81353,0.000671044,0.000671044,0.000671044
yolo_yolov5m_20260729_154624,yolo,yolo_yolov5m_20260729_154624,yolov5m.pt,/root/autodl-fs/datasets/DAIR-V2X_YOLO_Vehicle5/dairv2x_vehicle5.yaml,train,42,5161.8789935112,0.77012,0.40827,0.8217,0.8857,0.79898,0.89076,0.63413,0.7483,0.38858,0.81388,0.0006600451000000001,0.0006600451000000001,0.0006600451000000001
yolo_yolov5m_20260729_154624,yolo,yolo_yolov5m_20260729_154624,yolov5m.pt,/root/autodl-fs/datasets/DAIR-V2X_YOLO_Vehicle5/dairv2x_vehicle5.yaml,train,43,5287.283616542816,0.76803,0.40625,0.82118,0.8929,0.79259,0.89154,0.64022,0.74178,0.38651,0.81388,0.0006490462000000001,0.0006490462000000001,0.0006490462000000001
yolo_yolov5m_20260729_154624,yolo,yolo_yolov5m_20260729_154624,yolov5m.pt,/root/autodl-fs/datasets/DAIR-V2X_YOLO_Vehicle5/dairv2x_vehicle5.yaml,train,44,5409.23968911171,0.76421,0.4028,0.82065,0.88106,0.79862,0.88874,0.63665,0.74431,0.38744,0.81403,0.0006380473000000001,0.0006380473000000001,0.0006380473000000001
yolo_yolov5m_20260729_154624,yolo,yolo_yolov5m_20260729_154624,yolov5m.pt,/root/autodl-fs/datasets/DAIR-V2X_YOLO_Vehicle5/dairv2x_vehicle5.yaml,train,45,5531.167950153351,0.76294,0.40314,0.8194,0.89796,0.79899,0.89227,0.64161,0.74139,0.38656,0.8135,0.0006270484,0.0006270484,0.0006270484
yolo_yolov5m_20260729_154624,yolo,yolo_yolov5m_20260729_154624,yolov5m.pt,/root/autodl-fs/datasets/DAIR-V2X_YOLO_Vehicle5/dairv2x_vehicle5.yaml,train,46,5653.339305877686,0.75917,0.40027,0.8193,0.89336,0.7963,0.89219,0.64276,0.73924,0.38179,0.81308,0.0006160495,0.0006160495,0.0006160495
yolo_yolov5m_20260729_154624,yolo,yolo_yolov5m_20260729_154624,yolov5m.pt,/root/autodl-fs/datasets/DAIR-V2X_YOLO_Vehicle5/dairv2x_vehicle5.yaml,train,47,5775.064747571945,0.76229,0.40184,0.82007,0.88754,0.81198,0.89705,0.64493,0.73903,0.3822,0.81281,0.0006050506000000001,0.0006050506000000001,0.0006050506000000001
yolo_yolov5m_20260729_154624,yolo,yolo_yolov5m_20260729_154624,yolov5m.pt,/root/autodl-fs/datasets/DAIR-V2X_YOLO_Vehicle5/dairv2x_vehicle5.yaml,train,48,5897.712964773178,0.75802,0.4017,0.82012,0.86775,0.82213,0.8938,0.64486,0.74029,0.38268,0.81239,0.0005940517000000001,0.0005940517000000001,0.0005940517000000001
yolo_yolov5m_20260729_154624,yolo,yolo_yolov5m_20260729_154624,yolov5m.pt,/root/autodl-fs/datasets/DAIR-V2X_YOLO_Vehicle5/dairv2x_vehicle5.yaml,train,49,6021.482662439346,0.75726,0.40073,0.81989,0.88895,0.81018,0.89498,0.64299,0.73653,0.3802,0.81278,0.0005830528000000001,0.0005830528000000001,0.0005830528000000001
yolo_yolov5m_20260729_154624,yolo,yolo_yolov5m_20260729_154624,yolov5m.pt,/root/autodl-fs/datasets/DAIR-V2X_YOLO_Vehicle5/dairv2x_vehicle5.yaml,train,50,6145.088486194611,0.75394,0.39781,0.81955,0.87941,0.81599,0.897,0.64716,0.735,0.37958,0.81244,0.0005720539000000001,0.0005720539000000001,0.0005720539000000001
yolo_yolov5m_20260729_154624,yolo,yolo_yolov5m_20260729_154624,yolov5m.pt,/root/autodl-fs/datasets/DAIR-V2X_YOLO_Vehicle5/dairv2x_vehicle5.yaml,train,51,6273.371282339096,0.75141,0.39594,0.819,0.88704,0.80596,0.89428,0.64536,0.73608,0.3804,0.81211,0.000561055,0.000561055,0.000561055
yolo_yolov5m_20260729_154624,yolo,yolo_yolov5m_20260729_154624,yolov5m.pt,/root/autodl-fs/datasets/DAIR-V2X_YOLO_Vehicle5/dairv2x_vehicle5.yaml,train,52,6396.831400156021,0.74727,0.39224,0.81846,0.8944,0.80764,0.89622,0.64918,0.72995,0.37509,0.81155,0.0005500561,0.0005500561,0.0005500561
yolo_yolov5m_20260729_154624,yolo,yolo_yolov5m_20260729_154624,yolov5m.pt,/root/autodl-fs/datasets/DAIR-V2X_YOLO_Vehicle5/dairv2x_vehicle5.yaml,train,53,6518.285487651825,0.74687,0.39356,0.81708,0.89742,0.80261,0.896,0.64836,0.73168,0.37595,0.81154,0.0005390572,0.0005390572,0.0005390572
yolo_yolov5m_20260729_154624,yolo,yolo_yolov5m_20260729_154624,yolov5m.pt,/root/autodl-fs/datasets/DAIR-V2X_YOLO_Vehicle5/dairv2x_vehicle5.yaml,train,54,6641.013490200043,0.75155,0.39594,0.81957,0.89722,0.79828,0.89684,0.6481,0.73501,0.37895,0.81258,0.0005280583,0.0005280583,0.0005280583
yolo_yolov5m_20260729_154624,yolo,yolo_yolov5m_20260729_154624,yolov5m.pt,/root/autodl-fs/datasets/DAIR-V2X_YOLO_Vehicle5/dairv2x_vehicle5.yaml,train,55,6763.103639602661,0.74589,0.39322,0.81767,0.88625,0.81021,0.89657,0.65083,0.73044,0.3766,0.81175,0.0005170594,0.0005170594,0.0005170594
yolo_yolov5m_20260729_154624,yolo,yolo_yolov5m_20260729_154624,yolov5m.pt,/root/autodl-fs/datasets/DAIR-V2X_YOLO_Vehicle5/dairv2x_vehicle5.yaml,train,56,6884.644278049469,0.74443,0.39209,0.81791,0.89464,0.80401,0.89674,0.64973,0.7283,0.3736,0.8113,0.0005060605,0.0005060605,0.0005060605
yolo_yolov5m_20260729_154624,yolo,yolo_yolov5m_20260729_154624,yolov5m.pt,/root/autodl-fs/datasets/DAIR-V2X_YOLO_Vehicle5/dairv2x_vehicle5.yaml,train,57,7005.35710310936,0.74299,0.39081,0.81702,0.89037,0.81642,0.89934,0.65126,0.72734,0.37336,0.81089,0.0004950616,0.0004950616,0.0004950616
yolo_yolov5m_20260729_154624,yolo,yolo_yolov5m_20260729_154624,yolov5m.pt,/root/autodl-fs/datasets/DAIR-V2X_YOLO_Vehicle5/dairv2x_vehicle5.yaml,train,58,7127.159467458725,0.73733,0.38741,0.81646,0.88956,0.81186,0.89772,0.65176,0.73041,0.37547,0.81169,0.0004840627,0.0004840627,0.0004840627
yolo_yolov5m_20260729_154624,yolo,yolo_yolov5m_20260729_154624,yolov5m.pt,/root/autodl-fs/datasets/DAIR-V2X_YOLO_Vehicle5/dairv2x_vehicle5.yaml,train,59,7248.425861120224,0.74169,0.38971,0.81745,0.89457,0.80741,0.90091,0.65528,0.72769,0.37151,0.81138,0.0004730638000000001,0.0004730638000000001,0.0004730638000000001
yolo_yolov5m_20260729_154624,yolo,yolo_yolov5m_20260729_154624,yolov5m.pt,/root/autodl-fs/datasets/DAIR-V2X_YOLO_Vehicle5/dairv2x_vehicle5.yaml,train,60,7369.9441430568695,0.73551,0.38565,0.81637,0.9026,0.8037,0.9003,0.65553,0.72493,0.37133,0.81087,0.0004620649000000001,0.0004620649000000001,0.0004620649000000001
yolo_yolov5m_20260729_154624,yolo,yolo_yolov5m_20260729_154624,yolov5m.pt,/root/autodl-fs/datasets/DAIR-V2X_YOLO_Vehicle5/dairv2x_vehicle5.yaml,train,61,7491.456134796143,0.73456,0.38323,0.8161,0.89757,0.80569,0.90057,0.65398,0.72721,0.3702,0.81137,0.000451066,0.000451066,0.000451066
yolo_yolov5m_20260729_154624,yolo,yolo_yolov5m_20260729_154624,yolov5m.pt,/root/autodl-fs/datasets/DAIR-V2X_YOLO_Vehicle5/dairv2x_vehicle5.yaml,train,62,7612.3154191970825,0.73483,0.38454,0.81597,0.89902,0.80215,0.9001,0.65511,0.72399,0.37085,0.81072,0.0004400671,0.0004400671,0.0004400671
yolo_yolov5m_20260729_154624,yolo,yolo_yolov5m_20260729_154624,yolov5m.pt,/root/autodl-fs/datasets/DAIR-V2X_YOLO_Vehicle5/dairv2x_vehicle5.yaml,train,63,7733.25652551651,0.73492,0.38527,0.81571,0.89275,0.81151,0.90116,0.656,0.72238,0.3698,0.81043,0.00042906819999999997,0.00042906819999999997,0.00042906819999999997
yolo_yolov5m_20260729_154624,yolo,yolo_yolov5m_20260729_154624,yolov5m.pt,/root/autodl-fs/datasets/DAIR-V2X_YOLO_Vehicle5/dairv2x_vehicle5.yaml,train,64,7855.753641843796,0.73392,0.38266,0.8157,0.90177,0.80493,0.90081,0.65866,0.71894,0.36812,0.81003,0.0004180693,0.0004180693,0.0004180693
yolo_yolov5m_20260729_154624,yolo,yolo_yolov5m_20260729_154624,yolov5m.pt,/root/autodl-fs/datasets/DAIR-V2X_YOLO_Vehicle5/dairv2x_vehicle5.yaml,train,65,7977.982506036758,0.73036,0.38268,0.81543,0.8903,0.81115,0.89875,0.65287,0.72447,0.36944,0.81047,0.0004070704,0.0004070704,0.0004070704
yolo_yolov5m_20260729_154624,yolo,yolo_yolov5m_20260729_154624,yolov5m.pt,/root/autodl-fs/datasets/DAIR-V2X_YOLO_Vehicle5/dairv2x_vehicle5.yaml,train,66,8098.8661296367645,0.73027,0.3812,0.81511,0.89369,0.81417,0.90117,0.65712,0.72096,0.36643,0.81034,0.00039607149999999996,0.00039607149999999996,0.00039607149999999996
yolo_yolov5m_20260729_154624,yolo,yolo_yolov5m_20260729_154624,yolov5m.pt,/root/autodl-fs/datasets/DAIR-V2X_YOLO_Vehicle5/dairv2x_vehicle5.yaml,train,67,8219.417488574982,0.72838,0.37999,0.81415,0.891,0.81506,0.90011,0.65695,0.72159,0.36759,0.8103,0.00038507259999999996,0.00038507259999999996,0.00038507259999999996
yolo_yolov5m_20260729_154624,yolo,yolo_yolov5m_20260729_154624,yolov5m.pt,/root/autodl-fs/datasets/DAIR-V2X_YOLO_Vehicle5/dairv2x_vehicle5.yaml,train,68,8340.75858616829,0.72605,0.37807,0.81398,0.89966,0.80853,0.90061,0.65654,0.71898,0.36752,0.80982,0.00037407369999999996,0.00037407369999999996,0.00037407369999999996
yolo_yolov5m_20260729_154624,yolo,yolo_yolov5m_20260729_154624,yolov5m.pt,/root/autodl-fs/datasets/DAIR-V2X_YOLO_Vehicle5/dairv2x_vehicle5.yaml,train,69,8461.790751218796,0.72534,0.37839,0.81413,0.88787,0.8194,0.90161,0.65882,0.71854,0.36617,0.81031,0.00036307479999999996,0.00036307479999999996,0.00036307479999999996
yolo_yolov5m_20260729_154624,yolo,yolo_yolov5m_20260729_154624,yolov5m.pt,/root/autodl-fs/datasets/DAIR-V2X_YOLO_Vehicle5/dairv2x_vehicle5.yaml,train,70,8582.713917255402,0.7237,0.3753,0.81416,0.88743,0.81583,0.9008,0.65833,0.71826,0.36597,0.80984,0.00035207590000000007,0.00035207590000000007,0.00035207590000000007
yolo_yolov5m_20260729_154624,yolo,yolo_yolov5m_20260729_154624,yolov5m.pt,/root/autodl-fs/datasets/DAIR-V2X_YOLO_Vehicle5/dairv2x_vehicle5.yaml,train,71,8703.894097566605,0.72056,0.37444,0.81393,0.90611,0.80081,0.90075,0.65824,0.71669,0.36507,0.80958,0.00034107700000000007,0.00034107700000000007,0.00034107700000000007
yolo_yolov5m_20260729_154624,yolo,yolo_yolov5m_20260729_154624,yolov5m.pt,/root/autodl-fs/datasets/DAIR-V2X_YOLO_Vehicle5/dairv2x_vehicle5.yaml,train,72,8824.58341050148,0.72069,0.37438,0.8129,0.9024,0.80747,0.90214,0.65964,0.7169,0.36455,0.8099,0.0003300781,0.0003300781,0.0003300781
yolo_yolov5m_20260729_154624,yolo,yolo_yolov5m_20260729_154624,yolov5m.pt,/root/autodl-fs/datasets/DAIR-V2X_YOLO_Vehicle5/dairv2x_vehicle5.yaml,train,73,8945.401170015335,0.72197,0.37576,0.81388,0.89804,0.81133,0.90161,0.65953,0.71542,0.36458,0.80964,0.0003190792,0.0003190792,0.0003190792
yolo_yolov5m_20260729_154624,yolo,yolo_yolov5m_20260729_154624,yolov5m.pt,/root/autodl-fs/datasets/DAIR-V2X_YOLO_Vehicle5/dairv2x_vehicle5.yaml,train,74,9066.647734880447,0.71876,0.37266,0.81259,0.89721,0.8093,0.90297,0.66073,0.71631,0.36247,0.80949,0.00030808030000000007,0.00030808030000000007,0.00030808030000000007
yolo_yolov5m_20260729_154624,yolo,yolo_yolov5m_20260729_154624,yolov5m.pt,/root/autodl-fs/datasets/DAIR-V2X_YOLO_Vehicle5/dairv2x_vehicle5.yaml,train,75,9187.292837619781,0.71518,0.37117,0.81137,0.89641,0.81026,0.90377,0.66127,0.7143,0.36209,0.80949,0.0002970814,0.0002970814,0.0002970814
yolo_yolov5m_20260729_154624,yolo,yolo_yolov5m_20260729_154624,yolov5m.pt,/root/autodl-fs/datasets/DAIR-V2X_YOLO_Vehicle5/dairv2x_vehicle5.yaml,train,76,9308.031201601028,0.71512,0.37006,0.81251,0.89624,0.81026,0.9029,0.66184,0.7142,0.36193,0.8094,0.0002860825,0.0002860825,0.0002860825
yolo_yolov5m_20260729_154624,yolo,yolo_yolov5m_20260729_154624,yolov5m.pt,/root/autodl-fs/datasets/DAIR-V2X_YOLO_Vehicle5/dairv2x_vehicle5.yaml,train,77,9429.42797923088,0.71214,0.36928,0.81173,0.8996,0.81065,0.90369,0.66228,0.71459,0.36157,0.80923,0.0002750836,0.0002750836,0.0002750836
yolo_yolov5m_20260729_154624,yolo,yolo_yolov5m_20260729_154624,yolov5m.pt,/root/autodl-fs/datasets/DAIR-V2X_YOLO_Vehicle5/dairv2x_vehicle5.yaml,train,78,9550.276458501816,0.70939,0.36684,0.81161,0.89254,0.81657,0.90447,0.66229,0.71433,0.36121,0.80928,0.0002640847,0.0002640847,0.0002640847
yolo_yolov5m_20260729_154624,yolo,yolo_yolov5m_20260729_154624,yolov5m.pt,/root/autodl-fs/datasets/DAIR-V2X_YOLO_Vehicle5/dairv2x_vehicle5.yaml,train,79,9670.893736600876,0.71051,0.36727,0.81195,0.89632,0.81584,0.90352,0.66121,0.7149,0.36109,0.80962,0.00025308579999999995,0.00025308579999999995,0.00025308579999999995
yolo_yolov5m_20260729_154624,yolo,yolo_yolov5m_20260729_154624,yolov5m.pt,/root/autodl-fs/datasets/DAIR-V2X_YOLO_Vehicle5/dairv2x_vehicle5.yaml,train,80,9791.901890277863,0.70881,0.36654,0.81074,0.89664,0.8136,0.90423,0.6623,0.7122,0.35957,0.80933,0.00024208689999999998,0.00024208689999999998,0.00024208689999999998
yolo_yolov5m_20260729_154624,yolo,yolo_yolov5m_20260729_154624,yolov5m.pt,/root/autodl-fs/datasets/DAIR-V2X_YOLO_Vehicle5/dairv2x_vehicle5.yaml,train,81,9912.725845098495,0.70781,0.36598,0.81161,0.89905,0.80865,0.90397,0.66318,0.71193,0.36101,0.80927,0.00023108799999999995,0.00023108799999999995,0.00023108799999999995
yolo_yolov5m_20260729_154624,yolo,yolo_yolov5m_20260729_154624,yolov5m.pt,/root/autodl-fs/datasets/DAIR-V2X_YOLO_Vehicle5/dairv2x_vehicle5.yaml,train,82,10033.300094604492,0.70811,0.36577,0.81164,0.89523,0.8116,0.90296,0.66275,0.71161,0.35911,0.80904,0.00022008909999999993,0.00022008909999999993,0.00022008909999999993
yolo_yolov5m_20260729_154624,yolo,yolo_yolov5m_20260729_154624,yolov5m.pt,/root/autodl-fs/datasets/DAIR-V2X_YOLO_Vehicle5/dairv2x_vehicle5.yaml,train,83,10154.295812129974,0.70457,0.36361,0.81087,0.8978,0.81101,0.90352,0.66284,0.71116,0.3586,0.80915,0.00020909020000000006,0.00020909020000000006,0.00020909020000000006
yolo_yolov5m_20260729_154624,yolo,yolo_yolov5m_20260729_154624,yolov5m.pt,/root/autodl-fs/datasets/DAIR-V2X_YOLO_Vehicle5/dairv2x_vehicle5.yaml,train,84,10275.002144098282,0.70092,0.36054,0.81084,0.89992,0.81134,0.90275,0.6632,0.7104,0.35823,0.8092,0.00019809130000000006,0.00019809130000000006,0.00019809130000000006
yolo_yolov5m_20260729_154624,yolo,yolo_yolov5m_20260729_154624,yolov5m.pt,/root/autodl-fs/datasets/DAIR-V2X_YOLO_Vehicle5/dairv2x_vehicle5.yaml,train,85,10396.460339069366,0.69914,0.36023,0.81082,0.90024,0.80918,0.90373,0.66389,0.71042,0.35695,0.80904,0.00018709240000000006,0.00018709240000000006,0.00018709240000000006
yolo_yolov5m_20260729_154624,yolo,yolo_yolov5m_20260729_154624,yolov5m.pt,/root/autodl-fs/datasets/DAIR-V2X_YOLO_Vehicle5/dairv2x_vehicle5.yaml,train,86,10519.143199682236,0.70352,0.36194,0.81022,0.90161,0.81105,0.90358,0.66322,0.7105,0.3579,0.80915,0.00017609350000000003,0.00017609350000000003,0.00017609350000000003
yolo_yolov5m_20260729_154624,yolo,yolo_yolov5m_20260729_154624,yolov5m.pt,/root/autodl-fs/datasets/DAIR-V2X_YOLO_Vehicle5/dairv2x_vehicle5.yaml,train,87,10640.365572929382,0.69561,0.35822,0.80993,0.90359,0.80676,0.90422,0.6651,0.70948,0.35745,0.80888,0.0001650946,0.0001650946,0.0001650946
yolo_yolov5m_20260729_154624,yolo,yolo_yolov5m_20260729_154624,yolov5m.pt,/root/autodl-fs/datasets/DAIR-V2X_YOLO_Vehicle5/dairv2x_vehicle5.yaml,train,88,10762.456018447876,0.69622,0.35884,0.80977,0.90156,0.81332,0.90353,0.66407,0.70999,0.35788,0.80896,0.00015409570000000003,0.00015409570000000003,0.00015409570000000003
yolo_yolov5m_20260729_154624,yolo,yolo_yolov5m_20260729_154624,yolov5m.pt,/root/autodl-fs/datasets/DAIR-V2X_YOLO_Vehicle5/dairv2x_vehicle5.yaml,train,89,10884.643544197083,0.6966,0.35718,0.81044,0.89785,0.81521,0.90352,0.6638,0.70891,0.35624,0.8086,0.0001430968,0.0001430968,0.0001430968
yolo_yolov5m_20260729_154624,yolo,yolo_yolov5m_20260729_154624,yolov5m.pt,/root/autodl-fs/datasets/DAIR-V2X_YOLO_Vehicle5/dairv2x_vehicle5.yaml,train,90,11005.939009428024,0.69617,0.35687,0.81013,0.9016,0.81296,0.90508,0.66501,0.70866,0.35567,0.80869,0.00013209789999999997,0.00013209789999999997,0.00013209789999999997
yolo_yolov5m_20260729_154624,yolo,yolo_yolov5m_20260729_154624,yolov5m.pt,/root/autodl-fs/datasets/DAIR-V2X_YOLO_Vehicle5/dairv2x_vehicle5.yaml,train,91,11123.87947010994,0.67422,0.34844,0.80551,0.8962,0.81426,0.90332,0.66225,0.71438,0.35789,0.80923,0.00012109899999999997,0.00012109899999999997,0.00012109899999999997
yolo_yolov5m_20260729_154624,yolo,yolo_yolov5m_20260729_154624,yolov5m.pt,/root/autodl-fs/datasets/DAIR-V2X_YOLO_Vehicle5/dairv2x_vehicle5.yaml,train,92,11240.676535844803,0.67243,0.34711,0.8041,0.89635,0.81091,0.90326,0.66222,0.7142,0.35822,0.80904,0.00011010009999999996,0.00011010009999999996,0.00011010009999999996
yolo_yolov5m_20260729_154624,yolo,yolo_yolov5m_20260729_154624,yolov5m.pt,/root/autodl-fs/datasets/DAIR-V2X_YOLO_Vehicle5/dairv2x_vehicle5.yaml,train,93,11357.804577589035,0.67084,0.34553,0.80244,0.89999,0.80855,0.90305,0.66194,0.71263,0.35731,0.80892,9.910119999999996e-05,9.910119999999996e-05,9.910119999999996e-05
yolo_yolov5m_20260729_154624,yolo,yolo_yolov5m_20260729_154624,yolov5m.pt,/root/autodl-fs/datasets/DAIR-V2X_YOLO_Vehicle5/dairv2x_vehicle5.yaml,train,94,11474.576474666595,0.66836,0.34489,0.80357,0.89458,0.81596,0.90289,0.66259,0.71267,0.35679,0.80884,8.810229999999993e-05,8.810229999999993e-05,8.810229999999993e-05
yolo_yolov5m_20260729_154624,yolo,yolo_yolov5m_20260729_154624,yolov5m.pt,/root/autodl-fs/datasets/DAIR-V2X_YOLO_Vehicle5/dairv2x_vehicle5.yaml,train,95,11590.262929916382,0.66636,0.34295,0.80268,0.89945,0.81309,0.90397,0.66291,0.71241,0.35644,0.80903,7.710340000000005e-05,7.710340000000005e-05,7.710340000000005e-05
yolo_yolov5m_20260729_154624,yolo,yolo_yolov5m_20260729_154624,yolov5m.pt,/root/autodl-fs/datasets/DAIR-V2X_YOLO_Vehicle5/dairv2x_vehicle5.yaml,train,96,11706.49033331871,0.66224,0.34053,0.80212,0.89496,0.81581,0.90363,0.66281,0.7121,0.35573,0.80902,6.610450000000005e-05,6.610450000000005e-05,6.610450000000005e-05
yolo_yolov5m_20260729_154624,yolo,yolo_yolov5m_20260729_154624,yolov5m.pt,/root/autodl-fs/datasets/DAIR-V2X_YOLO_Vehicle5/dairv2x_vehicle5.yaml,train,97,11822.39925479889,0.66402,0.34036,0.80266,0.89816,0.81551,0.90391,0.66286,0.71125,0.35541,0.80901,5.5105600000000044e-05,5.5105600000000044e-05,5.5105600000000044e-05
yolo_yolov5m_20260729_154624,yolo,yolo_yolov5m_20260729_154624,yolov5m.pt,/root/autodl-fs/datasets/DAIR-V2X_YOLO_Vehicle5/dairv2x_vehicle5.yaml,train,98,11938.078718662262,0.66115,0.33987,0.80254,0.90196,0.81206,0.90384,0.66351,0.71126,0.35507,0.80897,4.410670000000003e-05,4.410670000000003e-05,4.410670000000003e-05
yolo_yolov5m_20260729_154624,yolo,yolo_yolov5m_20260729_154624,yolov5m.pt,/root/autodl-fs/datasets/DAIR-V2X_YOLO_Vehicle5/dairv2x_vehicle5.yaml,train,99,12053.48963189125,0.65894,0.33827,0.80172,0.89727,0.81499,0.9038,0.66329,0.71091,0.35508,0.80898,3.310780000000002e-05,3.310780000000002e-05,3.310780000000002e-05
yolo_yolov5m_20260729_154624,yolo,yolo_yolov5m_20260729_154624,yolov5m.pt,/root/autodl-fs/datasets/DAIR-V2X_YOLO_Vehicle5/dairv2x_vehicle5.yaml,train,100,12168.743153572083,0.65888,0.33744,0.80232,0.89881,0.81357,0.90378,0.66408,0.7103,0.35494,0.80883,2.2108900000000008e-05,2.2108900000000008e-05,2.2108900000000008e-05
yolo_yolov5n_20260729_222214,yolo,yolo_yolov5n_20260729_222214,yolov5n.pt,/root/autodl-fs/datasets/DAIR-V2X_YOLO_Vehicle5/dairv2x_vehicle5.yaml,train,1,51.762035608291626,1.47472,1.57984,0.97209,0.64766,0.56263,0.60163,0.32145,1.22403,0.8012,0.89411,0.00036916139240506326,0.00036916139240506326,0.00036916139240506326
yolo_yolov5n_20260729_222214,yolo,yolo_yolov5n_20260729_222214,yolov5n.pt,/root/autodl-fs/datasets/DAIR-V2X_YOLO_Vehicle5/dairv2x_vehicle5.yaml,train,2,96.73011255264282,1.24973,0.83201,0.90445,0.75199,0.60854,0.68889,0.39009,1.13517,0.70757,0.87376,0.0007321737279535865,0.0007321737279535865,0.0007321737279535865
yolo_yolov5n_20260729_222214,yolo,yolo_yolov5n_20260729_222214,yolov5n.pt,/root/autodl-fs/datasets/DAIR-V2X_YOLO_Vehicle5/dairv2x_vehicle5.yaml,train,3,140.93549180030823,1.19189,0.7584,0.89016,0.74548,0.63005,0.71883,0.41813,1.08918,0.66849,0.86599,0.0010878534635021097,0.0010878534635021097,0.0010878534635021097
yolo_yolov5n_20260729_222214,yolo,yolo_yolov5n_20260729_222214,yolov5n.pt,/root/autodl-fs/datasets/DAIR-V2X_YOLO_Vehicle5/dairv2x_vehicle5.yaml,train,4,184.73898601531982,1.15373,0.7125,0.882,0.78117,0.6438,0.73547,0.43916,1.06694,0.63228,0.8612,0.0010780033,0.0010780033,0.0010780033
yolo_yolov5n_20260729_222214,yolo,yolo_yolov5n_20260729_222214,yolov5n.pt,/root/autodl-fs/datasets/DAIR-V2X_YOLO_Vehicle5/dairv2x_vehicle5.yaml,train,5,228.59894394874573,1.11644,0.67722,0.87666,0.78859,0.66719,0.7572,0.4541,1.03487,0.61647,0.85544,0.0010670044,0.0010670044,0.0010670044
yolo_yolov5n_20260729_222214,yolo,yolo_yolov5n_20260729_222214,yolov5n.pt,/root/autodl-fs/datasets/DAIR-V2X_YOLO_Vehicle5/dairv2x_vehicle5.yaml,train,6,272.3111424446106,1.10525,0.65479,0.8738,0.78871,0.65374,0.75506,0.44204,1.02962,0.59292,0.85649,0.0010560055,0.0010560055,0.0010560055
yolo_yolov5n_20260729_222214,yolo,yolo_yolov5n_20260729_222214,yolov5n.pt,/root/autodl-fs/datasets/DAIR-V2X_YOLO_Vehicle5/dairv2x_vehicle5.yaml,train,7,315.97584891319275,1.09147,0.64014,0.87157,0.78689,0.69276,0.7751,0.46647,1.00707,0.57567,0.85259,0.0010450066,0.0010450066,0.0010450066
yolo_yolov5n_20260729_222214,yolo,yolo_yolov5n_20260729_222214,yolov5n.pt,/root/autodl-fs/datasets/DAIR-V2X_YOLO_Vehicle5/dairv2x_vehicle5.yaml,train,8,360.04579615592957,1.06916,0.62346,0.86807,0.81645,0.66878,0.77883,0.47803,0.98952,0.57239,0.84948,0.0010340077,0.0010340077,0.0010340077
yolo_yolov5n_20260729_222214,yolo,yolo_yolov5n_20260729_222214,yolov5n.pt,/root/autodl-fs/datasets/DAIR-V2X_YOLO_Vehicle5/dairv2x_vehicle5.yaml,train,9,403.84353828430176,1.05313,0.61072,0.86437,0.81956,0.67606,0.78102,0.48311,0.97913,0.55804,0.84828,0.0010230088,0.0010230088,0.0010230088
yolo_yolov5n_20260729_222214,yolo,yolo_yolov5n_20260729_222214,yolov5n.pt,/root/autodl-fs/datasets/DAIR-V2X_YOLO_Vehicle5/dairv2x_vehicle5.yaml,train,10,447.6649513244629,1.04464,0.60105,0.8639,0.82764,0.68496,0.78913,0.48603,0.98339,0.55578,0.84702,0.0010120099,0.0010120099,0.0010120099
yolo_yolov5n_20260729_222214,yolo,yolo_yolov5n_20260729_222214,yolov5n.pt,/root/autodl-fs/datasets/DAIR-V2X_YOLO_Vehicle5/dairv2x_vehicle5.yaml,train,11,491.4175672531128,1.03976,0.59567,0.86246,0.81903,0.69644,0.79343,0.49348,0.9566,0.54203,0.84456,0.001001011,0.001001011,0.001001011
yolo_yolov5n_20260729_222214,yolo,yolo_yolov5n_20260729_222214,yolov5n.pt,/root/autodl-fs/datasets/DAIR-V2X_YOLO_Vehicle5/dairv2x_vehicle5.yaml,train,12,535.3352706432343,1.03042,0.58942,0.86048,0.81725,0.68964,0.79287,0.49555,0.95792,0.54361,0.84344,0.0009900121,0.0009900121,0.0009900121
yolo_yolov5n_20260729_222214,yolo,yolo_yolov5n_20260729_222214,yolov5n.pt,/root/autodl-fs/datasets/DAIR-V2X_YOLO_Vehicle5/dairv2x_vehicle5.yaml,train,13,578.8270244598389,1.02279,0.5807,0.85956,0.83184,0.6923,0.80087,0.50665,0.95186,0.53405,0.84366,0.0009790132,0.0009790132,0.0009790132
yolo_yolov5n_20260729_222214,yolo,yolo_yolov5n_20260729_222214,yolov5n.pt,/root/autodl-fs/datasets/DAIR-V2X_YOLO_Vehicle5/dairv2x_vehicle5.yaml,train,14,622.242701292038,1.01938,0.57819,0.85833,0.8286,0.69407,0.79756,0.49796,0.95977,0.54153,0.84453,0.0009680143,0.0009680143,0.0009680143
yolo_yolov5n_20260729_222214,yolo,yolo_yolov5n_20260729_222214,yolov5n.pt,/root/autodl-fs/datasets/DAIR-V2X_YOLO_Vehicle5/dairv2x_vehicle5.yaml,train,15,665.6603403091431,1.01126,0.57087,0.85515,0.82243,0.69965,0.79647,0.50782,0.93843,0.52695,0.84187,0.0009570153999999999,0.0009570153999999999,0.0009570153999999999
yolo_yolov5n_20260729_222214,yolo,yolo_yolov5n_20260729_222214,yolov5n.pt,/root/autodl-fs/datasets/DAIR-V2X_YOLO_Vehicle5/dairv2x_vehicle5.yaml,train,16,709.5528268814087,1.00148,0.56745,0.85633,0.83441,0.70622,0.80715,0.50886,0.93541,0.52957,0.84051,0.0009460165,0.0009460165,0.0009460165
yolo_yolov5n_20260729_222214,yolo,yolo_yolov5n_20260729_222214,yolov5n.pt,/root/autodl-fs/datasets/DAIR-V2X_YOLO_Vehicle5/dairv2x_vehicle5.yaml,train,17,753.5777902603149,0.99743,0.5619,0.85455,0.83204,0.70022,0.80507,0.5153,0.92808,0.51696,0.83891,0.0009350176,0.0009350176,0.0009350176
yolo_yolov5n_20260729_222214,yolo,yolo_yolov5n_20260729_222214,yolov5n.pt,/root/autodl-fs/datasets/DAIR-V2X_YOLO_Vehicle5/dairv2x_vehicle5.yaml,train,18,797.219767332077,0.99284,0.55928,0.85336,0.83797,0.70438,0.80645,0.5092,0.93996,0.52534,0.84175,0.0009240187,0.0009240187,0.0009240187
yolo_yolov5n_20260729_222214,yolo,yolo_yolov5n_20260729_222214,yolov5n.pt,/root/autodl-fs/datasets/DAIR-V2X_YOLO_Vehicle5/dairv2x_vehicle5.yaml,train,19,840.9765367507935,0.9876,0.55558,0.85332,0.8246,0.7086,0.80744,0.51132,0.93506,0.52164,0.83996,0.0009130198000000001,0.0009130198000000001,0.0009130198000000001
yolo_yolov5n_20260729_222214,yolo,yolo_yolov5n_20260729_222214,yolov5n.pt,/root/autodl-fs/datasets/DAIR-V2X_YOLO_Vehicle5/dairv2x_vehicle5.yaml,train,20,884.5191769599915,0.98745,0.55476,0.85279,0.83809,0.70198,0.80757,0.51415,0.92743,0.51685,0.84011,0.0009020209000000001,0.0009020209000000001,0.0009020209000000001
yolo_yolov5n_20260729_222214,yolo,yolo_yolov5n_20260729_222214,yolov5n.pt,/root/autodl-fs/datasets/DAIR-V2X_YOLO_Vehicle5/dairv2x_vehicle5.yaml,train,21,928.049055814743,0.98131,0.55057,0.85095,0.83169,0.70819,0.81096,0.51625,0.92942,0.52334,0.83942,0.0008910220000000001,0.0008910220000000001,0.0008910220000000001
yolo_yolov5n_20260729_222214,yolo,yolo_yolov5n_20260729_222214,yolov5n.pt,/root/autodl-fs/datasets/DAIR-V2X_YOLO_Vehicle5/dairv2x_vehicle5.yaml,train,22,971.4014821052551,0.9764,0.54619,0.85071,0.8492,0.70909,0.8138,0.52094,0.91216,0.50859,0.83655,0.0008800231,0.0008800231,0.0008800231
yolo_yolov5n_20260729_222214,yolo,yolo_yolov5n_20260729_222214,yolov5n.pt,/root/autodl-fs/datasets/DAIR-V2X_YOLO_Vehicle5/dairv2x_vehicle5.yaml,train,23,1014.8053464889526,0.97565,0.54522,0.8499,0.86116,0.7005,0.81593,0.52138,0.91636,0.5095,0.83795,0.0008690242,0.0008690242,0.0008690242
yolo_yolov5n_20260729_222214,yolo,yolo_yolov5n_20260729_222214,yolov5n.pt,/root/autodl-fs/datasets/DAIR-V2X_YOLO_Vehicle5/dairv2x_vehicle5.yaml,train,24,1058.3012564182281,0.96896,0.54416,0.85033,0.84146,0.70378,0.8141,0.52152,0.91025,0.50945,0.838,0.0008580253,0.0008580253,0.0008580253
yolo_yolov5n_20260729_222214,yolo,yolo_yolov5n_20260729_222214,yolov5n.pt,/root/autodl-fs/datasets/DAIR-V2X_YOLO_Vehicle5/dairv2x_vehicle5.yaml,train,25,1102.0975329875946,0.96968,0.54109,0.84951,0.84141,0.71444,0.81711,0.52766,0.90292,0.50386,0.83589,0.0008470264,0.0008470264,0.0008470264
yolo_yolov5n_20260729_222214,yolo,yolo_yolov5n_20260729_222214,yolov5n.pt,/root/autodl-fs/datasets/DAIR-V2X_YOLO_Vehicle5/dairv2x_vehicle5.yaml,train,26,1145.9014930725098,0.96162,0.53549,0.84819,0.84923,0.71776,0.82372,0.5328,0.8994,0.49546,0.83458,0.0008360275,0.0008360275,0.0008360275
yolo_yolov5n_20260729_222214,yolo,yolo_yolov5n_20260729_222214,yolov5n.pt,/root/autodl-fs/datasets/DAIR-V2X_YOLO_Vehicle5/dairv2x_vehicle5.yaml,train,27,1189.5594336986542,0.96091,0.53595,0.84674,0.84012,0.71397,0.81966,0.52607,0.90315,0.50884,0.8349,0.0008250286000000001,0.0008250286000000001,0.0008250286000000001
yolo_yolov5n_20260729_222214,yolo,yolo_yolov5n_20260729_222214,yolov5n.pt,/root/autodl-fs/datasets/DAIR-V2X_YOLO_Vehicle5/dairv2x_vehicle5.yaml,train,28,1233.1177906990051,0.96452,0.53852,0.84888,0.85149,0.71452,0.82257,0.53077,0.90376,0.49954,0.83512,0.0008140297,0.0008140297,0.0008140297
yolo_yolov5n_20260729_222214,yolo,yolo_yolov5n_20260729_222214,yolov5n.pt,/root/autodl-fs/datasets/DAIR-V2X_YOLO_Vehicle5/dairv2x_vehicle5.yaml,train,29,1276.651561498642,0.95595,0.53393,0.84725,0.83434,0.72734,0.82238,0.53125,0.9031,0.49994,0.83481,0.0008030308,0.0008030308,0.0008030308
yolo_yolov5n_20260729_222214,yolo,yolo_yolov5n_20260729_222214,yolov5n.pt,/root/autodl-fs/datasets/DAIR-V2X_YOLO_Vehicle5/dairv2x_vehicle5.yaml,train,30,1320.000723361969,0.94968,0.52879,0.84575,0.84429,0.7148,0.82076,0.5365,0.8897,0.49033,0.83361,0.0007920319,0.0007920319,0.0007920319
yolo_yolov5n_20260729_222214,yolo,yolo_yolov5n_20260729_222214,yolov5n.pt,/root/autodl-fs/datasets/DAIR-V2X_YOLO_Vehicle5/dairv2x_vehicle5.yaml,train,31,1363.2788259983063,0.94973,0.52832,0.84592,0.86211,0.71289,0.82657,0.53902,0.89188,0.48911,0.83353,0.000781033,0.000781033,0.000781033
yolo_yolov5n_20260729_222214,yolo,yolo_yolov5n_20260729_222214,yolov5n.pt,/root/autodl-fs/datasets/DAIR-V2X_YOLO_Vehicle5/dairv2x_vehicle5.yaml,train,32,1407.0476369857788,0.94545,0.52692,0.84533,0.85943,0.71012,0.82345,0.53676,0.89317,0.49345,0.83319,0.0007700341,0.0007700341,0.0007700341
yolo_yolov5n_20260729_222214,yolo,yolo_yolov5n_20260729_222214,yolov5n.pt,/root/autodl-fs/datasets/DAIR-V2X_YOLO_Vehicle5/dairv2x_vehicle5.yaml,train,33,1451.0169520378113,0.94464,0.52572,0.84532,0.85019,0.72103,0.82588,0.53552,0.88825,0.49145,0.83324,0.0007590351999999999,0.0007590351999999999,0.0007590351999999999
yolo_yolov5n_20260729_222214,yolo,yolo_yolov5n_20260729_222214,yolov5n.pt,/root/autodl-fs/datasets/DAIR-V2X_YOLO_Vehicle5/dairv2x_vehicle5.yaml,train,34,1494.634165763855,0.94109,0.52225,0.84477,0.85442,0.72378,0.82969,0.53877,0.89143,0.48894,0.83311,0.0007480362999999999,0.0007480362999999999,0.0007480362999999999
yolo_yolov5n_20260729_222214,yolo,yolo_yolov5n_20260729_222214,yolov5n.pt,/root/autodl-fs/datasets/DAIR-V2X_YOLO_Vehicle5/dairv2x_vehicle5.yaml,train,35,1538.1562769412994,0.93866,0.52206,0.84434,0.85403,0.71858,0.82596,0.53706,0.88798,0.48929,0.83178,0.0007370373999999999,0.0007370373999999999,0.0007370373999999999
yolo_yolov5n_20260729_222214,yolo,yolo_yolov5n_20260729_222214,yolov5n.pt,/root/autodl-fs/datasets/DAIR-V2X_YOLO_Vehicle5/dairv2x_vehicle5.yaml,train,36,1581.8707113265991,0.93626,0.51909,0.84351,0.85642,0.72594,0.83224,0.54273,0.88888,0.48524,0.83145,0.0007260385,0.0007260385,0.0007260385
yolo_yolov5n_20260729_222214,yolo,yolo_yolov5n_20260729_222214,yolov5n.pt,/root/autodl-fs/datasets/DAIR-V2X_YOLO_Vehicle5/dairv2x_vehicle5.yaml,train,37,1625.4990944862366,0.93618,0.51777,0.84297,0.85031,0.73136,0.83283,0.54447,0.87881,0.48318,0.83129,0.0007150396000000001,0.0007150396000000001,0.0007150396000000001
yolo_yolov5n_20260729_222214,yolo,yolo_yolov5n_20260729_222214,yolov5n.pt,/root/autodl-fs/datasets/DAIR-V2X_YOLO_Vehicle5/dairv2x_vehicle5.yaml,train,38,1669.1590132713318,0.93431,0.51707,0.84262,0.85662,0.72956,0.83243,0.54635,0.87399,0.48107,0.83044,0.0007040407000000001,0.0007040407000000001,0.0007040407000000001
yolo_yolov5n_20260729_222214,yolo,yolo_yolov5n_20260729_222214,yolov5n.pt,/root/autodl-fs/datasets/DAIR-V2X_YOLO_Vehicle5/dairv2x_vehicle5.yaml,train,39,1712.9441592693329,0.92757,0.516,0.84231,0.85233,0.73704,0.83345,0.5444,0.87493,0.47882,0.83061,0.0006930418,0.0006930418,0.0006930418
yolo_yolov5n_20260729_222214,yolo,yolo_yolov5n_20260729_222214,yolov5n.pt,/root/autodl-fs/datasets/DAIR-V2X_YOLO_Vehicle5/dairv2x_vehicle5.yaml,train,40,1756.4588894844055,0.93132,0.51495,0.84151,0.85408,0.73234,0.83532,0.54887,0.87348,0.47795,0.83028,0.0006820429,0.0006820429,0.0006820429
yolo_yolov5n_20260729_222214,yolo,yolo_yolov5n_20260729_222214,yolov5n.pt,/root/autodl-fs/datasets/DAIR-V2X_YOLO_Vehicle5/dairv2x_vehicle5.yaml,train,41,1800.2526152133942,0.92662,0.51306,0.84292,0.85375,0.73098,0.83791,0.54692,0.87349,0.47702,0.82981,0.000671044,0.000671044,0.000671044
yolo_yolov5n_20260729_222214,yolo,yolo_yolov5n_20260729_222214,yolov5n.pt,/root/autodl-fs/datasets/DAIR-V2X_YOLO_Vehicle5/dairv2x_vehicle5.yaml,train,42,1843.9611792564392,0.92503,0.51118,0.84093,0.85248,0.7361,0.83663,0.54811,0.86622,0.47463,0.82931,0.0006600451000000001,0.0006600451000000001,0.0006600451000000001
yolo_yolov5n_20260729_222214,yolo,yolo_yolov5n_20260729_222214,yolov5n.pt,/root/autodl-fs/datasets/DAIR-V2X_YOLO_Vehicle5/dairv2x_vehicle5.yaml,train,43,1887.6532309055328,0.92289,0.50967,0.8413,0.84975,0.73847,0.83811,0.54886,0.87037,0.47718,0.82959,0.0006490462000000001,0.0006490462000000001,0.0006490462000000001
yolo_yolov5n_20260729_222214,yolo,yolo_yolov5n_20260729_222214,yolov5n.pt,/root/autodl-fs/datasets/DAIR-V2X_YOLO_Vehicle5/dairv2x_vehicle5.yaml,train,44,1931.3046245574951,0.92239,0.50862,0.84005,0.85052,0.73518,0.83611,0.54916,0.86895,0.47755,0.8291,0.0006380473000000001,0.0006380473000000001,0.0006380473000000001
yolo_yolov5n_20260729_222214,yolo,yolo_yolov5n_20260729_222214,yolov5n.pt,/root/autodl-fs/datasets/DAIR-V2X_YOLO_Vehicle5/dairv2x_vehicle5.yaml,train,45,1974.9558391571045,0.91972,0.50863,0.83979,0.85312,0.74155,0.83876,0.54627,0.86941,0.47507,0.82936,0.0006270484,0.0006270484,0.0006270484
yolo_yolov5n_20260729_222214,yolo,yolo_yolov5n_20260729_222214,yolov5n.pt,/root/autodl-fs/datasets/DAIR-V2X_YOLO_Vehicle5/dairv2x_vehicle5.yaml,train,46,2018.5960719585419,0.91814,0.50632,0.84046,0.86274,0.7348,0.83969,0.55169,0.86611,0.47254,0.82846,0.0006160495,0.0006160495,0.0006160495
yolo_yolov5n_20260729_222214,yolo,yolo_yolov5n_20260729_222214,yolov5n.pt,/root/autodl-fs/datasets/DAIR-V2X_YOLO_Vehicle5/dairv2x_vehicle5.yaml,train,47,2062.100654602051,0.91647,0.50483,0.83908,0.85172,0.74158,0.84207,0.55658,0.85742,0.46759,0.82731,0.0006050506000000001,0.0006050506000000001,0.0006050506000000001
yolo_yolov5n_20260729_222214,yolo,yolo_yolov5n_20260729_222214,yolov5n.pt,/root/autodl-fs/datasets/DAIR-V2X_YOLO_Vehicle5/dairv2x_vehicle5.yaml,train,48,2105.4984724521637,0.91415,0.50497,0.84018,0.85598,0.74026,0.83923,0.55232,0.86067,0.47191,0.82822,0.0005940517000000001,0.0005940517000000001,0.0005940517000000001
yolo_yolov5n_20260729_222214,yolo,yolo_yolov5n_20260729_222214,yolov5n.pt,/root/autodl-fs/datasets/DAIR-V2X_YOLO_Vehicle5/dairv2x_vehicle5.yaml,train,49,2149.08038854599,0.91549,0.50471,0.84006,0.85862,0.74091,0.83963,0.5538,0.86017,0.46903,0.82777,0.0005830528000000001,0.0005830528000000001,0.0005830528000000001
yolo_yolov5n_20260729_222214,yolo,yolo_yolov5n_20260729_222214,yolov5n.pt,/root/autodl-fs/datasets/DAIR-V2X_YOLO_Vehicle5/dairv2x_vehicle5.yaml,train,50,2192.9114179611206,0.91152,0.50284,0.83947,0.84927,0.74854,0.8442,0.55605,0.85843,0.46806,0.82735,0.0005720539000000001,0.0005720539000000001,0.0005720539000000001
yolo_yolov5n_20260729_222214,yolo,yolo_yolov5n_20260729_222214,yolov5n.pt,/root/autodl-fs/datasets/DAIR-V2X_YOLO_Vehicle5/dairv2x_vehicle5.yaml,train,51,2236.444359064102,0.90786,0.49967,0.83826,0.85254,0.73664,0.84249,0.55472,0.85682,0.46756,0.82728,0.000561055,0.000561055,0.000561055
yolo_yolov5n_20260729_222214,yolo,yolo_yolov5n_20260729_222214,yolov5n.pt,/root/autodl-fs/datasets/DAIR-V2X_YOLO_Vehicle5/dairv2x_vehicle5.yaml,train,52,2279.9789848327637,0.90693,0.50069,0.8385,0.86297,0.74156,0.84522,0.55853,0.85764,0.4651,0.82768,0.0005500561,0.0005500561,0.0005500561
yolo_yolov5n_20260729_222214,yolo,yolo_yolov5n_20260729_222214,yolov5n.pt,/root/autodl-fs/datasets/DAIR-V2X_YOLO_Vehicle5/dairv2x_vehicle5.yaml,train,53,2324.201201438904,0.90847,0.50067,0.83832,0.8618,0.74315,0.84445,0.55703,0.8568,0.46608,0.82746,0.0005390572,0.0005390572,0.0005390572
yolo_yolov5n_20260729_222214,yolo,yolo_yolov5n_20260729_222214,yolov5n.pt,/root/autodl-fs/datasets/DAIR-V2X_YOLO_Vehicle5/dairv2x_vehicle5.yaml,train,54,2368.5651693344116,0.90631,0.49916,0.83897,0.8597,0.74942,0.84694,0.56069,0.85129,0.4641,0.8268,0.0005280583,0.0005280583,0.0005280583
yolo_yolov5n_20260729_222214,yolo,yolo_yolov5n_20260729_222214,yolov5n.pt,/root/autodl-fs/datasets/DAIR-V2X_YOLO_Vehicle5/dairv2x_vehicle5.yaml,train,55,2412.0551426410675,0.9033,0.49732,0.83717,0.86532,0.73948,0.8446,0.55744,0.8516,0.46361,0.82651,0.0005170594,0.0005170594,0.0005170594
yolo_yolov5n_20260729_222214,yolo,yolo_yolov5n_20260729_222214,yolov5n.pt,/root/autodl-fs/datasets/DAIR-V2X_YOLO_Vehicle5/dairv2x_vehicle5.yaml,train,56,2455.47176861763,0.90272,0.49725,0.83767,0.86612,0.73821,0.84391,0.55934,0.85212,0.46499,0.8269,0.0005060605,0.0005060605,0.0005060605
yolo_yolov5n_20260729_222214,yolo,yolo_yolov5n_20260729_222214,yolov5n.pt,/root/autodl-fs/datasets/DAIR-V2X_YOLO_Vehicle5/dairv2x_vehicle5.yaml,train,57,2499.000086545944,0.90088,0.49446,0.83739,0.86691,0.74062,0.84725,0.55952,0.84685,0.45949,0.82615,0.0004950616,0.0004950616,0.0004950616
yolo_yolov5n_20260729_222214,yolo,yolo_yolov5n_20260729_222214,yolov5n.pt,/root/autodl-fs/datasets/DAIR-V2X_YOLO_Vehicle5/dairv2x_vehicle5.yaml,train,58,2543.1491346359253,0.89604,0.49256,0.8369,0.86715,0.74039,0.84565,0.5604,0.84744,0.45981,0.82601,0.0004840627,0.0004840627,0.0004840627
yolo_yolov5n_20260729_222214,yolo,yolo_yolov5n_20260729_222214,yolov5n.pt,/root/autodl-fs/datasets/DAIR-V2X_YOLO_Vehicle5/dairv2x_vehicle5.yaml,train,59,2586.6561629772186,0.89916,0.49448,0.83681,0.86159,0.74321,0.84613,0.55957,0.8491,0.46105,0.8265,0.0004730638000000001,0.0004730638000000001,0.0004730638000000001
yolo_yolov5n_20260729_222214,yolo,yolo_yolov5n_20260729_222214,yolov5n.pt,/root/autodl-fs/datasets/DAIR-V2X_YOLO_Vehicle5/dairv2x_vehicle5.yaml,train,60,2630.2452375888824,0.89591,0.49176,0.8363,0.86581,0.73967,0.84663,0.56068,0.84862,0.46123,0.82593,0.0004620649000000001,0.0004620649000000001,0.0004620649000000001
yolo_yolov5n_20260729_222214,yolo,yolo_yolov5n_20260729_222214,yolov5n.pt,/root/autodl-fs/datasets/DAIR-V2X_YOLO_Vehicle5/dairv2x_vehicle5.yaml,train,61,2673.6973526477814,0.89371,0.49209,0.8359,0.86996,0.74291,0.84684,0.563,0.84779,0.45794,0.82557,0.000451066,0.000451066,0.000451066
yolo_yolov5n_20260729_222214,yolo,yolo_yolov5n_20260729_222214,yolov5n.pt,/root/autodl-fs/datasets/DAIR-V2X_YOLO_Vehicle5/dairv2x_vehicle5.yaml,train,62,2717.179799079895,0.89132,0.4898,0.83691,0.86248,0.74548,0.84761,0.56194,0.84612,0.45896,0.82561,0.0004400671,0.0004400671,0.0004400671
yolo_yolov5n_20260729_222214,yolo,yolo_yolov5n_20260729_222214,yolov5n.pt,/root/autodl-fs/datasets/DAIR-V2X_YOLO_Vehicle5/dairv2x_vehicle5.yaml,train,63,2760.6919798851013,0.89268,0.49047,0.8354,0.8601,0.74585,0.84763,0.56432,0.84652,0.45803,0.82573,0.00042906819999999997,0.00042906819999999997,0.00042906819999999997
yolo_yolov5n_20260729_222214,yolo,yolo_yolov5n_20260729_222214,yolov5n.pt,/root/autodl-fs/datasets/DAIR-V2X_YOLO_Vehicle5/dairv2x_vehicle5.yaml,train,64,2803.8837637901306,0.89167,0.48785,0.83516,0.86388,0.74407,0.84909,0.56089,0.84494,0.45657,0.82549,0.0004180693,0.0004180693,0.0004180693
yolo_yolov5n_20260729_222214,yolo,yolo_yolov5n_20260729_222214,yolov5n.pt,/root/autodl-fs/datasets/DAIR-V2X_YOLO_Vehicle5/dairv2x_vehicle5.yaml,train,65,2847.4443016052246,0.88653,0.48575,0.83537,0.86447,0.74493,0.84865,0.5643,0.84104,0.45584,0.82466,0.0004070704,0.0004070704,0.0004070704
yolo_yolov5n_20260729_222214,yolo,yolo_yolov5n_20260729_222214,yolov5n.pt,/root/autodl-fs/datasets/DAIR-V2X_YOLO_Vehicle5/dairv2x_vehicle5.yaml,train,66,2891.1191716194153,0.8857,0.48599,0.83519,0.86228,0.74709,0.8485,0.56359,0.84177,0.45607,0.82473,0.00039607149999999996,0.00039607149999999996,0.00039607149999999996
yolo_yolov5n_20260729_222214,yolo,yolo_yolov5n_20260729_222214,yolov5n.pt,/root/autodl-fs/datasets/DAIR-V2X_YOLO_Vehicle5/dairv2x_vehicle5.yaml,train,67,2935.4593069553375,0.88742,0.48533,0.83443,0.86018,0.74298,0.84903,0.56293,0.84076,0.45539,0.82486,0.00038507259999999996,0.00038507259999999996,0.00038507259999999996
yolo_yolov5n_20260729_222214,yolo,yolo_yolov5n_20260729_222214,yolov5n.pt,/root/autodl-fs/datasets/DAIR-V2X_YOLO_Vehicle5/dairv2x_vehicle5.yaml,train,68,2979.465117454529,0.88542,0.4851,0.83459,0.86462,0.74726,0.84995,0.56203,0.84254,0.45648,0.82513,0.00037407369999999996,0.00037407369999999996,0.00037407369999999996
yolo_yolov5n_20260729_222214,yolo,yolo_yolov5n_20260729_222214,yolov5n.pt,/root/autodl-fs/datasets/DAIR-V2X_YOLO_Vehicle5/dairv2x_vehicle5.yaml,train,69,3022.9311048984528,0.88224,0.48371,0.8349,0.87114,0.74275,0.85223,0.56681,0.83895,0.45356,0.82426,0.00036307479999999996,0.00036307479999999996,0.00036307479999999996
yolo_yolov5n_20260729_222214,yolo,yolo_yolov5n_20260729_222214,yolov5n.pt,/root/autodl-fs/datasets/DAIR-V2X_YOLO_Vehicle5/dairv2x_vehicle5.yaml,train,70,3066.506099462509,0.88229,0.48168,0.8337,0.86417,0.74664,0.85094,0.56575,0.84141,0.45513,0.82452,0.00035207590000000007,0.00035207590000000007,0.00035207590000000007
yolo_yolov5n_20260729_222214,yolo,yolo_yolov5n_20260729_222214,yolov5n.pt,/root/autodl-fs/datasets/DAIR-V2X_YOLO_Vehicle5/dairv2x_vehicle5.yaml,train,71,3110.095833301544,0.88509,0.4846,0.83472,0.86243,0.75389,0.85197,0.5656,0.83855,0.45255,0.82422,0.00034107700000000007,0.00034107700000000007,0.00034107700000000007
yolo_yolov5n_20260729_222214,yolo,yolo_yolov5n_20260729_222214,yolov5n.pt,/root/autodl-fs/datasets/DAIR-V2X_YOLO_Vehicle5/dairv2x_vehicle5.yaml,train,72,3153.459582090378,0.88205,0.48155,0.83361,0.86596,0.74762,0.8505,0.56688,0.83847,0.45318,0.82393,0.0003300781,0.0003300781,0.0003300781
yolo_yolov5n_20260729_222214,yolo,yolo_yolov5n_20260729_222214,yolov5n.pt,/root/autodl-fs/datasets/DAIR-V2X_YOLO_Vehicle5/dairv2x_vehicle5.yaml,train,73,3196.8900995254517,0.87772,0.47948,0.83357,0.86793,0.7498,0.85199,0.56662,0.83639,0.45098,0.82389,0.0003190792,0.0003190792,0.0003190792
yolo_yolov5n_20260729_222214,yolo,yolo_yolov5n_20260729_222214,yolov5n.pt,/root/autodl-fs/datasets/DAIR-V2X_YOLO_Vehicle5/dairv2x_vehicle5.yaml,train,74,3240.812164068222,0.87724,0.48064,0.83322,0.86515,0.75013,0.85244,0.56623,0.83633,0.45164,0.8238,0.00030808030000000007,0.00030808030000000007,0.00030808030000000007
yolo_yolov5n_20260729_222214,yolo,yolo_yolov5n_20260729_222214,yolov5n.pt,/root/autodl-fs/datasets/DAIR-V2X_YOLO_Vehicle5/dairv2x_vehicle5.yaml,train,75,3284.7147471904755,0.87624,0.47894,0.83263,0.85772,0.75115,0.85156,0.56659,0.83715,0.45024,0.82398,0.0002970814,0.0002970814,0.0002970814
yolo_yolov5n_20260729_222214,yolo,yolo_yolov5n_20260729_222214,yolov5n.pt,/root/autodl-fs/datasets/DAIR-V2X_YOLO_Vehicle5/dairv2x_vehicle5.yaml,train,76,3328.3793680667877,0.87504,0.47748,0.8336,0.86995,0.74756,0.85204,0.56647,0.83589,0.45159,0.82392,0.0002860825,0.0002860825,0.0002860825
yolo_yolov5n_20260729_222214,yolo,yolo_yolov5n_20260729_222214,yolov5n.pt,/root/autodl-fs/datasets/DAIR-V2X_YOLO_Vehicle5/dairv2x_vehicle5.yaml,train,77,3372.0095765590668,0.87293,0.4777,0.83346,0.86736,0.74827,0.8528,0.56635,0.83538,0.45108,0.82408,0.0002750836,0.0002750836,0.0002750836
yolo_yolov5n_20260729_222214,yolo,yolo_yolov5n_20260729_222214,yolov5n.pt,/root/autodl-fs/datasets/DAIR-V2X_YOLO_Vehicle5/dairv2x_vehicle5.yaml,train,78,3415.91587638855,0.87233,0.47635,0.83324,0.86186,0.75303,0.85273,0.56837,0.83656,0.45032,0.82401,0.0002640847,0.0002640847,0.0002640847
yolo_yolov5n_20260729_222214,yolo,yolo_yolov5n_20260729_222214,yolov5n.pt,/root/autodl-fs/datasets/DAIR-V2X_YOLO_Vehicle5/dairv2x_vehicle5.yaml,train,79,3459.3640298843384,0.86851,0.47428,0.83124,0.8664,0.75055,0.85478,0.57067,0.83395,0.44825,0.82338,0.00025308579999999995,0.00025308579999999995,0.00025308579999999995
yolo_yolov5n_20260729_222214,yolo,yolo_yolov5n_20260729_222214,yolov5n.pt,/root/autodl-fs/datasets/DAIR-V2X_YOLO_Vehicle5/dairv2x_vehicle5.yaml,train,80,3502.761205673218,0.87019,0.47516,0.83167,0.86731,0.75075,0.85393,0.57028,0.83451,0.44891,0.82356,0.00024208689999999998,0.00024208689999999998,0.00024208689999999998
yolo_yolov5n_20260729_222214,yolo,yolo_yolov5n_20260729_222214,yolov5n.pt,/root/autodl-fs/datasets/DAIR-V2X_YOLO_Vehicle5/dairv2x_vehicle5.yaml,train,81,3546.718812227249,0.86436,0.47242,0.83174,0.87049,0.748,0.8531,0.57063,0.83308,0.44921,0.82341,0.00023108799999999995,0.00023108799999999995,0.00023108799999999995
yolo_yolov5n_20260729_222214,yolo,yolo_yolov5n_20260729_222214,yolov5n.pt,/root/autodl-fs/datasets/DAIR-V2X_YOLO_Vehicle5/dairv2x_vehicle5.yaml,train,82,3590.3188292980194,0.86624,0.47268,0.83166,0.86705,0.75099,0.8538,0.5699,0.83303,0.44734,0.82334,0.00022008909999999993,0.00022008909999999993,0.00022008909999999993
yolo_yolov5n_20260729_222214,yolo,yolo_yolov5n_20260729_222214,yolov5n.pt,/root/autodl-fs/datasets/DAIR-V2X_YOLO_Vehicle5/dairv2x_vehicle5.yaml,train,83,3634.2545108795166,0.86362,0.47156,0.83152,0.87047,0.7521,0.85504,0.57047,0.83233,0.44818,0.82326,0.00020909020000000006,0.00020909020000000006,0.00020909020000000006
yolo_yolov5n_20260729_222214,yolo,yolo_yolov5n_20260729_222214,yolov5n.pt,/root/autodl-fs/datasets/DAIR-V2X_YOLO_Vehicle5/dairv2x_vehicle5.yaml,train,84,3677.988935947418,0.86528,0.47219,0.83133,0.87225,0.74914,0.85501,0.57083,0.83165,0.44738,0.82316,0.00019809130000000006,0.00019809130000000006,0.00019809130000000006
yolo_yolov5n_20260729_222214,yolo,yolo_yolov5n_20260729_222214,yolov5n.pt,/root/autodl-fs/datasets/DAIR-V2X_YOLO_Vehicle5/dairv2x_vehicle5.yaml,train,85,3721.3710877895355,0.86314,0.47024,0.83139,0.87209,0.7482,0.85503,0.57119,0.83096,0.44611,0.82306,0.00018709240000000006,0.00018709240000000006,0.00018709240000000006
yolo_yolov5n_20260729_222214,yolo,yolo_yolov5n_20260729_222214,yolov5n.pt,/root/autodl-fs/datasets/DAIR-V2X_YOLO_Vehicle5/dairv2x_vehicle5.yaml,train,86,3764.9425983428955,0.86251,0.47001,0.83048,0.87393,0.74749,0.85533,0.57039,0.83121,0.44691,0.82311,0.00017609350000000003,0.00017609350000000003,0.00017609350000000003
yolo_yolov5n_20260729_222214,yolo,yolo_yolov5n_20260729_222214,yolov5n.pt,/root/autodl-fs/datasets/DAIR-V2X_YOLO_Vehicle5/dairv2x_vehicle5.yaml,train,87,3808.306065559387,0.85992,0.46864,0.83101,0.86387,0.75384,0.85644,0.57043,0.83082,0.44573,0.82312,0.0001650946,0.0001650946,0.0001650946
yolo_yolov5n_20260729_222214,yolo,yolo_yolov5n_20260729_222214,yolov5n.pt,/root/autodl-fs/datasets/DAIR-V2X_YOLO_Vehicle5/dairv2x_vehicle5.yaml,train,88,3851.727818250656,0.8571,0.46661,0.83056,0.8671,0.75379,0.8561,0.57116,0.83024,0.44543,0.82294,0.00015409570000000003,0.00015409570000000003,0.00015409570000000003
yolo_yolov5n_20260729_222214,yolo,yolo_yolov5n_20260729_222214,yolov5n.pt,/root/autodl-fs/datasets/DAIR-V2X_YOLO_Vehicle5/dairv2x_vehicle5.yaml,train,89,3895.05570936203,0.85561,0.46653,0.83083,0.86677,0.75566,0.85669,0.57322,0.82878,0.44491,0.82284,0.0001430968,0.0001430968,0.0001430968
yolo_yolov5n_20260729_222214,yolo,yolo_yolov5n_20260729_222214,yolov5n.pt,/root/autodl-fs/datasets/DAIR-V2X_YOLO_Vehicle5/dairv2x_vehicle5.yaml,train,90,3938.52028465271,0.85652,0.46702,0.83099,0.86592,0.75652,0.85724,0.5731,0.82772,0.44402,0.82268,0.00013209789999999997,0.00013209789999999997,0.00013209789999999997
yolo_yolov5n_20260729_222214,yolo,yolo_yolov5n_20260729_222214,yolov5n.pt,/root/autodl-fs/datasets/DAIR-V2X_YOLO_Vehicle5/dairv2x_vehicle5.yaml,train,91,3978.0413217544556,0.82805,0.45519,0.82579,0.85741,0.75404,0.8526,0.56641,0.83989,0.45116,0.82427,0.00012109899999999997,0.00012109899999999997,0.00012109899999999997
yolo_yolov5n_20260729_222214,yolo,yolo_yolov5n_20260729_222214,yolov5n.pt,/root/autodl-fs/datasets/DAIR-V2X_YOLO_Vehicle5/dairv2x_vehicle5.yaml,train,92,4016.680093765259,0.82276,0.45082,0.82373,0.8671,0.75317,0.85315,0.56734,0.8378,0.45037,0.82371,0.00011010009999999996,0.00011010009999999996,0.00011010009999999996
yolo_yolov5n_20260729_222214,yolo,yolo_yolov5n_20260729_222214,yolov5n.pt,/root/autodl-fs/datasets/DAIR-V2X_YOLO_Vehicle5/dairv2x_vehicle5.yaml,train,93,4055.588587999344,0.8169,0.44731,0.82375,0.87073,0.75064,0.85313,0.56847,0.83615,0.449,0.82355,9.910119999999996e-05,9.910119999999996e-05,9.910119999999996e-05
yolo_yolov5n_20260729_222214,yolo,yolo_yolov5n_20260729_222214,yolov5n.pt,/root/autodl-fs/datasets/DAIR-V2X_YOLO_Vehicle5/dairv2x_vehicle5.yaml,train,94,4094.1793785095215,0.81384,0.44598,0.82406,0.86987,0.74941,0.85259,0.56846,0.83546,0.44926,0.82338,8.810229999999993e-05,8.810229999999993e-05,8.810229999999993e-05
yolo_yolov5n_20260729_222214,yolo,yolo_yolov5n_20260729_222214,yolov5n.pt,/root/autodl-fs/datasets/DAIR-V2X_YOLO_Vehicle5/dairv2x_vehicle5.yaml,train,95,4133.332302331924,0.81292,0.44492,0.82294,0.86779,0.75316,0.85436,0.56921,0.83388,0.44871,0.82325,7.710340000000005e-05,7.710340000000005e-05,7.710340000000005e-05
yolo_yolov5n_20260729_222214,yolo,yolo_yolov5n_20260729_222214,yolov5n.pt,/root/autodl-fs/datasets/DAIR-V2X_YOLO_Vehicle5/dairv2x_vehicle5.yaml,train,96,4171.788835287094,0.80992,0.4429,0.82263,0.86469,0.75507,0.85378,0.56933,0.83305,0.4483,0.82305,6.610450000000005e-05,6.610450000000005e-05,6.610450000000005e-05
yolo_yolov5n_20260729_222214,yolo,yolo_yolov5n_20260729_222214,yolov5n.pt,/root/autodl-fs/datasets/DAIR-V2X_YOLO_Vehicle5/dairv2x_vehicle5.yaml,train,97,4210.268351554871,0.80997,0.44322,0.82245,0.86341,0.7594,0.85456,0.57108,0.83151,0.44799,0.82278,5.5105600000000044e-05,5.5105600000000044e-05,5.5105600000000044e-05
yolo_yolov5n_20260729_222214,yolo,yolo_yolov5n_20260729_222214,yolov5n.pt,/root/autodl-fs/datasets/DAIR-V2X_YOLO_Vehicle5/dairv2x_vehicle5.yaml,train,98,4248.808383703232,0.8089,0.44287,0.82223,0.86577,0.754,0.85364,0.57054,0.83128,0.44827,0.82283,4.410670000000003e-05,4.410670000000003e-05,4.410670000000003e-05
yolo_yolov5n_20260729_222214,yolo,yolo_yolov5n_20260729_222214,yolov5n.pt,/root/autodl-fs/datasets/DAIR-V2X_YOLO_Vehicle5/dairv2x_vehicle5.yaml,train,99,4287.233361005783,0.80505,0.44131,0.82199,0.86655,0.75638,0.85449,0.57005,0.83084,0.44754,0.82275,3.310780000000002e-05,3.310780000000002e-05,3.310780000000002e-05
yolo_yolov5n_20260729_222214,yolo,yolo_yolov5n_20260729_222214,yolov5n.pt,/root/autodl-fs/datasets/DAIR-V2X_YOLO_Vehicle5/dairv2x_vehicle5.yaml,train,100,4325.725202083588,0.80492,0.43941,0.82208,0.86657,0.75702,0.85438,0.57063,0.83021,0.44733,0.82262,2.2108900000000008e-05,2.2108900000000008e-05,2.2108900000000008e-05
yolo_yolov5s_20260730_003608,yolo,yolo_yolov5s_20260730_003608,yolov5s.pt,/root/autodl-fs/datasets/DAIR-V2X_YOLO_Vehicle5/dairv2x_vehicle5.yaml,train,1,75.28239130973816,1.20407,0.94957,0.92042,0.80873,0.65798,0.75365,0.45405,1.03119,0.59077,0.86292,0.00036916139240506326,0.00036916139240506326,0.00036916139240506326
yolo_yolov5s_20260730_003608,yolo,yolo_yolov5s_20260730_003608,yolov5s.pt,/root/autodl-fs/datasets/DAIR-V2X_YOLO_Vehicle5/dairv2x_vehicle5.yaml,train,2,144.85142588615417,1.06515,0.61368,0.87246,0.80989,0.70819,0.79711,0.49538,0.97504,0.54684,0.85033,0.0007321737279535865,0.0007321737279535865,0.0007321737279535865
yolo_yolov5s_20260730_003608,yolo,yolo_yolov5s_20260730_003608,yolov5s.pt,/root/autodl-fs/datasets/DAIR-V2X_YOLO_Vehicle5/dairv2x_vehicle5.yaml,train,3,213.6895740032196,1.03806,0.58601,0.86535,0.81155,0.70599,0.79945,0.49899,0.96281,0.54456,0.84599,0.0010878534635021097,0.0010878534635021097,0.0010878534635021097
yolo_yolov5s_20260730_003608,yolo,yolo_yolov5s_20260730_003608,yolov5s.pt,/root/autodl-fs/datasets/DAIR-V2X_YOLO_Vehicle5/dairv2x_vehicle5.yaml,train,4,282.7069125175476,1.00485,0.56257,0.85873,0.85407,0.6992,0.80923,0.50805,0.96557,0.53507,0.84555,0.0010780033,0.0010780033,0.0010780033
yolo_yolov5s_20260730_003608,yolo,yolo_yolov5s_20260730_003608,yolov5s.pt,/root/autodl-fs/datasets/DAIR-V2X_YOLO_Vehicle5/dairv2x_vehicle5.yaml,train,5,351.5359728336334,0.98645,0.54896,0.85658,0.84353,0.72921,0.82495,0.52436,0.94309,0.51263,0.8413,0.0010670044,0.0010670044,0.0010670044
yolo_yolov5s_20260730_003608,yolo,yolo_yolov5s_20260730_003608,yolov5s.pt,/root/autodl-fs/datasets/DAIR-V2X_YOLO_Vehicle5/dairv2x_vehicle5.yaml,train,6,419.97209787368774,0.97082,0.53778,0.85231,0.83785,0.7394,0.83032,0.533,0.91222,0.49549,0.83841,0.0010560055,0.0010560055,0.0010560055
yolo_yolov5s_20260730_003608,yolo,yolo_yolov5s_20260730_003608,yolov5s.pt,/root/autodl-fs/datasets/DAIR-V2X_YOLO_Vehicle5/dairv2x_vehicle5.yaml,train,7,488.32326459884644,0.95726,0.52895,0.85025,0.85439,0.73104,0.83568,0.53854,0.89969,0.50056,0.83752,0.0010450066,0.0010450066,0.0010450066
yolo_yolov5s_20260730_003608,yolo,yolo_yolov5s_20260730_003608,yolov5s.pt,/root/autodl-fs/datasets/DAIR-V2X_YOLO_Vehicle5/dairv2x_vehicle5.yaml,train,8,556.7140610218048,0.9477,0.52238,0.84891,0.83738,0.7575,0.84715,0.55525,0.87935,0.48722,0.83226,0.0010340077,0.0010340077,0.0010340077
yolo_yolov5s_20260730_003608,yolo,yolo_yolov5s_20260730_003608,yolov5s.pt,/root/autodl-fs/datasets/DAIR-V2X_YOLO_Vehicle5/dairv2x_vehicle5.yaml,train,9,625.579174041748,0.93052,0.51317,0.84569,0.86468,0.74645,0.84638,0.55219,0.88132,0.47941,0.83424,0.0010230088,0.0010230088,0.0010230088
yolo_yolov5s_20260730_003608,yolo,yolo_yolov5s_20260730_003608,yolov5s.pt,/root/autodl-fs/datasets/DAIR-V2X_YOLO_Vehicle5/dairv2x_vehicle5.yaml,train,10,694.1782171726227,0.92712,0.50901,0.84546,0.82157,0.76066,0.83827,0.54535,0.88679,0.48431,0.83367,0.0010120099,0.0010120099,0.0010120099
yolo_yolov5s_20260730_003608,yolo,yolo_yolov5s_20260730_003608,yolov5s.pt,/root/autodl-fs/datasets/DAIR-V2X_YOLO_Vehicle5/dairv2x_vehicle5.yaml,train,11,762.6094753742218,0.92443,0.51058,0.84514,0.84588,0.74488,0.84034,0.54948,0.87567,0.47579,0.83247,0.001001011,0.001001011,0.001001011
yolo_yolov5s_20260730_003608,yolo,yolo_yolov5s_20260730_003608,yolov5s.pt,/root/autodl-fs/datasets/DAIR-V2X_YOLO_Vehicle5/dairv2x_vehicle5.yaml,train,12,831.0750184059143,0.91395,0.50356,0.84335,0.84963,0.74782,0.83997,0.55236,0.87784,0.48053,0.83183,0.0009900121,0.0009900121,0.0009900121
yolo_yolov5s_20260730_003608,yolo,yolo_yolov5s_20260730_003608,yolov5s.pt,/root/autodl-fs/datasets/DAIR-V2X_YOLO_Vehicle5/dairv2x_vehicle5.yaml,train,13,900.132964849472,0.90346,0.49611,0.84159,0.86774,0.74864,0.84667,0.55763,0.85928,0.47079,0.83003,0.0009790132,0.0009790132,0.0009790132
yolo_yolov5s_20260730_003608,yolo,yolo_yolov5s_20260730_003608,yolov5s.pt,/root/autodl-fs/datasets/DAIR-V2X_YOLO_Vehicle5/dairv2x_vehicle5.yaml,train,14,969.1946532726288,0.90084,0.49346,0.84003,0.86432,0.75952,0.85236,0.56664,0.85409,0.46651,0.8283,0.0009680143,0.0009680143,0.0009680143
yolo_yolov5s_20260730_003608,yolo,yolo_yolov5s_20260730_003608,yolov5s.pt,/root/autodl-fs/datasets/DAIR-V2X_YOLO_Vehicle5/dairv2x_vehicle5.yaml,train,15,1037.8530008792877,0.89228,0.48819,0.83708,0.86934,0.756,0.85736,0.57101,0.8545,0.46222,0.82874,0.0009570153999999999,0.0009570153999999999,0.0009570153999999999
yolo_yolov5s_20260730_003608,yolo,yolo_yolov5s_20260730_003608,yolov5s.pt,/root/autodl-fs/datasets/DAIR-V2X_YOLO_Vehicle5/dairv2x_vehicle5.yaml,train,16,1106.534484386444,0.88727,0.48573,0.83895,0.86981,0.76683,0.85857,0.57708,0.84055,0.46128,0.82755,0.0009460165,0.0009460165,0.0009460165
yolo_yolov5s_20260730_003608,yolo,yolo_yolov5s_20260730_003608,yolov5s.pt,/root/autodl-fs/datasets/DAIR-V2X_YOLO_Vehicle5/dairv2x_vehicle5.yaml,train,17,1174.961753129959,0.8807,0.47935,0.83661,0.86035,0.77276,0.86227,0.58174,0.83173,0.44507,0.82432,0.0009350176,0.0009350176,0.0009350176
yolo_yolov5s_20260730_003608,yolo,yolo_yolov5s_20260730_003608,yolov5s.pt,/root/autodl-fs/datasets/DAIR-V2X_YOLO_Vehicle5/dairv2x_vehicle5.yaml,train,18,1243.5711891651154,0.88063,0.47958,0.83653,0.86567,0.77073,0.85999,0.57878,0.83757,0.45366,0.82575,0.0009240187,0.0009240187,0.0009240187
yolo_yolov5s_20260730_003608,yolo,yolo_yolov5s_20260730_003608,yolov5s.pt,/root/autodl-fs/datasets/DAIR-V2X_YOLO_Vehicle5/dairv2x_vehicle5.yaml,train,19,1312.0773885250092,0.87356,0.47709,0.8359,0.85618,0.77359,0.85828,0.57731,0.83551,0.4562,0.82574,0.0009130198000000001,0.0009130198000000001,0.0009130198000000001
yolo_yolov5s_20260730_003608,yolo,yolo_yolov5s_20260730_003608,yolov5s.pt,/root/autodl-fs/datasets/DAIR-V2X_YOLO_Vehicle5/dairv2x_vehicle5.yaml,train,20,1381.3403706550598,0.86908,0.47497,0.83477,0.87463,0.77466,0.86158,0.5804,0.83143,0.45138,0.8247,0.0009020209000000001,0.0009020209000000001,0.0009020209000000001
yolo_yolov5s_20260730_003608,yolo,yolo_yolov5s_20260730_003608,yolov5s.pt,/root/autodl-fs/datasets/DAIR-V2X_YOLO_Vehicle5/dairv2x_vehicle5.yaml,train,21,1450.195655822754,0.86791,0.47484,0.8341,0.86351,0.76956,0.85913,0.58312,0.82913,0.44805,0.8247,0.0008910220000000001,0.0008910220000000001,0.0008910220000000001
yolo_yolov5s_20260730_003608,yolo,yolo_yolov5s_20260730_003608,yolov5s.pt,/root/autodl-fs/datasets/DAIR-V2X_YOLO_Vehicle5/dairv2x_vehicle5.yaml,train,22,1518.4791429042816,0.86555,0.47179,0.83386,0.87428,0.77575,0.86263,0.58159,0.81817,0.44309,0.8236,0.0008800231,0.0008800231,0.0008800231
yolo_yolov5s_20260730_003608,yolo,yolo_yolov5s_20260730_003608,yolov5s.pt,/root/autodl-fs/datasets/DAIR-V2X_YOLO_Vehicle5/dairv2x_vehicle5.yaml,train,23,1586.93447804451,0.86097,0.46766,0.83246,0.87643,0.77366,0.86608,0.58812,0.81955,0.44366,0.82402,0.0008690242,0.0008690242,0.0008690242
yolo_yolov5s_20260730_003608,yolo,yolo_yolov5s_20260730_003608,yolov5s.pt,/root/autodl-fs/datasets/DAIR-V2X_YOLO_Vehicle5/dairv2x_vehicle5.yaml,train,24,1655.1046504974365,0.85612,0.46695,0.83321,0.86814,0.77015,0.86587,0.58601,0.8213,0.44023,0.82329,0.0008580253,0.0008580253,0.0008580253
yolo_yolov5s_20260730_003608,yolo,yolo_yolov5s_20260730_003608,yolov5s.pt,/root/autodl-fs/datasets/DAIR-V2X_YOLO_Vehicle5/dairv2x_vehicle5.yaml,train,25,1724.1374588012695,0.85415,0.46431,0.8321,0.86033,0.78854,0.86721,0.58673,0.82278,0.44371,0.82322,0.0008470264,0.0008470264,0.0008470264
yolo_yolov5s_20260730_003608,yolo,yolo_yolov5s_20260730_003608,yolov5s.pt,/root/autodl-fs/datasets/DAIR-V2X_YOLO_Vehicle5/dairv2x_vehicle5.yaml,train,26,1792.685379743576,0.84903,0.46002,0.83131,0.87949,0.77217,0.86807,0.59511,0.8083,0.43308,0.82107,0.0008360275,0.0008360275,0.0008360275
yolo_yolov5s_20260730_003608,yolo,yolo_yolov5s_20260730_003608,yolov5s.pt,/root/autodl-fs/datasets/DAIR-V2X_YOLO_Vehicle5/dairv2x_vehicle5.yaml,train,27,1861.3873662948608,0.84882,0.46262,0.83066,0.86793,0.77685,0.86875,0.5903,0.80936,0.43853,0.8214,0.0008250286000000001,0.0008250286000000001,0.0008250286000000001
yolo_yolov5s_20260730_003608,yolo,yolo_yolov5s_20260730_003608,yolov5s.pt,/root/autodl-fs/datasets/DAIR-V2X_YOLO_Vehicle5/dairv2x_vehicle5.yaml,train,28,1930.096586227417,0.85416,0.46541,0.83269,0.87334,0.78345,0.87078,0.59594,0.80784,0.43587,0.82103,0.0008140297,0.0008140297,0.0008140297
yolo_yolov5s_20260730_003608,yolo,yolo_yolov5s_20260730_003608,yolov5s.pt,/root/autodl-fs/datasets/DAIR-V2X_YOLO_Vehicle5/dairv2x_vehicle5.yaml,train,29,1998.343841791153,0.8468,0.46122,0.83066,0.88188,0.77601,0.87414,0.59777,0.8072,0.4317,0.82123,0.0008030308,0.0008030308,0.0008030308
yolo_yolov5s_20260730_003608,yolo,yolo_yolov5s_20260730_003608,yolov5s.pt,/root/autodl-fs/datasets/DAIR-V2X_YOLO_Vehicle5/dairv2x_vehicle5.yaml,train,30,2067.4258258342743,0.8413,0.45855,0.8297,0.86583,0.7721,0.86755,0.59614,0.80605,0.43203,0.82108,0.0007920319,0.0007920319,0.0007920319
yolo_yolov5s_20260730_003608,yolo,yolo_yolov5s_20260730_003608,yolov5s.pt,/root/autodl-fs/datasets/DAIR-V2X_YOLO_Vehicle5/dairv2x_vehicle5.yaml,train,31,2135.853259563446,0.83986,0.45603,0.82942,0.88048,0.78147,0.875,0.60245,0.80263,0.42678,0.8198,0.000781033,0.000781033,0.000781033
yolo_yolov5s_20260730_003608,yolo,yolo_yolov5s_20260730_003608,yolov5s.pt,/root/autodl-fs/datasets/DAIR-V2X_YOLO_Vehicle5/dairv2x_vehicle5.yaml,train,32,2204.2905604839325,0.83552,0.45392,0.82897,0.87987,0.77165,0.86937,0.59962,0.80101,0.42834,0.82026,0.0007700341,0.0007700341,0.0007700341
yolo_yolov5s_20260730_003608,yolo,yolo_yolov5s_20260730_003608,yolov5s.pt,/root/autodl-fs/datasets/DAIR-V2X_YOLO_Vehicle5/dairv2x_vehicle5.yaml,train,33,2272.6794736385345,0.83467,0.4518,0.82869,0.87992,0.7842,0.87408,0.59932,0.79896,0.42685,0.8201,0.0007590351999999999,0.0007590351999999999,0.0007590351999999999
yolo_yolov5s_20260730_003608,yolo,yolo_yolov5s_20260730_003608,yolov5s.pt,/root/autodl-fs/datasets/DAIR-V2X_YOLO_Vehicle5/dairv2x_vehicle5.yaml,train,34,2341.0514574050903,0.83217,0.45234,0.82857,0.88716,0.77454,0.87298,0.60031,0.8018,0.42698,0.81964,0.0007480362999999999,0.0007480362999999999,0.0007480362999999999
yolo_yolov5s_20260730_003608,yolo,yolo_yolov5s_20260730_003608,yolov5s.pt,/root/autodl-fs/datasets/DAIR-V2X_YOLO_Vehicle5/dairv2x_vehicle5.yaml,train,35,2409.4692945480347,0.82835,0.44897,0.82798,0.87673,0.77696,0.87325,0.60346,0.79381,0.42178,0.81989,0.0007370373999999999,0.0007370373999999999,0.0007370373999999999
yolo_yolov5s_20260730_003608,yolo,yolo_yolov5s_20260730_003608,yolov5s.pt,/root/autodl-fs/datasets/DAIR-V2X_YOLO_Vehicle5/dairv2x_vehicle5.yaml,train,36,2478.0564699172974,0.82807,0.45002,0.82756,0.88596,0.78442,0.87605,0.60457,0.79749,0.42282,0.81896,0.0007260385,0.0007260385,0.0007260385
yolo_yolov5s_20260730_003608,yolo,yolo_yolov5s_20260730_003608,yolov5s.pt,/root/autodl-fs/datasets/DAIR-V2X_YOLO_Vehicle5/dairv2x_vehicle5.yaml,train,37,2546.492954492569,0.82475,0.44706,0.82667,0.875,0.78308,0.87185,0.6027,0.79174,0.42197,0.81888,0.0007150396000000001,0.0007150396000000001,0.0007150396000000001
yolo_yolov5s_20260730_003608,yolo,yolo_yolov5s_20260730_003608,yolov5s.pt,/root/autodl-fs/datasets/DAIR-V2X_YOLO_Vehicle5/dairv2x_vehicle5.yaml,train,38,2615.3118045330048,0.82583,0.44648,0.82686,0.88473,0.78396,0.87834,0.60763,0.79452,0.42042,0.8181,0.0007040407000000001,0.0007040407000000001,0.0007040407000000001
yolo_yolov5s_20260730_003608,yolo,yolo_yolov5s_20260730_003608,yolov5s.pt,/root/autodl-fs/datasets/DAIR-V2X_YOLO_Vehicle5/dairv2x_vehicle5.yaml,train,39,2683.5765001773834,0.82189,0.44718,0.82668,0.88555,0.78881,0.87924,0.60702,0.79605,0.42366,0.81932,0.0006930418,0.0006930418,0.0006930418
yolo_yolov5s_20260730_003608,yolo,yolo_yolov5s_20260730_003608,yolov5s.pt,/root/autodl-fs/datasets/DAIR-V2X_YOLO_Vehicle5/dairv2x_vehicle5.yaml,train,40,2751.9346339702606,0.82089,0.44511,0.82539,0.88452,0.78548,0.87907,0.60921,0.79253,0.42057,0.8187,0.0006820429,0.0006820429,0.0006820429
yolo_yolov5s_20260730_003608,yolo,yolo_yolov5s_20260730_003608,yolov5s.pt,/root/autodl-fs/datasets/DAIR-V2X_YOLO_Vehicle5/dairv2x_vehicle5.yaml,train,41,2820.8786561489105,0.82077,0.44467,0.82716,0.88886,0.78193,0.8772,0.60837,0.79144,0.4208,0.81817,0.000671044,0.000671044,0.000671044
yolo_yolov5s_20260730_003608,yolo,yolo_yolov5s_20260730_003608,yolov5s.pt,/root/autodl-fs/datasets/DAIR-V2X_YOLO_Vehicle5/dairv2x_vehicle5.yaml,train,42,2889.442155122757,0.81761,0.44139,0.82533,0.88511,0.78643,0.87765,0.60749,0.78842,0.41982,0.81718,0.0006600451000000001,0.0006600451000000001,0.0006600451000000001
yolo_yolov5s_20260730_003608,yolo,yolo_yolov5s_20260730_003608,yolov5s.pt,/root/autodl-fs/datasets/DAIR-V2X_YOLO_Vehicle5/dairv2x_vehicle5.yaml,train,43,2957.9420025348663,0.81406,0.43978,0.82553,0.88785,0.78918,0.87901,0.61228,0.78071,0.41458,0.81694,0.0006490462000000001,0.0006490462000000001,0.0006490462000000001
yolo_yolov5s_20260730_003608,yolo,yolo_yolov5s_20260730_003608,yolov5s.pt,/root/autodl-fs/datasets/DAIR-V2X_YOLO_Vehicle5/dairv2x_vehicle5.yaml,train,44,3026.5624952316284,0.81313,0.43907,0.82409,0.88823,0.78395,0.88006,0.6105,0.78096,0.41387,0.81684,0.0006380473000000001,0.0006380473000000001,0.0006380473000000001
yolo_yolov5s_20260730_003608,yolo,yolo_yolov5s_20260730_003608,yolov5s.pt,/root/autodl-fs/datasets/DAIR-V2X_YOLO_Vehicle5/dairv2x_vehicle5.yaml,train,45,3094.8171606063843,0.80841,0.43646,0.82373,0.88879,0.78547,0.88041,0.6111,0.78336,0.41503,0.81756,0.0006270484,0.0006270484,0.0006270484
yolo_yolov5s_20260730_003608,yolo,yolo_yolov5s_20260730_003608,yolov5s.pt,/root/autodl-fs/datasets/DAIR-V2X_YOLO_Vehicle5/dairv2x_vehicle5.yaml,train,46,3163.889964580536,0.809,0.43631,0.82496,0.88117,0.79779,0.8839,0.61516,0.78126,0.41214,0.81677,0.0006160495,0.0006160495,0.0006160495
yolo_yolov5s_20260730_003608,yolo,yolo_yolov5s_20260730_003608,yolov5s.pt,/root/autodl-fs/datasets/DAIR-V2X_YOLO_Vehicle5/dairv2x_vehicle5.yaml,train,47,3232.3740768432617,0.80655,0.43574,0.82293,0.88969,0.78966,0.88279,0.61439,0.7782,0.41079,0.81682,0.0006050506000000001,0.0006050506000000001,0.0006050506000000001
yolo_yolov5s_20260730_003608,yolo,yolo_yolov5s_20260730_003608,yolov5s.pt,/root/autodl-fs/datasets/DAIR-V2X_YOLO_Vehicle5/dairv2x_vehicle5.yaml,train,48,3301.184422969818,0.80698,0.43687,0.82455,0.89196,0.78725,0.88072,0.61206,0.78213,0.41348,0.81689,0.0005940517000000001,0.0005940517000000001,0.0005940517000000001
yolo_yolov5s_20260730_003608,yolo,yolo_yolov5s_20260730_003608,yolov5s.pt,/root/autodl-fs/datasets/DAIR-V2X_YOLO_Vehicle5/dairv2x_vehicle5.yaml,train,49,3369.6996324062347,0.8063,0.43445,0.82417,0.88569,0.7939,0.88083,0.61707,0.77431,0.40997,0.81578,0.0005830528000000001,0.0005830528000000001,0.0005830528000000001
yolo_yolov5s_20260730_003608,yolo,yolo_yolov5s_20260730_003608,yolov5s.pt,/root/autodl-fs/datasets/DAIR-V2X_YOLO_Vehicle5/dairv2x_vehicle5.yaml,train,50,3437.8524804115295,0.80124,0.43195,0.82315,0.88965,0.78959,0.8839,0.62027,0.77188,0.40796,0.8153,0.0005720539000000001,0.0005720539000000001,0.0005720539000000001
yolo_yolov5s_20260730_003608,yolo,yolo_yolov5s_20260730_003608,yolov5s.pt,/root/autodl-fs/datasets/DAIR-V2X_YOLO_Vehicle5/dairv2x_vehicle5.yaml,train,51,3506.708604812622,0.80149,0.43097,0.82303,0.88636,0.78738,0.88274,0.61782,0.77399,0.40849,0.81528,0.000561055,0.000561055,0.000561055
yolo_yolov5s_20260730_003608,yolo,yolo_yolov5s_20260730_003608,yolov5s.pt,/root/autodl-fs/datasets/DAIR-V2X_YOLO_Vehicle5/dairv2x_vehicle5.yaml,train,52,3575.081927537918,0.79955,0.43043,0.82283,0.89138,0.78938,0.88361,0.61903,0.77072,0.40658,0.81538,0.0005500561,0.0005500561,0.0005500561
yolo_yolov5s_20260730_003608,yolo,yolo_yolov5s_20260730_003608,yolov5s.pt,/root/autodl-fs/datasets/DAIR-V2X_YOLO_Vehicle5/dairv2x_vehicle5.yaml,train,53,3643.675042152405,0.79788,0.42939,0.82222,0.89772,0.78326,0.88371,0.62218,0.76925,0.40495,0.81524,0.0005390572,0.0005390572,0.0005390572
yolo_yolov5s_20260730_003608,yolo,yolo_yolov5s_20260730_003608,yolov5s.pt,/root/autodl-fs/datasets/DAIR-V2X_YOLO_Vehicle5/dairv2x_vehicle5.yaml,train,54,3712.0545156002045,0.79705,0.42784,0.82278,0.88659,0.79484,0.88596,0.62385,0.76684,0.40392,0.81491,0.0005280583,0.0005280583,0.0005280583
yolo_yolov5s_20260730_003608,yolo,yolo_yolov5s_20260730_003608,yolov5s.pt,/root/autodl-fs/datasets/DAIR-V2X_YOLO_Vehicle5/dairv2x_vehicle5.yaml,train,55,3780.190137863159,0.79361,0.42607,0.82112,0.88781,0.79187,0.88212,0.61996,0.76844,0.40507,0.81503,0.0005170594,0.0005170594,0.0005170594
yolo_yolov5s_20260730_003608,yolo,yolo_yolov5s_20260730_003608,yolov5s.pt,/root/autodl-fs/datasets/DAIR-V2X_YOLO_Vehicle5/dairv2x_vehicle5.yaml,train,56,3848.7954230308533,0.79318,0.42645,0.82182,0.88516,0.7938,0.88464,0.62201,0.77005,0.40319,0.81482,0.0005060605,0.0005060605,0.0005060605
yolo_yolov5s_20260730_003608,yolo,yolo_yolov5s_20260730_003608,yolov5s.pt,/root/autodl-fs/datasets/DAIR-V2X_YOLO_Vehicle5/dairv2x_vehicle5.yaml,train,57,3917.838231563568,0.79176,0.42323,0.82162,0.88183,0.79739,0.8822,0.62063,0.76463,0.40245,0.81481,0.0004950616,0.0004950616,0.0004950616
yolo_yolov5s_20260730_003608,yolo,yolo_yolov5s_20260730_003608,yolov5s.pt,/root/autodl-fs/datasets/DAIR-V2X_YOLO_Vehicle5/dairv2x_vehicle5.yaml,train,58,3987.0604314804077,0.78785,0.42254,0.82119,0.88667,0.7962,0.88351,0.62294,0.76442,0.4026,0.81448,0.0004840627,0.0004840627,0.0004840627
yolo_yolov5s_20260730_003608,yolo,yolo_yolov5s_20260730_003608,yolov5s.pt,/root/autodl-fs/datasets/DAIR-V2X_YOLO_Vehicle5/dairv2x_vehicle5.yaml,train,59,4055.399084329605,0.7878,0.42223,0.82053,0.88805,0.79383,0.88332,0.62269,0.7634,0.39937,0.81469,0.0004730638000000001,0.0004730638000000001,0.0004730638000000001
yolo_yolov5s_20260730_003608,yolo,yolo_yolov5s_20260730_003608,yolov5s.pt,/root/autodl-fs/datasets/DAIR-V2X_YOLO_Vehicle5/dairv2x_vehicle5.yaml,train,60,4123.674746274948,0.78879,0.42228,0.82107,0.89067,0.79499,0.88657,0.62301,0.76434,0.39988,0.81483,0.0004620649000000001,0.0004620649000000001,0.0004620649000000001
yolo_yolov5s_20260730_003608,yolo,yolo_yolov5s_20260730_003608,yolov5s.pt,/root/autodl-fs/datasets/DAIR-V2X_YOLO_Vehicle5/dairv2x_vehicle5.yaml,train,61,4191.968492746353,0.78641,0.4209,0.82027,0.88641,0.79588,0.88626,0.62487,0.76342,0.3993,0.81423,0.000451066,0.000451066,0.000451066
yolo_yolov5s_20260730_003608,yolo,yolo_yolov5s_20260730_003608,yolov5s.pt,/root/autodl-fs/datasets/DAIR-V2X_YOLO_Vehicle5/dairv2x_vehicle5.yaml,train,62,4261.230156183243,0.78432,0.41975,0.82117,0.89328,0.79556,0.88762,0.62728,0.7618,0.39774,0.81388,0.0004400671,0.0004400671,0.0004400671
yolo_yolov5s_20260730_003608,yolo,yolo_yolov5s_20260730_003608,yolov5s.pt,/root/autodl-fs/datasets/DAIR-V2X_YOLO_Vehicle5/dairv2x_vehicle5.yaml,train,63,4329.913935661316,0.78134,0.4183,0.81949,0.89062,0.79817,0.88636,0.62414,0.7626,0.39883,0.81395,0.00042906819999999997,0.00042906819999999997,0.00042906819999999997
yolo_yolov5s_20260730_003608,yolo,yolo_yolov5s_20260730_003608,yolov5s.pt,/root/autodl-fs/datasets/DAIR-V2X_YOLO_Vehicle5/dairv2x_vehicle5.yaml,train,64,4398.3329293727875,0.78284,0.41868,0.8197,0.89115,0.79014,0.8852,0.62571,0.75914,0.39694,0.81382,0.0004180693,0.0004180693,0.0004180693
yolo_yolov5s_20260730_003608,yolo,yolo_yolov5s_20260730_003608,yolov5s.pt,/root/autodl-fs/datasets/DAIR-V2X_YOLO_Vehicle5/dairv2x_vehicle5.yaml,train,65,4466.957093715668,0.77805,0.41607,0.81994,0.88963,0.79187,0.88476,0.62644,0.75991,0.39618,0.81405,0.0004070704,0.0004070704,0.0004070704
yolo_yolov5s_20260730_003608,yolo,yolo_yolov5s_20260730_003608,yolov5s.pt,/root/autodl-fs/datasets/DAIR-V2X_YOLO_Vehicle5/dairv2x_vehicle5.yaml,train,66,4535.422107696533,0.77783,0.41642,0.81967,0.89523,0.7964,0.88736,0.62814,0.75677,0.39702,0.81353,0.00039607149999999996,0.00039607149999999996,0.00039607149999999996
yolo_yolov5s_20260730_003608,yolo,yolo_yolov5s_20260730_003608,yolov5s.pt,/root/autodl-fs/datasets/DAIR-V2X_YOLO_Vehicle5/dairv2x_vehicle5.yaml,train,67,4604.424821853638,0.77748,0.41474,0.81905,0.88919,0.79625,0.88751,0.62798,0.75658,0.39507,0.81345,0.00038507259999999996,0.00038507259999999996,0.00038507259999999996
yolo_yolov5s_20260730_003608,yolo,yolo_yolov5s_20260730_003608,yolov5s.pt,/root/autodl-fs/datasets/DAIR-V2X_YOLO_Vehicle5/dairv2x_vehicle5.yaml,train,68,4673.106518507004,0.77403,0.41298,0.81872,0.89173,0.79386,0.8871,0.62612,0.75891,0.39583,0.81328,0.00037407369999999996,0.00037407369999999996,0.00037407369999999996
yolo_yolov5s_20260730_003608,yolo,yolo_yolov5s_20260730_003608,yolov5s.pt,/root/autodl-fs/datasets/DAIR-V2X_YOLO_Vehicle5/dairv2x_vehicle5.yaml,train,69,4741.567836284637,0.77178,0.41175,0.81902,0.89528,0.79515,0.88807,0.62861,0.75687,0.39409,0.81364,0.00036307479999999996,0.00036307479999999996,0.00036307479999999996
yolo_yolov5s_20260730_003608,yolo,yolo_yolov5s_20260730_003608,yolov5s.pt,/root/autodl-fs/datasets/DAIR-V2X_YOLO_Vehicle5/dairv2x_vehicle5.yaml,train,70,4810.014524698257,0.77113,0.41008,0.81819,0.88623,0.80091,0.88769,0.62823,0.75635,0.39485,0.81321,0.00035207590000000007,0.00035207590000000007,0.00035207590000000007
yolo_yolov5s_20260730_003608,yolo,yolo_yolov5s_20260730_003608,yolov5s.pt,/root/autodl-fs/datasets/DAIR-V2X_YOLO_Vehicle5/dairv2x_vehicle5.yaml,train,71,4878.674760341644,0.77426,0.41344,0.81857,0.893,0.79388,0.88669,0.62812,0.75531,0.39424,0.81286,0.00034107700000000007,0.00034107700000000007,0.00034107700000000007
yolo_yolov5s_20260730_003608,yolo,yolo_yolov5s_20260730_003608,yolov5s.pt,/root/autodl-fs/datasets/DAIR-V2X_YOLO_Vehicle5/dairv2x_vehicle5.yaml,train,72,4947.573932886124,0.77161,0.41011,0.81786,0.89159,0.80073,0.88856,0.62997,0.75643,0.39452,0.81288,0.0003300781,0.0003300781,0.0003300781
yolo_yolov5s_20260730_003608,yolo,yolo_yolov5s_20260730_003608,yolov5s.pt,/root/autodl-fs/datasets/DAIR-V2X_YOLO_Vehicle5/dairv2x_vehicle5.yaml,train,73,5016.129391908646,0.76635,0.40777,0.81752,0.89272,0.80257,0.89016,0.6315,0.75206,0.39113,0.81281,0.0003190792,0.0003190792,0.0003190792
yolo_yolov5s_20260730_003608,yolo,yolo_yolov5s_20260730_003608,yolov5s.pt,/root/autodl-fs/datasets/DAIR-V2X_YOLO_Vehicle5/dairv2x_vehicle5.yaml,train,74,5084.795944929123,0.7676,0.40913,0.81794,0.89541,0.79951,0.88875,0.62954,0.75242,0.39091,0.81244,0.00030808030000000007,0.00030808030000000007,0.00030808030000000007
yolo_yolov5s_20260730_003608,yolo,yolo_yolov5s_20260730_003608,yolov5s.pt,/root/autodl-fs/datasets/DAIR-V2X_YOLO_Vehicle5/dairv2x_vehicle5.yaml,train,75,5153.371702194214,0.76521,0.40664,0.81691,0.89069,0.80225,0.88957,0.62976,0.75215,0.39102,0.81266,0.0002970814,0.0002970814,0.0002970814
yolo_yolov5s_20260730_003608,yolo,yolo_yolov5s_20260730_003608,yolov5s.pt,/root/autodl-fs/datasets/DAIR-V2X_YOLO_Vehicle5/dairv2x_vehicle5.yaml,train,76,5221.8666036129,0.76459,0.40701,0.81777,0.88583,0.80181,0.88927,0.63103,0.75142,0.39034,0.81278,0.0002860825,0.0002860825,0.0002860825
yolo_yolov5s_20260730_003608,yolo,yolo_yolov5s_20260730_003608,yolov5s.pt,/root/autodl-fs/datasets/DAIR-V2X_YOLO_Vehicle5/dairv2x_vehicle5.yaml,train,77,5290.599677562714,0.7615,0.40609,0.81786,0.89139,0.79853,0.88666,0.6304,0.7524,0.39019,0.81282,0.0002750836,0.0002750836,0.0002750836
yolo_yolov5s_20260730_003608,yolo,yolo_yolov5s_20260730_003608,yolov5s.pt,/root/autodl-fs/datasets/DAIR-V2X_YOLO_Vehicle5/dairv2x_vehicle5.yaml,train,78,5359.445921182632,0.76214,0.40539,0.81759,0.88221,0.80768,0.88899,0.63232,0.75162,0.38992,0.81225,0.0002640847,0.0002640847,0.0002640847
yolo_yolov5s_20260730_003608,yolo,yolo_yolov5s_20260730_003608,yolov5s.pt,/root/autodl-fs/datasets/DAIR-V2X_YOLO_Vehicle5/dairv2x_vehicle5.yaml,train,79,5427.907127857208,0.75898,0.40357,0.81591,0.89262,0.80396,0.89086,0.63333,0.74968,0.3885,0.81198,0.00025308579999999995,0.00025308579999999995,0.00025308579999999995
yolo_yolov5s_20260730_003608,yolo,yolo_yolov5s_20260730_003608,yolov5s.pt,/root/autodl-fs/datasets/DAIR-V2X_YOLO_Vehicle5/dairv2x_vehicle5.yaml,train,80,5496.221396446228,0.75924,0.40372,0.81613,0.89094,0.8051,0.89027,0.63203,0.74978,0.38842,0.81217,0.00024208689999999998,0.00024208689999999998,0.00024208689999999998
yolo_yolov5s_20260730_003608,yolo,yolo_yolov5s_20260730_003608,yolov5s.pt,/root/autodl-fs/datasets/DAIR-V2X_YOLO_Vehicle5/dairv2x_vehicle5.yaml,train,81,5564.330655574799,0.75548,0.40162,0.81635,0.89089,0.80473,0.88974,0.63267,0.74907,0.38779,0.81223,0.00023108799999999995,0.00023108799999999995,0.00023108799999999995
yolo_yolov5s_20260730_003608,yolo,yolo_yolov5s_20260730_003608,yolov5s.pt,/root/autodl-fs/datasets/DAIR-V2X_YOLO_Vehicle5/dairv2x_vehicle5.yaml,train,82,5632.662415981293,0.75459,0.40013,0.81617,0.89645,0.80239,0.89133,0.63339,0.74836,0.38698,0.81179,0.00022008909999999993,0.00022008909999999993,0.00022008909999999993
yolo_yolov5s_20260730_003608,yolo,yolo_yolov5s_20260730_003608,yolov5s.pt,/root/autodl-fs/datasets/DAIR-V2X_YOLO_Vehicle5/dairv2x_vehicle5.yaml,train,83,5701.575235843658,0.75407,0.39956,0.81637,0.89484,0.80134,0.88985,0.63325,0.74781,0.38674,0.81169,0.00020909020000000006,0.00020909020000000006,0.00020909020000000006
yolo_yolov5s_20260730_003608,yolo,yolo_yolov5s_20260730_003608,yolov5s.pt,/root/autodl-fs/datasets/DAIR-V2X_YOLO_Vehicle5/dairv2x_vehicle5.yaml,train,84,5770.314802646637,0.75363,0.3996,0.81557,0.89336,0.80358,0.89105,0.6329,0.74708,0.38646,0.81172,0.00019809130000000006,0.00019809130000000006,0.00019809130000000006
yolo_yolov5s_20260730_003608,yolo,yolo_yolov5s_20260730_003608,yolov5s.pt,/root/autodl-fs/datasets/DAIR-V2X_YOLO_Vehicle5/dairv2x_vehicle5.yaml,train,85,5838.641130208969,0.75139,0.3977,0.81571,0.88977,0.8045,0.89131,0.63289,0.74724,0.38604,0.81201,0.00018709240000000006,0.00018709240000000006,0.00018709240000000006
yolo_yolov5s_20260730_003608,yolo,yolo_yolov5s_20260730_003608,yolov5s.pt,/root/autodl-fs/datasets/DAIR-V2X_YOLO_Vehicle5/dairv2x_vehicle5.yaml,train,86,5907.175848722458,0.75226,0.3979,0.81489,0.89282,0.79987,0.89069,0.63303,0.74669,0.38657,0.81194,0.00017609350000000003,0.00017609350000000003,0.00017609350000000003
yolo_yolov5s_20260730_003608,yolo,yolo_yolov5s_20260730_003608,yolov5s.pt,/root/autodl-fs/datasets/DAIR-V2X_YOLO_Vehicle5/dairv2x_vehicle5.yaml,train,87,5975.358007669449,0.75021,0.39734,0.81547,0.89233,0.8017,0.89136,0.63221,0.74731,0.38588,0.81184,0.0001650946,0.0001650946,0.0001650946
yolo_yolov5s_20260730_003608,yolo,yolo_yolov5s_20260730_003608,yolov5s.pt,/root/autodl-fs/datasets/DAIR-V2X_YOLO_Vehicle5/dairv2x_vehicle5.yaml,train,88,6044.028078079224,0.74645,0.39472,0.81499,0.89058,0.80279,0.89055,0.63398,0.74619,0.38498,0.81163,0.00015409570000000003,0.00015409570000000003,0.00015409570000000003
yolo_yolov5s_20260730_003608,yolo,yolo_yolov5s_20260730_003608,yolov5s.pt,/root/autodl-fs/datasets/DAIR-V2X_YOLO_Vehicle5/dairv2x_vehicle5.yaml,train,89,6112.785822868347,0.74474,0.39427,0.81526,0.88863,0.80412,0.89058,0.6348,0.74614,0.38555,0.81165,0.0001430968,0.0001430968,0.0001430968
yolo_yolov5s_20260730_003608,yolo,yolo_yolov5s_20260730_003608,yolov5s.pt,/root/autodl-fs/datasets/DAIR-V2X_YOLO_Vehicle5/dairv2x_vehicle5.yaml,train,90,6181.191890716553,0.74626,0.39427,0.81545,0.89144,0.80285,0.8912,0.63356,0.74586,0.38412,0.81157,0.00013209789999999997,0.00013209789999999997,0.00013209789999999997
yolo_yolov5s_20260730_003608,yolo,yolo_yolov5s_20260730_003608,yolov5s.pt,/root/autodl-fs/datasets/DAIR-V2X_YOLO_Vehicle5/dairv2x_vehicle5.yaml,train,91,6244.711411476135,0.72274,0.3852,0.81063,0.88811,0.79937,0.88914,0.6308,0.75136,0.38676,0.8126,0.00012109899999999997,0.00012109899999999997,0.00012109899999999997
yolo_yolov5s_20260730_003608,yolo,yolo_yolov5s_20260730_003608,yolov5s.pt,/root/autodl-fs/datasets/DAIR-V2X_YOLO_Vehicle5/dairv2x_vehicle5.yaml,train,92,6308.229757785797,0.72082,0.38237,0.80922,0.88988,0.79899,0.89034,0.6323,0.75182,0.3871,0.81255,0.00011010009999999996,0.00011010009999999996,0.00011010009999999996
yolo_yolov5s_20260730_003608,yolo,yolo_yolov5s_20260730_003608,yolov5s.pt,/root/autodl-fs/datasets/DAIR-V2X_YOLO_Vehicle5/dairv2x_vehicle5.yaml,train,93,6371.518954277039,0.71544,0.38033,0.80906,0.88723,0.80246,0.89131,0.63139,0.75086,0.38678,0.81221,9.910119999999996e-05,9.910119999999996e-05,9.910119999999996e-05
yolo_yolov5s_20260730_003608,yolo,yolo_yolov5s_20260730_003608,yolov5s.pt,/root/autodl-fs/datasets/DAIR-V2X_YOLO_Vehicle5/dairv2x_vehicle5.yaml,train,94,6435.075682640076,0.71373,0.37951,0.8097,0.88716,0.80249,0.89094,0.63245,0.75017,0.38554,0.81223,8.810229999999993e-05,8.810229999999993e-05,8.810229999999993e-05
yolo_yolov5s_20260730_003608,yolo,yolo_yolov5s_20260730_003608,yolov5s.pt,/root/autodl-fs/datasets/DAIR-V2X_YOLO_Vehicle5/dairv2x_vehicle5.yaml,train,95,6498.416030883789,0.71152,0.37745,0.80832,0.89197,0.7998,0.89053,0.63433,0.74747,0.38478,0.81196,7.710340000000005e-05,7.710340000000005e-05,7.710340000000005e-05
yolo_yolov5s_20260730_003608,yolo,yolo_yolov5s_20260730_003608,yolov5s.pt,/root/autodl-fs/datasets/DAIR-V2X_YOLO_Vehicle5/dairv2x_vehicle5.yaml,train,96,6561.546589851379,0.70932,0.3757,0.80839,0.88829,0.80063,0.89067,0.63512,0.74678,0.38437,0.81181,6.610450000000005e-05,6.610450000000005e-05,6.610450000000005e-05
yolo_yolov5s_20260730_003608,yolo,yolo_yolov5s_20260730_003608,yolov5s.pt,/root/autodl-fs/datasets/DAIR-V2X_YOLO_Vehicle5/dairv2x_vehicle5.yaml,train,97,6624.647887468338,0.70804,0.37496,0.8079,0.88645,0.80212,0.89016,0.63461,0.74667,0.38428,0.81182,5.5105600000000044e-05,5.5105600000000044e-05,5.5105600000000044e-05
yolo_yolov5s_20260730_003608,yolo,yolo_yolov5s_20260730_003608,yolov5s.pt,/root/autodl-fs/datasets/DAIR-V2X_YOLO_Vehicle5/dairv2x_vehicle5.yaml,train,98,6687.622860431671,0.70839,0.37457,0.80791,0.88954,0.80069,0.89047,0.63444,0.74653,0.38332,0.81173,4.410670000000003e-05,4.410670000000003e-05,4.410670000000003e-05
yolo_yolov5s_20260730_003608,yolo,yolo_yolov5s_20260730_003608,yolov5s.pt,/root/autodl-fs/datasets/DAIR-V2X_YOLO_Vehicle5/dairv2x_vehicle5.yaml,train,99,6751.362367391586,0.7041,0.37278,0.80751,0.88543,0.80417,0.89077,0.63426,0.74542,0.38299,0.81161,3.310780000000002e-05,3.310780000000002e-05,3.310780000000002e-05
yolo_yolov5s_20260730_003608,yolo,yolo_yolov5s_20260730_003608,yolov5s.pt,/root/autodl-fs/datasets/DAIR-V2X_YOLO_Vehicle5/dairv2x_vehicle5.yaml,train,100,6814.692985296249,0.70474,0.3723,0.80766,0.88765,0.80473,0.89072,0.63477,0.74518,0.38308,0.81166,2.2108900000000008e-05,2.2108900000000008e-05,2.2108900000000008e-05
yolo_yolov8m_20260730_041335,yolo,yolo_yolov8m_20260730_041335,yolov8m.pt,/root/autodl-fs/datasets/DAIR-V2X_YOLO_Vehicle5/dairv2x_vehicle5.yaml,train,1,142.17696714401245,1.04328,0.7251,0.89276,0.81788,0.73272,0.81533,0.5176,0.93337,0.51881,0.84917,0.0003697464342313788,0.0003697464342313788,0.0003697464342313788
yolo_yolov8m_20260730_041335,yolo,yolo_yolov8m_20260730_041335,yolov8m.pt,/root/autodl-fs/datasets/DAIR-V2X_YOLO_Vehicle5/dairv2x_vehicle5.yaml,train,2,278.32783460617065,0.96562,0.53536,0.86636,0.86102,0.73337,0.83469,0.54258,0.89875,0.49172,0.84315,0.0007327529778658214,0.0007327529778658214,0.0007327529778658214
yolo_yolov8m_20260730_041335,yolo,yolo_yolov8m_20260730_041335,yolov8m.pt,/root/autodl-fs/datasets/DAIR-V2X_YOLO_Vehicle5/dairv2x_vehicle5.yaml,train,3,412.4523787498474,0.93981,0.51708,0.86062,0.87203,0.74087,0.84309,0.55557,0.8961,0.48993,0.8422,0.0010884269215002643,0.0010884269215002643,0.0010884269215002643
yolo_yolov8m_20260730_041335,yolo,yolo_yolov8m_20260730_041335,yolov8m.pt,/root/autodl-fs/datasets/DAIR-V2X_YOLO_Vehicle5/dairv2x_vehicle5.yaml,train,4,546.7024319171906,0.91671,0.49797,0.85329,0.85256,0.74906,0.84739,0.56857,0.86332,0.46372,0.83559,0.0010780033,0.0010780033,0.0010780033
yolo_yolov8m_20260730_041335,yolo,yolo_yolov8m_20260730_041335,yolov8m.pt,/root/autodl-fs/datasets/DAIR-V2X_YOLO_Vehicle5/dairv2x_vehicle5.yaml,train,5,680.7284307479858,0.89383,0.48327,0.85002,0.86071,0.76119,0.85554,0.5735,0.85215,0.45596,0.8333,0.0010670044,0.0010670044,0.0010670044
yolo_yolov8m_20260730_041335,yolo,yolo_yolov8m_20260730_041335,yolov8m.pt,/root/autodl-fs/datasets/DAIR-V2X_YOLO_Vehicle5/dairv2x_vehicle5.yaml,train,6,814.4239780902863,0.88473,0.48006,0.84823,0.86054,0.77057,0.85869,0.58081,0.84511,0.45508,0.83352,0.0010560055,0.0010560055,0.0010560055
yolo_yolov8m_20260730_041335,yolo,yolo_yolov8m_20260730_041335,yolov8m.pt,/root/autodl-fs/datasets/DAIR-V2X_YOLO_Vehicle5/dairv2x_vehicle5.yaml,train,7,949.0933802127838,0.87524,0.47229,0.84674,0.86614,0.7771,0.86308,0.58555,0.84317,0.44876,0.83393,0.0010450066,0.0010450066,0.0010450066
yolo_yolov8m_20260730_041335,yolo,yolo_yolov8m_20260730_041335,yolov8m.pt,/root/autodl-fs/datasets/DAIR-V2X_YOLO_Vehicle5/dairv2x_vehicle5.yaml,train,8,1083.0219914913177,0.86439,0.4674,0.8446,0.87281,0.77669,0.87209,0.59631,0.81217,0.43708,0.82715,0.0010340077,0.0010340077,0.0010340077
yolo_yolov8m_20260730_041335,yolo,yolo_yolov8m_20260730_041335,yolov8m.pt,/root/autodl-fs/datasets/DAIR-V2X_YOLO_Vehicle5/dairv2x_vehicle5.yaml,train,9,1216.6500334739685,0.85371,0.46045,0.842,0.86256,0.79053,0.87645,0.59788,0.81309,0.43202,0.8278,0.0010230088,0.0010230088,0.0010230088
yolo_yolov8m_20260730_041335,yolo,yolo_yolov8m_20260730_041335,yolov8m.pt,/root/autodl-fs/datasets/DAIR-V2X_YOLO_Vehicle5/dairv2x_vehicle5.yaml,train,10,1351.2681138515472,0.84559,0.45467,0.84028,0.87277,0.7847,0.8706,0.60024,0.81253,0.42864,0.82592,0.0010120099,0.0010120099,0.0010120099
yolo_yolov8m_20260730_041335,yolo,yolo_yolov8m_20260730_041335,yolov8m.pt,/root/autodl-fs/datasets/DAIR-V2X_YOLO_Vehicle5/dairv2x_vehicle5.yaml,train,11,1485.3923773765564,0.84438,0.45326,0.84059,0.88307,0.78008,0.8785,0.60852,0.793,0.42024,0.82504,0.001001011,0.001001011,0.001001011
yolo_yolov8m_20260730_041335,yolo,yolo_yolov8m_20260730_041335,yolov8m.pt,/root/autodl-fs/datasets/DAIR-V2X_YOLO_Vehicle5/dairv2x_vehicle5.yaml,train,12,1619.6630387306213,0.83448,0.44563,0.83857,0.86549,0.79171,0.87896,0.60795,0.79811,0.42254,0.82529,0.0009900121,0.0009900121,0.0009900121
yolo_yolov8m_20260730_041335,yolo,yolo_yolov8m_20260730_041335,yolov8m.pt,/root/autodl-fs/datasets/DAIR-V2X_YOLO_Vehicle5/dairv2x_vehicle5.yaml,train,13,1754.03724360466,0.82879,0.44389,0.83756,0.88769,0.78888,0.88203,0.60992,0.79653,0.42273,0.82382,0.0009790132,0.0009790132,0.0009790132
yolo_yolov8m_20260730_041335,yolo,yolo_yolov8m_20260730_041335,yolov8m.pt,/root/autodl-fs/datasets/DAIR-V2X_YOLO_Vehicle5/dairv2x_vehicle5.yaml,train,14,1887.8663790225983,0.8241,0.44357,0.83588,0.86744,0.80272,0.87781,0.61157,0.79095,0.42007,0.82354,0.0009680143,0.0009680143,0.0009680143
yolo_yolov8m_20260730_041335,yolo,yolo_yolov8m_20260730_041335,yolov8m.pt,/root/autodl-fs/datasets/DAIR-V2X_YOLO_Vehicle5/dairv2x_vehicle5.yaml,train,15,2022.2039201259613,0.81757,0.43739,0.83461,0.87588,0.7976,0.88035,0.61556,0.7834,0.41296,0.82298,0.0009570153999999999,0.0009570153999999999,0.0009570153999999999
yolo_yolov8m_20260730_041335,yolo,yolo_yolov8m_20260730_041335,yolov8m.pt,/root/autodl-fs/datasets/DAIR-V2X_YOLO_Vehicle5/dairv2x_vehicle5.yaml,train,16,2156.1936478614807,0.8183,0.43735,0.83449,0.88499,0.78436,0.87838,0.61254,0.78811,0.41473,0.82283,0.0009460165,0.0009460165,0.0009460165
yolo_yolov8m_20260730_041335,yolo,yolo_yolov8m_20260730_041335,yolov8m.pt,/root/autodl-fs/datasets/DAIR-V2X_YOLO_Vehicle5/dairv2x_vehicle5.yaml,train,17,2290.0288558006287,0.81012,0.43299,0.83435,0.88854,0.78386,0.87679,0.61328,0.78236,0.41017,0.82356,0.0009350176,0.0009350176,0.0009350176
yolo_yolov8m_20260730_041335,yolo,yolo_yolov8m_20260730_041335,yolov8m.pt,/root/autodl-fs/datasets/DAIR-V2X_YOLO_Vehicle5/dairv2x_vehicle5.yaml,train,18,2424.543176174164,0.80529,0.42943,0.83252,0.88437,0.79215,0.8818,0.61768,0.77738,0.40819,0.8211,0.0009240187,0.0009240187,0.0009240187
yolo_yolov8m_20260730_041335,yolo,yolo_yolov8m_20260730_041335,yolov8m.pt,/root/autodl-fs/datasets/DAIR-V2X_YOLO_Vehicle5/dairv2x_vehicle5.yaml,train,19,2558.453302383423,0.80354,0.43037,0.83179,0.88743,0.78523,0.88202,0.62002,0.7737,0.40874,0.82046,0.0009130198000000001,0.0009130198000000001,0.0009130198000000001
yolo_yolov8m_20260730_041335,yolo,yolo_yolov8m_20260730_041335,yolov8m.pt,/root/autodl-fs/datasets/DAIR-V2X_YOLO_Vehicle5/dairv2x_vehicle5.yaml,train,20,2693.1194558143616,0.79949,0.42644,0.83252,0.88211,0.79836,0.88606,0.62171,0.77166,0.40694,0.82179,0.0009020209000000001,0.0009020209000000001,0.0009020209000000001
yolo_yolov8m_20260730_041335,yolo,yolo_yolov8m_20260730_041335,yolov8m.pt,/root/autodl-fs/datasets/DAIR-V2X_YOLO_Vehicle5/dairv2x_vehicle5.yaml,train,21,2827.635673761368,0.79795,0.42446,0.83198,0.87364,0.80586,0.88617,0.62806,0.76617,0.40203,0.82049,0.0008910220000000001,0.0008910220000000001,0.0008910220000000001
yolo_yolov8m_20260730_041335,yolo,yolo_yolov8m_20260730_041335,yolov8m.pt,/root/autodl-fs/datasets/DAIR-V2X_YOLO_Vehicle5/dairv2x_vehicle5.yaml,train,22,2961.5900387763977,0.79216,0.42283,0.83086,0.88822,0.80038,0.88833,0.62652,0.76957,0.40341,0.82029,0.0008800231,0.0008800231,0.0008800231
yolo_yolov8m_20260730_041335,yolo,yolo_yolov8m_20260730_041335,yolov8m.pt,/root/autodl-fs/datasets/DAIR-V2X_YOLO_Vehicle5/dairv2x_vehicle5.yaml,train,23,3095.805818796158,0.78997,0.42155,0.83041,0.88079,0.79967,0.88861,0.62815,0.76797,0.40123,0.81944,0.0008690242,0.0008690242,0.0008690242
yolo_yolov8m_20260730_041335,yolo,yolo_yolov8m_20260730_041335,yolov8m.pt,/root/autodl-fs/datasets/DAIR-V2X_YOLO_Vehicle5/dairv2x_vehicle5.yaml,train,24,3230.4965693950653,0.78718,0.42072,0.8295,0.87965,0.79691,0.88637,0.62552,0.76333,0.40113,0.81958,0.0008580253,0.0008580253,0.0008580253
yolo_yolov8m_20260730_041335,yolo,yolo_yolov8m_20260730_041335,yolov8m.pt,/root/autodl-fs/datasets/DAIR-V2X_YOLO_Vehicle5/dairv2x_vehicle5.yaml,train,25,3364.179361343384,0.78403,0.41773,0.83,0.89039,0.7991,0.89007,0.63128,0.76024,0.39983,0.81877,0.0008470264,0.0008470264,0.0008470264
yolo_yolov8m_20260730_041335,yolo,yolo_yolov8m_20260730_041335,yolov8m.pt,/root/autodl-fs/datasets/DAIR-V2X_YOLO_Vehicle5/dairv2x_vehicle5.yaml,train,26,3498.804942369461,0.7786,0.41275,0.82782,0.8902,0.79803,0.89177,0.63375,0.75557,0.39496,0.81808,0.0008360275,0.0008360275,0.0008360275
yolo_yolov8m_20260730_041335,yolo,yolo_yolov8m_20260730_041335,yolov8m.pt,/root/autodl-fs/datasets/DAIR-V2X_YOLO_Vehicle5/dairv2x_vehicle5.yaml,train,27,3633.016368627548,0.78129,0.41316,0.8271,0.88264,0.80572,0.88953,0.635,0.75214,0.38982,0.81781,0.0008250286000000001,0.0008250286000000001,0.0008250286000000001
yolo_yolov8m_20260730_041335,yolo,yolo_yolov8m_20260730_041335,yolov8m.pt,/root/autodl-fs/datasets/DAIR-V2X_YOLO_Vehicle5/dairv2x_vehicle5.yaml,train,28,3767.22948551178,0.77491,0.41261,0.82763,0.88617,0.80707,0.88945,0.63037,0.75993,0.39396,0.81823,0.0008140297,0.0008140297,0.0008140297
yolo_yolov8m_20260730_041335,yolo,yolo_yolov8m_20260730_041335,yolov8m.pt,/root/autodl-fs/datasets/DAIR-V2X_YOLO_Vehicle5/dairv2x_vehicle5.yaml,train,29,3901.647055864334,0.77348,0.40957,0.82779,0.87531,0.81538,0.89614,0.64036,0.75225,0.38652,0.81677,0.0008030308,0.0008030308,0.0008030308
yolo_yolov8m_20260730_041335,yolo,yolo_yolov8m_20260730_041335,yolov8m.pt,/root/autodl-fs/datasets/DAIR-V2X_YOLO_Vehicle5/dairv2x_vehicle5.yaml,train,30,4035.5962455272675,0.76903,0.40435,0.82613,0.87987,0.80857,0.89053,0.63355,0.7552,0.38906,0.81786,0.0007920319,0.0007920319,0.0007920319
yolo_yolov8m_20260730_041335,yolo,yolo_yolov8m_20260730_041335,yolov8m.pt,/root/autodl-fs/datasets/DAIR-V2X_YOLO_Vehicle5/dairv2x_vehicle5.yaml,train,31,4169.485794067383,0.76569,0.40471,0.82454,0.89029,0.80273,0.89306,0.63715,0.75239,0.38614,0.81787,0.000781033,0.000781033,0.000781033
yolo_yolov8m_20260730_041335,yolo,yolo_yolov8m_20260730_041335,yolov8m.pt,/root/autodl-fs/datasets/DAIR-V2X_YOLO_Vehicle5/dairv2x_vehicle5.yaml,train,32,4303.896757602692,0.77005,0.4075,0.82613,0.87945,0.80579,0.89014,0.6387,0.74762,0.38649,0.81666,0.0007700341,0.0007700341,0.0007700341
yolo_yolov8m_20260730_041335,yolo,yolo_yolov8m_20260730_041335,yolov8m.pt,/root/autodl-fs/datasets/DAIR-V2X_YOLO_Vehicle5/dairv2x_vehicle5.yaml,train,33,4437.695251226425,0.76765,0.40643,0.82614,0.89214,0.80235,0.89257,0.63832,0.74578,0.38698,0.81601,0.0007590351999999999,0.0007590351999999999,0.0007590351999999999
yolo_yolov8m_20260730_041335,yolo,yolo_yolov8m_20260730_041335,yolov8m.pt,/root/autodl-fs/datasets/DAIR-V2X_YOLO_Vehicle5/dairv2x_vehicle5.yaml,train,34,4572.3078944683075,0.76216,0.40208,0.82485,0.89244,0.80483,0.89659,0.64315,0.74646,0.38284,0.81552,0.0007480362999999999,0.0007480362999999999,0.0007480362999999999
yolo_yolov8m_20260730_041335,yolo,yolo_yolov8m_20260730_041335,yolov8m.pt,/root/autodl-fs/datasets/DAIR-V2X_YOLO_Vehicle5/dairv2x_vehicle5.yaml,train,35,4706.091148138046,0.76263,0.40122,0.82616,0.90283,0.79677,0.89571,0.64192,0.74044,0.38038,0.81517,0.0007370373999999999,0.0007370373999999999,0.0007370373999999999
yolo_yolov8m_20260730_041335,yolo,yolo_yolov8m_20260730_041335,yolov8m.pt,/root/autodl-fs/datasets/DAIR-V2X_YOLO_Vehicle5/dairv2x_vehicle5.yaml,train,36,4840.184591054916,0.75955,0.4024,0.82466,0.88878,0.80492,0.89262,0.64172,0.7431,0.38473,0.81598,0.0007260385,0.0007260385,0.0007260385
yolo_yolov8m_20260730_041335,yolo,yolo_yolov8m_20260730_041335,yolov8m.pt,/root/autodl-fs/datasets/DAIR-V2X_YOLO_Vehicle5/dairv2x_vehicle5.yaml,train,37,4974.888377189636,0.76094,0.40102,0.82518,0.88072,0.81048,0.89352,0.64105,0.74064,0.38253,0.81493,0.0007150396000000001,0.0007150396000000001,0.0007150396000000001
yolo_yolov8m_20260730_041335,yolo,yolo_yolov8m_20260730_041335,yolov8m.pt,/root/autodl-fs/datasets/DAIR-V2X_YOLO_Vehicle5/dairv2x_vehicle5.yaml,train,38,5109.009304523468,0.75557,0.39917,0.82382,0.89338,0.80693,0.89646,0.64519,0.74062,0.38208,0.81607,0.0007040407000000001,0.0007040407000000001,0.0007040407000000001
yolo_yolov8m_20260730_041335,yolo,yolo_yolov8m_20260730_041335,yolov8m.pt,/root/autodl-fs/datasets/DAIR-V2X_YOLO_Vehicle5/dairv2x_vehicle5.yaml,train,39,5243.2433314323425,0.75381,0.39789,0.8222,0.88909,0.81122,0.89723,0.64663,0.73837,0.37908,0.81518,0.0006930418,0.0006930418,0.0006930418
yolo_yolov8m_20260730_041335,yolo,yolo_yolov8m_20260730_041335,yolov8m.pt,/root/autodl-fs/datasets/DAIR-V2X_YOLO_Vehicle5/dairv2x_vehicle5.yaml,train,40,5377.6849954128265,0.75275,0.39678,0.82386,0.88689,0.80632,0.89472,0.6419,0.74275,0.38314,0.8159,0.0006820429,0.0006820429,0.0006820429
yolo_yolov8m_20260730_041335,yolo,yolo_yolov8m_20260730_041335,yolov8m.pt,/root/autodl-fs/datasets/DAIR-V2X_YOLO_Vehicle5/dairv2x_vehicle5.yaml,train,41,5511.323357343674,0.74801,0.39291,0.82313,0.90118,0.79515,0.89575,0.64672,0.73283,0.37592,0.81412,0.000671044,0.000671044,0.000671044
yolo_yolov8m_20260730_041335,yolo,yolo_yolov8m_20260730_041335,yolov8m.pt,/root/autodl-fs/datasets/DAIR-V2X_YOLO_Vehicle5/dairv2x_vehicle5.yaml,train,42,5645.797672748566,0.74745,0.39258,0.8224,0.89372,0.80349,0.89613,0.64394,0.73374,0.37755,0.81419,0.0006600451000000001,0.0006600451000000001,0.0006600451000000001
yolo_yolov8m_20260730_041335,yolo,yolo_yolov8m_20260730_041335,yolov8m.pt,/root/autodl-fs/datasets/DAIR-V2X_YOLO_Vehicle5/dairv2x_vehicle5.yaml,train,43,5779.428723573685,0.74708,0.39205,0.82255,0.89695,0.80279,0.89841,0.64652,0.73505,0.37555,0.81463,0.0006490462000000001,0.0006490462000000001,0.0006490462000000001
yolo_yolov8m_20260730_041335,yolo,yolo_yolov8m_20260730_041335,yolov8m.pt,/root/autodl-fs/datasets/DAIR-V2X_YOLO_Vehicle5/dairv2x_vehicle5.yaml,train,44,5913.441301345825,0.74388,0.39012,0.8214,0.89521,0.80464,0.89695,0.64866,0.73127,0.37342,0.81389,0.0006380473000000001,0.0006380473000000001,0.0006380473000000001
yolo_yolov8m_20260730_041335,yolo,yolo_yolov8m_20260730_041335,yolov8m.pt,/root/autodl-fs/datasets/DAIR-V2X_YOLO_Vehicle5/dairv2x_vehicle5.yaml,train,45,6047.648491859436,0.74231,0.38868,0.82018,0.88594,0.80975,0.89712,0.6458,0.73135,0.37367,0.81394,0.0006270484,0.0006270484,0.0006270484
yolo_yolov8m_20260730_041335,yolo,yolo_yolov8m_20260730_041335,yolov8m.pt,/root/autodl-fs/datasets/DAIR-V2X_YOLO_Vehicle5/dairv2x_vehicle5.yaml,train,46,6181.529186010361,0.74014,0.3876,0.82072,0.88949,0.81415,0.89715,0.64824,0.73227,0.37273,0.81403,0.0006160495,0.0006160495,0.0006160495
yolo_yolov8m_20260730_041335,yolo,yolo_yolov8m_20260730_041335,yolov8m.pt,/root/autodl-fs/datasets/DAIR-V2X_YOLO_Vehicle5/dairv2x_vehicle5.yaml,train,47,6315.637922525406,0.73753,0.38476,0.8192,0.88501,0.82209,0.89967,0.65138,0.72535,0.36829,0.81257,0.0006050506000000001,0.0006050506000000001,0.0006050506000000001
yolo_yolov8m_20260730_041335,yolo,yolo_yolov8m_20260730_041335,yolov8m.pt,/root/autodl-fs/datasets/DAIR-V2X_YOLO_Vehicle5/dairv2x_vehicle5.yaml,train,48,6450.207609176636,0.73773,0.38708,0.82086,0.89158,0.81354,0.89536,0.64824,0.72788,0.37066,0.81384,0.0005940517000000001,0.0005940517000000001,0.0005940517000000001
yolo_yolov8m_20260730_041335,yolo,yolo_yolov8m_20260730_041335,yolov8m.pt,/root/autodl-fs/datasets/DAIR-V2X_YOLO_Vehicle5/dairv2x_vehicle5.yaml,train,49,6584.439610242844,0.73853,0.38813,0.82066,0.89044,0.81593,0.89971,0.65217,0.72292,0.36911,0.81274,0.0005830528000000001,0.0005830528000000001,0.0005830528000000001
yolo_yolov8m_20260730_041335,yolo,yolo_yolov8m_20260730_041335,yolov8m.pt,/root/autodl-fs/datasets/DAIR-V2X_YOLO_Vehicle5/dairv2x_vehicle5.yaml,train,50,6718.7850041389465,0.73473,0.38489,0.82021,0.88509,0.81802,0.90005,0.65409,0.72401,0.36874,0.81293,0.0005720539000000001,0.0005720539000000001,0.0005720539000000001
yolo_yolov8m_20260730_041335,yolo,yolo_yolov8m_20260730_041335,yolov8m.pt,/root/autodl-fs/datasets/DAIR-V2X_YOLO_Vehicle5/dairv2x_vehicle5.yaml,train,51,6852.83384680748,0.73424,0.38395,0.81963,0.88965,0.81428,0.89858,0.65312,0.723,0.36776,0.81232,0.000561055,0.000561055,0.000561055
yolo_yolov8m_20260730_041335,yolo,yolo_yolov8m_20260730_041335,yolov8m.pt,/root/autodl-fs/datasets/DAIR-V2X_YOLO_Vehicle5/dairv2x_vehicle5.yaml,train,52,6986.78067779541,0.732,0.38086,0.81965,0.88885,0.81919,0.89998,0.65401,0.72105,0.36716,0.81248,0.0005500561,0.0005500561,0.0005500561
yolo_yolov8m_20260730_041335,yolo,yolo_yolov8m_20260730_041335,yolov8m.pt,/root/autodl-fs/datasets/DAIR-V2X_YOLO_Vehicle5/dairv2x_vehicle5.yaml,train,53,7121.03435754776,0.72644,0.37931,0.81849,0.89998,0.81591,0.90195,0.65626,0.72036,0.36507,0.8119,0.0005390572,0.0005390572,0.0005390572
yolo_yolov8m_20260730_041335,yolo,yolo_yolov8m_20260730_041335,yolov8m.pt,/root/autodl-fs/datasets/DAIR-V2X_YOLO_Vehicle5/dairv2x_vehicle5.yaml,train,54,7254.758548974991,0.73131,0.38127,0.82023,0.89151,0.81704,0.90055,0.65479,0.71848,0.3636,0.81141,0.0005280583,0.0005280583,0.0005280583
yolo_yolov8m_20260730_041335,yolo,yolo_yolov8m_20260730_041335,yolov8m.pt,/root/autodl-fs/datasets/DAIR-V2X_YOLO_Vehicle5/dairv2x_vehicle5.yaml,train,55,7388.900350809097,0.72542,0.37875,0.81839,0.90599,0.80991,0.90241,0.65705,0.72062,0.36441,0.81222,0.0005170594,0.0005170594,0.0005170594
yolo_yolov8m_20260730_041335,yolo,yolo_yolov8m_20260730_041335,yolov8m.pt,/root/autodl-fs/datasets/DAIR-V2X_YOLO_Vehicle5/dairv2x_vehicle5.yaml,train,56,7523.185584068298,0.72668,0.37948,0.81942,0.89957,0.81249,0.89943,0.6561,0.71774,0.36274,0.81201,0.0005060605,0.0005060605,0.0005060605
yolo_yolov8m_20260730_041335,yolo,yolo_yolov8m_20260730_041335,yolov8m.pt,/root/autodl-fs/datasets/DAIR-V2X_YOLO_Vehicle5/dairv2x_vehicle5.yaml,train,57,7656.952775001526,0.72462,0.37799,0.81871,0.89583,0.82079,0.90357,0.65861,0.71714,0.36249,0.81128,0.0004950616,0.0004950616,0.0004950616
yolo_yolov8m_20260730_041335,yolo,yolo_yolov8m_20260730_041335,yolov8m.pt,/root/autodl-fs/datasets/DAIR-V2X_YOLO_Vehicle5/dairv2x_vehicle5.yaml,train,58,7791.584417104721,0.72055,0.37527,0.81948,0.89193,0.82251,0.90313,0.6596,0.71608,0.36492,0.81279,0.0004840627,0.0004840627,0.0004840627
yolo_yolov8m_20260730_041335,yolo,yolo_yolov8m_20260730_041335,yolov8m.pt,/root/autodl-fs/datasets/DAIR-V2X_YOLO_Vehicle5/dairv2x_vehicle5.yaml,train,59,7925.701837301254,0.72311,0.37653,0.81933,0.89488,0.82276,0.9039,0.66019,0.71557,0.36199,0.8122,0.0004730638000000001,0.0004730638000000001,0.0004730638000000001
yolo_yolov8m_20260730_041335,yolo,yolo_yolov8m_20260730_041335,yolov8m.pt,/root/autodl-fs/datasets/DAIR-V2X_YOLO_Vehicle5/dairv2x_vehicle5.yaml,train,60,8059.469270944595,0.71674,0.37271,0.81853,0.89246,0.82183,0.90207,0.65928,0.71318,0.36008,0.81132,0.0004620649000000001,0.0004620649000000001,0.0004620649000000001
yolo_yolov8m_20260730_041335,yolo,yolo_yolov8m_20260730_041335,yolov8m.pt,/root/autodl-fs/datasets/DAIR-V2X_YOLO_Vehicle5/dairv2x_vehicle5.yaml,train,61,8193.760698318481,0.71714,0.37204,0.81734,0.89334,0.8177,0.90338,0.65876,0.71604,0.36306,0.81155,0.000451066,0.000451066,0.000451066
yolo_yolov8m_20260730_041335,yolo,yolo_yolov8m_20260730_041335,yolov8m.pt,/root/autodl-fs/datasets/DAIR-V2X_YOLO_Vehicle5/dairv2x_vehicle5.yaml,train,62,8327.845192432404,0.71693,0.37162,0.81724,0.89209,0.81754,0.90312,0.65983,0.71349,0.36145,0.81147,0.0004400671,0.0004400671,0.0004400671
yolo_yolov8m_20260730_041335,yolo,yolo_yolov8m_20260730_041335,yolov8m.pt,/root/autodl-fs/datasets/DAIR-V2X_YOLO_Vehicle5/dairv2x_vehicle5.yaml,train,63,8462.118663549423,0.71393,0.37006,0.81669,0.89498,0.81823,0.90256,0.66133,0.7116,0.35904,0.81124,0.00042906819999999997,0.00042906819999999997,0.00042906819999999997
yolo_yolov8m_20260730_041335,yolo,yolo_yolov8m_20260730_041335,yolov8m.pt,/root/autodl-fs/datasets/DAIR-V2X_YOLO_Vehicle5/dairv2x_vehicle5.yaml,train,64,8596.465811252594,0.71404,0.36915,0.81597,0.88784,0.8238,0.90379,0.66175,0.70765,0.35779,0.8099,0.0004180693,0.0004180693,0.0004180693
yolo_yolov8m_20260730_041335,yolo,yolo_yolov8m_20260730_041335,yolov8m.pt,/root/autodl-fs/datasets/DAIR-V2X_YOLO_Vehicle5/dairv2x_vehicle5.yaml,train,65,8730.131974220276,0.71068,0.36853,0.81571,0.8894,0.82217,0.903,0.65959,0.71145,0.35778,0.8103,0.0004070704,0.0004070704,0.0004070704
yolo_yolov8m_20260730_041335,yolo,yolo_yolov8m_20260730_041335,yolov8m.pt,/root/autodl-fs/datasets/DAIR-V2X_YOLO_Vehicle5/dairv2x_vehicle5.yaml,train,66,8864.302256345749,0.70995,0.36743,0.81562,0.88935,0.82395,0.90549,0.66553,0.70694,0.35648,0.80969,0.00039607149999999996,0.00039607149999999996,0.00039607149999999996
yolo_yolov8m_20260730_041335,yolo,yolo_yolov8m_20260730_041335,yolov8m.pt,/root/autodl-fs/datasets/DAIR-V2X_YOLO_Vehicle5/dairv2x_vehicle5.yaml,train,67,8998.969121694565,0.70822,0.36608,0.81513,0.89182,0.82284,0.90486,0.66227,0.70799,0.35604,0.80962,0.00038507259999999996,0.00038507259999999996,0.00038507259999999996
yolo_yolov8m_20260730_041335,yolo,yolo_yolov8m_20260730_041335,yolov8m.pt,/root/autodl-fs/datasets/DAIR-V2X_YOLO_Vehicle5/dairv2x_vehicle5.yaml,train,68,9133.266388654709,0.707,0.3658,0.81584,0.90019,0.81911,0.90394,0.66138,0.7111,0.35827,0.81082,0.00037407369999999996,0.00037407369999999996,0.00037407369999999996
yolo_yolov8m_20260730_041335,yolo,yolo_yolov8m_20260730_041335,yolov8m.pt,/root/autodl-fs/datasets/DAIR-V2X_YOLO_Vehicle5/dairv2x_vehicle5.yaml,train,69,9267.621268749237,0.70639,0.36569,0.81479,0.89556,0.82309,0.90532,0.66198,0.70926,0.35701,0.81024,0.00036307479999999996,0.00036307479999999996,0.00036307479999999996
yolo_yolov8m_20260730_041335,yolo,yolo_yolov8m_20260730_041335,yolov8m.pt,/root/autodl-fs/datasets/DAIR-V2X_YOLO_Vehicle5/dairv2x_vehicle5.yaml,train,70,9401.414152383804,0.7038,0.36332,0.81532,0.88893,0.82567,0.90505,0.66292,0.70924,0.35523,0.8102,0.00035207590000000007,0.00035207590000000007,0.00035207590000000007
yolo_yolov8m_20260730_041335,yolo,yolo_yolov8m_20260730_041335,yolov8m.pt,/root/autodl-fs/datasets/DAIR-V2X_YOLO_Vehicle5/dairv2x_vehicle5.yaml,train,71,9535.719594240189,0.70323,0.36318,0.81501,0.89447,0.81373,0.90386,0.66279,0.70796,0.35625,0.80983,0.00034107700000000007,0.00034107700000000007,0.00034107700000000007
yolo_yolov8m_20260730_041335,yolo,yolo_yolov8m_20260730_041335,yolov8m.pt,/root/autodl-fs/datasets/DAIR-V2X_YOLO_Vehicle5/dairv2x_vehicle5.yaml,train,72,9670.317610025406,0.70089,0.36127,0.8129,0.88695,0.82307,0.90457,0.66463,0.70749,0.35478,0.80933,0.0003300781,0.0003300781,0.0003300781
yolo_yolov8m_20260730_041335,yolo,yolo_yolov8m_20260730_041335,yolov8m.pt,/root/autodl-fs/datasets/DAIR-V2X_YOLO_Vehicle5/dairv2x_vehicle5.yaml,train,73,9804.143435239792,0.70172,0.36164,0.8144,0.88782,0.82523,0.90611,0.66516,0.70759,0.3543,0.81028,0.0003190792,0.0003190792,0.0003190792
yolo_yolov8m_20260730_041335,yolo,yolo_yolov8m_20260730_041335,yolov8m.pt,/root/autodl-fs/datasets/DAIR-V2X_YOLO_Vehicle5/dairv2x_vehicle5.yaml,train,74,9938.519620895386,0.70027,0.36058,0.81378,0.88832,0.82609,0.90617,0.66443,0.70667,0.35547,0.80997,0.00030808030000000007,0.00030808030000000007,0.00030808030000000007
yolo_yolov8m_20260730_041335,yolo,yolo_yolov8m_20260730_041335,yolov8m.pt,/root/autodl-fs/datasets/DAIR-V2X_YOLO_Vehicle5/dairv2x_vehicle5.yaml,train,75,10072.713855028152,0.69664,0.35827,0.81304,0.88715,0.82629,0.90486,0.66501,0.70399,0.35418,0.81013,0.0002970814,0.0002970814,0.0002970814
yolo_yolov8m_20260730_041335,yolo,yolo_yolov8m_20260730_041335,yolov8m.pt,/root/autodl-fs/datasets/DAIR-V2X_YOLO_Vehicle5/dairv2x_vehicle5.yaml,train,76,10206.274965524673,0.69859,0.35954,0.81399,0.88389,0.82828,0.90554,0.6649,0.70342,0.35321,0.80977,0.0002860825,0.0002860825,0.0002860825
yolo_yolov8m_20260730_041335,yolo,yolo_yolov8m_20260730_041335,yolov8m.pt,/root/autodl-fs/datasets/DAIR-V2X_YOLO_Vehicle5/dairv2x_vehicle5.yaml,train,77,10340.543415546417,0.69344,0.35689,0.81323,0.89041,0.82483,0.90598,0.66644,0.70468,0.35287,0.81013,0.0002750836,0.0002750836,0.0002750836
yolo_yolov8m_20260730_041335,yolo,yolo_yolov8m_20260730_041335,yolov8m.pt,/root/autodl-fs/datasets/DAIR-V2X_YOLO_Vehicle5/dairv2x_vehicle5.yaml,train,78,10474.554829359055,0.6903,0.35412,0.81332,0.89427,0.82061,0.9061,0.6667,0.70537,0.35328,0.81042,0.0002640847,0.0002640847,0.0002640847
yolo_yolov8m_20260730_041335,yolo,yolo_yolov8m_20260730_041335,yolov8m.pt,/root/autodl-fs/datasets/DAIR-V2X_YOLO_Vehicle5/dairv2x_vehicle5.yaml,train,79,10608.764351606369,0.69095,0.35408,0.81294,0.89004,0.8268,0.90697,0.66735,0.70423,0.35062,0.81001,0.00025308579999999995,0.00025308579999999995,0.00025308579999999995
yolo_yolov8m_20260730_041335,yolo,yolo_yolov8m_20260730_041335,yolov8m.pt,/root/autodl-fs/datasets/DAIR-V2X_YOLO_Vehicle5/dairv2x_vehicle5.yaml,train,80,10743.212177753448,0.69006,0.35369,0.81266,0.89219,0.82789,0.90648,0.66838,0.70442,0.34931,0.81004,0.00024208689999999998,0.00024208689999999998,0.00024208689999999998
yolo_yolov8m_20260730_041335,yolo,yolo_yolov8m_20260730_041335,yolov8m.pt,/root/autodl-fs/datasets/DAIR-V2X_YOLO_Vehicle5/dairv2x_vehicle5.yaml,train,81,10877.02915430069,0.68827,0.35203,0.81249,0.89124,0.8274,0.90784,0.66763,0.70401,0.35006,0.80981,0.00023108799999999995,0.00023108799999999995,0.00023108799999999995
yolo_yolov8m_20260730_041335,yolo,yolo_yolov8m_20260730_041335,yolov8m.pt,/root/autodl-fs/datasets/DAIR-V2X_YOLO_Vehicle5/dairv2x_vehicle5.yaml,train,82,11010.807909965515,0.68702,0.35179,0.81273,0.88559,0.82968,0.90634,0.66731,0.70333,0.35077,0.80984,0.00022008909999999993,0.00022008909999999993,0.00022008909999999993
yolo_yolov8m_20260730_041335,yolo,yolo_yolov8m_20260730_041335,yolov8m.pt,/root/autodl-fs/datasets/DAIR-V2X_YOLO_Vehicle5/dairv2x_vehicle5.yaml,train,83,11145.006168842316,0.68513,0.35037,0.81155,0.88986,0.82708,0.90702,0.66708,0.70353,0.349,0.80949,0.00020909020000000006,0.00020909020000000006,0.00020909020000000006
yolo_yolov8m_20260730_041335,yolo,yolo_yolov8m_20260730_041335,yolov8m.pt,/root/autodl-fs/datasets/DAIR-V2X_YOLO_Vehicle5/dairv2x_vehicle5.yaml,train,84,11278.847875595093,0.68079,0.34706,0.81128,0.89161,0.82672,0.90683,0.6675,0.70222,0.34903,0.8093,0.00019809130000000006,0.00019809130000000006,0.00019809130000000006
yolo_yolov8m_20260730_041335,yolo,yolo_yolov8m_20260730_041335,yolov8m.pt,/root/autodl-fs/datasets/DAIR-V2X_YOLO_Vehicle5/dairv2x_vehicle5.yaml,train,85,11412.964926242828,0.6789,0.34734,0.81085,0.89369,0.82521,0.90724,0.66701,0.70272,0.34916,0.80908,0.00018709240000000006,0.00018709240000000006,0.00018709240000000006
yolo_yolov8m_20260730_041335,yolo,yolo_yolov8m_20260730_041335,yolov8m.pt,/root/autodl-fs/datasets/DAIR-V2X_YOLO_Vehicle5/dairv2x_vehicle5.yaml,train,86,11546.888021469116,0.68313,0.34859,0.81034,0.89317,0.82752,0.90714,0.66648,0.70294,0.34896,0.80922,0.00017609350000000003,0.00017609350000000003,0.00017609350000000003
yolo_yolov8m_20260730_041335,yolo,yolo_yolov8m_20260730_041335,yolov8m.pt,/root/autodl-fs/datasets/DAIR-V2X_YOLO_Vehicle5/dairv2x_vehicle5.yaml,train,87,11680.80798125267,0.67573,0.3452,0.81113,0.88699,0.8307,0.90831,0.66766,0.70248,0.34834,0.81025,0.0001650946,0.0001650946,0.0001650946
yolo_yolov8m_20260730_041335,yolo,yolo_yolov8m_20260730_041335,yolov8m.pt,/root/autodl-fs/datasets/DAIR-V2X_YOLO_Vehicle5/dairv2x_vehicle5.yaml,train,88,11815.483715772629,0.67675,0.3454,0.81138,0.89466,0.82676,0.90804,0.66796,0.70304,0.34931,0.81027,0.00015409570000000003,0.00015409570000000003,0.00015409570000000003
yolo_yolov8m_20260730_041335,yolo,yolo_yolov8m_20260730_041335,yolov8m.pt,/root/autodl-fs/datasets/DAIR-V2X_YOLO_Vehicle5/dairv2x_vehicle5.yaml,train,89,11949.361798524857,0.67639,0.34415,0.81163,0.89341,0.82828,0.9073,0.66727,0.7022,0.34784,0.80985,0.0001430968,0.0001430968,0.0001430968
yolo_yolov8m_20260730_041335,yolo,yolo_yolov8m_20260730_041335,yolov8m.pt,/root/autodl-fs/datasets/DAIR-V2X_YOLO_Vehicle5/dairv2x_vehicle5.yaml,train,90,12083.220209598541,0.6758,0.34357,0.81077,0.89395,0.8258,0.90663,0.6677,0.70238,0.34754,0.80981,0.00013209789999999997,0.00013209789999999997,0.00013209789999999997
yolo_yolov8m_20260730_041335,yolo,yolo_yolov8m_20260730_041335,yolov8m.pt,/root/autodl-fs/datasets/DAIR-V2X_YOLO_Vehicle5/dairv2x_vehicle5.yaml,train,91,12212.6785633564,0.65552,0.33514,0.80688,0.89499,0.822,0.9059,0.66475,0.70709,0.34906,0.81049,0.00012109899999999997,0.00012109899999999997,0.00012109899999999997
yolo_yolov8m_20260730_041335,yolo,yolo_yolov8m_20260730_041335,yolov8m.pt,/root/autodl-fs/datasets/DAIR-V2X_YOLO_Vehicle5/dairv2x_vehicle5.yaml,train,92,12341.017151594162,0.65325,0.33372,0.80441,0.90034,0.81819,0.90578,0.66524,0.7068,0.34912,0.81,0.00011010009999999996,0.00011010009999999996,0.00011010009999999996
yolo_yolov8m_20260730_041335,yolo,yolo_yolov8m_20260730_041335,yolov8m.pt,/root/autodl-fs/datasets/DAIR-V2X_YOLO_Vehicle5/dairv2x_vehicle5.yaml,train,93,12470.13324713707,0.65044,0.33293,0.80228,0.89959,0.81927,0.9053,0.66593,0.7049,0.34898,0.80886,9.910119999999996e-05,9.910119999999996e-05,9.910119999999996e-05
yolo_yolov8m_20260730_041335,yolo,yolo_yolov8m_20260730_041335,yolov8m.pt,/root/autodl-fs/datasets/DAIR-V2X_YOLO_Vehicle5/dairv2x_vehicle5.yaml,train,94,12599.003696680069,0.64748,0.33098,0.80363,0.89787,0.82167,0.906,0.66591,0.7053,0.34828,0.80936,8.810229999999993e-05,8.810229999999993e-05,8.810229999999993e-05
yolo_yolov8m_20260730_041335,yolo,yolo_yolov8m_20260730_041335,yolov8m.pt,/root/autodl-fs/datasets/DAIR-V2X_YOLO_Vehicle5/dairv2x_vehicle5.yaml,train,95,12727.574478387833,0.64592,0.32944,0.80314,0.90034,0.81917,0.90571,0.66749,0.70357,0.34698,0.8094,7.710340000000005e-05,7.710340000000005e-05,7.710340000000005e-05
yolo_yolov8m_20260730_041335,yolo,yolo_yolov8m_20260730_041335,yolov8m.pt,/root/autodl-fs/datasets/DAIR-V2X_YOLO_Vehicle5/dairv2x_vehicle5.yaml,train,96,12857.100152254105,0.64182,0.3272,0.80285,0.89654,0.82298,0.90651,0.66705,0.70376,0.34688,0.80929,6.610450000000005e-05,6.610450000000005e-05,6.610450000000005e-05
yolo_yolov8m_20260730_041335,yolo,yolo_yolov8m_20260730_041335,yolov8m.pt,/root/autodl-fs/datasets/DAIR-V2X_YOLO_Vehicle5/dairv2x_vehicle5.yaml,train,97,12985.705145835876,0.6432,0.32658,0.80289,0.89412,0.82625,0.90693,0.66729,0.70366,0.34698,0.80912,5.5105600000000044e-05,5.5105600000000044e-05,5.5105600000000044e-05
yolo_yolov8m_20260730_041335,yolo,yolo_yolov8m_20260730_041335,yolov8m.pt,/root/autodl-fs/datasets/DAIR-V2X_YOLO_Vehicle5/dairv2x_vehicle5.yaml,train,98,13114.624210357666,0.64161,0.32611,0.80327,0.89624,0.82432,0.90747,0.66758,0.7032,0.34664,0.8093,4.410670000000003e-05,4.410670000000003e-05,4.410670000000003e-05
yolo_yolov8m_20260730_041335,yolo,yolo_yolov8m_20260730_041335,yolov8m.pt,/root/autodl-fs/datasets/DAIR-V2X_YOLO_Vehicle5/dairv2x_vehicle5.yaml,train,99,13243.785814762115,0.63877,0.32455,0.80203,0.89395,0.82445,0.90672,0.66722,0.70295,0.34587,0.80916,3.310780000000002e-05,3.310780000000002e-05,3.310780000000002e-05
yolo_yolov8m_20260730_041335,yolo,yolo_yolov8m_20260730_041335,yolov8m.pt,/root/autodl-fs/datasets/DAIR-V2X_YOLO_Vehicle5/dairv2x_vehicle5.yaml,train,100,13372.768776655197,0.63731,0.32376,0.80226,0.89423,0.82302,0.90673,0.66792,0.70288,0.34555,0.80903,2.2108900000000008e-05,2.2108900000000008e-05,2.2108900000000008e-05
yolo_yolov8n_20260730_112929,yolo,yolo_yolov8n_20260730_112929,yolov8n.pt,/root/autodl-fs/datasets/DAIR-V2X_YOLO_Vehicle5/dairv2x_vehicle5.yaml,train,1,53.798407316207886,1.41698,1.45432,0.95274,0.63512,0.5755,0.62319,0.33603,1.16659,0.76577,0.88666,0.00036916139240506326,0.00036916139240506326,0.00036916139240506326
yolo_yolov8n_20260730_112929,yolo,yolo_yolov8n_20260730_112929,yolov8n.pt,/root/autodl-fs/datasets/DAIR-V2X_YOLO_Vehicle5/dairv2x_vehicle5.yaml,train,2,100.52713656425476,1.20105,0.78544,0.89773,0.77474,0.62411,0.71107,0.40857,1.12912,0.67836,0.87668,0.0007321737279535865,0.0007321737279535865,0.0007321737279535865
yolo_yolov8n_20260730_112929,yolo,yolo_yolov8n_20260730_112929,yolov8n.pt,/root/autodl-fs/datasets/DAIR-V2X_YOLO_Vehicle5/dairv2x_vehicle5.yaml,train,3,147.93428778648376,1.15632,0.71926,0.88588,0.77498,0.65358,0.74172,0.43633,1.05346,0.62809,0.86269,0.0010878534635021097,0.0010878534635021097,0.0010878534635021097
yolo_yolov8n_20260730_112929,yolo,yolo_yolov8n_20260730_112929,yolov8n.pt,/root/autodl-fs/datasets/DAIR-V2X_YOLO_Vehicle5/dairv2x_vehicle5.yaml,train,4,194.0113079547882,1.12035,0.67857,0.87855,0.79556,0.67212,0.76299,0.44985,1.0423,0.60466,0.85907,0.0010780033,0.0010780033,0.0010780033
yolo_yolov8n_20260730_112929,yolo,yolo_yolov8n_20260730_112929,yolov8n.pt,/root/autodl-fs/datasets/DAIR-V2X_YOLO_Vehicle5/dairv2x_vehicle5.yaml,train,5,240.35070419311523,1.09079,0.64646,0.874,0.80872,0.67723,0.77601,0.46846,1.02265,0.59008,0.85619,0.0010670044,0.0010670044,0.0010670044
yolo_yolov8n_20260730_112929,yolo,yolo_yolov8n_20260730_112929,yolov8n.pt,/root/autodl-fs/datasets/DAIR-V2X_YOLO_Vehicle5/dairv2x_vehicle5.yaml,train,6,285.0126266479492,1.06979,0.62307,0.86935,0.82464,0.67499,0.78019,0.47444,1.00612,0.56364,0.85369,0.0010560055,0.0010560055,0.0010560055
yolo_yolov8n_20260730_112929,yolo,yolo_yolov8n_20260730_112929,yolov8n.pt,/root/autodl-fs/datasets/DAIR-V2X_YOLO_Vehicle5/dairv2x_vehicle5.yaml,train,7,329.3198471069336,1.05352,0.60732,0.86612,0.79989,0.69178,0.7873,0.48136,0.98386,0.56765,0.85147,0.0010450066,0.0010450066,0.0010450066
yolo_yolov8n_20260730_112929,yolo,yolo_yolov8n_20260730_112929,yolov8n.pt,/root/autodl-fs/datasets/DAIR-V2X_YOLO_Vehicle5/dairv2x_vehicle5.yaml,train,8,373.57934832572937,1.04204,0.59723,0.86468,0.82208,0.69786,0.79728,0.49834,0.96418,0.53988,0.84771,0.0010340077,0.0010340077,0.0010340077
yolo_yolov8n_20260730_112929,yolo,yolo_yolov8n_20260730_112929,yolov8n.pt,/root/autodl-fs/datasets/DAIR-V2X_YOLO_Vehicle5/dairv2x_vehicle5.yaml,train,9,417.9428768157959,1.02533,0.58412,0.86119,0.81695,0.70261,0.80141,0.50149,0.95917,0.53134,0.84617,0.0010230088,0.0010230088,0.0010230088
yolo_yolov8n_20260730_112929,yolo,yolo_yolov8n_20260730_112929,yolov8n.pt,/root/autodl-fs/datasets/DAIR-V2X_YOLO_Vehicle5/dairv2x_vehicle5.yaml,train,10,463.7415270805359,1.01659,0.57795,0.86081,0.81846,0.6874,0.79879,0.49451,0.95463,0.54475,0.84531,0.0010120099,0.0010120099,0.0010120099
yolo_yolov8n_20260730_112929,yolo,yolo_yolov8n_20260730_112929,yolov8n.pt,/root/autodl-fs/datasets/DAIR-V2X_YOLO_Vehicle5/dairv2x_vehicle5.yaml,train,11,509.6559839248657,1.02018,0.57527,0.86012,0.83203,0.71328,0.81134,0.51001,0.94752,0.51955,0.84495,0.001001011,0.001001011,0.001001011
yolo_yolov8n_20260730_112929,yolo,yolo_yolov8n_20260730_112929,yolov8n.pt,/root/autodl-fs/datasets/DAIR-V2X_YOLO_Vehicle5/dairv2x_vehicle5.yaml,train,12,555.4531331062317,0.9984,0.56114,0.85647,0.82585,0.70323,0.80905,0.49973,0.96471,0.52578,0.84619,0.0009900121,0.0009900121,0.0009900121
yolo_yolov8n_20260730_112929,yolo,yolo_yolov8n_20260730_112929,yolov8n.pt,/root/autodl-fs/datasets/DAIR-V2X_YOLO_Vehicle5/dairv2x_vehicle5.yaml,train,13,604.6973326206207,0.99809,0.55873,0.85658,0.85508,0.7021,0.81596,0.51578,0.93442,0.51748,0.84177,0.0009790132,0.0009790132,0.0009790132
yolo_yolov8n_20260730_112929,yolo,yolo_yolov8n_20260730_112929,yolov8n.pt,/root/autodl-fs/datasets/DAIR-V2X_YOLO_Vehicle5/dairv2x_vehicle5.yaml,train,14,653.9681828022003,0.98903,0.55276,0.85448,0.83183,0.71983,0.81557,0.51795,0.92642,0.50849,0.84056,0.0009680143,0.0009680143,0.0009680143
yolo_yolov8n_20260730_112929,yolo,yolo_yolov8n_20260730_112929,yolov8n.pt,/root/autodl-fs/datasets/DAIR-V2X_YOLO_Vehicle5/dairv2x_vehicle5.yaml,train,15,700.010502576828,0.98283,0.54918,0.85155,0.83987,0.71099,0.81335,0.52125,0.92373,0.51395,0.84005,0.0009570153999999999,0.0009570153999999999,0.0009570153999999999
yolo_yolov8n_20260730_112929,yolo,yolo_yolov8n_20260730_112929,yolov8n.pt,/root/autodl-fs/datasets/DAIR-V2X_YOLO_Vehicle5/dairv2x_vehicle5.yaml,train,16,747.6326675415039,0.97755,0.54495,0.85338,0.84351,0.72776,0.82611,0.52714,0.91928,0.50544,0.83859,0.0009460165,0.0009460165,0.0009460165
yolo_yolov8n_20260730_112929,yolo,yolo_yolov8n_20260730_112929,yolov8n.pt,/root/autodl-fs/datasets/DAIR-V2X_YOLO_Vehicle5/dairv2x_vehicle5.yaml,train,17,795.9579875469208,0.968,0.54012,0.85109,0.83567,0.72362,0.82374,0.52633,0.91777,0.50681,0.83859,0.0009350176,0.0009350176,0.0009350176
yolo_yolov8n_20260730_112929,yolo,yolo_yolov8n_20260730_112929,yolov8n.pt,/root/autodl-fs/datasets/DAIR-V2X_YOLO_Vehicle5/dairv2x_vehicle5.yaml,train,18,851.0806088447571,0.9705,0.5397,0.85123,0.84074,0.7306,0.82807,0.53237,0.90327,0.49714,0.83711,0.0009240187,0.0009240187,0.0009240187
yolo_yolov8n_20260730_112929,yolo,yolo_yolov8n_20260730_112929,yolov8n.pt,/root/autodl-fs/datasets/DAIR-V2X_YOLO_Vehicle5/dairv2x_vehicle5.yaml,train,19,897.2586243152618,0.96281,0.5346,0.85033,0.83853,0.72668,0.82803,0.52763,0.92573,0.50394,0.83893,0.0009130198000000001,0.0009130198000000001,0.0009130198000000001
yolo_yolov8n_20260730_112929,yolo,yolo_yolov8n_20260730_112929,yolov8n.pt,/root/autodl-fs/datasets/DAIR-V2X_YOLO_Vehicle5/dairv2x_vehicle5.yaml,train,20,944.3672449588776,0.95573,0.53024,0.84852,0.85351,0.72659,0.82973,0.53559,0.90053,0.49696,0.83622,0.0009020209000000001,0.0009020209000000001,0.0009020209000000001
yolo_yolov8n_20260730_112929,yolo,yolo_yolov8n_20260730_112929,yolov8n.pt,/root/autodl-fs/datasets/DAIR-V2X_YOLO_Vehicle5/dairv2x_vehicle5.yaml,train,21,990.0614583492279,0.95567,0.53099,0.84777,0.84299,0.72654,0.83074,0.52987,0.92317,0.50626,0.83827,0.0008910220000000001,0.0008910220000000001,0.0008910220000000001
yolo_yolov8n_20260730_112929,yolo,yolo_yolov8n_20260730_112929,yolov8n.pt,/root/autodl-fs/datasets/DAIR-V2X_YOLO_Vehicle5/dairv2x_vehicle5.yaml,train,22,1035.0977535247803,0.94906,0.52676,0.84718,0.8581,0.73852,0.83715,0.5401,0.89189,0.48788,0.83548,0.0008800231,0.0008800231,0.0008800231
yolo_yolov8n_20260730_112929,yolo,yolo_yolov8n_20260730_112929,yolov8n.pt,/root/autodl-fs/datasets/DAIR-V2X_YOLO_Vehicle5/dairv2x_vehicle5.yaml,train,23,1081.2138483524323,0.9461,0.52283,0.84592,0.86008,0.72819,0.83685,0.54232,0.89445,0.48538,0.8358,0.0008690242,0.0008690242,0.0008690242
yolo_yolov8n_20260730_112929,yolo,yolo_yolov8n_20260730_112929,yolov8n.pt,/root/autodl-fs/datasets/DAIR-V2X_YOLO_Vehicle5/dairv2x_vehicle5.yaml,train,24,1131.8701417446136,0.94203,0.52303,0.84658,0.85167,0.7334,0.83321,0.53964,0.8895,0.48557,0.83443,0.0008580253,0.0008580253,0.0008580253
yolo_yolov8n_20260730_112929,yolo,yolo_yolov8n_20260730_112929,yolov8n.pt,/root/autodl-fs/datasets/DAIR-V2X_YOLO_Vehicle5/dairv2x_vehicle5.yaml,train,25,1181.4258742332458,0.94048,0.51953,0.84609,0.85231,0.73903,0.8387,0.54634,0.8804,0.48302,0.83334,0.0008470264,0.0008470264,0.0008470264
yolo_yolov8n_20260730_112929,yolo,yolo_yolov8n_20260730_112929,yolov8n.pt,/root/autodl-fs/datasets/DAIR-V2X_YOLO_Vehicle5/dairv2x_vehicle5.yaml,train,26,1228.1537358760834,0.93462,0.51419,0.8447,0.84598,0.73391,0.83327,0.54346,0.88571,0.48685,0.83321,0.0008360275,0.0008360275,0.0008360275
yolo_yolov8n_20260730_112929,yolo,yolo_yolov8n_20260730_112929,yolov8n.pt,/root/autodl-fs/datasets/DAIR-V2X_YOLO_Vehicle5/dairv2x_vehicle5.yaml,train,27,1275.4590811729431,0.93395,0.51467,0.8437,0.84815,0.73884,0.84068,0.54719,0.87998,0.48628,0.83337,0.0008250286000000001,0.0008250286000000001,0.0008250286000000001
yolo_yolov8n_20260730_112929,yolo,yolo_yolov8n_20260730_112929,yolov8n.pt,/root/autodl-fs/datasets/DAIR-V2X_YOLO_Vehicle5/dairv2x_vehicle5.yaml,train,28,1320.8874161243439,0.93733,0.51667,0.84558,0.85629,0.73746,0.83834,0.54441,0.88243,0.483,0.83326,0.0008140297,0.0008140297,0.0008140297
yolo_yolov8n_20260730_112929,yolo,yolo_yolov8n_20260730_112929,yolov8n.pt,/root/autodl-fs/datasets/DAIR-V2X_YOLO_Vehicle5/dairv2x_vehicle5.yaml,train,29,1366.464949131012,0.92879,0.51294,0.84356,0.85909,0.74456,0.84369,0.55114,0.87259,0.47728,0.83167,0.0008030308,0.0008030308,0.0008030308
yolo_yolov8n_20260730_112929,yolo,yolo_yolov8n_20260730_112929,yolov8n.pt,/root/autodl-fs/datasets/DAIR-V2X_YOLO_Vehicle5/dairv2x_vehicle5.yaml,train,30,1412.0255861282349,0.92014,0.5059,0.84181,0.84138,0.7503,0.84089,0.55182,0.86263,0.47363,0.83038,0.0007920319,0.0007920319,0.0007920319
yolo_yolov8n_20260730_112929,yolo,yolo_yolov8n_20260730_112929,yolov8n.pt,/root/autodl-fs/datasets/DAIR-V2X_YOLO_Vehicle5/dairv2x_vehicle5.yaml,train,31,1457.5437326431274,0.92178,0.50701,0.84226,0.85893,0.74012,0.845,0.55355,0.87145,0.47385,0.83105,0.000781033,0.000781033,0.000781033
yolo_yolov8n_20260730_112929,yolo,yolo_yolov8n_20260730_112929,yolov8n.pt,/root/autodl-fs/datasets/DAIR-V2X_YOLO_Vehicle5/dairv2x_vehicle5.yaml,train,32,1502.113128900528,0.9186,0.5051,0.84173,0.84867,0.74294,0.84219,0.55468,0.86382,0.47233,0.8296,0.0007700341,0.0007700341,0.0007700341
yolo_yolov8n_20260730_112929,yolo,yolo_yolov8n_20260730_112929,yolov8n.pt,/root/autodl-fs/datasets/DAIR-V2X_YOLO_Vehicle5/dairv2x_vehicle5.yaml,train,33,1546.7704422473907,0.9154,0.50316,0.84132,0.86171,0.74117,0.84376,0.55639,0.86657,0.47172,0.83037,0.0007590351999999999,0.0007590351999999999,0.0007590351999999999
yolo_yolov8n_20260730_112929,yolo,yolo_yolov8n_20260730_112929,yolov8n.pt,/root/autodl-fs/datasets/DAIR-V2X_YOLO_Vehicle5/dairv2x_vehicle5.yaml,train,34,1591.123377084732,0.91138,0.50116,0.84076,0.85673,0.74823,0.84712,0.56072,0.85913,0.4667,0.82888,0.0007480362999999999,0.0007480362999999999,0.0007480362999999999
yolo_yolov8n_20260730_112929,yolo,yolo_yolov8n_20260730_112929,yolov8n.pt,/root/autodl-fs/datasets/DAIR-V2X_YOLO_Vehicle5/dairv2x_vehicle5.yaml,train,35,1636.464937210083,0.90802,0.4984,0.83991,0.85061,0.74244,0.84391,0.5541,0.86547,0.47054,0.82965,0.0007370373999999999,0.0007370373999999999,0.0007370373999999999
yolo_yolov8n_20260730_112929,yolo,yolo_yolov8n_20260730_112929,yolov8n.pt,/root/autodl-fs/datasets/DAIR-V2X_YOLO_Vehicle5/dairv2x_vehicle5.yaml,train,36,1682.7507350444794,0.90904,0.49833,0.84008,0.8509,0.74804,0.84724,0.56072,0.8632,0.46671,0.82958,0.0007260385,0.0007260385,0.0007260385
yolo_yolov8n_20260730_112929,yolo,yolo_yolov8n_20260730_112929,yolov8n.pt,/root/autodl-fs/datasets/DAIR-V2X_YOLO_Vehicle5/dairv2x_vehicle5.yaml,train,37,1727.9243903160095,0.90962,0.49727,0.83949,0.85602,0.74744,0.84707,0.55754,0.86152,0.46963,0.82992,0.0007150396000000001,0.0007150396000000001,0.0007150396000000001
yolo_yolov8n_20260730_112929,yolo,yolo_yolov8n_20260730_112929,yolov8n.pt,/root/autodl-fs/datasets/DAIR-V2X_YOLO_Vehicle5/dairv2x_vehicle5.yaml,train,38,1773.026572227478,0.90882,0.49578,0.83976,0.85692,0.75064,0.84876,0.56163,0.85883,0.46634,0.82943,0.0007040407000000001,0.0007040407000000001,0.0007040407000000001
yolo_yolov8n_20260730_112929,yolo,yolo_yolov8n_20260730_112929,yolov8n.pt,/root/autodl-fs/datasets/DAIR-V2X_YOLO_Vehicle5/dairv2x_vehicle5.yaml,train,39,1819.1329228878021,0.90242,0.49514,0.83879,0.85899,0.75324,0.84858,0.56198,0.85517,0.46181,0.82875,0.0006930418,0.0006930418,0.0006930418
yolo_yolov8n_20260730_112929,yolo,yolo_yolov8n_20260730_112929,yolov8n.pt,/root/autodl-fs/datasets/DAIR-V2X_YOLO_Vehicle5/dairv2x_vehicle5.yaml,train,40,1864.6406059265137,0.90352,0.49511,0.83811,0.86223,0.74848,0.85009,0.56328,0.85412,0.46114,0.8284,0.0006820429,0.0006820429,0.0006820429
yolo_yolov8n_20260730_112929,yolo,yolo_yolov8n_20260730_112929,yolov8n.pt,/root/autodl-fs/datasets/DAIR-V2X_YOLO_Vehicle5/dairv2x_vehicle5.yaml,train,41,1909.9954733848572,0.90037,0.49207,0.83958,0.85642,0.75764,0.85335,0.56616,0.85377,0.45847,0.82745,0.000671044,0.000671044,0.000671044
yolo_yolov8n_20260730_112929,yolo,yolo_yolov8n_20260730_112929,yolov8n.pt,/root/autodl-fs/datasets/DAIR-V2X_YOLO_Vehicle5/dairv2x_vehicle5.yaml,train,42,1956.8862535953522,0.89733,0.48982,0.83756,0.84778,0.75596,0.85175,0.56407,0.84874,0.46123,0.82747,0.0006600451000000001,0.0006600451000000001,0.0006600451000000001
yolo_yolov8n_20260730_112929,yolo,yolo_yolov8n_20260730_112929,yolov8n.pt,/root/autodl-fs/datasets/DAIR-V2X_YOLO_Vehicle5/dairv2x_vehicle5.yaml,train,43,2003.0703582763672,0.89501,0.48928,0.83781,0.85789,0.75767,0.85337,0.56469,0.84804,0.459,0.82666,0.0006490462000000001,0.0006490462000000001,0.0006490462000000001
yolo_yolov8n_20260730_112929,yolo,yolo_yolov8n_20260730_112929,yolov8n.pt,/root/autodl-fs/datasets/DAIR-V2X_YOLO_Vehicle5/dairv2x_vehicle5.yaml,train,44,2048.9287507534027,0.89589,0.4891,0.8367,0.85685,0.75819,0.85186,0.5644,0.85068,0.45756,0.82715,0.0006380473000000001,0.0006380473000000001,0.0006380473000000001
yolo_yolov8n_20260730_112929,yolo,yolo_yolov8n_20260730_112929,yolov8n.pt,/root/autodl-fs/datasets/DAIR-V2X_YOLO_Vehicle5/dairv2x_vehicle5.yaml,train,45,2094.679126024246,0.89122,0.48643,0.83643,0.85389,0.76486,0.85446,0.57164,0.84546,0.45419,0.82647,0.0006270484,0.0006270484,0.0006270484
yolo_yolov8n_20260730_112929,yolo,yolo_yolov8n_20260730_112929,yolov8n.pt,/root/autodl-fs/datasets/DAIR-V2X_YOLO_Vehicle5/dairv2x_vehicle5.yaml,train,46,2140.207140684128,0.88935,0.48533,0.83686,0.86243,0.75568,0.85498,0.56736,0.84262,0.45573,0.82541,0.0006160495,0.0006160495,0.0006160495
yolo_yolov8n_20260730_112929,yolo,yolo_yolov8n_20260730_112929,yolov8n.pt,/root/autodl-fs/datasets/DAIR-V2X_YOLO_Vehicle5/dairv2x_vehicle5.yaml,train,47,2185.3940060138702,0.88995,0.4859,0.83582,0.85991,0.75701,0.85598,0.57173,0.84243,0.45367,0.82587,0.0006050506000000001,0.0006050506000000001,0.0006050506000000001
yolo_yolov8n_20260730_112929,yolo,yolo_yolov8n_20260730_112929,yolov8n.pt,/root/autodl-fs/datasets/DAIR-V2X_YOLO_Vehicle5/dairv2x_vehicle5.yaml,train,48,2230.8150532245636,0.88737,0.48411,0.83711,0.86446,0.75558,0.85437,0.56999,0.84126,0.4523,0.82666,0.0005940517000000001,0.0005940517000000001,0.0005940517000000001
yolo_yolov8n_20260730_112929,yolo,yolo_yolov8n_20260730_112929,yolov8n.pt,/root/autodl-fs/datasets/DAIR-V2X_YOLO_Vehicle5/dairv2x_vehicle5.yaml,train,49,2275.6587233543396,0.88694,0.48402,0.83658,0.8638,0.75719,0.85352,0.57188,0.83917,0.45281,0.82587,0.0005830528000000001,0.0005830528000000001,0.0005830528000000001
yolo_yolov8n_20260730_112929,yolo,yolo_yolov8n_20260730_112929,yolov8n.pt,/root/autodl-fs/datasets/DAIR-V2X_YOLO_Vehicle5/dairv2x_vehicle5.yaml,train,50,2320.1762759685516,0.88346,0.48134,0.83565,0.8635,0.75662,0.85793,0.57397,0.83526,0.45348,0.82512,0.0005720539000000001,0.0005720539000000001,0.0005720539000000001
yolo_yolov8n_20260730_112929,yolo,yolo_yolov8n_20260730_112929,yolov8n.pt,/root/autodl-fs/datasets/DAIR-V2X_YOLO_Vehicle5/dairv2x_vehicle5.yaml,train,51,2364.4067170619965,0.88033,0.47752,0.83447,0.87336,0.74764,0.85919,0.57358,0.83735,0.44897,0.82531,0.000561055,0.000561055,0.000561055
yolo_yolov8n_20260730_112929,yolo,yolo_yolov8n_20260730_112929,yolov8n.pt,/root/autodl-fs/datasets/DAIR-V2X_YOLO_Vehicle5/dairv2x_vehicle5.yaml,train,52,2408.500363588333,0.8783,0.47932,0.8351,0.86003,0.76173,0.85811,0.57407,0.83501,0.44997,0.82496,0.0005500561,0.0005500561,0.0005500561
yolo_yolov8n_20260730_112929,yolo,yolo_yolov8n_20260730_112929,yolov8n.pt,/root/autodl-fs/datasets/DAIR-V2X_YOLO_Vehicle5/dairv2x_vehicle5.yaml,train,53,2452.749015569687,0.87887,0.47837,0.83469,0.86766,0.75614,0.85753,0.57473,0.83215,0.44934,0.8249,0.0005390572,0.0005390572,0.0005390572
yolo_yolov8n_20260730_112929,yolo,yolo_yolov8n_20260730_112929,yolov8n.pt,/root/autodl-fs/datasets/DAIR-V2X_YOLO_Vehicle5/dairv2x_vehicle5.yaml,train,54,2497.126332759857,0.87739,0.47662,0.83508,0.87136,0.75205,0.85992,0.5772,0.82962,0.4477,0.82394,0.0005280583,0.0005280583,0.0005280583
yolo_yolov8n_20260730_112929,yolo,yolo_yolov8n_20260730_112929,yolov8n.pt,/root/autodl-fs/datasets/DAIR-V2X_YOLO_Vehicle5/dairv2x_vehicle5.yaml,train,55,2542.313416004181,0.87486,0.4755,0.83366,0.86008,0.76518,0.86069,0.57738,0.82898,0.44484,0.82425,0.0005170594,0.0005170594,0.0005170594
yolo_yolov8n_20260730_112929,yolo,yolo_yolov8n_20260730_112929,yolov8n.pt,/root/autodl-fs/datasets/DAIR-V2X_YOLO_Vehicle5/dairv2x_vehicle5.yaml,train,56,2586.6019554138184,0.87441,0.47622,0.83419,0.86017,0.76448,0.8594,0.57657,0.82914,0.44652,0.82415,0.0005060605,0.0005060605,0.0005060605
yolo_yolov8n_20260730_112929,yolo,yolo_yolov8n_20260730_112929,yolov8n.pt,/root/autodl-fs/datasets/DAIR-V2X_YOLO_Vehicle5/dairv2x_vehicle5.yaml,train,57,2631.420100927353,0.87351,0.4734,0.83422,0.86231,0.7667,0.86002,0.57514,0.83045,0.44492,0.82395,0.0004950616,0.0004950616,0.0004950616
yolo_yolov8n_20260730_112929,yolo,yolo_yolov8n_20260730_112929,yolov8n.pt,/root/autodl-fs/datasets/DAIR-V2X_YOLO_Vehicle5/dairv2x_vehicle5.yaml,train,58,2677.23096036911,0.8688,0.47191,0.83322,0.85817,0.76745,0.85941,0.57634,0.82837,0.44532,0.82355,0.0004840627,0.0004840627,0.0004840627
yolo_yolov8n_20260730_112929,yolo,yolo_yolov8n_20260730_112929,yolov8n.pt,/root/autodl-fs/datasets/DAIR-V2X_YOLO_Vehicle5/dairv2x_vehicle5.yaml,train,59,2722.798972606659,0.87001,0.47187,0.83319,0.86066,0.769,0.86033,0.57639,0.82782,0.4448,0.82347,0.0004730638000000001,0.0004730638000000001,0.0004730638000000001
yolo_yolov8n_20260730_112929,yolo,yolo_yolov8n_20260730_112929,yolov8n.pt,/root/autodl-fs/datasets/DAIR-V2X_YOLO_Vehicle5/dairv2x_vehicle5.yaml,train,60,2767.4370312690735,0.86856,0.47104,0.83292,0.86319,0.76087,0.86063,0.57843,0.82653,0.44315,0.8229,0.0004620649000000001,0.0004620649000000001,0.0004620649000000001
yolo_yolov8n_20260730_112929,yolo,yolo_yolov8n_20260730_112929,yolov8n.pt,/root/autodl-fs/datasets/DAIR-V2X_YOLO_Vehicle5/dairv2x_vehicle5.yaml,train,61,2812.7923486232758,0.86616,0.46966,0.83228,0.86123,0.76967,0.86073,0.57842,0.82697,0.4442,0.82283,0.000451066,0.000451066,0.000451066
yolo_yolov8n_20260730_112929,yolo,yolo_yolov8n_20260730_112929,yolov8n.pt,/root/autodl-fs/datasets/DAIR-V2X_YOLO_Vehicle5/dairv2x_vehicle5.yaml,train,62,2858.8309857845306,0.86262,0.46782,0.83302,0.86298,0.77107,0.8629,0.58277,0.82283,0.44114,0.82267,0.0004400671,0.0004400671,0.0004400671
yolo_yolov8n_20260730_112929,yolo,yolo_yolov8n_20260730_112929,yolov8n.pt,/root/autodl-fs/datasets/DAIR-V2X_YOLO_Vehicle5/dairv2x_vehicle5.yaml,train,63,2903.7349655628204,0.86393,0.46804,0.83159,0.86017,0.76803,0.8609,0.57903,0.82372,0.44349,0.82338,0.00042906819999999997,0.00042906819999999997,0.00042906819999999997
yolo_yolov8n_20260730_112929,yolo,yolo_yolov8n_20260730_112929,yolov8n.pt,/root/autodl-fs/datasets/DAIR-V2X_YOLO_Vehicle5/dairv2x_vehicle5.yaml,train,64,2948.208408355713,0.86303,0.46591,0.83124,0.8594,0.76347,0.86239,0.57909,0.82334,0.442,0.82299,0.0004180693,0.0004180693,0.0004180693
yolo_yolov8n_20260730_112929,yolo,yolo_yolov8n_20260730_112929,yolov8n.pt,/root/autodl-fs/datasets/DAIR-V2X_YOLO_Vehicle5/dairv2x_vehicle5.yaml,train,65,2993.4543647766113,0.85999,0.46493,0.83198,0.8592,0.76761,0.86302,0.58128,0.82206,0.43936,0.82241,0.0004070704,0.0004070704,0.0004070704
yolo_yolov8n_20260730_112929,yolo,yolo_yolov8n_20260730_112929,yolov8n.pt,/root/autodl-fs/datasets/DAIR-V2X_YOLO_Vehicle5/dairv2x_vehicle5.yaml,train,66,3038.5061774253845,0.8592,0.46543,0.83168,0.85875,0.76809,0.86067,0.58223,0.82003,0.44026,0.82269,0.00039607149999999996,0.00039607149999999996,0.00039607149999999996
yolo_yolov8n_20260730_112929,yolo,yolo_yolov8n_20260730_112929,yolov8n.pt,/root/autodl-fs/datasets/DAIR-V2X_YOLO_Vehicle5/dairv2x_vehicle5.yaml,train,67,3084.344033718109,0.86103,0.46444,0.831,0.86873,0.76359,0.86395,0.58485,0.8192,0.43869,0.82196,0.00038507259999999996,0.00038507259999999996,0.00038507259999999996
yolo_yolov8n_20260730_112929,yolo,yolo_yolov8n_20260730_112929,yolov8n.pt,/root/autodl-fs/datasets/DAIR-V2X_YOLO_Vehicle5/dairv2x_vehicle5.yaml,train,68,3136.8063921928406,0.85915,0.46498,0.83124,0.86579,0.7656,0.86133,0.58136,0.82096,0.43932,0.82252,0.00037407369999999996,0.00037407369999999996,0.00037407369999999996
yolo_yolov8n_20260730_112929,yolo,yolo_yolov8n_20260730_112929,yolov8n.pt,/root/autodl-fs/datasets/DAIR-V2X_YOLO_Vehicle5/dairv2x_vehicle5.yaml,train,69,3191.238260746002,0.85402,0.46184,0.83092,0.86381,0.77087,0.86182,0.58011,0.82127,0.43829,0.82252,0.00036307479999999996,0.00036307479999999996,0.00036307479999999996
yolo_yolov8n_20260730_112929,yolo,yolo_yolov8n_20260730_112929,yolov8n.pt,/root/autodl-fs/datasets/DAIR-V2X_YOLO_Vehicle5/dairv2x_vehicle5.yaml,train,70,3254.1505041122437,0.85493,0.46006,0.83048,0.86424,0.77134,0.86392,0.58281,0.81737,0.43744,0.82202,0.00035207590000000007,0.00035207590000000007,0.00035207590000000007
yolo_yolov8n_20260730_112929,yolo,yolo_yolov8n_20260730_112929,yolov8n.pt,/root/autodl-fs/datasets/DAIR-V2X_YOLO_Vehicle5/dairv2x_vehicle5.yaml,train,71,3304.7907927036285,0.85615,0.46259,0.83102,0.85833,0.77083,0.86287,0.58327,0.8172,0.43562,0.82208,0.00034107700000000007,0.00034107700000000007,0.00034107700000000007
yolo_yolov8n_20260730_112929,yolo,yolo_yolov8n_20260730_112929,yolov8n.pt,/root/autodl-fs/datasets/DAIR-V2X_YOLO_Vehicle5/dairv2x_vehicle5.yaml,train,72,3352.9637961387634,0.85375,0.4601,0.82978,0.85626,0.77132,0.86303,0.58266,0.81952,0.43677,0.82226,0.0003300781,0.0003300781,0.0003300781
yolo_yolov8n_20260730_112929,yolo,yolo_yolov8n_20260730_112929,yolov8n.pt,/root/autodl-fs/datasets/DAIR-V2X_YOLO_Vehicle5/dairv2x_vehicle5.yaml,train,73,3401.763128757477,0.85007,0.45795,0.82983,0.86837,0.76849,0.86651,0.58683,0.81415,0.43455,0.82168,0.0003190792,0.0003190792,0.0003190792
yolo_yolov8n_20260730_112929,yolo,yolo_yolov8n_20260730_112929,yolov8n.pt,/root/autodl-fs/datasets/DAIR-V2X_YOLO_Vehicle5/dairv2x_vehicle5.yaml,train,74,3449.8503584861755,0.84867,0.45881,0.82963,0.86631,0.77036,0.86519,0.58703,0.81306,0.43383,0.8212,0.00030808030000000007,0.00030808030000000007,0.00030808030000000007
yolo_yolov8n_20260730_112929,yolo,yolo_yolov8n_20260730_112929,yolov8n.pt,/root/autodl-fs/datasets/DAIR-V2X_YOLO_Vehicle5/dairv2x_vehicle5.yaml,train,75,3497.2535400390625,0.84859,0.45754,0.8293,0.871,0.7655,0.86498,0.58657,0.81446,0.43478,0.82157,0.0002970814,0.0002970814,0.0002970814
yolo_yolov8n_20260730_112929,yolo,yolo_yolov8n_20260730_112929,yolov8n.pt,/root/autodl-fs/datasets/DAIR-V2X_YOLO_Vehicle5/dairv2x_vehicle5.yaml,train,76,3544.104897737503,0.84712,0.45648,0.83007,0.85744,0.77317,0.86488,0.58609,0.81584,0.43393,0.82192,0.0002860825,0.0002860825,0.0002860825
yolo_yolov8n_20260730_112929,yolo,yolo_yolov8n_20260730_112929,yolov8n.pt,/root/autodl-fs/datasets/DAIR-V2X_YOLO_Vehicle5/dairv2x_vehicle5.yaml,train,77,3591.2224817276,0.84465,0.45656,0.82984,0.86801,0.76992,0.86532,0.58614,0.81473,0.43364,0.82148,0.0002750836,0.0002750836,0.0002750836
yolo_yolov8n_20260730_112929,yolo,yolo_yolov8n_20260730_112929,yolov8n.pt,/root/autodl-fs/datasets/DAIR-V2X_YOLO_Vehicle5/dairv2x_vehicle5.yaml,train,78,3637.3809571266174,0.84375,0.45499,0.82929,0.86524,0.77068,0.86581,0.58782,0.81371,0.43276,0.82118,0.0002640847,0.0002640847,0.0002640847
yolo_yolov8n_20260730_112929,yolo,yolo_yolov8n_20260730_112929,yolov8n.pt,/root/autodl-fs/datasets/DAIR-V2X_YOLO_Vehicle5/dairv2x_vehicle5.yaml,train,79,3682.6729061603546,0.8404,0.45296,0.82767,0.86144,0.77456,0.86644,0.58726,0.81228,0.43251,0.82097,0.00025308579999999995,0.00025308579999999995,0.00025308579999999995
yolo_yolov8n_20260730_112929,yolo,yolo_yolov8n_20260730_112929,yolov8n.pt,/root/autodl-fs/datasets/DAIR-V2X_YOLO_Vehicle5/dairv2x_vehicle5.yaml,train,80,3727.2007672786713,0.84292,0.45449,0.82806,0.86275,0.77191,0.86509,0.58649,0.81322,0.43267,0.82092,0.00024208689999999998,0.00024208689999999998,0.00024208689999999998
yolo_yolov8n_20260730_112929,yolo,yolo_yolov8n_20260730_112929,yolov8n.pt,/root/autodl-fs/datasets/DAIR-V2X_YOLO_Vehicle5/dairv2x_vehicle5.yaml,train,81,3771.5071816444397,0.83656,0.45059,0.8282,0.86352,0.77462,0.8655,0.58814,0.81,0.43146,0.82076,0.00023108799999999995,0.00023108799999999995,0.00023108799999999995
yolo_yolov8n_20260730_112929,yolo,yolo_yolov8n_20260730_112929,yolov8n.pt,/root/autodl-fs/datasets/DAIR-V2X_YOLO_Vehicle5/dairv2x_vehicle5.yaml,train,82,3815.7654588222504,0.83891,0.45169,0.82822,0.8627,0.77355,0.86647,0.58849,0.80911,0.43088,0.82033,0.00022008909999999993,0.00022008909999999993,0.00022008909999999993
yolo_yolov8n_20260730_112929,yolo,yolo_yolov8n_20260730_112929,yolov8n.pt,/root/autodl-fs/datasets/DAIR-V2X_YOLO_Vehicle5/dairv2x_vehicle5.yaml,train,83,3860.1050860881805,0.83758,0.45066,0.82836,0.85631,0.77951,0.86697,0.58764,0.81061,0.4315,0.8206,0.00020909020000000006,0.00020909020000000006,0.00020909020000000006
yolo_yolov8n_20260730_112929,yolo,yolo_yolov8n_20260730_112929,yolov8n.pt,/root/autodl-fs/datasets/DAIR-V2X_YOLO_Vehicle5/dairv2x_vehicle5.yaml,train,84,3904.6688554286957,0.83684,0.45041,0.82752,0.85514,0.77426,0.86447,0.58727,0.80925,0.4312,0.82057,0.00019809130000000006,0.00019809130000000006,0.00019809130000000006
yolo_yolov8n_20260730_112929,yolo,yolo_yolov8n_20260730_112929,yolov8n.pt,/root/autodl-fs/datasets/DAIR-V2X_YOLO_Vehicle5/dairv2x_vehicle5.yaml,train,85,3949.500421524048,0.83492,0.44924,0.82782,0.86172,0.7783,0.86582,0.58885,0.80924,0.43086,0.82057,0.00018709240000000006,0.00018709240000000006,0.00018709240000000006
yolo_yolov8n_20260730_112929,yolo,yolo_yolov8n_20260730_112929,yolov8n.pt,/root/autodl-fs/datasets/DAIR-V2X_YOLO_Vehicle5/dairv2x_vehicle5.yaml,train,86,3994.342259645462,0.83492,0.44834,0.82683,0.86107,0.7773,0.8674,0.58886,0.80807,0.43021,0.82033,0.00017609350000000003,0.00017609350000000003,0.00017609350000000003
yolo_yolov8n_20260730_112929,yolo,yolo_yolov8n_20260730_112929,yolov8n.pt,/root/autodl-fs/datasets/DAIR-V2X_YOLO_Vehicle5/dairv2x_vehicle5.yaml,train,87,4038.784548997879,0.83263,0.44811,0.8273,0.85971,0.7794,0.86799,0.58841,0.8093,0.42996,0.82027,0.0001650946,0.0001650946,0.0001650946
yolo_yolov8n_20260730_112929,yolo,yolo_yolov8n_20260730_112929,yolov8n.pt,/root/autodl-fs/datasets/DAIR-V2X_YOLO_Vehicle5/dairv2x_vehicle5.yaml,train,88,4083.7381756305695,0.83025,0.4457,0.82698,0.86285,0.77762,0.86738,0.58917,0.80796,0.42896,0.81983,0.00015409570000000003,0.00015409570000000003,0.00015409570000000003
yolo_yolov8n_20260730_112929,yolo,yolo_yolov8n_20260730_112929,yolov8n.pt,/root/autodl-fs/datasets/DAIR-V2X_YOLO_Vehicle5/dairv2x_vehicle5.yaml,train,89,4128.82180762291,0.82849,0.44539,0.82764,0.86149,0.77668,0.86708,0.58959,0.80758,0.42889,0.81983,0.0001430968,0.0001430968,0.0001430968
yolo_yolov8n_20260730_112929,yolo,yolo_yolov8n_20260730_112929,yolov8n.pt,/root/autodl-fs/datasets/DAIR-V2X_YOLO_Vehicle5/dairv2x_vehicle5.yaml,train,90,4173.131089448929,0.82914,0.44518,0.82729,0.86563,0.77251,0.86735,0.58901,0.80745,0.42799,0.82001,0.00013209789999999997,0.00013209789999999997,0.00013209789999999997
yolo_yolov8n_20260730_112929,yolo,yolo_yolov8n_20260730_112929,yolov8n.pt,/root/autodl-fs/datasets/DAIR-V2X_YOLO_Vehicle5/dairv2x_vehicle5.yaml,train,91,4213.216893911362,0.80134,0.43372,0.82196,0.859,0.77332,0.86372,0.58335,0.8169,0.43299,0.82126,0.00012109899999999997,0.00012109899999999997,0.00012109899999999997
yolo_yolov8n_20260730_112929,yolo,yolo_yolov8n_20260730_112929,yolov8n.pt,/root/autodl-fs/datasets/DAIR-V2X_YOLO_Vehicle5/dairv2x_vehicle5.yaml,train,92,4252.9542508125305,0.79571,0.42975,0.81992,0.85877,0.77307,0.86445,0.58494,0.81541,0.43262,0.82119,0.00011010009999999996,0.00011010009999999996,0.00011010009999999996
yolo_yolov8n_20260730_112929,yolo,yolo_yolov8n_20260730_112929,yolov8n.pt,/root/autodl-fs/datasets/DAIR-V2X_YOLO_Vehicle5/dairv2x_vehicle5.yaml,train,93,4292.183214187622,0.79076,0.4273,0.82004,0.85605,0.77558,0.8642,0.58501,0.81393,0.43181,0.82091,9.910119999999996e-05,9.910119999999996e-05,9.910119999999996e-05
yolo_yolov8n_20260730_112929,yolo,yolo_yolov8n_20260730_112929,yolov8n.pt,/root/autodl-fs/datasets/DAIR-V2X_YOLO_Vehicle5/dairv2x_vehicle5.yaml,train,94,4332.207920789719,0.78619,0.42477,0.82029,0.85944,0.77374,0.86478,0.58569,0.81209,0.43124,0.82063,8.810229999999993e-05,8.810229999999993e-05,8.810229999999993e-05
yolo_yolov8n_20260730_112929,yolo,yolo_yolov8n_20260730_112929,yolov8n.pt,/root/autodl-fs/datasets/DAIR-V2X_YOLO_Vehicle5/dairv2x_vehicle5.yaml,train,95,4371.6690855026245,0.78524,0.42392,0.81893,0.85946,0.77467,0.86477,0.58669,0.81061,0.43006,0.82065,7.710340000000005e-05,7.710340000000005e-05,7.710340000000005e-05
yolo_yolov8n_20260730_112929,yolo,yolo_yolov8n_20260730_112929,yolov8n.pt,/root/autodl-fs/datasets/DAIR-V2X_YOLO_Vehicle5/dairv2x_vehicle5.yaml,train,96,4410.932121515274,0.78412,0.42213,0.81911,0.85973,0.77482,0.86415,0.58722,0.81022,0.42969,0.82045,6.610450000000005e-05,6.610450000000005e-05,6.610450000000005e-05
yolo_yolov8n_20260730_112929,yolo,yolo_yolov8n_20260730_112929,yolov8n.pt,/root/autodl-fs/datasets/DAIR-V2X_YOLO_Vehicle5/dairv2x_vehicle5.yaml,train,97,4450.272303581238,0.78328,0.42219,0.8189,0.85832,0.77775,0.86586,0.58844,0.80982,0.42976,0.82048,5.5105600000000044e-05,5.5105600000000044e-05,5.5105600000000044e-05
yolo_yolov8n_20260730_112929,yolo,yolo_yolov8n_20260730_112929,yolov8n.pt,/root/autodl-fs/datasets/DAIR-V2X_YOLO_Vehicle5/dairv2x_vehicle5.yaml,train,98,4489.107900857925,0.7828,0.42155,0.81868,0.85816,0.77622,0.86468,0.58721,0.80962,0.42975,0.8205,4.410670000000003e-05,4.410670000000003e-05,4.410670000000003e-05
yolo_yolov8n_20260730_112929,yolo,yolo_yolov8n_20260730_112929,yolov8n.pt,/root/autodl-fs/datasets/DAIR-V2X_YOLO_Vehicle5/dairv2x_vehicle5.yaml,train,99,4528.1205887794495,0.77903,0.41987,0.81844,0.86307,0.77429,0.86548,0.58767,0.80836,0.42903,0.82037,3.310780000000002e-05,3.310780000000002e-05,3.310780000000002e-05
yolo_yolov8n_20260730_112929,yolo,yolo_yolov8n_20260730_112929,yolov8n.pt,/root/autodl-fs/datasets/DAIR-V2X_YOLO_Vehicle5/dairv2x_vehicle5.yaml,train,100,4567.362062931061,0.77934,0.42004,0.81846,0.86143,0.77375,0.8651,0.5874,0.80851,0.42885,0.82034,2.2108900000000008e-05,2.2108900000000008e-05,2.2108900000000008e-05
yolo_yolov8s_20260730_135052,yolo,yolo_yolov8s_20260730_135052,yolov8s.pt,/root/autodl-fs/datasets/DAIR-V2X_YOLO_Vehicle5/dairv2x_vehicle5.yaml,train,1,86.21122646331787,1.16252,0.86666,0.91069,0.81136,0.68441,0.77405,0.46806,1.0118,0.5682,0.85879,0.00036916139240506326,0.00036916139240506326,0.00036916139240506326
yolo_yolov8s_20260730_135052,yolo,yolo_yolov8s_20260730_135052,yolov8s.pt,/root/autodl-fs/datasets/DAIR-V2X_YOLO_Vehicle5/dairv2x_vehicle5.yaml,train,2,161.94841361045837,1.03318,0.59112,0.86764,0.83817,0.70034,0.79989,0.50198,0.96979,0.53611,0.84951,0.0007321737279535865,0.0007321737279535865,0.0007321737279535865
yolo_yolov8s_20260730_135052,yolo,yolo_yolov8s_20260730_135052,yolov8s.pt,/root/autodl-fs/datasets/DAIR-V2X_YOLO_Vehicle5/dairv2x_vehicle5.yaml,train,3,236.23914003372192,1.00484,0.56048,0.86057,0.8422,0.72581,0.81881,0.50982,0.95434,0.51913,0.84305,0.0010878534635021097,0.0010878534635021097,0.0010878534635021097
yolo_yolov8s_20260730_135052,yolo,yolo_yolov8s_20260730_135052,yolov8s.pt,/root/autodl-fs/datasets/DAIR-V2X_YOLO_Vehicle5/dairv2x_vehicle5.yaml,train,4,310.77797627449036,0.98013,0.54291,0.85404,0.85821,0.71996,0.82703,0.53266,0.92165,0.50245,0.84049,0.0010780033,0.0010780033,0.0010780033
yolo_yolov8s_20260730_135052,yolo,yolo_yolov8s_20260730_135052,yolov8s.pt,/root/autodl-fs/datasets/DAIR-V2X_YOLO_Vehicle5/dairv2x_vehicle5.yaml,train,5,384.4205095767975,0.95245,0.52532,0.85182,0.85403,0.72588,0.83102,0.53518,0.89525,0.49309,0.83568,0.0010670044,0.0010670044,0.0010670044
yolo_yolov8s_20260730_135052,yolo,yolo_yolov8s_20260730_135052,yolov8s.pt,/root/autodl-fs/datasets/DAIR-V2X_YOLO_Vehicle5/dairv2x_vehicle5.yaml,train,6,458.18941354751587,0.94477,0.51953,0.84906,0.86207,0.74527,0.83698,0.53522,0.89954,0.48879,0.83645,0.0010560055,0.0010560055,0.0010560055
yolo_yolov8s_20260730_135052,yolo,yolo_yolov8s_20260730_135052,yolov8s.pt,/root/autodl-fs/datasets/DAIR-V2X_YOLO_Vehicle5/dairv2x_vehicle5.yaml,train,7,531.9404952526093,0.93294,0.51189,0.84712,0.85747,0.74412,0.84452,0.5575,0.87129,0.47085,0.83359,0.0010450066,0.0010450066,0.0010450066
yolo_yolov8s_20260730_135052,yolo,yolo_yolov8s_20260730_135052,yolov8s.pt,/root/autodl-fs/datasets/DAIR-V2X_YOLO_Vehicle5/dairv2x_vehicle5.yaml,train,8,605.8532056808472,0.91872,0.50242,0.8451,0.86332,0.75781,0.85056,0.56781,0.8578,0.46278,0.83167,0.0010340077,0.0010340077,0.0010340077
yolo_yolov8s_20260730_135052,yolo,yolo_yolov8s_20260730_135052,yolov8s.pt,/root/autodl-fs/datasets/DAIR-V2X_YOLO_Vehicle5/dairv2x_vehicle5.yaml,train,9,679.7869625091553,0.90783,0.49566,0.84227,0.87482,0.75109,0.84838,0.5654,0.8573,0.46789,0.83094,0.0010230088,0.0010230088,0.0010230088
yolo_yolov8s_20260730_135052,yolo,yolo_yolov8s_20260730_135052,yolov8s.pt,/root/autodl-fs/datasets/DAIR-V2X_YOLO_Vehicle5/dairv2x_vehicle5.yaml,train,10,753.3965616226196,0.89994,0.49186,0.84177,0.84486,0.75987,0.84375,0.55595,0.86392,0.46672,0.83021,0.0010120099,0.0010120099,0.0010120099
yolo_yolov8s_20260730_135052,yolo,yolo_yolov8s_20260730_135052,yolov8s.pt,/root/autodl-fs/datasets/DAIR-V2X_YOLO_Vehicle5/dairv2x_vehicle5.yaml,train,11,827.1280798912048,0.90086,0.49432,0.84197,0.8619,0.7615,0.8546,0.56779,0.85419,0.4569,0.82993,0.001001011,0.001001011,0.001001011
yolo_yolov8s_20260730_135052,yolo,yolo_yolov8s_20260730_135052,yolov8s.pt,/root/autodl-fs/datasets/DAIR-V2X_YOLO_Vehicle5/dairv2x_vehicle5.yaml,train,12,901.0724458694458,0.88803,0.48449,0.83941,0.86099,0.76895,0.85844,0.57474,0.84778,0.45706,0.82787,0.0009900121,0.0009900121,0.0009900121
yolo_yolov8s_20260730_135052,yolo,yolo_yolov8s_20260730_135052,yolov8s.pt,/root/autodl-fs/datasets/DAIR-V2X_YOLO_Vehicle5/dairv2x_vehicle5.yaml,train,13,974.252964258194,0.87871,0.47719,0.83831,0.8659,0.76578,0.85293,0.5771,0.84001,0.45624,0.82726,0.0009790132,0.0009790132,0.0009790132
yolo_yolov8s_20260730_135052,yolo,yolo_yolov8s_20260730_135052,yolov8s.pt,/root/autodl-fs/datasets/DAIR-V2X_YOLO_Vehicle5/dairv2x_vehicle5.yaml,train,14,1048.0375208854675,0.87921,0.47843,0.83762,0.86314,0.77435,0.86097,0.58084,0.83239,0.44552,0.82615,0.0009680143,0.0009680143,0.0009680143
yolo_yolov8s_20260730_135052,yolo,yolo_yolov8s_20260730_135052,yolov8s.pt,/root/autodl-fs/datasets/DAIR-V2X_YOLO_Vehicle5/dairv2x_vehicle5.yaml,train,15,1119.4581007957458,0.86773,0.47178,0.83383,0.8636,0.76633,0.85857,0.57982,0.83858,0.45255,0.82637,0.0009570153999999999,0.0009570153999999999,0.0009570153999999999
yolo_yolov8s_20260730_135052,yolo,yolo_yolov8s_20260730_135052,yolov8s.pt,/root/autodl-fs/datasets/DAIR-V2X_YOLO_Vehicle5/dairv2x_vehicle5.yaml,train,16,1191.3192341327667,0.86314,0.46681,0.83524,0.8893,0.76583,0.86385,0.5885,0.82115,0.44109,0.82366,0.0009460165,0.0009460165,0.0009460165
yolo_yolov8s_20260730_135052,yolo,yolo_yolov8s_20260730_135052,yolov8s.pt,/root/autodl-fs/datasets/DAIR-V2X_YOLO_Vehicle5/dairv2x_vehicle5.yaml,train,17,1263.5166687965393,0.85721,0.46242,0.83325,0.87292,0.77094,0.86503,0.58944,0.81429,0.43446,0.82288,0.0009350176,0.0009350176,0.0009350176
yolo_yolov8s_20260730_135052,yolo,yolo_yolov8s_20260730_135052,yolov8s.pt,/root/autodl-fs/datasets/DAIR-V2X_YOLO_Vehicle5/dairv2x_vehicle5.yaml,train,18,1335.2856035232544,0.8561,0.46387,0.83335,0.87305,0.7757,0.86649,0.59365,0.81863,0.43788,0.82312,0.0009240187,0.0009240187,0.0009240187
yolo_yolov8s_20260730_135052,yolo,yolo_yolov8s_20260730_135052,yolov8s.pt,/root/autodl-fs/datasets/DAIR-V2X_YOLO_Vehicle5/dairv2x_vehicle5.yaml,train,19,1408.4973003864288,0.85026,0.45995,0.83268,0.87875,0.76749,0.86789,0.59728,0.81204,0.43377,0.82299,0.0009130198000000001,0.0009130198000000001,0.0009130198000000001
yolo_yolov8s_20260730_135052,yolo,yolo_yolov8s_20260730_135052,yolov8s.pt,/root/autodl-fs/datasets/DAIR-V2X_YOLO_Vehicle5/dairv2x_vehicle5.yaml,train,20,1481.0908167362213,0.85067,0.46154,0.83243,0.88785,0.76725,0.86819,0.59273,0.80826,0.43688,0.82169,0.0009020209000000001,0.0009020209000000001,0.0009020209000000001
yolo_yolov8s_20260730_135052,yolo,yolo_yolov8s_20260730_135052,yolov8s.pt,/root/autodl-fs/datasets/DAIR-V2X_YOLO_Vehicle5/dairv2x_vehicle5.yaml,train,21,1553.4270305633545,0.84829,0.4581,0.83105,0.87617,0.77682,0.87115,0.59736,0.80766,0.43081,0.8216,0.0008910220000000001,0.0008910220000000001,0.0008910220000000001
yolo_yolov8s_20260730_135052,yolo,yolo_yolov8s_20260730_135052,yolov8s.pt,/root/autodl-fs/datasets/DAIR-V2X_YOLO_Vehicle5/dairv2x_vehicle5.yaml,train,22,1626.0016927719116,0.84213,0.45456,0.83065,0.8715,0.78061,0.87012,0.59927,0.79951,0.42699,0.82052,0.0008800231,0.0008800231,0.0008800231
yolo_yolov8s_20260730_135052,yolo,yolo_yolov8s_20260730_135052,yolov8s.pt,/root/autodl-fs/datasets/DAIR-V2X_YOLO_Vehicle5/dairv2x_vehicle5.yaml,train,23,1698.1885900497437,0.83951,0.45334,0.8299,0.87709,0.7807,0.87231,0.59482,0.8153,0.43092,0.82295,0.0008690242,0.0008690242,0.0008690242
yolo_yolov8s_20260730_135052,yolo,yolo_yolov8s_20260730_135052,yolov8s.pt,/root/autodl-fs/datasets/DAIR-V2X_YOLO_Vehicle5/dairv2x_vehicle5.yaml,train,24,1770.8936595916748,0.83499,0.45381,0.83042,0.86452,0.77937,0.86825,0.59781,0.80324,0.43201,0.82107,0.0008580253,0.0008580253,0.0008580253
yolo_yolov8s_20260730_135052,yolo,yolo_yolov8s_20260730_135052,yolov8s.pt,/root/autodl-fs/datasets/DAIR-V2X_YOLO_Vehicle5/dairv2x_vehicle5.yaml,train,25,1845.067571401596,0.83655,0.45288,0.82972,0.87153,0.78559,0.87503,0.60342,0.79854,0.42489,0.82066,0.0008470264,0.0008470264,0.0008470264
yolo_yolov8s_20260730_135052,yolo,yolo_yolov8s_20260730_135052,yolov8s.pt,/root/autodl-fs/datasets/DAIR-V2X_YOLO_Vehicle5/dairv2x_vehicle5.yaml,train,26,1917.1200206279755,0.82492,0.44412,0.82818,0.87568,0.78414,0.87486,0.60598,0.80113,0.42475,0.82046,0.0008360275,0.0008360275,0.0008360275
yolo_yolov8s_20260730_135052,yolo,yolo_yolov8s_20260730_135052,yolov8s.pt,/root/autodl-fs/datasets/DAIR-V2X_YOLO_Vehicle5/dairv2x_vehicle5.yaml,train,27,1989.166787147522,0.83027,0.44815,0.82812,0.87038,0.78735,0.87384,0.60692,0.79706,0.42432,0.81947,0.0008250286000000001,0.0008250286000000001,0.0008250286000000001
yolo_v12m_20260730_150115,yolo,yolo_v12m_20260730_150115,yolo12m.pt,/root/autodl-fs/datasets/DAIR-V2X_YOLO_Vehicle5/dairv2x_vehicle5.yaml,train,1,236.16430401802063,1.04806,0.70708,0.89309,0.81873,0.73684,0.80785,0.50025,0.9908,0.5485,0.86658,0.0003697464342313788,0.0003697464342313788,0.0003697464342313788
yolo_v12m_20260730_150115,yolo,yolo_v12m_20260730_150115,yolo12m.pt,/root/autodl-fs/datasets/DAIR-V2X_YOLO_Vehicle5/dairv2x_vehicle5.yaml,train,2,440.9583020210266,1.01211,0.56712,0.88076,0.82986,0.71578,0.80724,0.51796,0.94099,0.53323,0.85366,0.0007327529778658214,0.0007327529778658214,0.0007327529778658214
yolo_v12m_20260730_150115,yolo,yolo_v12m_20260730_150115,yolo12m.pt,/root/autodl-fs/datasets/DAIR-V2X_YOLO_Vehicle5/dairv2x_vehicle5.yaml,train,3,641.0686821937561,0.97874,0.54586,0.87102,0.8489,0.74446,0.83297,0.54437,0.89926,0.49687,0.84373,0.0010884269215002643,0.0010884269215002643,0.0010884269215002643
yolo_v12m_20260730_150115,yolo,yolo_v12m_20260730_150115,yolo12m.pt,/root/autodl-fs/datasets/DAIR-V2X_YOLO_Vehicle5/dairv2x_vehicle5.yaml,train,4,839.940550327301,0.95591,0.52287,0.8636,0.86655,0.74438,0.8459,0.55088,0.91325,0.49026,0.84763,0.0010780033,0.0010780033,0.0010780033
yolo_v12m_20260730_150115,yolo,yolo_v12m_20260730_150115,yolo12m.pt,/root/autodl-fs/datasets/DAIR-V2X_YOLO_Vehicle5/dairv2x_vehicle5.yaml,train,5,1042.9952867031097,0.92223,0.50558,0.85876,0.85721,0.76298,0.8551,0.56905,0.8618,0.46838,0.83836,0.0010670044,0.0010670044,0.0010670044
yolo_v12m_20260730_150115,yolo,yolo_v12m_20260730_150115,yolo12m.pt,/root/autodl-fs/datasets/DAIR-V2X_YOLO_Vehicle5/dairv2x_vehicle5.yaml,train,6,1245.812066078186,0.90902,0.49604,0.85527,0.8604,0.77445,0.85681,0.57458,0.85591,0.46567,0.83597,0.0010560055,0.0010560055,0.0010560055
yolo_v12m_20260730_150115,yolo,yolo_v12m_20260730_150115,yolo12m.pt,/root/autodl-fs/datasets/DAIR-V2X_YOLO_Vehicle5/dairv2x_vehicle5.yaml,train,7,1449.520756483078,0.8922,0.48594,0.8525,0.8579,0.76476,0.86088,0.57932,0.84901,0.45575,0.83513,0.0010450066,0.0010450066,0.0010450066
yolo_v12m_20260730_150115,yolo,yolo_v12m_20260730_150115,yolo12m.pt,/root/autodl-fs/datasets/DAIR-V2X_YOLO_Vehicle5/dairv2x_vehicle5.yaml,train,8,1652.0002572536469,0.88257,0.4822,0.85072,0.87155,0.77645,0.86672,0.59037,0.81982,0.44646,0.83144,0.0010340077,0.0010340077,0.0010340077
yolo_v12m_20260730_150115,yolo,yolo_v12m_20260730_150115,yolo12m.pt,/root/autodl-fs/datasets/DAIR-V2X_YOLO_Vehicle5/dairv2x_vehicle5.yaml,train,9,1857.1395370960236,0.86988,0.47197,0.84751,0.8723,0.7757,0.86916,0.59432,0.81729,0.44269,0.83044,0.0010230088,0.0010230088,0.0010230088
yolo_v12m_20260730_150115,yolo,yolo_v12m_20260730_150115,yolo12m.pt,/root/autodl-fs/datasets/DAIR-V2X_YOLO_Vehicle5/dairv2x_vehicle5.yaml,train,10,2063.096806049347,0.86383,0.4684,0.84591,0.87244,0.77614,0.86813,0.59427,0.82444,0.44274,0.83248,0.0010120099,0.0010120099,0.0010120099
yolo_v12m_20260730_150115,yolo,yolo_v12m_20260730_150115,yolo12m.pt,/root/autodl-fs/datasets/DAIR-V2X_YOLO_Vehicle5/dairv2x_vehicle5.yaml,train,11,2266.2629594802856,0.86049,0.46256,0.84572,0.88052,0.77859,0.87686,0.60377,0.80021,0.42394,0.82804,0.001001011,0.001001011,0.001001011
yolo_v12m_20260730_150115,yolo,yolo_v12m_20260730_150115,yolo12m.pt,/root/autodl-fs/datasets/DAIR-V2X_YOLO_Vehicle5/dairv2x_vehicle5.yaml,train,12,2467.5146231651306,0.84339,0.45549,0.84232,0.87706,0.78107,0.87499,0.60612,0.80222,0.43074,0.82667,0.0009900121,0.0009900121,0.0009900121
yolo_v12m_20260730_150115,yolo,yolo_v12m_20260730_150115,yolo12m.pt,/root/autodl-fs/datasets/DAIR-V2X_YOLO_Vehicle5/dairv2x_vehicle5.yaml,train,13,2670.207307577133,0.84277,0.45528,0.84186,0.87269,0.78367,0.87478,0.60258,0.81177,0.43087,0.82784,0.0009790132,0.0009790132,0.0009790132
yolo_v12m_20260730_150115,yolo,yolo_v12m_20260730_150115,yolo12m.pt,/root/autodl-fs/datasets/DAIR-V2X_YOLO_Vehicle5/dairv2x_vehicle5.yaml,train,14,2871.1057641506195,0.83859,0.45345,0.84079,0.88194,0.78389,0.8747,0.60562,0.79611,0.42802,0.82564,0.0009680143,0.0009680143,0.0009680143
yolo_v12m_20260730_150115,yolo,yolo_v12m_20260730_150115,yolo12m.pt,/root/autodl-fs/datasets/DAIR-V2X_YOLO_Vehicle5/dairv2x_vehicle5.yaml,train,15,3071.9830379486084,0.8319,0.44876,0.83931,0.88729,0.78589,0.87937,0.61564,0.78481,0.41422,0.82403,0.0009570153999999999,0.0009570153999999999,0.0009570153999999999
yolo_v12m_20260730_150115,yolo,yolo_v12m_20260730_150115,yolo12m.pt,/root/autodl-fs/datasets/DAIR-V2X_YOLO_Vehicle5/dairv2x_vehicle5.yaml,train,16,3272.492963552475,0.82737,0.44592,0.83774,0.86959,0.77834,0.87037,0.60434,0.79554,0.42528,0.82593,0.0009460165,0.0009460165,0.0009460165
yolo_v12m_20260730_150115,yolo,yolo_v12m_20260730_150115,yolo12m.pt,/root/autodl-fs/datasets/DAIR-V2X_YOLO_Vehicle5/dairv2x_vehicle5.yaml,train,17,3472.7705318927765,0.82155,0.44397,0.83834,0.88491,0.78458,0.88138,0.61431,0.78451,0.41681,0.8246,0.0009350176,0.0009350176,0.0009350176
yolo_v12m_20260730_150115,yolo,yolo_v12m_20260730_150115,yolo12m.pt,/root/autodl-fs/datasets/DAIR-V2X_YOLO_Vehicle5/dairv2x_vehicle5.yaml,train,18,3673.84681558609,0.81559,0.43932,0.8363,0.89057,0.7801,0.88138,0.61887,0.781,0.41585,0.82253,0.0009240187,0.0009240187,0.0009240187
yolo_v12m_20260730_150115,yolo,yolo_v12m_20260730_150115,yolo12m.pt,/root/autodl-fs/datasets/DAIR-V2X_YOLO_Vehicle5/dairv2x_vehicle5.yaml,train,19,3879.2640352249146,0.81337,0.43791,0.83554,0.89065,0.7826,0.88008,0.61445,0.77968,0.41429,0.82265,0.0009130198000000001,0.0009130198000000001,0.0009130198000000001
yolo_v12m_20260730_150115,yolo,yolo_v12m_20260730_150115,yolo12m.pt,/root/autodl-fs/datasets/DAIR-V2X_YOLO_Vehicle5/dairv2x_vehicle5.yaml,train,20,4087.8157002925873,0.80993,0.4359,0.83553,0.88116,0.79152,0.87935,0.6165,0.78179,0.41639,0.82334,0.0009020209000000001,0.0009020209000000001,0.0009020209000000001
yolo_v12m_20260730_150115,yolo,yolo_v12m_20260730_150115,yolo12m.pt,/root/autodl-fs/datasets/DAIR-V2X_YOLO_Vehicle5/dairv2x_vehicle5.yaml,train,21,4294.13294506073,0.80333,0.42979,0.83428,0.89037,0.78458,0.88549,0.622,0.76928,0.41077,0.8212,0.0008910220000000001,0.0008910220000000001,0.0008910220000000001
yolo_v12m_20260730_150115,yolo,yolo_v12m_20260730_150115,yolo12m.pt,/root/autodl-fs/datasets/DAIR-V2X_YOLO_Vehicle5/dairv2x_vehicle5.yaml,train,22,4498.131014585495,0.79913,0.42929,0.83353,0.90045,0.7878,0.88628,0.62908,0.764,0.40399,0.82033,0.0008800231,0.0008800231,0.0008800231
yolo_v12m_20260730_150115,yolo,yolo_v12m_20260730_150115,yolo12m.pt,/root/autodl-fs/datasets/DAIR-V2X_YOLO_Vehicle5/dairv2x_vehicle5.yaml,train,23,4700.119454622269,0.79902,0.4296,0.83363,0.87492,0.80041,0.88477,0.62542,0.77139,0.40423,0.82073,0.0008690242,0.0008690242,0.0008690242
yolo_v12m_20260730_150115,yolo,yolo_v12m_20260730_150115,yolo12m.pt,/root/autodl-fs/datasets/DAIR-V2X_YOLO_Vehicle5/dairv2x_vehicle5.yaml,train,24,4905.1573259830475,0.79652,0.42758,0.83312,0.8834,0.80216,0.89079,0.62687,0.7686,0.40456,0.82014,0.0008580253,0.0008580253,0.0008580253
yolo_v12m_20260730_150115,yolo,yolo_v12m_20260730_150115,yolo12m.pt,/root/autodl-fs/datasets/DAIR-V2X_YOLO_Vehicle5/dairv2x_vehicle5.yaml,train,25,5109.326836824417,0.79045,0.42472,0.83317,0.88102,0.79064,0.88323,0.62839,0.75715,0.40112,0.81996,0.0008470264,0.0008470264,0.0008470264
yolo_v12m_20260730_150115,yolo,yolo_v12m_20260730_150115,yolo12m.pt,/root/autodl-fs/datasets/DAIR-V2X_YOLO_Vehicle5/dairv2x_vehicle5.yaml,train,26,5311.672757387161,0.78797,0.42202,0.83065,0.8902,0.79269,0.88583,0.62942,0.76247,0.39977,0.81926,0.0008360275,0.0008360275,0.0008360275
yolo_v12m_20260730_150115,yolo,yolo_v12m_20260730_150115,yolo12m.pt,/root/autodl-fs/datasets/DAIR-V2X_YOLO_Vehicle5/dairv2x_vehicle5.yaml,train,27,5512.961982727051,0.7895,0.42167,0.83041,0.8802,0.799,0.88297,0.62993,0.75914,0.39709,0.81839,0.0008250286000000001,0.0008250286000000001,0.0008250286000000001
yolo_v12m_20260730_150115,yolo,yolo_v12m_20260730_150115,yolo12m.pt,/root/autodl-fs/datasets/DAIR-V2X_YOLO_Vehicle5/dairv2x_vehicle5.yaml,train,28,5714.066041707993,0.78308,0.41961,0.83004,0.8877,0.80425,0.8901,0.63432,0.75483,0.40071,0.81852,0.0008140297,0.0008140297,0.0008140297
yolo_v12m_20260730_150115,yolo,yolo_v12m_20260730_150115,yolo12m.pt,/root/autodl-fs/datasets/DAIR-V2X_YOLO_Vehicle5/dairv2x_vehicle5.yaml,train,29,5914.741738796234,0.78217,0.4181,0.82997,0.88472,0.80836,0.89473,0.63943,0.7472,0.39282,0.81652,0.0008030308,0.0008030308,0.0008030308
yolo_v12m_20260730_150115,yolo,yolo_v12m_20260730_150115,yolo12m.pt,/root/autodl-fs/datasets/DAIR-V2X_YOLO_Vehicle5/dairv2x_vehicle5.yaml,train,30,6118.503252983093,0.77999,0.41509,0.82957,0.88686,0.80126,0.89235,0.63763,0.75518,0.39602,0.81951,0.0007920319,0.0007920319,0.0007920319
yolo_v12m_20260730_150115,yolo,yolo_v12m_20260730_150115,yolo12m.pt,/root/autodl-fs/datasets/DAIR-V2X_YOLO_Vehicle5/dairv2x_vehicle5.yaml,train,31,6321.3776795864105,0.77083,0.41121,0.82695,0.88051,0.81068,0.89463,0.6394,0.7528,0.39097,0.81836,0.000781033,0.000781033,0.000781033
yolo_v12m_20260730_150115,yolo,yolo_v12m_20260730_150115,yolo12m.pt,/root/autodl-fs/datasets/DAIR-V2X_YOLO_Vehicle5/dairv2x_vehicle5.yaml,train,32,6535.586630344391,0.77892,0.41522,0.82802,0.89429,0.79725,0.89335,0.64215,0.74252,0.38853,0.81621,0.0007700341,0.0007700341,0.0007700341
yolo_v12m_20260730_150115,yolo,yolo_v12m_20260730_150115,yolo12m.pt,/root/autodl-fs/datasets/DAIR-V2X_YOLO_Vehicle5/dairv2x_vehicle5.yaml,train,33,6747.693300008774,0.76735,0.40684,0.82765,0.90185,0.79647,0.8961,0.64172,0.74242,0.38769,0.81707,0.0007590351999999999,0.0007590351999999999,0.0007590351999999999
yolo_v12m_20260730_150115,yolo,yolo_v12m_20260730_150115,yolo12m.pt,/root/autodl-fs/datasets/DAIR-V2X_YOLO_Vehicle5/dairv2x_vehicle5.yaml,train,34,6955.94417142868,0.7722,0.41119,0.82843,0.89297,0.79375,0.89107,0.64079,0.74184,0.39085,0.81659,0.0007480362999999999,0.0007480362999999999,0.0007480362999999999
yolo_v12m_20260730_150115,yolo,yolo_v12m_20260730_150115,yolo12m.pt,/root/autodl-fs/datasets/DAIR-V2X_YOLO_Vehicle5/dairv2x_vehicle5.yaml,train,35,7162.808594703674,0.76898,0.40759,0.82755,0.88603,0.80599,0.89548,0.64071,0.74535,0.38579,0.81603,0.0007370373999999999,0.0007370373999999999,0.0007370373999999999
yolo_v12m_20260730_150115,yolo,yolo_v12m_20260730_150115,yolo12m.pt,/root/autodl-fs/datasets/DAIR-V2X_YOLO_Vehicle5/dairv2x_vehicle5.yaml,train,36,7364.229156970978,0.7655,0.40795,0.82583,0.88459,0.81125,0.8934,0.64053,0.74321,0.38895,0.81566,0.0007260385,0.0007260385,0.0007260385
yolo_v12m_20260730_150115,yolo,yolo_v12m_20260730_150115,yolo12m.pt,/root/autodl-fs/datasets/DAIR-V2X_YOLO_Vehicle5/dairv2x_vehicle5.yaml,train,37,7564.673133611679,0.76709,0.40686,0.82689,0.89255,0.80704,0.89301,0.64128,0.73657,0.38333,0.81546,0.0007150396000000001,0.0007150396000000001,0.0007150396000000001
yolo_v12m_20260730_150115,yolo,yolo_v12m_20260730_150115,yolo12m.pt,/root/autodl-fs/datasets/DAIR-V2X_YOLO_Vehicle5/dairv2x_vehicle5.yaml,train,38,7766.006363153458,0.75697,0.40153,0.82502,0.88688,0.81344,0.89664,0.64546,0.73404,0.38125,0.81495,0.0007040407000000001,0.0007040407000000001,0.0007040407000000001
yolo_v12m_20260730_150115,yolo,yolo_v12m_20260730_150115,yolo12m.pt,/root/autodl-fs/datasets/DAIR-V2X_YOLO_Vehicle5/dairv2x_vehicle5.yaml,train,39,7966.638207435608,0.75987,0.40339,0.82465,0.89937,0.80248,0.89781,0.64518,0.73591,0.38155,0.81497,0.0006930418,0.0006930418,0.0006930418
yolo_v12m_20260730_150115,yolo,yolo_v12m_20260730_150115,yolo12m.pt,/root/autodl-fs/datasets/DAIR-V2X_YOLO_Vehicle5/dairv2x_vehicle5.yaml,train,40,8170.496266365051,0.75857,0.40251,0.82563,0.88827,0.80418,0.89409,0.64409,0.73666,0.38353,0.8154,0.0006820429,0.0006820429,0.0006820429
yolo_v12m_20260730_150115,yolo,yolo_v12m_20260730_150115,yolo12m.pt,/root/autodl-fs/datasets/DAIR-V2X_YOLO_Vehicle5/dairv2x_vehicle5.yaml,train,41,8374.413739204407,0.75388,0.39942,0.82506,0.89139,0.80997,0.89695,0.64752,0.73318,0.37926,0.81503,0.000671044,0.000671044,0.000671044
yolo_v12m_20260730_150115,yolo,yolo_v12m_20260730_150115,yolo12m.pt,/root/autodl-fs/datasets/DAIR-V2X_YOLO_Vehicle5/dairv2x_vehicle5.yaml,train,42,8575.55523777008,0.75266,0.39817,0.82414,0.88523,0.81444,0.89614,0.64543,0.73242,0.37958,0.81428,0.0006600451000000001,0.0006600451000000001,0.0006600451000000001
yolo_v12m_20260730_150115,yolo,yolo_v12m_20260730_150115,yolo12m.pt,/root/autodl-fs/datasets/DAIR-V2X_YOLO_Vehicle5/dairv2x_vehicle5.yaml,train,43,8776.638850927353,0.75517,0.39918,0.82419,0.88604,0.80907,0.89747,0.646,0.73444,0.38259,0.8151,0.0006490462000000001,0.0006490462000000001,0.0006490462000000001
yolo_v12m_20260730_150115,yolo,yolo_v12m_20260730_150115,yolo12m.pt,/root/autodl-fs/datasets/DAIR-V2X_YOLO_Vehicle5/dairv2x_vehicle5.yaml,train,44,8978.467042446136,0.74825,0.39579,0.82296,0.89522,0.80574,0.8955,0.64945,0.72909,0.37728,0.81416,0.0006380473000000001,0.0006380473000000001,0.0006380473000000001
yolo_v12m_20260730_150115,yolo,yolo_v12m_20260730_150115,yolo12m.pt,/root/autodl-fs/datasets/DAIR-V2X_YOLO_Vehicle5/dairv2x_vehicle5.yaml,train,45,9180.188830137253,0.74861,0.39574,0.82161,0.88879,0.81134,0.89567,0.6481,0.7286,0.37701,0.81433,0.0006270484,0.0006270484,0.0006270484
yolo_v12m_20260730_150115,yolo,yolo_v12m_20260730_150115,yolo12m.pt,/root/autodl-fs/datasets/DAIR-V2X_YOLO_Vehicle5/dairv2x_vehicle5.yaml,train,46,9385.049295663834,0.74554,0.39373,0.82206,0.88813,0.81142,0.89627,0.64995,0.72568,0.3728,0.81364,0.0006160495,0.0006160495,0.0006160495
yolo_v12m_20260730_150115,yolo,yolo_v12m_20260730_150115,yolo12m.pt,/root/autodl-fs/datasets/DAIR-V2X_YOLO_Vehicle5/dairv2x_vehicle5.yaml,train,47,9590.004803419113,0.74551,0.39217,0.8224,0.89468,0.81567,0.89868,0.65363,0.72461,0.37277,0.81376,0.0006050506000000001,0.0006050506000000001,0.0006050506000000001
yolo_v12m_20260730_150115,yolo,yolo_v12m_20260730_150115,yolo12m.pt,/root/autodl-fs/datasets/DAIR-V2X_YOLO_Vehicle5/dairv2x_vehicle5.yaml,train,48,9793.966510772705,0.74408,0.39329,0.82297,0.89154,0.81487,0.8982,0.65338,0.72282,0.37327,0.81269,0.0005940517000000001,0.0005940517000000001,0.0005940517000000001
yolo_v12m_20260730_150115,yolo,yolo_v12m_20260730_150115,yolo12m.pt,/root/autodl-fs/datasets/DAIR-V2X_YOLO_Vehicle5/dairv2x_vehicle5.yaml,train,49,9995.478809833527,0.74495,0.39461,0.82313,0.8853,0.81701,0.89665,0.65339,0.72122,0.37272,0.81337,0.0005830528000000001,0.0005830528000000001,0.0005830528000000001
yolo_v12m_20260730_150115,yolo,yolo_v12m_20260730_150115,yolo12m.pt,/root/autodl-fs/datasets/DAIR-V2X_YOLO_Vehicle5/dairv2x_vehicle5.yaml,train,50,10196.877442836761,0.739,0.39039,0.82154,0.89076,0.8129,0.89989,0.65467,0.72008,0.37138,0.81254,0.0005720539000000001,0.0005720539000000001,0.0005720539000000001
yolo_v12m_20260730_150115,yolo,yolo_v12m_20260730_150115,yolo12m.pt,/root/autodl-fs/datasets/DAIR-V2X_YOLO_Vehicle5/dairv2x_vehicle5.yaml,train,51,10397.350408792496,0.73789,0.38793,0.82179,0.8933,0.809,0.898,0.65388,0.72194,0.37198,0.8133,0.000561055,0.000561055,0.000561055
yolo_v12n_20260730_190549,yolo,yolo_v12n_20260730_190549,yolo12n.pt,/root/autodl-fs/datasets/DAIR-V2X_YOLO_Vehicle5/dairv2x_vehicle5.yaml,train,1,89.63189911842346,1.42015,1.7042,0.94655,0.68845,0.59504,0.64562,0.35982,1.15934,0.75509,0.88434,0.00036916139240506326,0.00036916139240506326,0.00036916139240506326
yolo_v12n_20260730_190549,yolo,yolo_v12n_20260730_190549,yolo12n.pt,/root/autodl-fs/datasets/DAIR-V2X_YOLO_Vehicle5/dairv2x_vehicle5.yaml,train,2,158.59605264663696,1.2093,0.80678,0.90346,0.71729,0.6232,0.69938,0.40139,1.1099,0.68502,0.87362,0.0007321737279535865,0.0007321737279535865,0.0007321737279535865
yolo_v12n_20260730_190549,yolo,yolo_v12n_20260730_190549,yolo12n.pt,/root/autodl-fs/datasets/DAIR-V2X_YOLO_Vehicle5/dairv2x_vehicle5.yaml,train,3,225.14038825035095,1.17144,0.74483,0.89278,0.75207,0.6538,0.72465,0.42914,1.08409,0.67481,0.86981,0.0010878534635021097,0.0010878534635021097,0.0010878534635021097
yolo_v12n_20260730_190549,yolo,yolo_v12n_20260730_190549,yolo12n.pt,/root/autodl-fs/datasets/DAIR-V2X_YOLO_Vehicle5/dairv2x_vehicle5.yaml,train,4,291.28278708457947,1.13523,0.69583,0.88457,0.78196,0.66018,0.75738,0.45704,1.03345,0.61715,0.8603,0.0010780033,0.0010780033,0.0010780033
yolo_v12n_20260730_190549,yolo,yolo_v12n_20260730_190549,yolo12n.pt,/root/autodl-fs/datasets/DAIR-V2X_YOLO_Vehicle5/dairv2x_vehicle5.yaml,train,5,357.3490207195282,1.10466,0.66617,0.88051,0.76964,0.68355,0.76009,0.4579,1.02892,0.59663,0.86023,0.0010670044,0.0010670044,0.0010670044
yolo_v12n_20260730_190549,yolo,yolo_v12n_20260730_190549,yolo12n.pt,/root/autodl-fs/datasets/DAIR-V2X_YOLO_Vehicle5/dairv2x_vehicle5.yaml,train,6,422.98001742362976,1.09287,0.64477,0.87729,0.7787,0.69144,0.77753,0.4743,1.00629,0.58379,0.85698,0.0010560055,0.0010560055,0.0010560055
yolo_v12n_20260730_190549,yolo,yolo_v12n_20260730_190549,yolo12n.pt,/root/autodl-fs/datasets/DAIR-V2X_YOLO_Vehicle5/dairv2x_vehicle5.yaml,train,7,488.25994300842285,1.07512,0.6261,0.8736,0.83,0.68028,0.78626,0.48611,0.9764,0.56411,0.85191,0.0010450066,0.0010450066,0.0010450066
yolo_v12n_20260730_190549,yolo,yolo_v12n_20260730_190549,yolo12n.pt,/root/autodl-fs/datasets/DAIR-V2X_YOLO_Vehicle5/dairv2x_vehicle5.yaml,train,8,553.8150105476379,1.05372,0.61063,0.86944,0.82209,0.68601,0.78731,0.48785,0.97739,0.56027,0.85085,0.0010340077,0.0010340077,0.0010340077
yolo_v12n_20260730_190549,yolo,yolo_v12n_20260730_190549,yolo12n.pt,/root/autodl-fs/datasets/DAIR-V2X_YOLO_Vehicle5/dairv2x_vehicle5.yaml,train,9,619.0696430206299,1.04135,0.60064,0.86734,0.82744,0.69106,0.79508,0.49383,0.96202,0.55009,0.84953,0.0010230088,0.0010230088,0.0010230088
yolo_v12n_20260730_190549,yolo,yolo_v12n_20260730_190549,yolo12n.pt,/root/autodl-fs/datasets/DAIR-V2X_YOLO_Vehicle5/dairv2x_vehicle5.yaml,train,10,684.9087646007538,1.02983,0.58758,0.86596,0.84285,0.69118,0.79991,0.50144,0.95907,0.53681,0.84765,0.0010120099,0.0010120099,0.0010120099
yolo_v12n_20260730_190549,yolo,yolo_v12n_20260730_190549,yolo12n.pt,/root/autodl-fs/datasets/DAIR-V2X_YOLO_Vehicle5/dairv2x_vehicle5.yaml,train,11,750.447536945343,1.0239,0.58299,0.86405,0.81962,0.71222,0.80489,0.50671,0.94926,0.53218,0.84517,0.001001011,0.001001011,0.001001011
yolo_v12n_20260730_190549,yolo,yolo_v12n_20260730_190549,yolo12n.pt,/root/autodl-fs/datasets/DAIR-V2X_YOLO_Vehicle5/dairv2x_vehicle5.yaml,train,12,816.8227033615112,1.01181,0.57441,0.86187,0.84815,0.69648,0.80409,0.50462,0.95418,0.54208,0.84472,0.0009900121,0.0009900121,0.0009900121
yolo_v12s_20260730_192635,yolo,yolo_v12s_20260730_192635,yolo12s.pt,/root/autodl-fs/datasets/DAIR-V2X_YOLO_Vehicle5/dairv2x_vehicle5.yaml,train,1,131.84894943237305,1.15608,0.94508,0.93,0.79341,0.65986,0.75337,0.43586,1.0791,0.61351,0.88101,0.00036916139240506326,0.00036916139240506326,0.00036916139240506326
yolo_v12s_20260730_192635,yolo,yolo_v12s_20260730_192635,yolo12s.pt,/root/autodl-fs/datasets/DAIR-V2X_YOLO_Vehicle5/dairv2x_vehicle5.yaml,train,2,242.93442487716675,1.06314,0.60665,0.89451,0.82388,0.70389,0.80012,0.48854,0.99901,0.5611,0.8632,0.0007321737279535865,0.0007321737279535865,0.0007321737279535865
yolo_v12s_20260730_192635,yolo,yolo_v12s_20260730_192635,yolo12s.pt,/root/autodl-fs/datasets/DAIR-V2X_YOLO_Vehicle5/dairv2x_vehicle5.yaml,train,3,352.3596668243408,1.03877,0.57927,0.88423,0.79918,0.71435,0.80048,0.50019,0.96749,0.56534,0.862,0.0010878534635021097,0.0010878534635021097,0.0010878534635021097
yolo_v12s_20260730_192635,yolo,yolo_v12s_20260730_192635,yolo12s.pt,/root/autodl-fs/datasets/DAIR-V2X_YOLO_Vehicle5/dairv2x_vehicle5.yaml,train,4,462.00466656684875,1.01435,0.56491,0.87756,0.83702,0.69616,0.80177,0.49506,0.98548,0.55473,0.86499,0.0010780033,0.0010780033,0.0010780033
yolo_v12s_20260730_192635,yolo,yolo_v12s_20260730_192635,yolo12s.pt,/root/autodl-fs/datasets/DAIR-V2X_YOLO_Vehicle5/dairv2x_vehicle5.yaml,train,5,570.4243762493134,0.98383,0.546,0.8728,0.8327,0.74272,0.83191,0.53436,0.92463,0.50478,0.85276,0.0010670044,0.0010670044,0.0010670044
yolo_v12s_20260730_192635,yolo,yolo_v12s_20260730_192635,yolo12s.pt,/root/autodl-fs/datasets/DAIR-V2X_YOLO_Vehicle5/dairv2x_vehicle5.yaml,train,6,678.9473218917847,0.96743,0.53257,0.86641,0.81409,0.74041,0.82257,0.51834,0.94104,0.52604,0.85472,0.0010560055,0.0010560055,0.0010560055
yolo_v12s_20260730_192635,yolo,yolo_v12s_20260730_192635,yolo12s.pt,/root/autodl-fs/datasets/DAIR-V2X_YOLO_Vehicle5/dairv2x_vehicle5.yaml,train,7,787.6042566299438,0.96036,0.52776,0.86544,0.85324,0.74438,0.84138,0.54794,0.89066,0.49117,0.8449,0.0010450066,0.0010450066,0.0010450066
